2145
1 0.000000 0.000000
2 0.031250 0.000000
3 0.062500 0.000000
4 0.093750 0.000000
5 0.125000 0.000000
6 0.156250 0.000000
7 0.187500 0.000000
8 0.218750 0.000000
9 0.250000 0.000000
10 0.281250 0.000000
11 0.312500 0.000000
12 0.343750 0.000000
13 0.375000 0.000000
14 0.406250 0.000000
15 0.437500 0.000000
16 0.468750 0.000000
17 0.500000 0.000000
18 0.531250 0.000000
19 0.562500 0.000000
20 0.593750 0.000000
21 0.625000 0.000000
22 0.656250 0.000000
23 0.687500 0.000000
24 0.718750 0.000000
25 0.750000 0.000000
26 0.781250 0.000000
27 0.812500 0.000000
28 0.843750 0.000000
29 0.875000 0.000000
30 0.906250 0.000000
31 0.937500 0.000000
32 0.968750 0.000000
33 1.000000 0.000000
34 1.031250 0.000000
35 1.062500 0.000000
36 1.093750 0.000000
37 1.125000 0.000000
38 1.156250 0.000000
39 1.187500 0.000000
40 1.218750 0.000000
41 1.250000 0.000000
42 1.281250 0.000000
43 1.312500 0.000000
44 1.343750 0.000000
45 1.375000 0.000000
46 1.406250 0.000000
47 1.437500 0.000000
48 1.468750 0.000000
49 1.500000 0.000000
50 1.531250 0.000000
51 1.562500 0.000000
52 1.593750 0.000000
53 1.625000 0.000000
54 1.656250 0.000000
55 1.687500 0.000000
56 1.718750 0.000000
57 1.750000 0.000000
58 1.781250 0.000000
59 1.812500 0.000000
60 1.843750 0.000000
61 1.875000 0.000000
62 1.906250 0.000000
63 1.937500 0.000000
64 1.968750 0.000000
65 2.000000 0.000000
66 0.000000 0.031250
67 0.031250 0.031250
68 0.062500 0.031250
69 0.093750 0.031250
70 0.125000 0.031250
71 0.156250 0.031250
72 0.187500 0.031250
73 0.218750 0.031250
74 0.250000 0.031250
75 0.281250 0.031250
76 0.312500 0.031250
77 0.343750 0.031250
78 0.375000 0.031250
79 0.406250 0.031250
80 0.437500 0.031250
81 0.468750 0.031250
82 0.500000 0.031250
83 0.531250 0.031250
84 0.562500 0.031250
85 0.593750 0.031250
86 0.625000 0.031250
87 0.656250 0.031250
88 0.687500 0.031250
89 0.718750 0.031250
90 0.750000 0.031250
91 0.781250 0.031250
92 0.812500 0.031250
93 0.843750 0.031250
94 0.875000 0.031250
95 0.906250 0.031250
96 0.937500 0.031250
97 0.968750 0.031250
98 1.000000 0.031250
99 1.031250 0.031250
100 1.062500 0.031250
101 1.093750 0.031250
102 1.125000 0.031250
103 1.156250 0.031250
104 1.187500 0.031250
105 1.218750 0.031250
106 1.250000 0.031250
107 1.281250 0.031250
108 1.312500 0.031250
109 1.343750 0.031250
110 1.375000 0.031250
111 1.406250 0.031250
112 1.437500 0.031250
113 1.468750 0.031250
114 1.500000 0.031250
115 1.531250 0.031250
116 1.562500 0.031250
117 1.593750 0.031250
118 1.625000 0.031250
119 1.656250 0.031250
120 1.687500 0.031250
121 1.718750 0.031250
122 1.750000 0.031250
123 1.781250 0.031250
124 1.812500 0.031250
125 1.843750 0.031250
126 1.875000 0.031250
127 1.906250 0.031250
128 1.937500 0.031250
129 1.968750 0.031250
130 2.000000 0.031250
131 0.000000 0.062500
132 0.031250 0.062500
133 0.062500 0.062500
134 0.093750 0.062500
135 0.125000 0.062500
136 0.156250 0.062500
137 0.187500 0.062500
138 0.218750 0.062500
139 0.250000 0.062500
140 0.281250 0.062500
141 0.312500 0.062500
142 0.343750 0.062500
143 0.375000 0.062500
144 0.406250 0.062500
145 0.437500 0.062500
146 0.468750 0.062500
147 0.500000 0.062500
148 0.531250 0.062500
149 0.562500 0.062500
150 0.593750 0.062500
151 0.625000 0.062500
152 0.656250 0.062500
153 0.687500 0.062500
154 0.718750 0.062500
155 0.750000 0.062500
156 0.781250 0.062500
157 0.812500 0.062500
158 0.843750 0.062500
159 0.875000 0.062500
160 0.906250 0.062500
161 0.937500 0.062500
162 0.968750 0.062500
163 1.000000 0.062500
164 1.031250 0.062500
165 1.062500 0.062500
166 1.093750 0.062500
167 1.125000 0.062500
168 1.156250 0.062500
169 1.187500 0.062500
170 1.218750 0.062500
171 1.250000 0.062500
172 1.281250 0.062500
173 1.312500 0.062500
174 1.343750 0.062500
175 1.375000 0.062500
176 1.406250 0.062500
177 1.437500 0.062500
178 1.468750 0.062500
179 1.500000 0.062500
180 1.531250 0.062500
181 1.562500 0.062500
182 1.593750 0.062500
183 1.625000 0.062500
184 1.656250 0.062500
185 1.687500 0.062500
186 1.718750 0.062500
187 1.750000 0.062500
188 1.781250 0.062500
189 1.812500 0.062500
190 1.843750 0.062500
191 1.875000 0.062500
192 1.906250 0.062500
193 1.937500 0.062500
194 1.968750 0.062500
195 2.000000 0.062500
196 0.000000 0.093750
197 0.031250 0.093750
198 0.062500 0.093750
199 0.093750 0.093750
200 0.125000 0.093750
201 0.156250 0.093750
202 0.187500 0.093750
203 0.218750 0.093750
204 0.250000 0.093750
205 0.281250 0.093750
206 0.312500 0.093750
207 0.343750 0.093750
208 0.375000 0.093750
209 0.406250 0.093750
210 0.437500 0.093750
211 0.468750 0.093750
212 0.500000 0.093750
213 0.531250 0.093750
214 0.562500 0.093750
215 0.593750 0.093750
216 0.625000 0.093750
217 0.656250 0.093750
218 0.687500 0.093750
219 0.718750 0.093750
220 0.750000 0.093750
221 0.781250 0.093750
222 0.812500 0.093750
223 0.843750 0.093750
224 0.875000 0.093750
225 0.906250 0.093750
226 0.937500 0.093750
227 0.968750 0.093750
228 1.000000 0.093750
229 1.031250 0.093750
230 1.062500 0.093750
231 1.093750 0.093750
232 1.125000 0.093750
233 1.156250 0.093750
234 1.187500 0.093750
235 1.218750 0.093750
236 1.250000 0.093750
237 1.281250 0.093750
238 1.312500 0.093750
239 1.343750 0.093750
240 1.375000 0.093750
241 1.406250 0.093750
242 1.437500 0.093750
243 1.468750 0.093750
244 1.500000 0.093750
245 1.531250 0.093750
246 1.562500 0.093750
247 1.593750 0.093750
248 1.625000 0.093750
249 1.656250 0.093750
250 1.687500 0.093750
251 1.718750 0.093750
252 1.750000 0.093750
253 1.781250 0.093750
254 1.812500 0.093750
255 1.843750 0.093750
256 1.875000 0.093750
257 1.906250 0.093750
258 1.937500 0.093750
259 1.968750 0.093750
260 2.000000 0.093750
261 0.000000 0.125000
262 0.031250 0.125000
263 0.062500 0.125000
264 0.093750 0.125000
265 0.125000 0.125000
266 0.156250 0.125000
267 0.187500 0.125000
268 0.218750 0.125000
269 0.250000 0.125000
270 0.281250 0.125000
271 0.312500 0.125000
272 0.343750 0.125000
273 0.375000 0.125000
274 0.406250 0.125000
275 0.437500 0.125000
276 0.468750 0.125000
277 0.500000 0.125000
278 0.531250 0.125000
279 0.562500 0.125000
280 0.593750 0.125000
281 0.625000 0.125000
282 0.656250 0.125000
283 0.687500 0.125000
284 0.718750 0.125000
285 0.750000 0.125000
286 0.781250 0.125000
287 0.812500 0.125000
288 0.843750 0.125000
289 0.875000 0.125000
290 0.906250 0.125000
291 0.937500 0.125000
292 0.968750 0.125000
293 1.000000 0.125000
294 1.031250 0.125000
295 1.062500 0.125000
296 1.093750 0.125000
297 1.125000 0.125000
298 1.156250 0.125000
299 1.187500 0.125000
300 1.218750 0.125000
301 1.250000 0.125000
302 1.281250 0.125000
303 1.312500 0.125000
304 1.343750 0.125000
305 1.375000 0.125000
306 1.406250 0.125000
307 1.437500 0.125000
308 1.468750 0.125000
309 1.500000 0.125000
310 1.531250 0.125000
311 1.562500 0.125000
312 1.593750 0.125000
313 1.625000 0.125000
314 1.656250 0.125000
315 1.687500 0.125000
316 1.718750 0.125000
317 1.750000 0.125000
318 1.781250 0.125000
319 1.812500 0.125000
320 1.843750 0.125000
321 1.875000 0.125000
322 1.906250 0.125000
323 1.937500 0.125000
324 1.968750 0.125000
325 2.000000 0.125000
326 0.000000 0.156250
327 0.031250 0.156250
328 0.062500 0.156250
329 0.093750 0.156250
330 0.125000 0.156250
331 0.156250 0.156250
332 0.187500 0.156250
333 0.218750 0.156250
334 0.250000 0.156250
335 0.281250 0.156250
336 0.312500 0.156250
337 0.343750 0.156250
338 0.375000 0.156250
339 0.406250 0.156250
340 0.437500 0.156250
341 0.468750 0.156250
342 0.500000 0.156250
343 0.531250 0.156250
344 0.562500 0.156250
345 0.593750 0.156250
346 0.625000 0.156250
347 0.656250 0.156250
348 0.687500 0.156250
349 0.718750 0.156250
350 0.750000 0.156250
351 0.781250 0.156250
352 0.812500 0.156250
353 0.843750 0.156250
354 0.875000 0.156250
355 0.906250 0.156250
356 0.937500 0.156250
357 0.968750 0.156250
358 1.000000 0.156250
359 1.031250 0.156250
360 1.062500 0.156250
361 1.093750 0.156250
362 1.125000 0.156250
363 1.156250 0.156250
364 1.187500 0.156250
365 1.218750 0.156250
366 1.250000 0.156250
367 1.281250 0.156250
368 1.312500 0.156250
369 1.343750 0.156250
370 1.375000 0.156250
371 1.406250 0.156250
372 1.437500 0.156250
373 1.468750 0.156250
374 1.500000 0.156250
375 1.531250 0.156250
376 1.562500 0.156250
377 1.593750 0.156250
378 1.625000 0.156250
379 1.656250 0.156250
380 1.687500 0.156250
381 1.718750 0.156250
382 1.750000 0.156250
383 1.781250 0.156250
384 1.812500 0.156250
385 1.843750 0.156250
386 1.875000 0.156250
387 1.906250 0.156250
388 1.937500 0.156250
389 1.968750 0.156250
390 2.000000 0.156250
391 0.000000 0.187500
392 0.031250 0.187500
393 0.062500 0.187500
394 0.093750 0.187500
395 0.125000 0.187500
396 0.156250 0.187500
397 0.187500 0.187500
398 0.218750 0.187500
399 0.250000 0.187500
400 0.281250 0.187500
401 0.312500 0.187500
402 0.343750 0.187500
403 0.375000 0.187500
404 0.406250 0.187500
405 0.437500 0.187500
406 0.468750 0.187500
407 0.500000 0.187500
408 0.531250 0.187500
409 0.562500 0.187500
410 0.593750 0.187500
411 0.625000 0.187500
412 0.656250 0.187500
413 0.687500 0.187500
414 0.718750 0.187500
415 0.750000 0.187500
416 0.781250 0.187500
417 0.812500 0.187500
418 0.843750 0.187500
419 0.875000 0.187500
420 0.906250 0.187500
421 0.937500 0.187500
422 0.968750 0.187500
423 1.000000 0.187500
424 1.031250 0.187500
425 1.062500 0.187500
426 1.093750 0.187500
427 1.125000 0.187500
428 1.156250 0.187500
429 1.187500 0.187500
430 1.218750 0.187500
431 1.250000 0.187500
432 1.281250 0.187500
433 1.312500 0.187500
434 1.343750 0.187500
435 1.375000 0.187500
436 1.406250 0.187500
437 1.437500 0.187500
438 1.468750 0.187500
439 1.500000 0.187500
440 1.531250 0.187500
441 1.562500 0.187500
442 1.593750 0.187500
443 1.625000 0.187500
444 1.656250 0.187500
445 1.687500 0.187500
446 1.718750 0.187500
447 1.750000 0.187500
448 1.781250 0.187500
449 1.812500 0.187500
450 1.843750 0.187500
451 1.875000 0.187500
452 1.906250 0.187500
453 1.937500 0.187500
454 1.968750 0.187500
455 2.000000 0.187500
456 0.000000 0.218750
457 0.031250 0.218750
458 0.062500 0.218750
459 0.093750 0.218750
460 0.125000 0.218750
461 0.156250 0.218750
462 0.187500 0.218750
463 0.218750 0.218750
464 0.250000 0.218750
465 0.281250 0.218750
466 0.312500 0.218750
467 0.343750 0.218750
468 0.375000 0.218750
469 0.406250 0.218750
470 0.437500 0.218750
471 0.468750 0.218750
472 0.500000 0.218750
473 0.531250 0.218750
474 0.562500 0.218750
475 0.593750 0.218750
476 0.625000 0.218750
477 0.656250 0.218750
478 0.687500 0.218750
479 0.718750 0.218750
480 0.750000 0.218750
481 0.781250 0.218750
482 0.812500 0.218750
483 0.843750 0.218750
484 0.875000 0.218750
485 0.906250 0.218750
486 0.937500 0.218750
487 0.968750 0.218750
488 1.000000 0.218750
489 1.031250 0.218750
490 1.062500 0.218750
491 1.093750 0.218750
492 1.125000 0.218750
493 1.156250 0.218750
494 1.187500 0.218750
495 1.218750 0.218750
496 1.250000 0.218750
497 1.281250 0.218750
498 1.312500 0.218750
499 1.343750 0.218750
500 1.375000 0.218750
501 1.406250 0.218750
502 1.437500 0.218750
503 1.468750 0.218750
504 1.500000 0.218750
505 1.531250 0.218750
506 1.562500 0.218750
507 1.593750 0.218750
508 1.625000 0.218750
509 1.656250 0.218750
510 1.687500 0.218750
511 1.718750 0.218750
512 1.750000 0.218750
513 1.781250 0.218750
514 1.812500 0.218750
515 1.843750 0.218750
516 1.875000 0.218750
517 1.906250 0.218750
518 1.937500 0.218750
519 1.968750 0.218750
520 2.000000 0.218750
521 0.000000 0.250000
522 0.031250 0.250000
523 0.062500 0.250000
524 0.093750 0.250000
525 0.125000 0.250000
526 0.156250 0.250000
527 0.187500 0.250000
528 0.218750 0.250000
529 0.250000 0.250000
530 0.281250 0.250000
531 0.312500 0.250000
532 0.343750 0.250000
533 0.375000 0.250000
534 0.406250 0.250000
535 0.437500 0.250000
536 0.468750 0.250000
537 0.500000 0.250000
538 0.531250 0.250000
539 0.562500 0.250000
540 0.593750 0.250000
541 0.625000 0.250000
542 0.656250 0.250000
543 0.687500 0.250000
544 0.718750 0.250000
545 0.750000 0.250000
546 0.781250 0.250000
547 0.812500 0.250000
548 0.843750 0.250000
549 0.875000 0.250000
550 0.906250 0.250000
551 0.937500 0.250000
552 0.968750 0.250000
553 1.000000 0.250000
554 1.031250 0.250000
555 1.062500 0.250000
556 1.093750 0.250000
557 1.125000 0.250000
558 1.156250 0.250000
559 1.187500 0.250000
560 1.218750 0.250000
561 1.250000 0.250000
562 1.281250 0.250000
563 1.312500 0.250000
564 1.343750 0.250000
565 1.375000 0.250000
566 1.406250 0.250000
567 1.437500 0.250000
568 1.468750 0.250000
569 1.500000 0.250000
570 1.531250 0.250000
571 1.562500 0.250000
572 1.593750 0.250000
573 1.625000 0.250000
574 1.656250 0.250000
575 1.687500 0.250000
576 1.718750 0.250000
577 1.750000 0.250000
578 1.781250 0.250000
579 1.812500 0.250000
580 1.843750 0.250000
581 1.875000 0.250000
582 1.906250 0.250000
583 1.937500 0.250000
584 1.968750 0.250000
585 2.000000 0.250000
586 0.000000 0.281250
587 0.031250 0.281250
588 0.062500 0.281250
589 0.093750 0.281250
590 0.125000 0.281250
591 0.156250 0.281250
592 0.187500 0.281250
593 0.218750 0.281250
594 0.250000 0.281250
595 0.281250 0.281250
596 0.312500 0.281250
597 0.343750 0.281250
598 0.375000 0.281250
599 0.406250 0.281250
600 0.437500 0.281250
601 0.468750 0.281250
602 0.500000 0.281250
603 0.531250 0.281250
604 0.562500 0.281250
605 0.593750 0.281250
606 0.625000 0.281250
607 0.656250 0.281250
608 0.687500 0.281250
609 0.718750 0.281250
610 0.750000 0.281250
611 0.781250 0.281250
612 0.812500 0.281250
613 0.843750 0.281250
614 0.875000 0.281250
615 0.906250 0.281250
616 0.937500 0.281250
617 0.968750 0.281250
618 1.000000 0.281250
619 1.031250 0.281250
620 1.062500 0.281250
621 1.093750 0.281250
622 1.125000 0.281250
623 1.156250 0.281250
624 1.187500 0.281250
625 1.218750 0.281250
626 1.250000 0.281250
627 1.281250 0.281250
628 1.312500 0.281250
629 1.343750 0.281250
630 1.375000 0.281250
631 1.406250 0.281250
632 1.437500 0.281250
633 1.468750 0.281250
634 1.500000 0.281250
635 1.531250 0.281250
636 1.562500 0.281250
637 1.593750 0.281250
638 1.625000 0.281250
639 1.656250 0.281250
640 1.687500 0.281250
641 1.718750 0.281250
642 1.750000 0.281250
643 1.781250 0.281250
644 1.812500 0.281250
645 1.843750 0.281250
646 1.875000 0.281250
647 1.906250 0.281250
648 1.937500 0.281250
649 1.968750 0.281250
650 2.000000 0.281250
651 0.000000 0.312500
652 0.031250 0.312500
653 0.062500 0.312500
654 0.093750 0.312500
655 0.125000 0.312500
656 0.156250 0.312500
657 0.187500 0.312500
658 0.218750 0.312500
659 0.250000 0.312500
660 0.281250 0.312500
661 0.312500 0.312500
662 0.343750 0.312500
663 0.375000 0.312500
664 0.406250 0.312500
665 0.437500 0.312500
666 0.468750 0.312500
667 0.500000 0.312500
668 0.531250 0.312500
669 0.562500 0.312500
670 0.593750 0.312500
671 0.625000 0.312500
672 0.656250 0.312500
673 0.687500 0.312500
674 0.718750 0.312500
675 0.750000 0.312500
676 0.781250 0.312500
677 0.812500 0.312500
678 0.843750 0.312500
679 0.875000 0.312500
680 0.906250 0.312500
681 0.937500 0.312500
682 0.968750 0.312500
683 1.000000 0.312500
684 1.031250 0.312500
685 1.062500 0.312500
686 1.093750 0.312500
687 1.125000 0.312500
688 1.156250 0.312500
689 1.187500 0.312500
690 1.218750 0.312500
691 1.250000 0.312500
692 1.281250 0.312500
693 1.312500 0.312500
694 1.343750 0.312500
695 1.375000 0.312500
696 1.406250 0.312500
697 1.437500 0.312500
698 1.468750 0.312500
699 1.500000 0.312500
700 1.531250 0.312500
701 1.562500 0.312500
702 1.593750 0.312500
703 1.625000 0.312500
704 1.656250 0.312500
705 1.687500 0.312500
706 1.718750 0.312500
707 1.750000 0.312500
708 1.781250 0.312500
709 1.812500 0.312500
710 1.843750 0.312500
711 1.875000 0.312500
712 1.906250 0.312500
713 1.937500 0.312500
714 1.968750 0.312500
715 2.000000 0.312500
716 0.000000 0.343750
717 0.031250 0.343750
718 0.062500 0.343750
719 0.093750 0.343750
720 0.125000 0.343750
721 0.156250 0.343750
722 0.187500 0.343750
723 0.218750 0.343750
724 0.250000 0.343750
725 0.281250 0.343750
726 0.312500 0.343750
727 0.343750 0.343750
728 0.375000 0.343750
729 0.406250 0.343750
730 0.437500 0.343750
731 0.468750 0.343750
732 0.500000 0.343750
733 0.531250 0.343750
734 0.562500 0.343750
735 0.593750 0.343750
736 0.625000 0.343750
737 0.656250 0.343750
738 0.687500 0.343750
739 0.718750 0.343750
740 0.750000 0.343750
741 0.781250 0.343750
742 0.812500 0.343750
743 0.843750 0.343750
744 0.875000 0.343750
745 0.906250 0.343750
746 0.937500 0.343750
747 0.968750 0.343750
748 1.000000 0.343750
749 1.031250 0.343750
750 1.062500 0.343750
751 1.093750 0.343750
752 1.125000 0.343750
753 1.156250 0.343750
754 1.187500 0.343750
755 1.218750 0.343750
756 1.250000 0.343750
757 1.281250 0.343750
758 1.312500 0.343750
759 1.343750 0.343750
760 1.375000 0.343750
761 1.406250 0.343750
762 1.437500 0.343750
763 1.468750 0.343750
764 1.500000 0.343750
765 1.531250 0.343750
766 1.562500 0.343750
767 1.593750 0.343750
768 1.625000 0.343750
769 1.656250 0.343750
770 1.687500 0.343750
771 1.718750 0.343750
772 1.750000 0.343750
773 1.781250 0.343750
774 1.812500 0.343750
775 1.843750 0.343750
776 1.875000 0.343750
777 1.906250 0.343750
778 1.937500 0.343750
779 1.968750 0.343750
780 2.000000 0.343750
781 0.000000 0.375000
782 0.031250 0.375000
783 0.062500 0.375000
784 0.093750 0.375000
785 0.125000 0.375000
786 0.156250 0.375000
787 0.187500 0.375000
788 0.218750 0.375000
789 0.250000 0.375000
790 0.281250 0.375000
791 0.312500 0.375000
792 0.343750 0.375000
793 0.375000 0.375000
794 0.406250 0.375000
795 0.437500 0.375000
796 0.468750 0.375000
797 0.500000 0.375000
798 0.531250 0.375000
799 0.562500 0.375000
800 0.593750 0.375000
801 0.625000 0.375000
802 0.656250 0.375000
803 0.687500 0.375000
804 0.718750 0.375000
805 0.750000 0.375000
806 0.781250 0.375000
807 0.812500 0.375000
808 0.843750 0.375000
809 0.875000 0.375000
810 0.906250 0.375000
811 0.937500 0.375000
812 0.968750 0.375000
813 1.000000 0.375000
814 1.031250 0.375000
815 1.062500 0.375000
816 1.093750 0.375000
817 1.125000 0.375000
818 1.156250 0.375000
819 1.187500 0.375000
820 1.218750 0.375000
821 1.250000 0.375000
822 1.281250 0.375000
823 1.312500 0.375000
824 1.343750 0.375000
825 1.375000 0.375000
826 1.406250 0.375000
827 1.437500 0.375000
828 1.468750 0.375000
829 1.500000 0.375000
830 1.531250 0.375000
831 1.562500 0.375000
832 1.593750 0.375000
833 1.625000 0.375000
834 1.656250 0.375000
835 1.687500 0.375000
836 1.718750 0.375000
837 1.750000 0.375000
838 1.781250 0.375000
839 1.812500 0.375000
840 1.843750 0.375000
841 1.875000 0.375000
842 1.906250 0.375000
843 1.937500 0.375000
844 1.968750 0.375000
845 2.000000 0.375000
846 0.000000 0.406250
847 0.031250 0.406250
848 0.062500 0.406250
849 0.093750 0.406250
850 0.125000 0.406250
851 0.156250 0.406250
852 0.187500 0.406250
853 0.218750 0.406250
854 0.250000 0.406250
855 0.281250 0.406250
856 0.312500 0.406250
857 0.343750 0.406250
858 0.375000 0.406250
859 0.406250 0.406250
860 0.437500 0.406250
861 0.468750 0.406250
862 0.500000 0.406250
863 0.531250 0.406250
864 0.562500 0.406250
865 0.593750 0.406250
866 0.625000 0.406250
867 0.656250 0.406250
868 0.687500 0.406250
869 0.718750 0.406250
870 0.750000 0.406250
871 0.781250 0.406250
872 0.812500 0.406250
873 0.843750 0.406250
874 0.875000 0.406250
875 0.906250 0.406250
876 0.937500 0.406250
877 0.968750 0.406250
878 1.000000 0.406250
879 1.031250 0.406250
880 1.062500 0.406250
881 1.093750 0.406250
882 1.125000 0.406250
883 1.156250 0.406250
884 1.187500 0.406250
885 1.218750 0.406250
886 1.250000 0.406250
887 1.281250 0.406250
888 1.312500 0.406250
889 1.343750 0.406250
890 1.375000 0.406250
891 1.406250 0.406250
892 1.437500 0.406250
893 1.468750 0.406250
894 1.500000 0.406250
895 1.531250 0.406250
896 1.562500 0.406250
897 1.593750 0.406250
898 1.625000 0.406250
899 1.656250 0.406250
900 1.687500 0.406250
901 1.718750 0.406250
902 1.750000 0.406250
903 1.781250 0.406250
904 1.812500 0.406250
905 1.843750 0.406250
906 1.875000 0.406250
907 1.906250 0.406250
908 1.937500 0.406250
909 1.968750 0.406250
910 2.000000 0.406250
911 0.000000 0.437500
912 0.031250 0.437500
913 0.062500 0.437500
914 0.093750 0.437500
915 0.125000 0.437500
916 0.156250 0.437500
917 0.187500 0.437500
918 0.218750 0.437500
919 0.250000 0.437500
920 0.281250 0.437500
921 0.312500 0.437500
922 0.343750 0.437500
923 0.375000 0.437500
924 0.406250 0.437500
925 0.437500 0.437500
926 0.468750 0.437500
927 0.500000 0.437500
928 0.531250 0.437500
929 0.562500 0.437500
930 0.593750 0.437500
931 0.625000 0.437500
932 0.656250 0.437500
933 0.687500 0.437500
934 0.718750 0.437500
935 0.750000 0.437500
936 0.781250 0.437500
937 0.812500 0.437500
938 0.843750 0.437500
939 0.875000 0.437500
940 0.906250 0.437500
941 0.937500 0.437500
942 0.968750 0.437500
943 1.000000 0.437500
944 1.031250 0.437500
945 1.062500 0.437500
946 1.093750 0.437500
947 1.125000 0.437500
948 1.156250 0.437500
949 1.187500 0.437500
950 1.218750 0.437500
951 1.250000 0.437500
952 1.281250 0.437500
953 1.312500 0.437500
954 1.343750 0.437500
955 1.375000 0.437500
956 1.406250 0.437500
957 1.437500 0.437500
958 1.468750 0.437500
959 1.500000 0.437500
960 1.531250 0.437500
961 1.562500 0.437500
962 1.593750 0.437500
963 1.625000 0.437500
964 1.656250 0.437500
965 1.687500 0.437500
966 1.718750 0.437500
967 1.750000 0.437500
968 1.781250 0.437500
969 1.812500 0.437500
970 1.843750 0.437500
971 1.875000 0.437500
972 1.906250 0.437500
973 1.937500 0.437500
974 1.968750 0.437500
975 2.000000 0.437500
976 0.000000 0.468750
977 0.031250 0.468750
978 0.062500 0.468750
979 0.093750 0.468750
980 0.125000 0.468750
981 0.156250 0.468750
982 0.187500 0.468750
983 0.218750 0.468750
984 0.250000 0.468750
985 0.281250 0.468750
986 0.312500 0.468750
987 0.343750 0.468750
988 0.375000 0.468750
989 0.406250 0.468750
990 0.437500 0.468750
991 0.468750 0.468750
992 0.500000 0.468750
993 0.531250 0.468750
994 0.562500 0.468750
995 0.593750 0.468750
996 0.625000 0.468750
997 0.656250 0.468750
998 0.687500 0.468750
999 0.718750 0.468750
1000 0.750000 0.468750
1001 0.781250 0.468750
1002 0.812500 0.468750
1003 0.843750 0.468750
1004 0.875000 0.468750
1005 0.906250 0.468750
1006 0.937500 0.468750
1007 0.968750 0.468750
1008 1.000000 0.468750
1009 1.031250 0.468750
1010 1.062500 0.468750
1011 1.093750 0.468750
1012 1.125000 0.468750
1013 1.156250 0.468750
1014 1.187500 0.468750
1015 1.218750 0.468750
1016 1.250000 0.468750
1017 1.281250 0.468750
1018 1.312500 0.468750
1019 1.343750 0.468750
1020 1.375000 0.468750
1021 1.406250 0.468750
1022 1.437500 0.468750
1023 1.468750 0.468750
1024 1.500000 0.468750
1025 1.531250 0.468750
1026 1.562500 0.468750
1027 1.593750 0.468750
1028 1.625000 0.468750
1029 1.656250 0.468750
1030 1.687500 0.468750
1031 1.718750 0.468750
1032 1.750000 0.468750
1033 1.781250 0.468750
1034 1.812500 0.468750
1035 1.843750 0.468750
1036 1.875000 0.468750
1037 1.906250 0.468750
1038 1.937500 0.468750
1039 1.968750 0.468750
1040 2.000000 0.468750
1041 0.000000 0.500000
1042 0.031250 0.500000
1043 0.062500 0.500000
1044 0.093750 0.500000
1045 0.125000 0.500000
1046 0.156250 0.500000
1047 0.187500 0.500000
1048 0.218750 0.500000
1049 0.250000 0.500000
1050 0.281250 0.500000
1051 0.312500 0.500000
1052 0.343750 0.500000
1053 0.375000 0.500000
1054 0.406250 0.500000
1055 0.437500 0.500000
1056 0.468750 0.500000
1057 0.500000 0.500000
1058 0.531250 0.500000
1059 0.562500 0.500000
1060 0.593750 0.500000
1061 0.625000 0.500000
1062 0.656250 0.500000
1063 0.687500 0.500000
1064 0.718750 0.500000
1065 0.750000 0.500000
1066 0.781250 0.500000
1067 0.812500 0.500000
1068 0.843750 0.500000
1069 0.875000 0.500000
1070 0.906250 0.500000
1071 0.937500 0.500000
1072 0.968750 0.500000
1073 1.000000 0.500000
1074 1.031250 0.500000
1075 1.062500 0.500000
1076 1.093750 0.500000
1077 1.125000 0.500000
1078 1.156250 0.500000
1079 1.187500 0.500000
1080 1.218750 0.500000
1081 1.250000 0.500000
1082 1.281250 0.500000
1083 1.312500 0.500000
1084 1.343750 0.500000
1085 1.375000 0.500000
1086 1.406250 0.500000
1087 1.437500 0.500000
1088 1.468750 0.500000
1089 1.500000 0.500000
1090 1.531250 0.500000
1091 1.562500 0.500000
1092 1.593750 0.500000
1093 1.625000 0.500000
1094 1.656250 0.500000
1095 1.687500 0.500000
1096 1.718750 0.500000
1097 1.750000 0.500000
1098 1.781250 0.500000
1099 1.812500 0.500000
1100 1.843750 0.500000
1101 1.875000 0.500000
1102 1.906250 0.500000
1103 1.937500 0.500000
1104 1.968750 0.500000
1105 2.000000 0.500000
1106 0.000000 0.531250
1107 0.031250 0.531250
1108 0.062500 0.531250
1109 0.093750 0.531250
1110 0.125000 0.531250
1111 0.156250 0.531250
1112 0.187500 0.531250
1113 0.218750 0.531250
1114 0.250000 0.531250
1115 0.281250 0.531250
1116 0.312500 0.531250
1117 0.343750 0.531250
1118 0.375000 0.531250
1119 0.406250 0.531250
1120 0.437500 0.531250
1121 0.468750 0.531250
1122 0.500000 0.531250
1123 0.531250 0.531250
1124 0.562500 0.531250
1125 0.593750 0.531250
1126 0.625000 0.531250
1127 0.656250 0.531250
1128 0.687500 0.531250
1129 0.718750 0.531250
1130 0.750000 0.531250
1131 0.781250 0.531250
1132 0.812500 0.531250
1133 0.843750 0.531250
1134 0.875000 0.531250
1135 0.906250 0.531250
1136 0.937500 0.531250
1137 0.968750 0.531250
1138 1.000000 0.531250
1139 1.031250 0.531250
1140 1.062500 0.531250
1141 1.093750 0.531250
1142 1.125000 0.531250
1143 1.156250 0.531250
1144 1.187500 0.531250
1145 1.218750 0.531250
1146 1.250000 0.531250
1147 1.281250 0.531250
1148 1.312500 0.531250
1149 1.343750 0.531250
1150 1.375000 0.531250
1151 1.406250 0.531250
1152 1.437500 0.531250
1153 1.468750 0.531250
1154 1.500000 0.531250
1155 1.531250 0.531250
1156 1.562500 0.531250
1157 1.593750 0.531250
1158 1.625000 0.531250
1159 1.656250 0.531250
1160 1.687500 0.531250
1161 1.718750 0.531250
1162 1.750000 0.531250
1163 1.781250 0.531250
1164 1.812500 0.531250
1165 1.843750 0.531250
1166 1.875000 0.531250
1167 1.906250 0.531250
1168 1.937500 0.531250
1169 1.968750 0.531250
1170 2.000000 0.531250
1171 0.000000 0.562500
1172 0.031250 0.562500
1173 0.062500 0.562500
1174 0.093750 0.562500
1175 0.125000 0.562500
1176 0.156250 0.562500
1177 0.187500 0.562500
1178 0.218750 0.562500
1179 0.250000 0.562500
1180 0.281250 0.562500
1181 0.312500 0.562500
1182 0.343750 0.562500
1183 0.375000 0.562500
1184 0.406250 0.562500
1185 0.437500 0.562500
1186 0.468750 0.562500
1187 0.500000 0.562500
1188 0.531250 0.562500
1189 0.562500 0.562500
1190 0.593750 0.562500
1191 0.625000 0.562500
1192 0.656250 0.562500
1193 0.687500 0.562500
1194 0.718750 0.562500
1195 0.750000 0.562500
1196 0.781250 0.562500
1197 0.812500 0.562500
1198 0.843750 0.562500
1199 0.875000 0.562500
1200 0.906250 0.562500
1201 0.937500 0.562500
1202 0.968750 0.562500
1203 1.000000 0.562500
1204 1.031250 0.562500
1205 1.062500 0.562500
1206 1.093750 0.562500
1207 1.125000 0.562500
1208 1.156250 0.562500
1209 1.187500 0.562500
1210 1.218750 0.562500
1211 1.250000 0.562500
1212 1.281250 0.562500
1213 1.312500 0.562500
1214 1.343750 0.562500
1215 1.375000 0.562500
1216 1.406250 0.562500
1217 1.437500 0.562500
1218 1.468750 0.562500
1219 1.500000 0.562500
1220 1.531250 0.562500
1221 1.562500 0.562500
1222 1.593750 0.562500
1223 1.625000 0.562500
1224 1.656250 0.562500
1225 1.687500 0.562500
1226 1.718750 0.562500
1227 1.750000 0.562500
1228 1.781250 0.562500
1229 1.812500 0.562500
1230 1.843750 0.562500
1231 1.875000 0.562500
1232 1.906250 0.562500
1233 1.937500 0.562500
1234 1.968750 0.562500
1235 2.000000 0.562500
1236 0.000000 0.593750
1237 0.031250 0.593750
1238 0.062500 0.593750
1239 0.093750 0.593750
1240 0.125000 0.593750
1241 0.156250 0.593750
1242 0.187500 0.593750
1243 0.218750 0.593750
1244 0.250000 0.593750
1245 0.281250 0.593750
1246 0.312500 0.593750
1247 0.343750 0.593750
1248 0.375000 0.593750
1249 0.406250 0.593750
1250 0.437500 0.593750
1251 0.468750 0.593750
1252 0.500000 0.593750
1253 0.531250 0.593750
1254 0.562500 0.593750
1255 0.593750 0.593750
1256 0.625000 0.593750
1257 0.656250 0.593750
1258 0.687500 0.593750
1259 0.718750 0.593750
1260 0.750000 0.593750
1261 0.781250 0.593750
1262 0.812500 0.593750
1263 0.843750 0.593750
1264 0.875000 0.593750
1265 0.906250 0.593750
1266 0.937500 0.593750
1267 0.968750 0.593750
1268 1.000000 0.593750
1269 1.031250 0.593750
1270 1.062500 0.593750
1271 1.093750 0.593750
1272 1.125000 0.593750
1273 1.156250 0.593750
1274 1.187500 0.593750
1275 1.218750 0.593750
1276 1.250000 0.593750
1277 1.281250 0.593750
1278 1.312500 0.593750
1279 1.343750 0.593750
1280 1.375000 0.593750
1281 1.406250 0.593750
1282 1.437500 0.593750
1283 1.468750 0.593750
1284 1.500000 0.593750
1285 1.531250 0.593750
1286 1.562500 0.593750
1287 1.593750 0.593750
1288 1.625000 0.593750
1289 1.656250 0.593750
1290 1.687500 0.593750
1291 1.718750 0.593750
1292 1.750000 0.593750
1293 1.781250 0.593750
1294 1.812500 0.593750
1295 1.843750 0.593750
1296 1.875000 0.593750
1297 1.906250 0.593750
1298 1.937500 0.593750
1299 1.968750 0.593750
1300 2.000000 0.593750
1301 0.000000 0.625000
1302 0.031250 0.625000
1303 0.062500 0.625000
1304 0.093750 0.625000
1305 0.125000 0.625000
1306 0.156250 0.625000
1307 0.187500 0.625000
1308 0.218750 0.625000
1309 0.250000 0.625000
1310 0.281250 0.625000
1311 0.312500 0.625000
1312 0.343750 0.625000
1313 0.375000 0.625000
1314 0.406250 0.625000
1315 0.437500 0.625000
1316 0.468750 0.625000
1317 0.500000 0.625000
1318 0.531250 0.625000
1319 0.562500 0.625000
1320 0.593750 0.625000
1321 0.625000 0.625000
1322 0.656250 0.625000
1323 0.687500 0.625000
1324 0.718750 0.625000
1325 0.750000 0.625000
1326 0.781250 0.625000
1327 0.812500 0.625000
1328 0.843750 0.625000
1329 0.875000 0.625000
1330 0.906250 0.625000
1331 0.937500 0.625000
1332 0.968750 0.625000
1333 1.000000 0.625000
1334 1.031250 0.625000
1335 1.062500 0.625000
1336 1.093750 0.625000
1337 1.125000 0.625000
1338 1.156250 0.625000
1339 1.187500 0.625000
1340 1.218750 0.625000
1341 1.250000 0.625000
1342 1.281250 0.625000
1343 1.312500 0.625000
1344 1.343750 0.625000
1345 1.375000 0.625000
1346 1.406250 0.625000
1347 1.437500 0.625000
1348 1.468750 0.625000
1349 1.500000 0.625000
1350 1.531250 0.625000
1351 1.562500 0.625000
1352 1.593750 0.625000
1353 1.625000 0.625000
1354 1.656250 0.625000
1355 1.687500 0.625000
1356 1.718750 0.625000
1357 1.750000 0.625000
1358 1.781250 0.625000
1359 1.812500 0.625000
1360 1.843750 0.625000
1361 1.875000 0.625000
1362 1.906250 0.625000
1363 1.937500 0.625000
1364 1.968750 0.625000
1365 2.000000 0.625000
1366 0.000000 0.656250
1367 0.031250 0.656250
1368 0.062500 0.656250
1369 0.093750 0.656250
1370 0.125000 0.656250
1371 0.156250 0.656250
1372 0.187500 0.656250
1373 0.218750 0.656250
1374 0.250000 0.656250
1375 0.281250 0.656250
1376 0.312500 0.656250
1377 0.343750 0.656250
1378 0.375000 0.656250
1379 0.406250 0.656250
1380 0.437500 0.656250
1381 0.468750 0.656250
1382 0.500000 0.656250
1383 0.531250 0.656250
1384 0.562500 0.656250
1385 0.593750 0.656250
1386 0.625000 0.656250
1387 0.656250 0.656250
1388 0.687500 0.656250
1389 0.718750 0.656250
1390 0.750000 0.656250
1391 0.781250 0.656250
1392 0.812500 0.656250
1393 0.843750 0.656250
1394 0.875000 0.656250
1395 0.906250 0.656250
1396 0.937500 0.656250
1397 0.968750 0.656250
1398 1.000000 0.656250
1399 1.031250 0.656250
1400 1.062500 0.656250
1401 1.093750 0.656250
1402 1.125000 0.656250
1403 1.156250 0.656250
1404 1.187500 0.656250
1405 1.218750 0.656250
1406 1.250000 0.656250
1407 1.281250 0.656250
1408 1.312500 0.656250
1409 1.343750 0.656250
1410 1.375000 0.656250
1411 1.406250 0.656250
1412 1.437500 0.656250
1413 1.468750 0.656250
1414 1.500000 0.656250
1415 1.531250 0.656250
1416 1.562500 0.656250
1417 1.593750 0.656250
1418 1.625000 0.656250
1419 1.656250 0.656250
1420 1.687500 0.656250
1421 1.718750 0.656250
1422 1.750000 0.656250
1423 1.781250 0.656250
1424 1.812500 0.656250
1425 1.843750 0.656250
1426 1.875000 0.656250
1427 1.906250 0.656250
1428 1.937500 0.656250
1429 1.968750 0.656250
1430 2.000000 0.656250
1431 0.000000 0.687500
1432 0.031250 0.687500
1433 0.062500 0.687500
1434 0.093750 0.687500
1435 0.125000 0.687500
1436 0.156250 0.687500
1437 0.187500 0.687500
1438 0.218750 0.687500
1439 0.250000 0.687500
1440 0.281250 0.687500
1441 0.312500 0.687500
1442 0.343750 0.687500
1443 0.375000 0.687500
1444 0.406250 0.687500
1445 0.437500 0.687500
1446 0.468750 0.687500
1447 0.500000 0.687500
1448 0.531250 0.687500
1449 0.562500 0.687500
1450 0.593750 0.687500
1451 0.625000 0.687500
1452 0.656250 0.687500
1453 0.687500 0.687500
1454 0.718750 0.687500
1455 0.750000 0.687500
1456 0.781250 0.687500
1457 0.812500 0.687500
1458 0.843750 0.687500
1459 0.875000 0.687500
1460 0.906250 0.687500
1461 0.937500 0.687500
1462 0.968750 0.687500
1463 1.000000 0.687500
1464 1.031250 0.687500
1465 1.062500 0.687500
1466 1.093750 0.687500
1467 1.125000 0.687500
1468 1.156250 0.687500
1469 1.187500 0.687500
1470 1.218750 0.687500
1471 1.250000 0.687500
1472 1.281250 0.687500
1473 1.312500 0.687500
1474 1.343750 0.687500
1475 1.375000 0.687500
1476 1.406250 0.687500
1477 1.437500 0.687500
1478 1.468750 0.687500
1479 1.500000 0.687500
1480 1.531250 0.687500
1481 1.562500 0.687500
1482 1.593750 0.687500
1483 1.625000 0.687500
1484 1.656250 0.687500
1485 1.687500 0.687500
1486 1.718750 0.687500
1487 1.750000 0.687500
1488 1.781250 0.687500
1489 1.812500 0.687500
1490 1.843750 0.687500
1491 1.875000 0.687500
1492 1.906250 0.687500
1493 1.937500 0.687500
1494 1.968750 0.687500
1495 2.000000 0.687500
1496 0.000000 0.718750
1497 0.031250 0.718750
1498 0.062500 0.718750
1499 0.093750 0.718750
1500 0.125000 0.718750
1501 0.156250 0.718750
1502 0.187500 0.718750
1503 0.218750 0.718750
1504 0.250000 0.718750
1505 0.281250 0.718750
1506 0.312500 0.718750
1507 0.343750 0.718750
1508 0.375000 0.718750
1509 0.406250 0.718750
1510 0.437500 0.718750
1511 0.468750 0.718750
1512 0.500000 0.718750
1513 0.531250 0.718750
1514 0.562500 0.718750
1515 0.593750 0.718750
1516 0.625000 0.718750
1517 0.656250 0.718750
1518 0.687500 0.718750
1519 0.718750 0.718750
1520 0.750000 0.718750
1521 0.781250 0.718750
1522 0.812500 0.718750
1523 0.843750 0.718750
1524 0.875000 0.718750
1525 0.906250 0.718750
1526 0.937500 0.718750
1527 0.968750 0.718750
1528 1.000000 0.718750
1529 1.031250 0.718750
1530 1.062500 0.718750
1531 1.093750 0.718750
1532 1.125000 0.718750
1533 1.156250 0.718750
1534 1.187500 0.718750
1535 1.218750 0.718750
1536 1.250000 0.718750
1537 1.281250 0.718750
1538 1.312500 0.718750
1539 1.343750 0.718750
1540 1.375000 0.718750
1541 1.406250 0.718750
1542 1.437500 0.718750
1543 1.468750 0.718750
1544 1.500000 0.718750
1545 1.531250 0.718750
1546 1.562500 0.718750
1547 1.593750 0.718750
1548 1.625000 0.718750
1549 1.656250 0.718750
1550 1.687500 0.718750
1551 1.718750 0.718750
1552 1.750000 0.718750
1553 1.781250 0.718750
1554 1.812500 0.718750
1555 1.843750 0.718750
1556 1.875000 0.718750
1557 1.906250 0.718750
1558 1.937500 0.718750
1559 1.968750 0.718750
1560 2.000000 0.718750
1561 0.000000 0.750000
1562 0.031250 0.750000
1563 0.062500 0.750000
1564 0.093750 0.750000
1565 0.125000 0.750000
1566 0.156250 0.750000
1567 0.187500 0.750000
1568 0.218750 0.750000
1569 0.250000 0.750000
1570 0.281250 0.750000
1571 0.312500 0.750000
1572 0.343750 0.750000
1573 0.375000 0.750000
1574 0.406250 0.750000
1575 0.437500 0.750000
1576 0.468750 0.750000
1577 0.500000 0.750000
1578 0.531250 0.750000
1579 0.562500 0.750000
1580 0.593750 0.750000
1581 0.625000 0.750000
1582 0.656250 0.750000
1583 0.687500 0.750000
1584 0.718750 0.750000
1585 0.750000 0.750000
1586 0.781250 0.750000
1587 0.812500 0.750000
1588 0.843750 0.750000
1589 0.875000 0.750000
1590 0.906250 0.750000
1591 0.937500 0.750000
1592 0.968750 0.750000
1593 1.000000 0.750000
1594 1.031250 0.750000
1595 1.062500 0.750000
1596 1.093750 0.750000
1597 1.125000 0.750000
1598 1.156250 0.750000
1599 1.187500 0.750000
1600 1.218750 0.750000
1601 1.250000 0.750000
1602 1.281250 0.750000
1603 1.312500 0.750000
1604 1.343750 0.750000
1605 1.375000 0.750000
1606 1.406250 0.750000
1607 1.437500 0.750000
1608 1.468750 0.750000
1609 1.500000 0.750000
1610 1.531250 0.750000
1611 1.562500 0.750000
1612 1.593750 0.750000
1613 1.625000 0.750000
1614 1.656250 0.750000
1615 1.687500 0.750000
1616 1.718750 0.750000
1617 1.750000 0.750000
1618 1.781250 0.750000
1619 1.812500 0.750000
1620 1.843750 0.750000
1621 1.875000 0.750000
1622 1.906250 0.750000
1623 1.937500 0.750000
1624 1.968750 0.750000
1625 2.000000 0.750000
1626 0.000000 0.781250
1627 0.031250 0.781250
1628 0.062500 0.781250
1629 0.093750 0.781250
1630 0.125000 0.781250
1631 0.156250 0.781250
1632 0.187500 0.781250
1633 0.218750 0.781250
1634 0.250000 0.781250
1635 0.281250 0.781250
1636 0.312500 0.781250
1637 0.343750 0.781250
1638 0.375000 0.781250
1639 0.406250 0.781250
1640 0.437500 0.781250
1641 0.468750 0.781250
1642 0.500000 0.781250
1643 0.531250 0.781250
1644 0.562500 0.781250
1645 0.593750 0.781250
1646 0.625000 0.781250
1647 0.656250 0.781250
1648 0.687500 0.781250
1649 0.718750 0.781250
1650 0.750000 0.781250
1651 0.781250 0.781250
1652 0.812500 0.781250
1653 0.843750 0.781250
1654 0.875000 0.781250
1655 0.906250 0.781250
1656 0.937500 0.781250
1657 0.968750 0.781250
1658 1.000000 0.781250
1659 1.031250 0.781250
1660 1.062500 0.781250
1661 1.093750 0.781250
1662 1.125000 0.781250
1663 1.156250 0.781250
1664 1.187500 0.781250
1665 1.218750 0.781250
1666 1.250000 0.781250
1667 1.281250 0.781250
1668 1.312500 0.781250
1669 1.343750 0.781250
1670 1.375000 0.781250
1671 1.406250 0.781250
1672 1.437500 0.781250
1673 1.468750 0.781250
1674 1.500000 0.781250
1675 1.531250 0.781250
1676 1.562500 0.781250
1677 1.593750 0.781250
1678 1.625000 0.781250
1679 1.656250 0.781250
1680 1.687500 0.781250
1681 1.718750 0.781250
1682 1.750000 0.781250
1683 1.781250 0.781250
1684 1.812500 0.781250
1685 1.843750 0.781250
1686 1.875000 0.781250
1687 1.906250 0.781250
1688 1.937500 0.781250
1689 1.968750 0.781250
1690 2.000000 0.781250
1691 0.000000 0.812500
1692 0.031250 0.812500
1693 0.062500 0.812500
1694 0.093750 0.812500
1695 0.125000 0.812500
1696 0.156250 0.812500
1697 0.187500 0.812500
1698 0.218750 0.812500
1699 0.250000 0.812500
1700 0.281250 0.812500
1701 0.312500 0.812500
1702 0.343750 0.812500
1703 0.375000 0.812500
1704 0.406250 0.812500
1705 0.437500 0.812500
1706 0.468750 0.812500
1707 0.500000 0.812500
1708 0.531250 0.812500
1709 0.562500 0.812500
1710 0.593750 0.812500
1711 0.625000 0.812500
1712 0.656250 0.812500
1713 0.687500 0.812500
1714 0.718750 0.812500
1715 0.750000 0.812500
1716 0.781250 0.812500
1717 0.812500 0.812500
1718 0.843750 0.812500
1719 0.875000 0.812500
1720 0.906250 0.812500
1721 0.937500 0.812500
1722 0.968750 0.812500
1723 1.000000 0.812500
1724 1.031250 0.812500
1725 1.062500 0.812500
1726 1.093750 0.812500
1727 1.125000 0.812500
1728 1.156250 0.812500
1729 1.187500 0.812500
1730 1.218750 0.812500
1731 1.250000 0.812500
1732 1.281250 0.812500
1733 1.312500 0.812500
1734 1.343750 0.812500
1735 1.375000 0.812500
1736 1.406250 0.812500
1737 1.437500 0.812500
1738 1.468750 0.812500
1739 1.500000 0.812500
1740 1.531250 0.812500
1741 1.562500 0.812500
1742 1.593750 0.812500
1743 1.625000 0.812500
1744 1.656250 0.812500
1745 1.687500 0.812500
1746 1.718750 0.812500
1747 1.750000 0.812500
1748 1.781250 0.812500
1749 1.812500 0.812500
1750 1.843750 0.812500
1751 1.875000 0.812500
1752 1.906250 0.812500
1753 1.937500 0.812500
1754 1.968750 0.812500
1755 2.000000 0.812500
1756 0.000000 0.843750
1757 0.031250 0.843750
1758 0.062500 0.843750
1759 0.093750 0.843750
1760 0.125000 0.843750
1761 0.156250 0.843750
1762 0.187500 0.843750
1763 0.218750 0.843750
1764 0.250000 0.843750
1765 0.281250 0.843750
1766 0.312500 0.843750
1767 0.343750 0.843750
1768 0.375000 0.843750
1769 0.406250 0.843750
1770 0.437500 0.843750
1771 0.468750 0.843750
1772 0.500000 0.843750
1773 0.531250 0.843750
1774 0.562500 0.843750
1775 0.593750 0.843750
1776 0.625000 0.843750
1777 0.656250 0.843750
1778 0.687500 0.843750
1779 0.718750 0.843750
1780 0.750000 0.843750
1781 0.781250 0.843750
1782 0.812500 0.843750
1783 0.843750 0.843750
1784 0.875000 0.843750
1785 0.906250 0.843750
1786 0.937500 0.843750
1787 0.968750 0.843750
1788 1.000000 0.843750
1789 1.031250 0.843750
1790 1.062500 0.843750
1791 1.093750 0.843750
1792 1.125000 0.843750
1793 1.156250 0.843750
1794 1.187500 0.843750
1795 1.218750 0.843750
1796 1.250000 0.843750
1797 1.281250 0.843750
1798 1.312500 0.843750
1799 1.343750 0.843750
1800 1.375000 0.843750
1801 1.406250 0.843750
1802 1.437500 0.843750
1803 1.468750 0.843750
1804 1.500000 0.843750
1805 1.531250 0.843750
1806 1.562500 0.843750
1807 1.593750 0.843750
1808 1.625000 0.843750
1809 1.656250 0.843750
1810 1.687500 0.843750
1811 1.718750 0.843750
1812 1.750000 0.843750
1813 1.781250 0.843750
1814 1.812500 0.843750
1815 1.843750 0.843750
1816 1.875000 0.843750
1817 1.906250 0.843750
1818 1.937500 0.843750
1819 1.968750 0.843750
1820 2.000000 0.843750
1821 0.000000 0.875000
1822 0.031250 0.875000
1823 0.062500 0.875000
1824 0.093750 0.875000
1825 0.125000 0.875000
1826 0.156250 0.875000
1827 0.187500 0.875000
1828 0.218750 0.875000
1829 0.250000 0.875000
1830 0.281250 0.875000
1831 0.312500 0.875000
1832 0.343750 0.875000
1833 0.375000 0.875000
1834 0.406250 0.875000
1835 0.437500 0.875000
1836 0.468750 0.875000
1837 0.500000 0.875000
1838 0.531250 0.875000
1839 0.562500 0.875000
1840 0.593750 0.875000
1841 0.625000 0.875000
1842 0.656250 0.875000
1843 0.687500 0.875000
1844 0.718750 0.875000
1845 0.750000 0.875000
1846 0.781250 0.875000
1847 0.812500 0.875000
1848 0.843750 0.875000
1849 0.875000 0.875000
1850 0.906250 0.875000
1851 0.937500 0.875000
1852 0.968750 0.875000
1853 1.000000 0.875000
1854 1.031250 0.875000
1855 1.062500 0.875000
1856 1.093750 0.875000
1857 1.125000 0.875000
1858 1.156250 0.875000
1859 1.187500 0.875000
1860 1.218750 0.875000
1861 1.250000 0.875000
1862 1.281250 0.875000
1863 1.312500 0.875000
1864 1.343750 0.875000
1865 1.375000 0.875000
1866 1.406250 0.875000
1867 1.437500 0.875000
1868 1.468750 0.875000
1869 1.500000 0.875000
1870 1.531250 0.875000
1871 1.562500 0.875000
1872 1.593750 0.875000
1873 1.625000 0.875000
1874 1.656250 0.875000
1875 1.687500 0.875000
1876 1.718750 0.875000
1877 1.750000 0.875000
1878 1.781250 0.875000
1879 1.812500 0.875000
1880 1.843750 0.875000
1881 1.875000 0.875000
1882 1.906250 0.875000
1883 1.937500 0.875000
1884 1.968750 0.875000
1885 2.000000 0.875000
1886 0.000000 0.906250
1887 0.031250 0.906250
1888 0.062500 0.906250
1889 0.093750 0.906250
1890 0.125000 0.906250
1891 0.156250 0.906250
1892 0.187500 0.906250
1893 0.218750 0.906250
1894 0.250000 0.906250
1895 0.281250 0.906250
1896 0.312500 0.906250
1897 0.343750 0.906250
1898 0.375000 0.906250
1899 0.406250 0.906250
1900 0.437500 0.906250
1901 0.468750 0.906250
1902 0.500000 0.906250
1903 0.531250 0.906250
1904 0.562500 0.906250
1905 0.593750 0.906250
1906 0.625000 0.906250
1907 0.656250 0.906250
1908 0.687500 0.906250
1909 0.718750 0.906250
1910 0.750000 0.906250
1911 0.781250 0.906250
1912 0.812500 0.906250
1913 0.843750 0.906250
1914 0.875000 0.906250
1915 0.906250 0.906250
1916 0.937500 0.906250
1917 0.968750 0.906250
1918 1.000000 0.906250
1919 1.031250 0.906250
1920 1.062500 0.906250
1921 1.093750 0.906250
1922 1.125000 0.906250
1923 1.156250 0.906250
1924 1.187500 0.906250
1925 1.218750 0.906250
1926 1.250000 0.906250
1927 1.281250 0.906250
1928 1.312500 0.906250
1929 1.343750 0.906250
1930 1.375000 0.906250
1931 1.406250 0.906250
1932 1.437500 0.906250
1933 1.468750 0.906250
1934 1.500000 0.906250
1935 1.531250 0.906250
1936 1.562500 0.906250
1937 1.593750 0.906250
1938 1.625000 0.906250
1939 1.656250 0.906250
1940 1.687500 0.906250
1941 1.718750 0.906250
1942 1.750000 0.906250
1943 1.781250 0.906250
1944 1.812500 0.906250
1945 1.843750 0.906250
1946 1.875000 0.906250
1947 1.906250 0.906250
1948 1.937500 0.906250
1949 1.968750 0.906250
1950 2.000000 0.906250
1951 0.000000 0.937500
1952 0.031250 0.937500
1953 0.062500 0.937500
1954 0.093750 0.937500
1955 0.125000 0.937500
1956 0.156250 0.937500
1957 0.187500 0.937500
1958 0.218750 0.937500
1959 0.250000 0.937500
1960 0.281250 0.937500
1961 0.312500 0.937500
1962 0.343750 0.937500
1963 0.375000 0.937500
1964 0.406250 0.937500
1965 0.437500 0.937500
1966 0.468750 0.937500
1967 0.500000 0.937500
1968 0.531250 0.937500
1969 0.562500 0.937500
1970 0.593750 0.937500
1971 0.625000 0.937500
1972 0.656250 0.937500
1973 0.687500 0.937500
1974 0.718750 0.937500
1975 0.750000 0.937500
1976 0.781250 0.937500
1977 0.812500 0.937500
1978 0.843750 0.937500
1979 0.875000 0.937500
1980 0.906250 0.937500
1981 0.937500 0.937500
1982 0.968750 0.937500
1983 1.000000 0.937500
1984 1.031250 0.937500
1985 1.062500 0.937500
1986 1.093750 0.937500
1987 1.125000 0.937500
1988 1.156250 0.937500
1989 1.187500 0.937500
1990 1.218750 0.937500
1991 1.250000 0.937500
1992 1.281250 0.937500
1993 1.312500 0.937500
1994 1.343750 0.937500
1995 1.375000 0.937500
1996 1.406250 0.937500
1997 1.437500 0.937500
1998 1.468750 0.937500
1999 1.500000 0.937500
2000 1.531250 0.937500
2001 1.562500 0.937500
2002 1.593750 0.937500
2003 1.625000 0.937500
2004 1.656250 0.937500
2005 1.687500 0.937500
2006 1.718750 0.937500
2007 1.750000 0.937500
2008 1.781250 0.937500
2009 1.812500 0.937500
2010 1.843750 0.937500
2011 1.875000 0.937500
2012 1.906250 0.937500
2013 1.937500 0.937500
2014 1.968750 0.937500
2015 2.000000 0.937500
2016 0.000000 0.968750
2017 0.031250 0.968750
2018 0.062500 0.968750
2019 0.093750 0.968750
2020 0.125000 0.968750
2021 0.156250 0.968750
2022 0.187500 0.968750
2023 0.218750 0.968750
2024 0.250000 0.968750
2025 0.281250 0.968750
2026 0.312500 0.968750
2027 0.343750 0.968750
2028 0.375000 0.968750
2029 0.406250 0.968750
2030 0.437500 0.968750
2031 0.468750 0.968750
2032 0.500000 0.968750
2033 0.531250 0.968750
2034 0.562500 0.968750
2035 0.593750 0.968750
2036 0.625000 0.968750
2037 0.656250 0.968750
2038 0.687500 0.968750
2039 0.718750 0.968750
2040 0.750000 0.968750
2041 0.781250 0.968750
2042 0.812500 0.968750
2043 0.843750 0.968750
2044 0.875000 0.968750
2045 0.906250 0.968750
2046 0.937500 0.968750
2047 0.968750 0.968750
2048 1.000000 0.968750
2049 1.031250 0.968750
2050 1.062500 0.968750
2051 1.093750 0.968750
2052 1.125000 0.968750
2053 1.156250 0.968750
2054 1.187500 0.968750
2055 1.218750 0.968750
2056 1.250000 0.968750
2057 1.281250 0.968750
2058 1.312500 0.968750
2059 1.343750 0.968750
2060 1.375000 0.968750
2061 1.406250 0.968750
2062 1.437500 0.968750
2063 1.468750 0.968750
2064 1.500000 0.968750
2065 1.531250 0.968750
2066 1.562500 0.968750
2067 1.593750 0.968750
2068 1.625000 0.968750
2069 1.656250 0.968750
2070 1.687500 0.968750
2071 1.718750 0.968750
2072 1.750000 0.968750
2073 1.781250 0.968750
2074 1.812500 0.968750
2075 1.843750 0.968750
2076 1.875000 0.968750
2077 1.906250 0.968750
2078 1.937500 0.968750
2079 1.968750 0.968750
2080 2.000000 0.968750
2081 0.000000 1.000000
2082 0.031250 1.000000
2083 0.062500 1.000000
2084 0.093750 1.000000
2085 0.125000 1.000000
2086 0.156250 1.000000
2087 0.187500 1.000000
2088 0.218750 1.000000
2089 0.250000 1.000000
2090 0.281250 1.000000
2091 0.312500 1.000000
2092 0.343750 1.000000
2093 0.375000 1.000000
2094 0.406250 1.000000
2095 0.437500 1.000000
2096 0.468750 1.000000
2097 0.500000 1.000000
2098 0.531250 1.000000
2099 0.562500 1.000000
2100 0.593750 1.000000
2101 0.625000 1.000000
2102 0.656250 1.000000
2103 0.687500 1.000000
2104 0.718750 1.000000
2105 0.750000 1.000000
2106 0.781250 1.000000
2107 0.812500 1.000000
2108 0.843750 1.000000
2109 0.875000 1.000000
2110 0.906250 1.000000
2111 0.937500 1.000000
2112 0.968750 1.000000
2113 1.000000 1.000000
2114 1.031250 1.000000
2115 1.062500 1.000000
2116 1.093750 1.000000
2117 1.125000 1.000000
2118 1.156250 1.000000
2119 1.187500 1.000000
2120 1.218750 1.000000
2121 1.250000 1.000000
2122 1.281250 1.000000
2123 1.312500 1.000000
2124 1.343750 1.000000
2125 1.375000 1.000000
2126 1.406250 1.000000
2127 1.437500 1.000000
2128 1.468750 1.000000
2129 1.500000 1.000000
2130 1.531250 1.000000
2131 1.562500 1.000000
2132 1.593750 1.000000
2133 1.625000 1.000000
2134 1.656250 1.000000
2135 1.687500 1.000000
2136 1.718750 1.000000
2137 1.750000 1.000000
2138 1.781250 1.000000
2139 1.812500 1.000000
2140 1.843750 1.000000
2141 1.875000 1.000000
2142 1.906250 1.000000
2143 1.937500 1.000000
2144 1.968750 1.000000
2145 2.000000 1.000000
4096
1 2 67
1 67 66
2 3 68
2 68 67
3 4 69
3 69 68
4 5 70
4 70 69
5 6 71
5 71 70
6 7 72
6 72 71
7 8 73
7 73 72
8 9 74
8 74 73
9 10 75
9 75 74
10 11 76
10 76 75
11 12 77
11 77 76
12 13 78
12 78 77
13 14 79
13 79 78
14 15 80
14 80 79
15 16 81
15 81 80
16 17 82
16 82 81
17 18 83
17 83 82
18 19 84
18 84 83
19 20 85
19 85 84
20 21 86
20 86 85
21 22 87
21 87 86
22 23 88
22 88 87
23 24 89
23 89 88
24 25 90
24 90 89
25 26 91
25 91 90
26 27 92
26 92 91
27 28 93
27 93 92
28 29 94
28 94 93
29 30 95
29 95 94
30 31 96
30 96 95
31 32 97
31 97 96
32 33 98
32 98 97
33 34 99
33 99 98
34 35 100
34 100 99
35 36 101
35 101 100
36 37 102
36 102 101
37 38 103
37 103 102
38 39 104
38 104 103
39 40 105
39 105 104
40 41 106
40 106 105
41 42 107
41 107 106
42 43 108
42 108 107
43 44 109
43 109 108
44 45 110
44 110 109
45 46 111
45 111 110
46 47 112
46 112 111
47 48 113
47 113 112
48 49 114
48 114 113
49 50 115
49 115 114
50 51 116
50 116 115
51 52 117
51 117 116
52 53 118
52 118 117
53 54 119
53 119 118
54 55 120
54 120 119
55 56 121
55 121 120
56 57 122
56 122 121
57 58 123
57 123 122
58 59 124
58 124 123
59 60 125
59 125 124
60 61 126
60 126 125
61 62 127
61 127 126
62 63 128
62 128 127
63 64 129
63 129 128
64 65 130
64 130 129
66 67 132
66 132 131
67 68 133
67 133 132
68 69 134
68 134 133
69 70 135
69 135 134
70 71 136
70 136 135
71 72 137
71 137 136
72 73 138
72 138 137
73 74 139
73 139 138
74 75 140
74 140 139
75 76 141
75 141 140
76 77 142
76 142 141
77 78 143
77 143 142
78 79 144
78 144 143
79 80 145
79 145 144
80 81 146
80 146 145
81 82 147
81 147 146
82 83 148
82 148 147
83 84 149
83 149 148
84 85 150
84 150 149
85 86 151
85 151 150
86 87 152
86 152 151
87 88 153
87 153 152
88 89 154
88 154 153
89 90 155
89 155 154
90 91 156
90 156 155
91 92 157
91 157 156
92 93 158
92 158 157
93 94 159
93 159 158
94 95 160
94 160 159
95 96 161
95 161 160
96 97 162
96 162 161
97 98 163
97 163 162
98 99 164
98 164 163
99 100 165
99 165 164
100 101 166
100 166 165
101 102 167
101 167 166
102 103 168
102 168 167
103 104 169
103 169 168
104 105 170
104 170 169
105 106 171
105 171 170
106 107 172
106 172 171
107 108 173
107 173 172
108 109 174
108 174 173
109 110 175
109 175 174
110 111 176
110 176 175
111 112 177
111 177 176
112 113 178
112 178 177
113 114 179
113 179 178
114 115 180
114 180 179
115 116 181
115 181 180
116 117 182
116 182 181
117 118 183
117 183 182
118 119 184
118 184 183
119 120 185
119 185 184
120 121 186
120 186 185
121 122 187
121 187 186
122 123 188
122 188 187
123 124 189
123 189 188
124 125 190
124 190 189
125 126 191
125 191 190
126 127 192
126 192 191
127 128 193
127 193 192
128 129 194
128 194 193
129 130 195
129 195 194
131 132 197
131 197 196
132 133 198
132 198 197
133 134 199
133 199 198
134 135 200
134 200 199
135 136 201
135 201 200
136 137 202
136 202 201
137 138 203
137 203 202
138 139 204
138 204 203
139 140 205
139 205 204
140 141 206
140 206 205
141 142 207
141 207 206
142 143 208
142 208 207
143 144 209
143 209 208
144 145 210
144 210 209
145 146 211
145 211 210
146 147 212
146 212 211
147 148 213
147 213 212
148 149 214
148 214 213
149 150 215
149 215 214
150 151 216
150 216 215
151 152 217
151 217 216
152 153 218
152 218 217
153 154 219
153 219 218
154 155 220
154 220 219
155 156 221
155 221 220
156 157 222
156 222 221
157 158 223
157 223 222
158 159 224
158 224 223
159 160 225
159 225 224
160 161 226
160 226 225
161 162 227
161 227 226
162 163 228
162 228 227
163 164 229
163 229 228
164 165 230
164 230 229
165 166 231
165 231 230
166 167 232
166 232 231
167 168 233
167 233 232
168 169 234
168 234 233
169 170 235
169 235 234
170 171 236
170 236 235
171 172 237
171 237 236
172 173 238
172 238 237
173 174 239
173 239 238
174 175 240
174 240 239
175 176 241
175 241 240
176 177 242
176 242 241
177 178 243
177 243 242
178 179 244
178 244 243
179 180 245
179 245 244
180 181 246
180 246 245
181 182 247
181 247 246
182 183 248
182 248 247
183 184 249
183 249 248
184 185 250
184 250 249
185 186 251
185 251 250
186 187 252
186 252 251
187 188 253
187 253 252
188 189 254
188 254 253
189 190 255
189 255 254
190 191 256
190 256 255
191 192 257
191 257 256
192 193 258
192 258 257
193 194 259
193 259 258
194 195 260
194 260 259
196 197 262
196 262 261
197 198 263
197 263 262
198 199 264
198 264 263
199 200 265
199 265 264
200 201 266
200 266 265
201 202 267
201 267 266
202 203 268
202 268 267
203 204 269
203 269 268
204 205 270
204 270 269
205 206 271
205 271 270
206 207 272
206 272 271
207 208 273
207 273 272
208 209 274
208 274 273
209 210 275
209 275 274
210 211 276
210 276 275
211 212 277
211 277 276
212 213 278
212 278 277
213 214 279
213 279 278
214 215 280
214 280 279
215 216 281
215 281 280
216 217 282
216 282 281
217 218 283
217 283 282
218 219 284
218 284 283
219 220 285
219 285 284
220 221 286
220 286 285
221 222 287
221 287 286
222 223 288
222 288 287
223 224 289
223 289 288
224 225 290
224 290 289
225 226 291
225 291 290
226 227 292
226 292 291
227 228 293
227 293 292
228 229 294
228 294 293
229 230 295
229 295 294
230 231 296
230 296 295
231 232 297
231 297 296
232 233 298
232 298 297
233 234 299
233 299 298
234 235 300
234 300 299
235 236 301
235 301 300
236 237 302
236 302 301
237 238 303
237 303 302
238 239 304
238 304 303
239 240 305
239 305 304
240 241 306
240 306 305
241 242 307
241 307 306
242 243 308
242 308 307
243 244 309
243 309 308
244 245 310
244 310 309
245 246 311
245 311 310
246 247 312
246 312 311
247 248 313
247 313 312
248 249 314
248 314 313
249 250 315
249 315 314
250 251 316
250 316 315
251 252 317
251 317 316
252 253 318
252 318 317
253 254 319
253 319 318
254 255 320
254 320 319
255 256 321
255 321 320
256 257 322
256 322 321
257 258 323
257 323 322
258 259 324
258 324 323
259 260 325
259 325 324
261 262 327
261 327 326
262 263 328
262 328 327
263 264 329
263 329 328
264 265 330
264 330 329
265 266 331
265 331 330
266 267 332
266 332 331
267 268 333
267 333 332
268 269 334
268 334 333
269 270 335
269 335 334
270 271 336
270 336 335
271 272 337
271 337 336
272 273 338
272 338 337
273 274 339
273 339 338
274 275 340
274 340 339
275 276 341
275 341 340
276 277 342
276 342 341
277 278 343
277 343 342
278 279 344
278 344 343
279 280 345
279 345 344
280 281 346
280 346 345
281 282 347
281 347 346
282 283 348
282 348 347
283 284 349
283 349 348
284 285 350
284 350 349
285 286 351
285 351 350
286 287 352
286 352 351
287 288 353
287 353 352
288 289 354
288 354 353
289 290 355
289 355 354
290 291 356
290 356 355
291 292 357
291 357 356
292 293 358
292 358 357
293 294 359
293 359 358
294 295 360
294 360 359
295 296 361
295 361 360
296 297 362
296 362 361
297 298 363
297 363 362
298 299 364
298 364 363
299 300 365
299 365 364
300 301 366
300 366 365
301 302 367
301 367 366
302 303 368
302 368 367
303 304 369
303 369 368
304 305 370
304 370 369
305 306 371
305 371 370
306 307 372
306 372 371
307 308 373
307 373 372
308 309 374
308 374 373
309 310 375
309 375 374
310 311 376
310 376 375
311 312 377
311 377 376
312 313 378
312 378 377
313 314 379
313 379 378
314 315 380
314 380 379
315 316 381
315 381 380
316 317 382
316 382 381
317 318 383
317 383 382
318 319 384
318 384 383
319 320 385
319 385 384
320 321 386
320 386 385
321 322 387
321 387 386
322 323 388
322 388 387
323 324 389
323 389 388
324 325 390
324 390 389
326 327 392
326 392 391
327 328 393
327 393 392
328 329 394
328 394 393
329 330 395
329 395 394
330 331 396
330 396 395
331 332 397
331 397 396
332 333 398
332 398 397
333 334 399
333 399 398
334 335 400
334 400 399
335 336 401
335 401 400
336 337 402
336 402 401
337 338 403
337 403 402
338 339 404
338 404 403
339 340 405
339 405 404
340 341 406
340 406 405
341 342 407
341 407 406
342 343 408
342 408 407
343 344 409
343 409 408
344 345 410
344 410 409
345 346 411
345 411 410
346 347 412
346 412 411
347 348 413
347 413 412
348 349 414
348 414 413
349 350 415
349 415 414
350 351 416
350 416 415
351 352 417
351 417 416
352 353 418
352 418 417
353 354 419
353 419 418
354 355 420
354 420 419
355 356 421
355 421 420
356 357 422
356 422 421
357 358 423
357 423 422
358 359 424
358 424 423
359 360 425
359 425 424
360 361 426
360 426 425
361 362 427
361 427 426
362 363 428
362 428 427
363 364 429
363 429 428
364 365 430
364 430 429
365 366 431
365 431 430
366 367 432
366 432 431
367 368 433
367 433 432
368 369 434
368 434 433
369 370 435
369 435 434
370 371 436
370 436 435
371 372 437
371 437 436
372 373 438
372 438 437
373 374 439
373 439 438
374 375 440
374 440 439
375 376 441
375 441 440
376 377 442
376 442 441
377 378 443
377 443 442
378 379 444
378 444 443
379 380 445
379 445 444
380 381 446
380 446 445
381 382 447
381 447 446
382 383 448
382 448 447
383 384 449
383 449 448
384 385 450
384 450 449
385 386 451
385 451 450
386 387 452
386 452 451
387 388 453
387 453 452
388 389 454
388 454 453
389 390 455
389 455 454
391 392 457
391 457 456
392 393 458
392 458 457
393 394 459
393 459 458
394 395 460
394 460 459
395 396 461
395 461 460
396 397 462
396 462 461
397 398 463
397 463 462
398 399 464
398 464 463
399 400 465
399 465 464
400 401 466
400 466 465
401 402 467
401 467 466
402 403 468
402 468 467
403 404 469
403 469 468
404 405 470
404 470 469
405 406 471
405 471 470
406 407 472
406 472 471
407 408 473
407 473 472
408 409 474
408 474 473
409 410 475
409 475 474
410 411 476
410 476 475
411 412 477
411 477 476
412 413 478
412 478 477
413 414 479
413 479 478
414 415 480
414 480 479
415 416 481
415 481 480
416 417 482
416 482 481
417 418 483
417 483 482
418 419 484
418 484 483
419 420 485
419 485 484
420 421 486
420 486 485
421 422 487
421 487 486
422 423 488
422 488 487
423 424 489
423 489 488
424 425 490
424 490 489
425 426 491
425 491 490
426 427 492
426 492 491
427 428 493
427 493 492
428 429 494
428 494 493
429 430 495
429 495 494
430 431 496
430 496 495
431 432 497
431 497 496
432 433 498
432 498 497
433 434 499
433 499 498
434 435 500
434 500 499
435 436 501
435 501 500
436 437 502
436 502 501
437 438 503
437 503 502
438 439 504
438 504 503
439 440 505
439 505 504
440 441 506
440 506 505
441 442 507
441 507 506
442 443 508
442 508 507
443 444 509
443 509 508
444 445 510
444 510 509
445 446 511
445 511 510
446 447 512
446 512 511
447 448 513
447 513 512
448 449 514
448 514 513
449 450 515
449 515 514
450 451 516
450 516 515
451 452 517
451 517 516
452 453 518
452 518 517
453 454 519
453 519 518
454 455 520
454 520 519
456 457 522
456 522 521
457 458 523
457 523 522
458 459 524
458 524 523
459 460 525
459 525 524
460 461 526
460 526 525
461 462 527
461 527 526
462 463 528
462 528 527
463 464 529
463 529 528
464 465 530
464 530 529
465 466 531
465 531 530
466 467 532
466 532 531
467 468 533
467 533 532
468 469 534
468 534 533
469 470 535
469 535 534
470 471 536
470 536 535
471 472 537
471 537 536
472 473 538
472 538 537
473 474 539
473 539 538
474 475 540
474 540 539
475 476 541
475 541 540
476 477 542
476 542 541
477 478 543
477 543 542
478 479 544
478 544 543
479 480 545
479 545 544
480 481 546
480 546 545
481 482 547
481 547 546
482 483 548
482 548 547
483 484 549
483 549 548
484 485 550
484 550 549
485 486 551
485 551 550
486 487 552
486 552 551
487 488 553
487 553 552
488 489 554
488 554 553
489 490 555
489 555 554
490 491 556
490 556 555
491 492 557
491 557 556
492 493 558
492 558 557
493 494 559
493 559 558
494 495 560
494 560 559
495 496 561
495 561 560
496 497 562
496 562 561
497 498 563
497 563 562
498 499 564
498 564 563
499 500 565
499 565 564
500 501 566
500 566 565
501 502 567
501 567 566
502 503 568
502 568 567
503 504 569
503 569 568
504 505 570
504 570 569
505 506 571
505 571 570
506 507 572
506 572 571
507 508 573
507 573 572
508 509 574
508 574 573
509 510 575
509 575 574
510 511 576
510 576 575
511 512 577
511 577 576
512 513 578
512 578 577
513 514 579
513 579 578
514 515 580
514 580 579
515 516 581
515 581 580
516 517 582
516 582 581
517 518 583
517 583 582
518 519 584
518 584 583
519 520 585
519 585 584
521 522 587
521 587 586
522 523 588
522 588 587
523 524 589
523 589 588
524 525 590
524 590 589
525 526 591
525 591 590
526 527 592
526 592 591
527 528 593
527 593 592
528 529 594
528 594 593
529 530 595
529 595 594
530 531 596
530 596 595
531 532 597
531 597 596
532 533 598
532 598 597
533 534 599
533 599 598
534 535 600
534 600 599
535 536 601
535 601 600
536 537 602
536 602 601
537 538 603
537 603 602
538 539 604
538 604 603
539 540 605
539 605 604
540 541 606
540 606 605
541 542 607
541 607 606
542 543 608
542 608 607
543 544 609
543 609 608
544 545 610
544 610 609
545 546 611
545 611 610
546 547 612
546 612 611
547 548 613
547 613 612
548 549 614
548 614 613
549 550 615
549 615 614
550 551 616
550 616 615
551 552 617
551 617 616
552 553 618
552 618 617
553 554 619
553 619 618
554 555 620
554 620 619
555 556 621
555 621 620
556 557 622
556 622 621
557 558 623
557 623 622
558 559 624
558 624 623
559 560 625
559 625 624
560 561 626
560 626 625
561 562 627
561 627 626
562 563 628
562 628 627
563 564 629
563 629 628
564 565 630
564 630 629
565 566 631
565 631 630
566 567 632
566 632 631
567 568 633
567 633 632
568 569 634
568 634 633
569 570 635
569 635 634
570 571 636
570 636 635
571 572 637
571 637 636
572 573 638
572 638 637
573 574 639
573 639 638
574 575 640
574 640 639
575 576 641
575 641 640
576 577 642
576 642 641
577 578 643
577 643 642
578 579 644
578 644 643
579 580 645
579 645 644
580 581 646
580 646 645
581 582 647
581 647 646
582 583 648
582 648 647
583 584 649
583 649 648
584 585 650
584 650 649
586 587 652
586 652 651
587 588 653
587 653 652
588 589 654
588 654 653
589 590 655
589 655 654
590 591 656
590 656 655
591 592 657
591 657 656
592 593 658
592 658 657
593 594 659
593 659 658
594 595 660
594 660 659
595 596 661
595 661 660
596 597 662
596 662 661
597 598 663
597 663 662
598 599 664
598 664 663
599 600 665
599 665 664
600 601 666
600 666 665
601 602 667
601 667 666
602 603 668
602 668 667
603 604 669
603 669 668
604 605 670
604 670 669
605 606 671
605 671 670
606 607 672
606 672 671
607 608 673
607 673 672
608 609 674
608 674 673
609 610 675
609 675 674
610 611 676
610 676 675
611 612 677
611 677 676
612 613 678
612 678 677
613 614 679
613 679 678
614 615 680
614 680 679
615 616 681
615 681 680
616 617 682
616 682 681
617 618 683
617 683 682
618 619 684
618 684 683
619 620 685
619 685 684
620 621 686
620 686 685
621 622 687
621 687 686
622 623 688
622 688 687
623 624 689
623 689 688
624 625 690
624 690 689
625 626 691
625 691 690
626 627 692
626 692 691
627 628 693
627 693 692
628 629 694
628 694 693
629 630 695
629 695 694
630 631 696
630 696 695
631 632 697
631 697 696
632 633 698
632 698 697
633 634 699
633 699 698
634 635 700
634 700 699
635 636 701
635 701 700
636 637 702
636 702 701
637 638 703
637 703 702
638 639 704
638 704 703
639 640 705
639 705 704
640 641 706
640 706 705
641 642 707
641 707 706
642 643 708
642 708 707
643 644 709
643 709 708
644 645 710
644 710 709
645 646 711
645 711 710
646 647 712
646 712 711
647 648 713
647 713 712
648 649 714
648 714 713
649 650 715
649 715 714
651 652 717
651 717 716
652 653 718
652 718 717
653 654 719
653 719 718
654 655 720
654 720 719
655 656 721
655 721 720
656 657 722
656 722 721
657 658 723
657 723 722
658 659 724
658 724 723
659 660 725
659 725 724
660 661 726
660 726 725
661 662 727
661 727 726
662 663 728
662 728 727
663 664 729
663 729 728
664 665 730
664 730 729
665 666 731
665 731 730
666 667 732
666 732 731
667 668 733
667 733 732
668 669 734
668 734 733
669 670 735
669 735 734
670 671 736
670 736 735
671 672 737
671 737 736
672 673 738
672 738 737
673 674 739
673 739 738
674 675 740
674 740 739
675 676 741
675 741 740
676 677 742
676 742 741
677 678 743
677 743 742
678 679 744
678 744 743
679 680 745
679 745 744
680 681 746
680 746 745
681 682 747
681 747 746
682 683 748
682 748 747
683 684 749
683 749 748
684 685 750
684 750 749
685 686 751
685 751 750
686 687 752
686 752 751
687 688 753
687 753 752
688 689 754
688 754 753
689 690 755
689 755 754
690 691 756
690 756 755
691 692 757
691 757 756
692 693 758
692 758 757
693 694 759
693 759 758
694 695 760
694 760 759
695 696 761
695 761 760
696 697 762
696 762 761
697 698 763
697 763 762
698 699 764
698 764 763
699 700 765
699 765 764
700 701 766
700 766 765
701 702 767
701 767 766
702 703 768
702 768 767
703 704 769
703 769 768
704 705 770
704 770 769
705 706 771
705 771 770
706 707 772
706 772 771
707 708 773
707 773 772
708 709 774
708 774 773
709 710 775
709 775 774
710 711 776
710 776 775
711 712 777
711 777 776
712 713 778
712 778 777
713 714 779
713 779 778
714 715 780
714 780 779
716 717 782
716 782 781
717 718 783
717 783 782
718 719 784
718 784 783
719 720 785
719 785 784
720 721 786
720 786 785
721 722 787
721 787 786
722 723 788
722 788 787
723 724 789
723 789 788
724 725 790
724 790 789
725 726 791
725 791 790
726 727 792
726 792 791
727 728 793
727 793 792
728 729 794
728 794 793
729 730 795
729 795 794
730 731 796
730 796 795
731 732 797
731 797 796
732 733 798
732 798 797
733 734 799
733 799 798
734 735 800
734 800 799
735 736 801
735 801 800
736 737 802
736 802 801
737 738 803
737 803 802
738 739 804
738 804 803
739 740 805
739 805 804
740 741 806
740 806 805
741 742 807
741 807 806
742 743 808
742 808 807
743 744 809
743 809 808
744 745 810
744 810 809
745 746 811
745 811 810
746 747 812
746 812 811
747 748 813
747 813 812
748 749 814
748 814 813
749 750 815
749 815 814
750 751 816
750 816 815
751 752 817
751 817 816
752 753 818
752 818 817
753 754 819
753 819 818
754 755 820
754 820 819
755 756 821
755 821 820
756 757 822
756 822 821
757 758 823
757 823 822
758 759 824
758 824 823
759 760 825
759 825 824
760 761 826
760 826 825
761 762 827
761 827 826
762 763 828
762 828 827
763 764 829
763 829 828
764 765 830
764 830 829
765 766 831
765 831 830
766 767 832
766 832 831
767 768 833
767 833 832
768 769 834
768 834 833
769 770 835
769 835 834
770 771 836
770 836 835
771 772 837
771 837 836
772 773 838
772 838 837
773 774 839
773 839 838
774 775 840
774 840 839
775 776 841
775 841 840
776 777 842
776 842 841
777 778 843
777 843 842
778 779 844
778 844 843
779 780 845
779 845 844
781 782 847
781 847 846
782 783 848
782 848 847
783 784 849
783 849 848
784 785 850
784 850 849
785 786 851
785 851 850
786 787 852
786 852 851
787 788 853
787 853 852
788 789 854
788 854 853
789 790 855
789 855 854
790 791 856
790 856 855
791 792 857
791 857 856
792 793 858
792 858 857
793 794 859
793 859 858
794 795 860
794 860 859
795 796 861
795 861 860
796 797 862
796 862 861
797 798 863
797 863 862
798 799 864
798 864 863
799 800 865
799 865 864
800 801 866
800 866 865
801 802 867
801 867 866
802 803 868
802 868 867
803 804 869
803 869 868
804 805 870
804 870 869
805 806 871
805 871 870
806 807 872
806 872 871
807 808 873
807 873 872
808 809 874
808 874 873
809 810 875
809 875 874
810 811 876
810 876 875
811 812 877
811 877 876
812 813 878
812 878 877
813 814 879
813 879 878
814 815 880
814 880 879
815 816 881
815 881 880
816 817 882
816 882 881
817 818 883
817 883 882
818 819 884
818 884 883
819 820 885
819 885 884
820 821 886
820 886 885
821 822 887
821 887 886
822 823 888
822 888 887
823 824 889
823 889 888
824 825 890
824 890 889
825 826 891
825 891 890
826 827 892
826 892 891
827 828 893
827 893 892
828 829 894
828 894 893
829 830 895
829 895 894
830 831 896
830 896 895
831 832 897
831 897 896
832 833 898
832 898 897
833 834 899
833 899 898
834 835 900
834 900 899
835 836 901
835 901 900
836 837 902
836 902 901
837 838 903
837 903 902
838 839 904
838 904 903
839 840 905
839 905 904
840 841 906
840 906 905
841 842 907
841 907 906
842 843 908
842 908 907
843 844 909
843 909 908
844 845 910
844 910 909
846 847 912
846 912 911
847 848 913
847 913 912
848 849 914
848 914 913
849 850 915
849 915 914
850 851 916
850 916 915
851 852 917
851 917 916
852 853 918
852 918 917
853 854 919
853 919 918
854 855 920
854 920 919
855 856 921
855 921 920
856 857 922
856 922 921
857 858 923
857 923 922
858 859 924
858 924 923
859 860 925
859 925 924
860 861 926
860 926 925
861 862 927
861 927 926
862 863 928
862 928 927
863 864 929
863 929 928
864 865 930
864 930 929
865 866 931
865 931 930
866 867 932
866 932 931
867 868 933
867 933 932
868 869 934
868 934 933
869 870 935
869 935 934
870 871 936
870 936 935
871 872 937
871 937 936
872 873 938
872 938 937
873 874 939
873 939 938
874 875 940
874 940 939
875 876 941
875 941 940
876 877 942
876 942 941
877 878 943
877 943 942
878 879 944
878 944 943
879 880 945
879 945 944
880 881 946
880 946 945
881 882 947
881 947 946
882 883 948
882 948 947
883 884 949
883 949 948
884 885 950
884 950 949
885 886 951
885 951 950
886 887 952
886 952 951
887 888 953
887 953 952
888 889 954
888 954 953
889 890 955
889 955 954
890 891 956
890 956 955
891 892 957
891 957 956
892 893 958
892 958 957
893 894 959
893 959 958
894 895 960
894 960 959
895 896 961
895 961 960
896 897 962
896 962 961
897 898 963
897 963 962
898 899 964
898 964 963
899 900 965
899 965 964
900 901 966
900 966 965
901 902 967
901 967 966
902 903 968
902 968 967
903 904 969
903 969 968
904 905 970
904 970 969
905 906 971
905 971 970
906 907 972
906 972 971
907 908 973
907 973 972
908 909 974
908 974 973
909 910 975
909 975 974
911 912 977
911 977 976
912 913 978
912 978 977
913 914 979
913 979 978
914 915 980
914 980 979
915 916 981
915 981 980
916 917 982
916 982 981
917 918 983
917 983 982
918 919 984
918 984 983
919 920 985
919 985 984
920 921 986
920 986 985
921 922 987
921 987 986
922 923 988
922 988 987
923 924 989
923 989 988
924 925 990
924 990 989
925 926 991
925 991 990
926 927 992
926 992 991
927 928 993
927 993 992
928 929 994
928 994 993
929 930 995
929 995 994
930 931 996
930 996 995
931 932 997
931 997 996
932 933 998
932 998 997
933 934 999
933 999 998
934 935 1000
934 1000 999
935 936 1001
935 1001 1000
936 937 1002
936 1002 1001
937 938 1003
937 1003 1002
938 939 1004
938 1004 1003
939 940 1005
939 1005 1004
940 941 1006
940 1006 1005
941 942 1007
941 1007 1006
942 943 1008
942 1008 1007
943 944 1009
943 1009 1008
944 945 1010
944 1010 1009
945 946 1011
945 1011 1010
946 947 1012
946 1012 1011
947 948 1013
947 1013 1012
948 949 1014
948 1014 1013
949 950 1015
949 1015 1014
950 951 1016
950 1016 1015
951 952 1017
951 1017 1016
952 953 1018
952 1018 1017
953 954 1019
953 1019 1018
954 955 1020
954 1020 1019
955 956 1021
955 1021 1020
956 957 1022
956 1022 1021
957 958 1023
957 1023 1022
958 959 1024
958 1024 1023
959 960 1025
959 1025 1024
960 961 1026
960 1026 1025
961 962 1027
961 1027 1026
962 963 1028
962 1028 1027
963 964 1029
963 1029 1028
964 965 1030
964 1030 1029
965 966 1031
965 1031 1030
966 967 1032
966 1032 1031
967 968 1033
967 1033 1032
968 969 1034
968 1034 1033
969 970 1035
969 1035 1034
970 971 1036
970 1036 1035
971 972 1037
971 1037 1036
972 973 1038
972 1038 1037
973 974 1039
973 1039 1038
974 975 1040
974 1040 1039
976 977 1042
976 1042 1041
977 978 1043
977 1043 1042
978 979 1044
978 1044 1043
979 980 1045
979 1045 1044
980 981 1046
980 1046 1045
981 982 1047
981 1047 1046
982 983 1048
982 1048 1047
983 984 1049
983 1049 1048
984 985 1050
984 1050 1049
985 986 1051
985 1051 1050
986 987 1052
986 1052 1051
987 988 1053
987 1053 1052
988 989 1054
988 1054 1053
989 990 1055
989 1055 1054
990 991 1056
990 1056 1055
991 992 1057
991 1057 1056
992 993 1058
992 1058 1057
993 994 1059
993 1059 1058
994 995 1060
994 1060 1059
995 996 1061
995 1061 1060
996 997 1062
996 1062 1061
997 998 1063
997 1063 1062
998 999 1064
998 1064 1063
999 1000 1065
999 1065 1064
1000 1001 1066
1000 1066 1065
1001 1002 1067
1001 1067 1066
1002 1003 1068
1002 1068 1067
1003 1004 1069
1003 1069 1068
1004 1005 1070
1004 1070 1069
1005 1006 1071
1005 1071 1070
1006 1007 1072
1006 1072 1071
1007 1008 1073
1007 1073 1072
1008 1009 1074
1008 1074 1073
1009 1010 1075
1009 1075 1074
1010 1011 1076
1010 1076 1075
1011 1012 1077
1011 1077 1076
1012 1013 1078
1012 1078 1077
1013 1014 1079
1013 1079 1078
1014 1015 1080
1014 1080 1079
1015 1016 1081
1015 1081 1080
1016 1017 1082
1016 1082 1081
1017 1018 1083
1017 1083 1082
1018 1019 1084
1018 1084 1083
1019 1020 1085
1019 1085 1084
1020 1021 1086
1020 1086 1085
1021 1022 1087
1021 1087 1086
1022 1023 1088
1022 1088 1087
1023 1024 1089
1023 1089 1088
1024 1025 1090
1024 1090 1089
1025 1026 1091
1025 1091 1090
1026 1027 1092
1026 1092 1091
1027 1028 1093
1027 1093 1092
1028 1029 1094
1028 1094 1093
1029 1030 1095
1029 1095 1094
1030 1031 1096
1030 1096 1095
1031 1032 1097
1031 1097 1096
1032 1033 1098
1032 1098 1097
1033 1034 1099
1033 1099 1098
1034 1035 1100
1034 1100 1099
1035 1036 1101
1035 1101 1100
1036 1037 1102
1036 1102 1101
1037 1038 1103
1037 1103 1102
1038 1039 1104
1038 1104 1103
1039 1040 1105
1039 1105 1104
1041 1042 1107
1041 1107 1106
1042 1043 1108
1042 1108 1107
1043 1044 1109
1043 1109 1108
1044 1045 1110
1044 1110 1109
1045 1046 1111
1045 1111 1110
1046 1047 1112
1046 1112 1111
1047 1048 1113
1047 1113 1112
1048 1049 1114
1048 1114 1113
1049 1050 1115
1049 1115 1114
1050 1051 1116
1050 1116 1115
1051 1052 1117
1051 1117 1116
1052 1053 1118
1052 1118 1117
1053 1054 1119
1053 1119 1118
1054 1055 1120
1054 1120 1119
1055 1056 1121
1055 1121 1120
1056 1057 1122
1056 1122 1121
1057 1058 1123
1057 1123 1122
1058 1059 1124
1058 1124 1123
1059 1060 1125
1059 1125 1124
1060 1061 1126
1060 1126 1125
1061 1062 1127
1061 1127 1126
1062 1063 1128
1062 1128 1127
1063 1064 1129
1063 1129 1128
1064 1065 1130
1064 1130 1129
1065 1066 1131
1065 1131 1130
1066 1067 1132
1066 1132 1131
1067 1068 1133
1067 1133 1132
1068 1069 1134
1068 1134 1133
1069 1070 1135
1069 1135 1134
1070 1071 1136
1070 1136 1135
1071 1072 1137
1071 1137 1136
1072 1073 1138
1072 1138 1137
1073 1074 1139
1073 1139 1138
1074 1075 1140
1074 1140 1139
1075 1076 1141
1075 1141 1140
1076 1077 1142
1076 1142 1141
1077 1078 1143
1077 1143 1142
1078 1079 1144
1078 1144 1143
1079 1080 1145
1079 1145 1144
1080 1081 1146
1080 1146 1145
1081 1082 1147
1081 1147 1146
1082 1083 1148
1082 1148 1147
1083 1084 1149
1083 1149 1148
1084 1085 1150
1084 1150 1149
1085 1086 1151
1085 1151 1150
1086 1087 1152
1086 1152 1151
1087 1088 1153
1087 1153 1152
1088 1089 1154
1088 1154 1153
1089 1090 1155
1089 1155 1154
1090 1091 1156
1090 1156 1155
1091 1092 1157
1091 1157 1156
1092 1093 1158
1092 1158 1157
1093 1094 1159
1093 1159 1158
1094 1095 1160
1094 1160 1159
1095 1096 1161
1095 1161 1160
1096 1097 1162
1096 1162 1161
1097 1098 1163
1097 1163 1162
1098 1099 1164
1098 1164 1163
1099 1100 1165
1099 1165 1164
1100 1101 1166
1100 1166 1165
1101 1102 1167
1101 1167 1166
1102 1103 1168
1102 1168 1167
1103 1104 1169
1103 1169 1168
1104 1105 1170
1104 1170 1169
1106 1107 1172
1106 1172 1171
1107 1108 1173
1107 1173 1172
1108 1109 1174
1108 1174 1173
1109 1110 1175
1109 1175 1174
1110 1111 1176
1110 1176 1175
1111 1112 1177
1111 1177 1176
1112 1113 1178
1112 1178 1177
1113 1114 1179
1113 1179 1178
1114 1115 1180
1114 1180 1179
1115 1116 1181
1115 1181 1180
1116 1117 1182
1116 1182 1181
1117 1118 1183
1117 1183 1182
1118 1119 1184
1118 1184 1183
1119 1120 1185
1119 1185 1184
1120 1121 1186
1120 1186 1185
1121 1122 1187
1121 1187 1186
1122 1123 1188
1122 1188 1187
1123 1124 1189
1123 1189 1188
1124 1125 1190
1124 1190 1189
1125 1126 1191
1125 1191 1190
1126 1127 1192
1126 1192 1191
1127 1128 1193
1127 1193 1192
1128 1129 1194
1128 1194 1193
1129 1130 1195
1129 1195 1194
1130 1131 1196
1130 1196 1195
1131 1132 1197
1131 1197 1196
1132 1133 1198
1132 1198 1197
1133 1134 1199
1133 1199 1198
1134 1135 1200
1134 1200 1199
1135 1136 1201
1135 1201 1200
1136 1137 1202
1136 1202 1201
1137 1138 1203
1137 1203 1202
1138 1139 1204
1138 1204 1203
1139 1140 1205
1139 1205 1204
1140 1141 1206
1140 1206 1205
1141 1142 1207
1141 1207 1206
1142 1143 1208
1142 1208 1207
1143 1144 1209
1143 1209 1208
1144 1145 1210
1144 1210 1209
1145 1146 1211
1145 1211 1210
1146 1147 1212
1146 1212 1211
1147 1148 1213
1147 1213 1212
1148 1149 1214
1148 1214 1213
1149 1150 1215
1149 1215 1214
1150 1151 1216
1150 1216 1215
1151 1152 1217
1151 1217 1216
1152 1153 1218
1152 1218 1217
1153 1154 1219
1153 1219 1218
1154 1155 1220
1154 1220 1219
1155 1156 1221
1155 1221 1220
1156 1157 1222
1156 1222 1221
1157 1158 1223
1157 1223 1222
1158 1159 1224
1158 1224 1223
1159 1160 1225
1159 1225 1224
1160 1161 1226
1160 1226 1225
1161 1162 1227
1161 1227 1226
1162 1163 1228
1162 1228 1227
1163 1164 1229
1163 1229 1228
1164 1165 1230
1164 1230 1229
1165 1166 1231
1165 1231 1230
1166 1167 1232
1166 1232 1231
1167 1168 1233
1167 1233 1232
1168 1169 1234
1168 1234 1233
1169 1170 1235
1169 1235 1234
1171 1172 1237
1171 1237 1236
1172 1173 1238
1172 1238 1237
1173 1174 1239
1173 1239 1238
1174 1175 1240
1174 1240 1239
1175 1176 1241
1175 1241 1240
1176 1177 1242
1176 1242 1241
1177 1178 1243
1177 1243 1242
1178 1179 1244
1178 1244 1243
1179 1180 1245
1179 1245 1244
1180 1181 1246
1180 1246 1245
1181 1182 1247
1181 1247 1246
1182 1183 1248
1182 1248 1247
1183 1184 1249
1183 1249 1248
1184 1185 1250
1184 1250 1249
1185 1186 1251
1185 1251 1250
1186 1187 1252
1186 1252 1251
1187 1188 1253
1187 1253 1252
1188 1189 1254
1188 1254 1253
1189 1190 1255
1189 1255 1254
1190 1191 1256
1190 1256 1255
1191 1192 1257
1191 1257 1256
1192 1193 1258
1192 1258 1257
1193 1194 1259
1193 1259 1258
1194 1195 1260
1194 1260 1259
1195 1196 1261
1195 1261 1260
1196 1197 1262
1196 1262 1261
1197 1198 1263
1197 1263 1262
1198 1199 1264
1198 1264 1263
1199 1200 1265
1199 1265 1264
1200 1201 1266
1200 1266 1265
1201 1202 1267
1201 1267 1266
1202 1203 1268
1202 1268 1267
1203 1204 1269
1203 1269 1268
1204 1205 1270
1204 1270 1269
1205 1206 1271
1205 1271 1270
1206 1207 1272
1206 1272 1271
1207 1208 1273
1207 1273 1272
1208 1209 1274
1208 1274 1273
1209 1210 1275
1209 1275 1274
1210 1211 1276
1210 1276 1275
1211 1212 1277
1211 1277 1276
1212 1213 1278
1212 1278 1277
1213 1214 1279
1213 1279 1278
1214 1215 1280
1214 1280 1279
1215 1216 1281
1215 1281 1280
1216 1217 1282
1216 1282 1281
1217 1218 1283
1217 1283 1282
1218 1219 1284
1218 1284 1283
1219 1220 1285
1219 1285 1284
1220 1221 1286
1220 1286 1285
1221 1222 1287
1221 1287 1286
1222 1223 1288
1222 1288 1287
1223 1224 1289
1223 1289 1288
1224 1225 1290
1224 1290 1289
1225 1226 1291
1225 1291 1290
1226 1227 1292
1226 1292 1291
1227 1228 1293
1227 1293 1292
1228 1229 1294
1228 1294 1293
1229 1230 1295
1229 1295 1294
1230 1231 1296
1230 1296 1295
1231 1232 1297
1231 1297 1296
1232 1233 1298
1232 1298 1297
1233 1234 1299
1233 1299 1298
1234 1235 1300
1234 1300 1299
1236 1237 1302
1236 1302 1301
1237 1238 1303
1237 1303 1302
1238 1239 1304
1238 1304 1303
1239 1240 1305
1239 1305 1304
1240 1241 1306
1240 1306 1305
1241 1242 1307
1241 1307 1306
1242 1243 1308
1242 1308 1307
1243 1244 1309
1243 1309 1308
1244 1245 1310
1244 1310 1309
1245 1246 1311
1245 1311 1310
1246 1247 1312
1246 1312 1311
1247 1248 1313
1247 1313 1312
1248 1249 1314
1248 1314 1313
1249 1250 1315
1249 1315 1314
1250 1251 1316
1250 1316 1315
1251 1252 1317
1251 1317 1316
1252 1253 1318
1252 1318 1317
1253 1254 1319
1253 1319 1318
1254 1255 1320
1254 1320 1319
1255 1256 1321
1255 1321 1320
1256 1257 1322
1256 1322 1321
1257 1258 1323
1257 1323 1322
1258 1259 1324
1258 1324 1323
1259 1260 1325
1259 1325 1324
1260 1261 1326
1260 1326 1325
1261 1262 1327
1261 1327 1326
1262 1263 1328
1262 1328 1327
1263 1264 1329
1263 1329 1328
1264 1265 1330
1264 1330 1329
1265 1266 1331
1265 1331 1330
1266 1267 1332
1266 1332 1331
1267 1268 1333
1267 1333 1332
1268 1269 1334
1268 1334 1333
1269 1270 1335
1269 1335 1334
1270 1271 1336
1270 1336 1335
1271 1272 1337
1271 1337 1336
1272 1273 1338
1272 1338 1337
1273 1274 1339
1273 1339 1338
1274 1275 1340
1274 1340 1339
1275 1276 1341
1275 1341 1340
1276 1277 1342
1276 1342 1341
1277 1278 1343
1277 1343 1342
1278 1279 1344
1278 1344 1343
1279 1280 1345
1279 1345 1344
1280 1281 1346
1280 1346 1345
1281 1282 1347
1281 1347 1346
1282 1283 1348
1282 1348 1347
1283 1284 1349
1283 1349 1348
1284 1285 1350
1284 1350 1349
1285 1286 1351
1285 1351 1350
1286 1287 1352
1286 1352 1351
1287 1288 1353
1287 1353 1352
1288 1289 1354
1288 1354 1353
1289 1290 1355
1289 1355 1354
1290 1291 1356
1290 1356 1355
1291 1292 1357
1291 1357 1356
1292 1293 1358
1292 1358 1357
1293 1294 1359
1293 1359 1358
1294 1295 1360
1294 1360 1359
1295 1296 1361
1295 1361 1360
1296 1297 1362
1296 1362 1361
1297 1298 1363
1297 1363 1362
1298 1299 1364
1298 1364 1363
1299 1300 1365
1299 1365 1364
1301 1302 1367
1301 1367 1366
1302 1303 1368
1302 1368 1367
1303 1304 1369
1303 1369 1368
1304 1305 1370
1304 1370 1369
1305 1306 1371
1305 1371 1370
1306 1307 1372
1306 1372 1371
1307 1308 1373
1307 1373 1372
1308 1309 1374
1308 1374 1373
1309 1310 1375
1309 1375 1374
1310 1311 1376
1310 1376 1375
1311 1312 1377
1311 1377 1376
1312 1313 1378
1312 1378 1377
1313 1314 1379
1313 1379 1378
1314 1315 1380
1314 1380 1379
1315 1316 1381
1315 1381 1380
1316 1317 1382
1316 1382 1381
1317 1318 1383
1317 1383 1382
1318 1319 1384
1318 1384 1383
1319 1320 1385
1319 1385 1384
1320 1321 1386
1320 1386 1385
1321 1322 1387
1321 1387 1386
1322 1323 1388
1322 1388 1387
1323 1324 1389
1323 1389 1388
1324 1325 1390
1324 1390 1389
1325 1326 1391
1325 1391 1390
1326 1327 1392
1326 1392 1391
1327 1328 1393
1327 1393 1392
1328 1329 1394
1328 1394 1393
1329 1330 1395
1329 1395 1394
1330 1331 1396
1330 1396 1395
1331 1332 1397
1331 1397 1396
1332 1333 1398
1332 1398 1397
1333 1334 1399
1333 1399 1398
1334 1335 1400
1334 1400 1399
1335 1336 1401
1335 1401 1400
1336 1337 1402
1336 1402 1401
1337 1338 1403
1337 1403 1402
1338 1339 1404
1338 1404 1403
1339 1340 1405
1339 1405 1404
1340 1341 1406
1340 1406 1405
1341 1342 1407
1341 1407 1406
1342 1343 1408
1342 1408 1407
1343 1344 1409
1343 1409 1408
1344 1345 1410
1344 1410 1409
1345 1346 1411
1345 1411 1410
1346 1347 1412
1346 1412 1411
1347 1348 1413
1347 1413 1412
1348 1349 1414
1348 1414 1413
1349 1350 1415
1349 1415 1414
1350 1351 1416
1350 1416 1415
1351 1352 1417
1351 1417 1416
1352 1353 1418
1352 1418 1417
1353 1354 1419
1353 1419 1418
1354 1355 1420
1354 1420 1419
1355 1356 1421
1355 1421 1420
1356 1357 1422
1356 1422 1421
1357 1358 1423
1357 1423 1422
1358 1359 1424
1358 1424 1423
1359 1360 1425
1359 1425 1424
1360 1361 1426
1360 1426 1425
1361 1362 1427
1361 1427 1426
1362 1363 1428
1362 1428 1427
1363 1364 1429
1363 1429 1428
1364 1365 1430
1364 1430 1429
1366 1367 1432
1366 1432 1431
1367 1368 1433
1367 1433 1432
1368 1369 1434
1368 1434 1433
1369 1370 1435
1369 1435 1434
1370 1371 1436
1370 1436 1435
1371 1372 1437
1371 1437 1436
1372 1373 1438
1372 1438 1437
1373 1374 1439
1373 1439 1438
1374 1375 1440
1374 1440 1439
1375 1376 1441
1375 1441 1440
1376 1377 1442
1376 1442 1441
1377 1378 1443
1377 1443 1442
1378 1379 1444
1378 1444 1443
1379 1380 1445
1379 1445 1444
1380 1381 1446
1380 1446 1445
1381 1382 1447
1381 1447 1446
1382 1383 1448
1382 1448 1447
1383 1384 1449
1383 1449 1448
1384 1385 1450
1384 1450 1449
1385 1386 1451
1385 1451 1450
1386 1387 1452
1386 1452 1451
1387 1388 1453
1387 1453 1452
1388 1389 1454
1388 1454 1453
1389 1390 1455
1389 1455 1454
1390 1391 1456
1390 1456 1455
1391 1392 1457
1391 1457 1456
1392 1393 1458
1392 1458 1457
1393 1394 1459
1393 1459 1458
1394 1395 1460
1394 1460 1459
1395 1396 1461
1395 1461 1460
1396 1397 1462
1396 1462 1461
1397 1398 1463
1397 1463 1462
1398 1399 1464
1398 1464 1463
1399 1400 1465
1399 1465 1464
1400 1401 1466
1400 1466 1465
1401 1402 1467
1401 1467 1466
1402 1403 1468
1402 1468 1467
1403 1404 1469
1403 1469 1468
1404 1405 1470
1404 1470 1469
1405 1406 1471
1405 1471 1470
1406 1407 1472
1406 1472 1471
1407 1408 1473
1407 1473 1472
1408 1409 1474
1408 1474 1473
1409 1410 1475
1409 1475 1474
1410 1411 1476
1410 1476 1475
1411 1412 1477
1411 1477 1476
1412 1413 1478
1412 1478 1477
1413 1414 1479
1413 1479 1478
1414 1415 1480
1414 1480 1479
1415 1416 1481
1415 1481 1480
1416 1417 1482
1416 1482 1481
1417 1418 1483
1417 1483 1482
1418 1419 1484
1418 1484 1483
1419 1420 1485
1419 1485 1484
1420 1421 1486
1420 1486 1485
1421 1422 1487
1421 1487 1486
1422 1423 1488
1422 1488 1487
1423 1424 1489
1423 1489 1488
1424 1425 1490
1424 1490 1489
1425 1426 1491
1425 1491 1490
1426 1427 1492
1426 1492 1491
1427 1428 1493
1427 1493 1492
1428 1429 1494
1428 1494 1493
1429 1430 1495
1429 1495 1494
1431 1432 1497
1431 1497 1496
1432 1433 1498
1432 1498 1497
1433 1434 1499
1433 1499 1498
1434 1435 1500
1434 1500 1499
1435 1436 1501
1435 1501 1500
1436 1437 1502
1436 1502 1501
1437 1438 1503
1437 1503 1502
1438 1439 1504
1438 1504 1503
1439 1440 1505
1439 1505 1504
1440 1441 1506
1440 1506 1505
1441 1442 1507
1441 1507 1506
1442 1443 1508
1442 1508 1507
1443 1444 1509
1443 1509 1508
1444 1445 1510
1444 1510 1509
1445 1446 1511
1445 1511 1510
1446 1447 1512
1446 1512 1511
1447 1448 1513
1447 1513 1512
1448 1449 1514
1448 1514 1513
1449 1450 1515
1449 1515 1514
1450 1451 1516
1450 1516 1515
1451 1452 1517
1451 1517 1516
1452 1453 1518
1452 1518 1517
1453 1454 1519
1453 1519 1518
1454 1455 1520
1454 1520 1519
1455 1456 1521
1455 1521 1520
1456 1457 1522
1456 1522 1521
1457 1458 1523
1457 1523 1522
1458 1459 1524
1458 1524 1523
1459 1460 1525
1459 1525 1524
1460 1461 1526
1460 1526 1525
1461 1462 1527
1461 1527 1526
1462 1463 1528
1462 1528 1527
1463 1464 1529
1463 1529 1528
1464 1465 1530
1464 1530 1529
1465 1466 1531
1465 1531 1530
1466 1467 1532
1466 1532 1531
1467 1468 1533
1467 1533 1532
1468 1469 1534
1468 1534 1533
1469 1470 1535
1469 1535 1534
1470 1471 1536
1470 1536 1535
1471 1472 1537
1471 1537 1536
1472 1473 1538
1472 1538 1537
1473 1474 1539
1473 1539 1538
1474 1475 1540
1474 1540 1539
1475 1476 1541
1475 1541 1540
1476 1477 1542
1476 1542 1541
1477 1478 1543
1477 1543 1542
1478 1479 1544
1478 1544 1543
1479 1480 1545
1479 1545 1544
1480 1481 1546
1480 1546 1545
1481 1482 1547
1481 1547 1546
1482 1483 1548
1482 1548 1547
1483 1484 1549
1483 1549 1548
1484 1485 1550
1484 1550 1549
1485 1486 1551
1485 1551 1550
1486 1487 1552
1486 1552 1551
1487 1488 1553
1487 1553 1552
1488 1489 1554
1488 1554 1553
1489 1490 1555
1489 1555 1554
1490 1491 1556
1490 1556 1555
1491 1492 1557
1491 1557 1556
1492 1493 1558
1492 1558 1557
1493 1494 1559
1493 1559 1558
1494 1495 1560
1494 1560 1559
1496 1497 1562
1496 1562 1561
1497 1498 1563
1497 1563 1562
1498 1499 1564
1498 1564 1563
1499 1500 1565
1499 1565 1564
1500 1501 1566
1500 1566 1565
1501 1502 1567
1501 1567 1566
1502 1503 1568
1502 1568 1567
1503 1504 1569
1503 1569 1568
1504 1505 1570
1504 1570 1569
1505 1506 1571
1505 1571 1570
1506 1507 1572
1506 1572 1571
1507 1508 1573
1507 1573 1572
1508 1509 1574
1508 1574 1573
1509 1510 1575
1509 1575 1574
1510 1511 1576
1510 1576 1575
1511 1512 1577
1511 1577 1576
1512 1513 1578
1512 1578 1577
1513 1514 1579
1513 1579 1578
1514 1515 1580
1514 1580 1579
1515 1516 1581
1515 1581 1580
1516 1517 1582
1516 1582 1581
1517 1518 1583
1517 1583 1582
1518 1519 1584
1518 1584 1583
1519 1520 1585
1519 1585 1584
1520 1521 1586
1520 1586 1585
1521 1522 1587
1521 1587 1586
1522 1523 1588
1522 1588 1587
1523 1524 1589
1523 1589 1588
1524 1525 1590
1524 1590 1589
1525 1526 1591
1525 1591 1590
1526 1527 1592
1526 1592 1591
1527 1528 1593
1527 1593 1592
1528 1529 1594
1528 1594 1593
1529 1530 1595
1529 1595 1594
1530 1531 1596
1530 1596 1595
1531 1532 1597
1531 1597 1596
1532 1533 1598
1532 1598 1597
1533 1534 1599
1533 1599 1598
1534 1535 1600
1534 1600 1599
1535 1536 1601
1535 1601 1600
1536 1537 1602
1536 1602 1601
1537 1538 1603
1537 1603 1602
1538 1539 1604
1538 1604 1603
1539 1540 1605
1539 1605 1604
1540 1541 1606
1540 1606 1605
1541 1542 1607
1541 1607 1606
1542 1543 1608
1542 1608 1607
1543 1544 1609
1543 1609 1608
1544 1545 1610
1544 1610 1609
1545 1546 1611
1545 1611 1610
1546 1547 1612
1546 1612 1611
1547 1548 1613
1547 1613 1612
1548 1549 1614
1548 1614 1613
1549 1550 1615
1549 1615 1614
1550 1551 1616
1550 1616 1615
1551 1552 1617
1551 1617 1616
1552 1553 1618
1552 1618 1617
1553 1554 1619
1553 1619 1618
1554 1555 1620
1554 1620 1619
1555 1556 1621
1555 1621 1620
1556 1557 1622
1556 1622 1621
1557 1558 1623
1557 1623 1622
1558 1559 1624
1558 1624 1623
1559 1560 1625
1559 1625 1624
1561 1562 1627
1561 1627 1626
1562 1563 1628
1562 1628 1627
1563 1564 1629
1563 1629 1628
1564 1565 1630
1564 1630 1629
1565 1566 1631
1565 1631 1630
1566 1567 1632
1566 1632 1631
1567 1568 1633
1567 1633 1632
1568 1569 1634
1568 1634 1633
1569 1570 1635
1569 1635 1634
1570 1571 1636
1570 1636 1635
1571 1572 1637
1571 1637 1636
1572 1573 1638
1572 1638 1637
1573 1574 1639
1573 1639 1638
1574 1575 1640
1574 1640 1639
1575 1576 1641
1575 1641 1640
1576 1577 1642
1576 1642 1641
1577 1578 1643
1577 1643 1642
1578 1579 1644
1578 1644 1643
1579 1580 1645
1579 1645 1644
1580 1581 1646
1580 1646 1645
1581 1582 1647
1581 1647 1646
1582 1583 1648
1582 1648 1647
1583 1584 1649
1583 1649 1648
1584 1585 1650
1584 1650 1649
1585 1586 1651
1585 1651 1650
1586 1587 1652
1586 1652 1651
1587 1588 1653
1587 1653 1652
1588 1589 1654
1588 1654 1653
1589 1590 1655
1589 1655 1654
1590 1591 1656
1590 1656 1655
1591 1592 1657
1591 1657 1656
1592 1593 1658
1592 1658 1657
1593 1594 1659
1593 1659 1658
1594 1595 1660
1594 1660 1659
1595 1596 1661
1595 1661 1660
1596 1597 1662
1596 1662 1661
1597 1598 1663
1597 1663 1662
1598 1599 1664
1598 1664 1663
1599 1600 1665
1599 1665 1664
1600 1601 1666
1600 1666 1665
1601 1602 1667
1601 1667 1666
1602 1603 1668
1602 1668 1667
1603 1604 1669
1603 1669 1668
1604 1605 1670
1604 1670 1669
1605 1606 1671
1605 1671 1670
1606 1607 1672
1606 1672 1671
1607 1608 1673
1607 1673 1672
1608 1609 1674
1608 1674 1673
1609 1610 1675
1609 1675 1674
1610 1611 1676
1610 1676 1675
1611 1612 1677
1611 1677 1676
1612 1613 1678
1612 1678 1677
1613 1614 1679
1613 1679 1678
1614 1615 1680
1614 1680 1679
1615 1616 1681
1615 1681 1680
1616 1617 1682
1616 1682 1681
1617 1618 1683
1617 1683 1682
1618 1619 1684
1618 1684 1683
1619 1620 1685
1619 1685 1684
1620 1621 1686
1620 1686 1685
1621 1622 1687
1621 1687 1686
1622 1623 1688
1622 1688 1687
1623 1624 1689
1623 1689 1688
1624 1625 1690
1624 1690 1689
1626 1627 1692
1626 1692 1691
1627 1628 1693
1627 1693 1692
1628 1629 1694
1628 1694 1693
1629 1630 1695
1629 1695 1694
1630 1631 1696
1630 1696 1695
1631 1632 1697
1631 1697 1696
1632 1633 1698
1632 1698 1697
1633 1634 1699
1633 1699 1698
1634 1635 1700
1634 1700 1699
1635 1636 1701
1635 1701 1700
1636 1637 1702
1636 1702 1701
1637 1638 1703
1637 1703 1702
1638 1639 1704
1638 1704 1703
1639 1640 1705
1639 1705 1704
1640 1641 1706
1640 1706 1705
1641 1642 1707
1641 1707 1706
1642 1643 1708
1642 1708 1707
1643 1644 1709
1643 1709 1708
1644 1645 1710
1644 1710 1709
1645 1646 1711
1645 1711 1710
1646 1647 1712
1646 1712 1711
1647 1648 1713
1647 1713 1712
1648 1649 1714
1648 1714 1713
1649 1650 1715
1649 1715 1714
1650 1651 1716
1650 1716 1715
1651 1652 1717
1651 1717 1716
1652 1653 1718
1652 1718 1717
1653 1654 1719
1653 1719 1718
1654 1655 1720
1654 1720 1719
1655 1656 1721
1655 1721 1720
1656 1657 1722
1656 1722 1721
1657 1658 1723
1657 1723 1722
1658 1659 1724
1658 1724 1723
1659 1660 1725
1659 1725 1724
1660 1661 1726
1660 1726 1725
1661 1662 1727
1661 1727 1726
1662 1663 1728
1662 1728 1727
1663 1664 1729
1663 1729 1728
1664 1665 1730
1664 1730 1729
1665 1666 1731
1665 1731 1730
1666 1667 1732
1666 1732 1731
1667 1668 1733
1667 1733 1732
1668 1669 1734
1668 1734 1733
1669 1670 1735
1669 1735 1734
1670 1671 1736
1670 1736 1735
1671 1672 1737
1671 1737 1736
1672 1673 1738
1672 1738 1737
1673 1674 1739
1673 1739 1738
1674 1675 1740
1674 1740 1739
1675 1676 1741
1675 1741 1740
1676 1677 1742
1676 1742 1741
1677 1678 1743
1677 1743 1742
1678 1679 1744
1678 1744 1743
1679 1680 1745
1679 1745 1744
1680 1681 1746
1680 1746 1745
1681 1682 1747
1681 1747 1746
1682 1683 1748
1682 1748 1747
1683 1684 1749
1683 1749 1748
1684 1685 1750
1684 1750 1749
1685 1686 1751
1685 1751 1750
1686 1687 1752
1686 1752 1751
1687 1688 1753
1687 1753 1752
1688 1689 1754
1688 1754 1753
1689 1690 1755
1689 1755 1754
1691 1692 1757
1691 1757 1756
1692 1693 1758
1692 1758 1757
1693 1694 1759
1693 1759 1758
1694 1695 1760
1694 1760 1759
1695 1696 1761
1695 1761 1760
1696 1697 1762
1696 1762 1761
1697 1698 1763
1697 1763 1762
1698 1699 1764
1698 1764 1763
1699 1700 1765
1699 1765 1764
1700 1701 1766
1700 1766 1765
1701 1702 1767
1701 1767 1766
1702 1703 1768
1702 1768 1767
1703 1704 1769
1703 1769 1768
1704 1705 1770
1704 1770 1769
1705 1706 1771
1705 1771 1770
1706 1707 1772
1706 1772 1771
1707 1708 1773
1707 1773 1772
1708 1709 1774
1708 1774 1773
1709 1710 1775
1709 1775 1774
1710 1711 1776
1710 1776 1775
1711 1712 1777
1711 1777 1776
1712 1713 1778
1712 1778 1777
1713 1714 1779
1713 1779 1778
1714 1715 1780
1714 1780 1779
1715 1716 1781
1715 1781 1780
1716 1717 1782
1716 1782 1781
1717 1718 1783
1717 1783 1782
1718 1719 1784
1718 1784 1783
1719 1720 1785
1719 1785 1784
1720 1721 1786
1720 1786 1785
1721 1722 1787
1721 1787 1786
1722 1723 1788
1722 1788 1787
1723 1724 1789
1723 1789 1788
1724 1725 1790
1724 1790 1789
1725 1726 1791
1725 1791 1790
1726 1727 1792
1726 1792 1791
1727 1728 1793
1727 1793 1792
1728 1729 1794
1728 1794 1793
1729 1730 1795
1729 1795 1794
1730 1731 1796
1730 1796 1795
1731 1732 1797
1731 1797 1796
1732 1733 1798
1732 1798 1797
1733 1734 1799
1733 1799 1798
1734 1735 1800
1734 1800 1799
1735 1736 1801
1735 1801 1800
1736 1737 1802
1736 1802 1801
1737 1738 1803
1737 1803 1802
1738 1739 1804
1738 1804 1803
1739 1740 1805
1739 1805 1804
1740 1741 1806
1740 1806 1805
1741 1742 1807
1741 1807 1806
1742 1743 1808
1742 1808 1807
1743 1744 1809
1743 1809 1808
1744 1745 1810
1744 1810 1809
1745 1746 1811
1745 1811 1810
1746 1747 1812
1746 1812 1811
1747 1748 1813
1747 1813 1812
1748 1749 1814
1748 1814 1813
1749 1750 1815
1749 1815 1814
1750 1751 1816
1750 1816 1815
1751 1752 1817
1751 1817 1816
1752 1753 1818
1752 1818 1817
1753 1754 1819
1753 1819 1818
1754 1755 1820
1754 1820 1819
1756 1757 1822
1756 1822 1821
1757 1758 1823
1757 1823 1822
1758 1759 1824
1758 1824 1823
1759 1760 1825
1759 1825 1824
1760 1761 1826
1760 1826 1825
1761 1762 1827
1761 1827 1826
1762 1763 1828
1762 1828 1827
1763 1764 1829
1763 1829 1828
1764 1765 1830
1764 1830 1829
1765 1766 1831
1765 1831 1830
1766 1767 1832
1766 1832 1831
1767 1768 1833
1767 1833 1832
1768 1769 1834
1768 1834 1833
1769 1770 1835
1769 1835 1834
1770 1771 1836
1770 1836 1835
1771 1772 1837
1771 1837 1836
1772 1773 1838
1772 1838 1837
1773 1774 1839
1773 1839 1838
1774 1775 1840
1774 1840 1839
1775 1776 1841
1775 1841 1840
1776 1777 1842
1776 1842 1841
1777 1778 1843
1777 1843 1842
1778 1779 1844
1778 1844 1843
1779 1780 1845
1779 1845 1844
1780 1781 1846
1780 1846 1845
1781 1782 1847
1781 1847 1846
1782 1783 1848
1782 1848 1847
1783 1784 1849
1783 1849 1848
1784 1785 1850
1784 1850 1849
1785 1786 1851
1785 1851 1850
1786 1787 1852
1786 1852 1851
1787 1788 1853
1787 1853 1852
1788 1789 1854
1788 1854 1853
1789 1790 1855
1789 1855 1854
1790 1791 1856
1790 1856 1855
1791 1792 1857
1791 1857 1856
1792 1793 1858
1792 1858 1857
1793 1794 1859
1793 1859 1858
1794 1795 1860
1794 1860 1859
1795 1796 1861
1795 1861 1860
1796 1797 1862
1796 1862 1861
1797 1798 1863
1797 1863 1862
1798 1799 1864
1798 1864 1863
1799 1800 1865
1799 1865 1864
1800 1801 1866
1800 1866 1865
1801 1802 1867
1801 1867 1866
1802 1803 1868
1802 1868 1867
1803 1804 1869
1803 1869 1868
1804 1805 1870
1804 1870 1869
1805 1806 1871
1805 1871 1870
1806 1807 1872
1806 1872 1871
1807 1808 1873
1807 1873 1872
1808 1809 1874
1808 1874 1873
1809 1810 1875
1809 1875 1874
1810 1811 1876
1810 1876 1875
1811 1812 1877
1811 1877 1876
1812 1813 1878
1812 1878 1877
1813 1814 1879
1813 1879 1878
1814 1815 1880
1814 1880 1879
1815 1816 1881
1815 1881 1880
1816 1817 1882
1816 1882 1881
1817 1818 1883
1817 1883 1882
1818 1819 1884
1818 1884 1883
1819 1820 1885
1819 1885 1884
1821 1822 1887
1821 1887 1886
1822 1823 1888
1822 1888 1887
1823 1824 1889
1823 1889 1888
1824 1825 1890
1824 1890 1889
1825 1826 1891
1825 1891 1890
1826 1827 1892
1826 1892 1891
1827 1828 1893
1827 1893 1892
1828 1829 1894
1828 1894 1893
1829 1830 1895
1829 1895 1894
1830 1831 1896
1830 1896 1895
1831 1832 1897
1831 1897 1896
1832 1833 1898
1832 1898 1897
1833 1834 1899
1833 1899 1898
1834 1835 1900
1834 1900 1899
1835 1836 1901
1835 1901 1900
1836 1837 1902
1836 1902 1901
1837 1838 1903
1837 1903 1902
1838 1839 1904
1838 1904 1903
1839 1840 1905
1839 1905 1904
1840 1841 1906
1840 1906 1905
1841 1842 1907
1841 1907 1906
1842 1843 1908
1842 1908 1907
1843 1844 1909
1843 1909 1908
1844 1845 1910
1844 1910 1909
1845 1846 1911
1845 1911 1910
1846 1847 1912
1846 1912 1911
1847 1848 1913
1847 1913 1912
1848 1849 1914
1848 1914 1913
1849 1850 1915
1849 1915 1914
1850 1851 1916
1850 1916 1915
1851 1852 1917
1851 1917 1916
1852 1853 1918
1852 1918 1917
1853 1854 1919
1853 1919 1918
1854 1855 1920
1854 1920 1919
1855 1856 1921
1855 1921 1920
1856 1857 1922
1856 1922 1921
1857 1858 1923
1857 1923 1922
1858 1859 1924
1858 1924 1923
1859 1860 1925
1859 1925 1924
1860 1861 1926
1860 1926 1925
1861 1862 1927
1861 1927 1926
1862 1863 1928
1862 1928 1927
1863 1864 1929
1863 1929 1928
1864 1865 1930
1864 1930 1929
1865 1866 1931
1865 1931 1930
1866 1867 1932
1866 1932 1931
1867 1868 1933
1867 1933 1932
1868 1869 1934
1868 1934 1933
1869 1870 1935
1869 1935 1934
1870 1871 1936
1870 1936 1935
1871 1872 1937
1871 1937 1936
1872 1873 1938
1872 1938 1937
1873 1874 1939
1873 1939 1938
1874 1875 1940
1874 1940 1939
1875 1876 1941
1875 1941 1940
1876 1877 1942
1876 1942 1941
1877 1878 1943
1877 1943 1942
1878 1879 1944
1878 1944 1943
1879 1880 1945
1879 1945 1944
1880 1881 1946
1880 1946 1945
1881 1882 1947
1881 1947 1946
1882 1883 1948
1882 1948 1947
1883 1884 1949
1883 1949 1948
1884 1885 1950
1884 1950 1949
1886 1887 1952
1886 1952 1951
1887 1888 1953
1887 1953 1952
1888 1889 1954
1888 1954 1953
1889 1890 1955
1889 1955 1954
1890 1891 1956
1890 1956 1955
1891 1892 1957
1891 1957 1956
1892 1893 1958
1892 1958 1957
1893 1894 1959
1893 1959 1958
1894 1895 1960
1894 1960 1959
1895 1896 1961
1895 1961 1960
1896 1897 1962
1896 1962 1961
1897 1898 1963
1897 1963 1962
1898 1899 1964
1898 1964 1963
1899 1900 1965
1899 1965 1964
1900 1901 1966
1900 1966 1965
1901 1902 1967
1901 1967 1966
1902 1903 1968
1902 1968 1967
1903 1904 1969
1903 1969 1968
1904 1905 1970
1904 1970 1969
1905 1906 1971
1905 1971 1970
1906 1907 1972
1906 1972 1971
1907 1908 1973
1907 1973 1972
1908 1909 1974
1908 1974 1973
1909 1910 1975
1909 1975 1974
1910 1911 1976
1910 1976 1975
1911 1912 1977
1911 1977 1976
1912 1913 1978
1912 1978 1977
1913 1914 1979
1913 1979 1978
1914 1915 1980
1914 1980 1979
1915 1916 1981
1915 1981 1980
1916 1917 1982
1916 1982 1981
1917 1918 1983
1917 1983 1982
1918 1919 1984
1918 1984 1983
1919 1920 1985
1919 1985 1984
1920 1921 1986
1920 1986 1985
1921 1922 1987
1921 1987 1986
1922 1923 1988
1922 1988 1987
1923 1924 1989
1923 1989 1988
1924 1925 1990
1924 1990 1989
1925 1926 1991
1925 1991 1990
1926 1927 1992
1926 1992 1991
1927 1928 1993
1927 1993 1992
1928 1929 1994
1928 1994 1993
1929 1930 1995
1929 1995 1994
1930 1931 1996
1930 1996 1995
1931 1932 1997
1931 1997 1996
1932 1933 1998
1932 1998 1997
1933 1934 1999
1933 1999 1998
1934 1935 2000
1934 2000 1999
1935 1936 2001
1935 2001 2000
1936 1937 2002
1936 2002 2001
1937 1938 2003
1937 2003 2002
1938 1939 2004
1938 2004 2003
1939 1940 2005
1939 2005 2004
1940 1941 2006
1940 2006 2005
1941 1942 2007
1941 2007 2006
1942 1943 2008
1942 2008 2007
1943 1944 2009
1943 2009 2008
1944 1945 2010
1944 2010 2009
1945 1946 2011
1945 2011 2010
1946 1947 2012
1946 2012 2011
1947 1948 2013
1947 2013 2012
1948 1949 2014
1948 2014 2013
1949 1950 2015
1949 2015 2014
1951 1952 2017
1951 2017 2016
1952 1953 2018
1952 2018 2017
1953 1954 2019
1953 2019 2018
1954 1955 2020
1954 2020 2019
1955 1956 2021
1955 2021 2020
1956 1957 2022
1956 2022 2021
1957 1958 2023
1957 2023 2022
1958 1959 2024
1958 2024 2023
1959 1960 2025
1959 2025 2024
1960 1961 2026
1960 2026 2025
1961 1962 2027
1961 2027 2026
1962 1963 2028
1962 2028 2027
1963 1964 2029
1963 2029 2028
1964 1965 2030
1964 2030 2029
1965 1966 2031
1965 2031 2030
1966 1967 2032
1966 2032 2031
1967 1968 2033
1967 2033 2032
1968 1969 2034
1968 2034 2033
1969 1970 2035
1969 2035 2034
1970 1971 2036
1970 2036 2035
1971 1972 2037
1971 2037 2036
1972 1973 2038
1972 2038 2037
1973 1974 2039
1973 2039 2038
1974 1975 2040
1974 2040 2039
1975 1976 2041
1975 2041 2040
1976 1977 2042
1976 2042 2041
1977 1978 2043
1977 2043 2042
1978 1979 2044
1978 2044 2043
1979 1980 2045
1979 2045 2044
1980 1981 2046
1980 2046 2045
1981 1982 2047
1981 2047 2046
1982 1983 2048
1982 2048 2047
1983 1984 2049
1983 2049 2048
1984 1985 2050
1984 2050 2049
1985 1986 2051
1985 2051 2050
1986 1987 2052
1986 2052 2051
1987 1988 2053
1987 2053 2052
1988 1989 2054
1988 2054 2053
1989 1990 2055
1989 2055 2054
1990 1991 2056
1990 2056 2055
1991 1992 2057
1991 2057 2056
1992 1993 2058
1992 2058 2057
1993 1994 2059
1993 2059 2058
1994 1995 2060
1994 2060 2059
1995 1996 2061
1995 2061 2060
1996 1997 2062
1996 2062 2061
1997 1998 2063
1997 2063 2062
1998 1999 2064
1998 2064 2063
1999 2000 2065
1999 2065 2064
2000 2001 2066
2000 2066 2065
2001 2002 2067
2001 2067 2066
2002 2003 2068
2002 2068 2067
2003 2004 2069
2003 2069 2068
2004 2005 2070
2004 2070 2069
2005 2006 2071
2005 2071 2070
2006 2007 2072
2006 2072 2071
2007 2008 2073
2007 2073 2072
2008 2009 2074
2008 2074 2073
2009 2010 2075
2009 2075 2074
2010 2011 2076
2010 2076 2075
2011 2012 2077
2011 2077 2076
2012 2013 2078
2012 2078 2077
2013 2014 2079
2013 2079 2078
2014 2015 2080
2014 2080 2079
2016 2017 2082
2016 2082 2081
2017 2018 2083
2017 2083 2082
2018 2019 2084
2018 2084 2083
2019 2020 2085
2019 2085 2084
2020 2021 2086
2020 2086 2085
2021 2022 2087
2021 2087 2086
2022 2023 2088
2022 2088 2087
2023 2024 2089
2023 2089 2088
2024 2025 2090
2024 2090 2089
2025 2026 2091
2025 2091 2090
2026 2027 2092
2026 2092 2091
2027 2028 2093
2027 2093 2092
2028 2029 2094
2028 2094 2093
2029 2030 2095
2029 2095 2094
2030 2031 2096
2030 2096 2095
2031 2032 2097
2031 2097 2096
2032 2033 2098
2032 2098 2097
2033 2034 2099
2033 2099 2098
2034 2035 2100
2034 2100 2099
2035 2036 2101
2035 2101 2100
2036 2037 2102
2036 2102 2101
2037 2038 2103
2037 2103 2102
2038 2039 2104
2038 2104 2103
2039 2040 2105
2039 2105 2104
2040 2041 2106
2040 2106 2105
2041 2042 2107
2041 2107 2106
2042 2043 2108
2042 2108 2107
2043 2044 2109
2043 2109 2108
2044 2045 2110
2044 2110 2109
2045 2046 2111
2045 2111 2110
2046 2047 2112
2046 2112 2111
2047 2048 2113
2047 2113 2112
2048 2049 2114
2048 2114 2113
2049 2050 2115
2049 2115 2114
2050 2051 2116
2050 2116 2115
2051 2052 2117
2051 2117 2116
2052 2053 2118
2052 2118 2117
2053 2054 2119
2053 2119 2118
2054 2055 2120
2054 2120 2119
2055 2056 2121
2055 2121 2120
2056 2057 2122
2056 2122 2121
2057 2058 2123
2057 2123 2122
2058 2059 2124
2058 2124 2123
2059 2060 2125
2059 2125 2124
2060 2061 2126
2060 2126 2125
2061 2062 2127
2061 2127 2126
2062 2063 2128
2062 2128 2127
2063 2064 2129
2063 2129 2128
2064 2065 2130
2064 2130 2129
2065 2066 2131
2065 2131 2130
2066 2067 2132
2066 2132 2131
2067 2068 2133
2067 2133 2132
2068 2069 2134
2068 2134 2133
2069 2070 2135
2069 2135 2134
2070 2071 2136
2070 2136 2135
2071 2072 2137
2071 2137 2136
2072 2073 2138
2072 2138 2137
2073 2074 2139
2073 2139 2138
2074 2075 2140
2074 2140 2139
2075 2076 2141
2075 2141 2140
2076 2077 2142
2076 2142 2141
2077 2078 2143
2077 2143 2142
2078 2079 2144
2078 2144 2143
2079 2080 2145
2079 2145 2144
4
1 2 3 4 5 6 7 8 9 10 11 12 13 14 15 16 17 18 19 20 21 22 23 24 25 26 27 28 29 30 31 32 33 34 35 36 37 38 39 40 41 42 43 44 45 46 47 48 49 50 51 52 53 54 55 56 57 58 59 60 61 62 63 64 65
65 130 195 260 325 390 455 520 585 650 715 780 845 910 975 1040 1105 1170 1235 1300 1365 1430 1495 1560 1625 1690 1755 1820 1885 1950 2015 2080 2145
2145 2144 2143 2142 2141 2140 2139 2138 2137 2136 2135 2134 2133 2132 2131 2130 2129 2128 2127 2126 2125 2124 2123 2122 2121 2120 2119 2118 2117 2116 2115 2114 2113 2112 2111 2110 2109 2108 2107 2106 2105 2104 2103 2102 2101 2100 2099 2098 2097 2096 2095 2094 2093 2092 2091 2090 2089 2088 2087 2086 2085 2084 2083 2082 2081
2081 2016 1951 1886 1821 1756 1691 1626 1561 1496 1431 1366 1301 1236 1171 1106 1041 976 911 846 781 716 651 586 521 456 391 326 261 196 131 66
