8385
1 0.000000 0.000000
2 0.015625 0.000000
3 0.031250 0.000000
4 0.046875 0.000000
5 0.062500 0.000000
6 0.078125 0.000000
7 0.093750 0.000000
8 0.109375 0.000000
9 0.125000 0.000000
10 0.140625 0.000000
11 0.156250 0.000000
12 0.171875 0.000000
13 0.187500 0.000000
14 0.203125 0.000000
15 0.218750 0.000000
16 0.234375 0.000000
17 0.250000 0.000000
18 0.265625 0.000000
19 0.281250 0.000000
20 0.296875 0.000000
21 0.312500 0.000000
22 0.328125 0.000000
23 0.343750 0.000000
24 0.359375 0.000000
25 0.375000 0.000000
26 0.390625 0.000000
27 0.406250 0.000000
28 0.421875 0.000000
29 0.437500 0.000000
30 0.453125 0.000000
31 0.468750 0.000000
32 0.484375 0.000000
33 0.500000 0.000000
34 0.515625 0.000000
35 0.531250 0.000000
36 0.546875 0.000000
37 0.562500 0.000000
38 0.578125 0.000000
39 0.593750 0.000000
40 0.609375 0.000000
41 0.625000 0.000000
42 0.640625 0.000000
43 0.656250 0.000000
44 0.671875 0.000000
45 0.687500 0.000000
46 0.703125 0.000000
47 0.718750 0.000000
48 0.734375 0.000000
49 0.750000 0.000000
50 0.765625 0.000000
51 0.781250 0.000000
52 0.796875 0.000000
53 0.812500 0.000000
54 0.828125 0.000000
55 0.843750 0.000000
56 0.859375 0.000000
57 0.875000 0.000000
58 0.890625 0.000000
59 0.906250 0.000000
60 0.921875 0.000000
61 0.937500 0.000000
62 0.953125 0.000000
63 0.968750 0.000000
64 0.984375 0.000000
65 1.000000 0.000000
66 1.015625 0.000000
67 1.031250 0.000000
68 1.046875 0.000000
69 1.062500 0.000000
70 1.078125 0.000000
71 1.093750 0.000000
72 1.109375 0.000000
73 1.125000 0.000000
74 1.140625 0.000000
75 1.156250 0.000000
76 1.171875 0.000000
77 1.187500 0.000000
78 1.203125 0.000000
79 1.218750 0.000000
80 1.234375 0.000000
81 1.250000 0.000000
82 1.265625 0.000000
83 1.281250 0.000000
84 1.296875 0.000000
85 1.312500 0.000000
86 1.328125 0.000000
87 1.343750 0.000000
88 1.359375 0.000000
89 1.375000 0.000000
90 1.390625 0.000000
91 1.406250 0.000000
92 1.421875 0.000000
93 1.437500 0.000000
94 1.453125 0.000000
95 1.468750 0.000000
96 1.484375 0.000000
97 1.500000 0.000000
98 1.515625 0.000000
99 1.531250 0.000000
100 1.546875 0.000000
101 1.562500 0.000000
102 1.578125 0.000000
103 1.593750 0.000000
104 1.609375 0.000000
105 1.625000 0.000000
106 1.640625 0.000000
107 1.656250 0.000000
108 1.671875 0.000000
109 1.687500 0.000000
110 1.703125 0.000000
111 1.718750 0.000000
112 1.734375 0.000000
113 1.750000 0.000000
114 1.765625 0.000000
115 1.781250 0.000000
116 1.796875 0.000000
117 1.812500 0.000000
118 1.828125 0.000000
119 1.843750 0.000000
120 1.859375 0.000000
121 1.875000 0.000000
122 1.890625 0.000000
123 1.906250 0.000000
124 1.921875 0.000000
125 1.937500 0.000000
126 1.953125 0.000000
127 1.968750 0.000000
128 1.984375 0.000000
129 2.000000 0.000000
130 0.000000 0.015625
131 0.015625 0.015625
132 0.031250 0.015625
133 0.046875 0.015625
134 0.062500 0.015625
135 0.078125 0.015625
136 0.093750 0.015625
137 0.109375 0.015625
138 0.125000 0.015625
139 0.140625 0.015625
140 0.156250 0.015625
141 0.171875 0.015625
142 0.187500 0.015625
143 0.203125 0.015625
144 0.218750 0.015625
145 0.234375 0.015625
146 0.250000 0.015625
147 0.265625 0.015625
148 0.281250 0.015625
149 0.296875 0.015625
150 0.312500 0.015625
151 0.328125 0.015625
152 0.343750 0.015625
153 0.359375 0.015625
154 0.375000 0.015625
155 0.390625 0.015625
156 0.406250 0.015625
157 0.421875 0.015625
158 0.437500 0.015625
159 0.453125 0.015625
160 0.468750 0.015625
161 0.484375 0.015625
162 0.500000 0.015625
163 0.515625 0.015625
164 0.531250 0.015625
165 0.546875 0.015625
166 0.562500 0.015625
167 0.578125 0.015625
168 0.593750 0.015625
169 0.609375 0.015625
170 0.625000 0.015625
171 0.640625 0.015625
172 0.656250 0.015625
173 0.671875 0.015625
174 0.687500 0.015625
175 0.703125 0.015625
176 0.718750 0.015625
177 0.734375 0.015625
178 0.750000 0.015625
179 0.765625 0.015625
180 0.781250 0.015625
181 0.796875 0.015625
182 0.812500 0.015625
183 0.828125 0.015625
184 0.843750 0.015625
185 0.859375 0.015625
186 0.875000 0.015625
187 0.890625 0.015625
188 0.906250 0.015625
189 0.921875 0.015625
190 0.937500 0.015625
191 0.953125 0.015625
192 0.968750 0.015625
193 0.984375 0.015625
194 1.000000 0.015625
195 1.015625 0.015625
196 1.031250 0.015625
197 1.046875 0.015625
198 1.062500 0.015625
199 1.078125 0.015625
200 1.093750 0.015625
201 1.109375 0.015625
202 1.125000 0.015625
203 1.140625 0.015625
204 1.156250 0.015625
205 1.171875 0.015625
206 1.187500 0.015625
207 1.203125 0.015625
208 1.218750 0.015625
209 1.234375 0.015625
210 1.250000 0.015625
211 1.265625 0.015625
212 1.281250 0.015625
213 1.296875 0.015625
214 1.312500 0.015625
215 1.328125 0.015625
216 1.343750 0.015625
217 1.359375 0.015625
218 1.375000 0.015625
219 1.390625 0.015625
220 1.406250 0.015625
221 1.421875 0.015625
222 1.437500 0.015625
223 1.453125 0.015625
224 1.468750 0.015625
225 1.484375 0.015625
226 1.500000 0.015625
227 1.515625 0.015625
228 1.531250 0.015625
229 1.546875 0.015625
230 1.562500 0.015625
231 1.578125 0.015625
232 1.593750 0.015625
233 1.609375 0.015625
234 1.625000 0.015625
235 1.640625 0.015625
236 1.656250 0.015625
237 1.671875 0.015625
238 1.687500 0.015625
239 1.703125 0.015625
240 1.718750 0.015625
241 1.734375 0.015625
242 1.750000 0.015625
243 1.765625 0.015625
244 1.781250 0.015625
245 1.796875 0.015625
246 1.812500 0.015625
247 1.828125 0.015625
248 1.843750 0.015625
249 1.859375 0.015625
250 1.875000 0.015625
251 1.890625 0.015625
252 1.906250 0.015625
253 1.921875 0.015625
254 1.937500 0.015625
255 1.953125 0.015625
256 1.968750 0.015625
257 1.984375 0.015625
258 2.000000 0.015625
259 0.000000 0.031250
260 0.015625 0.031250
261 0.031250 0.031250
262 0.046875 0.031250
263 0.062500 0.031250
264 0.078125 0.031250
265 0.093750 0.031250
266 0.109375 0.031250
267 0.125000 0.031250
268 0.140625 0.031250
269 0.156250 0.031250
270 0.171875 0.031250
271 0.187500 0.031250
272 0.203125 0.031250
273 0.218750 0.031250
274 0.234375 0.031250
275 0.250000 0.031250
276 0.265625 0.031250
277 0.281250 0.031250
278 0.296875 0.031250
279 0.312500 0.031250
280 0.328125 0.031250
281 0.343750 0.031250
282 0.359375 0.031250
283 0.375000 0.031250
284 0.390625 0.031250
285 0.406250 0.031250
286 0.421875 0.031250
287 0.437500 0.031250
288 0.453125 0.031250
289 0.468750 0.031250
290 0.484375 0.031250
291 0.500000 0.031250
292 0.515625 0.031250
293 0.531250 0.031250
294 0.546875 0.031250
295 0.562500 0.031250
296 0.578125 0.031250
297 0.593750 0.031250
298 0.609375 0.031250
299 0.625000 0.031250
300 0.640625 0.031250
301 0.656250 0.031250
302 0.671875 0.031250
303 0.687500 0.031250
304 0.703125 0.031250
305 0.718750 0.031250
306 0.734375 0.031250
307 0.750000 0.031250
308 0.765625 0.031250
309 0.781250 0.031250
310 0.796875 0.031250
311 0.812500 0.031250
312 0.828125 0.031250
313 0.843750 0.031250
314 0.859375 0.031250
315 0.875000 0.031250
316 0.890625 0.031250
317 0.906250 0.031250
318 0.921875 0.031250
319 0.937500 0.031250
320 0.953125 0.031250
321 0.968750 0.031250
322 0.984375 0.031250
323 1.000000 0.031250
324 1.015625 0.031250
325 1.031250 0.031250
326 1.046875 0.031250
327 1.062500 0.031250
328 1.078125 0.031250
329 1.093750 0.031250
330 1.109375 0.031250
331 1.125000 0.031250
332 1.140625 0.031250
333 1.156250 0.031250
334 1.171875 0.031250
335 1.187500 0.031250
336 1.203125 0.031250
337 1.218750 0.031250
338 1.234375 0.031250
339 1.250000 0.031250
340 1.265625 0.031250
341 1.281250 0.031250
342 1.296875 0.031250
343 1.312500 0.031250
344 1.328125 0.031250
345 1.343750 0.031250
346 1.359375 0.031250
347 1.375000 0.031250
348 1.390625 0.031250
349 1.406250 0.031250
350 1.421875 0.031250
351 1.437500 0.031250
352 1.453125 0.031250
353 1.468750 0.031250
354 1.484375 0.031250
355 1.500000 0.031250
356 1.515625 0.031250
357 1.531250 0.031250
358 1.546875 0.031250
359 1.562500 0.031250
360 1.578125 0.031250
361 1.593750 0.031250
362 1.609375 0.031250
363 1.625000 0.031250
364 1.640625 0.031250
365 1.656250 0.031250
366 1.671875 0.031250
367 1.687500 0.031250
368 1.703125 0.031250
369 1.718750 0.031250
370 1.734375 0.031250
371 1.750000 0.031250
372 1.765625 0.031250
373 1.781250 0.031250
374 1.796875 0.031250
375 1.812500 0.031250
376 1.828125 0.031250
377 1.843750 0.031250
378 1.859375 0.031250
379 1.875000 0.031250
380 1.890625 0.031250
381 1.906250 0.031250
382 1.921875 0.031250
383 1.937500 0.031250
384 1.953125 0.031250
385 1.968750 0.031250
386 1.984375 0.031250
387 2.000000 0.031250
388 0.000000 0.046875
389 0.015625 0.046875
390 0.031250 0.046875
391 0.046875 0.046875
392 0.062500 0.046875
393 0.078125 0.046875
394 0.093750 0.046875
395 0.109375 0.046875
396 0.125000 0.046875
397 0.140625 0.046875
398 0.156250 0.046875
399 0.171875 0.046875
400 0.187500 0.046875
401 0.203125 0.046875
402 0.218750 0.046875
403 0.234375 0.046875
404 0.250000 0.046875
405 0.265625 0.046875
406 0.281250 0.046875
407 0.296875 0.046875
408 0.312500 0.046875
409 0.328125 0.046875
410 0.343750 0.046875
411 0.359375 0.046875
412 0.375000 0.046875
413 0.390625 0.046875
414 0.406250 0.046875
415 0.421875 0.046875
416 0.437500 0.046875
417 0.453125 0.046875
418 0.468750 0.046875
419 0.484375 0.046875
420 0.500000 0.046875
421 0.515625 0.046875
422 0.531250 0.046875
423 0.546875 0.046875
424 0.562500 0.046875
425 0.578125 0.046875
426 0.593750 0.046875
427 0.609375 0.046875
428 0.625000 0.046875
429 0.640625 0.046875
430 0.656250 0.046875
431 0.671875 0.046875
432 0.687500 0.046875
433 0.703125 0.046875
434 0.718750 0.046875
435 0.734375 0.046875
436 0.750000 0.046875
437 0.765625 0.046875
438 0.781250 0.046875
439 0.796875 0.046875
440 0.812500 0.046875
441 0.828125 0.046875
442 0.843750 0.046875
443 0.859375 0.046875
444 0.875000 0.046875
445 0.890625 0.046875
446 0.906250 0.046875
447 0.921875 0.046875
448 0.937500 0.046875
449 0.953125 0.046875
450 0.968750 0.046875
451 0.984375 0.046875
452 1.000000 0.046875
453 1.015625 0.046875
454 1.031250 0.046875
455 1.046875 0.046875
456 1.062500 0.046875
457 1.078125 0.046875
458 1.093750 0.046875
459 1.109375 0.046875
460 1.125000 0.046875
461 1.140625 0.046875
462 1.156250 0.046875
463 1.171875 0.046875
464 1.187500 0.046875
465 1.203125 0.046875
466 1.218750 0.046875
467 1.234375 0.046875
468 1.250000 0.046875
469 1.265625 0.046875
470 1.281250 0.046875
471 1.296875 0.046875
472 1.312500 0.046875
473 1.328125 0.046875
474 1.343750 0.046875
475 1.359375 0.046875
476 1.375000 0.046875
477 1.390625 0.046875
478 1.406250 0.046875
479 1.421875 0.046875
480 1.437500 0.046875
481 1.453125 0.046875
482 1.468750 0.046875
483 1.484375 0.046875
484 1.500000 0.046875
485 1.515625 0.046875
486 1.531250 0.046875
487 1.546875 0.046875
488 1.562500 0.046875
489 1.578125 0.046875
490 1.593750 0.046875
491 1.609375 0.046875
492 1.625000 0.046875
493 1.640625 0.046875
494 1.656250 0.046875
495 1.671875 0.046875
496 1.687500 0.046875
497 1.703125 0.046875
498 1.718750 0.046875
499 1.734375 0.046875
500 1.750000 0.046875
501 1.765625 0.046875
502 1.781250 0.046875
503 1.796875 0.046875
504 1.812500 0.046875
505 1.828125 0.046875
506 1.843750 0.046875
507 1.859375 0.046875
508 1.875000 0.046875
509 1.890625 0.046875
510 1.906250 0.046875
511 1.921875 0.046875
512 1.937500 0.046875
513 1.953125 0.046875
514 1.968750 0.046875
515 1.984375 0.046875
516 2.000000 0.046875
517 0.000000 0.062500
518 0.015625 0.062500
519 0.031250 0.062500
520 0.046875 0.062500
521 0.062500 0.062500
522 0.078125 0.062500
523 0.093750 0.062500
524 0.109375 0.062500
525 0.125000 0.062500
526 0.140625 0.062500
527 0.156250 0.062500
528 0.171875 0.062500
529 0.187500 0.062500
530 0.203125 0.062500
531 0.218750 0.062500
532 0.234375 0.062500
533 0.250000 0.062500
534 0.265625 0.062500
535 0.281250 0.062500
536 0.296875 0.062500
537 0.312500 0.062500
538 0.328125 0.062500
539 0.343750 0.062500
540 0.359375 0.062500
541 0.375000 0.062500
542 0.390625 0.062500
543 0.406250 0.062500
544 0.421875 0.062500
545 0.437500 0.062500
546 0.453125 0.062500
547 0.468750 0.062500
548 0.484375 0.062500
549 0.500000 0.062500
550 0.515625 0.062500
551 0.531250 0.062500
552 0.546875 0.062500
553 0.562500 0.062500
554 0.578125 0.062500
555 0.593750 0.062500
556 0.609375 0.062500
557 0.625000 0.062500
558 0.640625 0.062500
559 0.656250 0.062500
560 0.671875 0.062500
561 0.687500 0.062500
562 0.703125 0.062500
563 0.718750 0.062500
564 0.734375 0.062500
565 0.750000 0.062500
566 0.765625 0.062500
567 0.781250 0.062500
568 0.796875 0.062500
569 0.812500 0.062500
570 0.828125 0.062500
571 0.843750 0.062500
572 0.859375 0.062500
573 0.875000 0.062500
574 0.890625 0.062500
575 0.906250 0.062500
576 0.921875 0.062500
577 0.937500 0.062500
578 0.953125 0.062500
579 0.968750 0.062500
580 0.984375 0.062500
581 1.000000 0.062500
582 1.015625 0.062500
583 1.031250 0.062500
584 1.046875 0.062500
585 1.062500 0.062500
586 1.078125 0.062500
587 1.093750 0.062500
588 1.109375 0.062500
589 1.125000 0.062500
590 1.140625 0.062500
591 1.156250 0.062500
592 1.171875 0.062500
593 1.187500 0.062500
594 1.203125 0.062500
595 1.218750 0.062500
596 1.234375 0.062500
597 1.250000 0.062500
598 1.265625 0.062500
599 1.281250 0.062500
600 1.296875 0.062500
601 1.312500 0.062500
602 1.328125 0.062500
603 1.343750 0.062500
604 1.359375 0.062500
605 1.375000 0.062500
606 1.390625 0.062500
607 1.406250 0.062500
608 1.421875 0.062500
609 1.437500 0.062500
610 1.453125 0.062500
611 1.468750 0.062500
612 1.484375 0.062500
613 1.500000 0.062500
614 1.515625 0.062500
615 1.531250 0.062500
616 1.546875 0.062500
617 1.562500 0.062500
618 1.578125 0.062500
619 1.593750 0.062500
620 1.609375 0.062500
621 1.625000 0.062500
622 1.640625 0.062500
623 1.656250 0.062500
624 1.671875 0.062500
625 1.687500 0.062500
626 1.703125 0.062500
627 1.718750 0.062500
628 1.734375 0.062500
629 1.750000 0.062500
630 1.765625 0.062500
631 1.781250 0.062500
632 1.796875 0.062500
633 1.812500 0.062500
634 1.828125 0.062500
635 1.843750 0.062500
636 1.859375 0.062500
637 1.875000 0.062500
638 1.890625 0.062500
639 1.906250 0.062500
640 1.921875 0.062500
641 1.937500 0.062500
642 1.953125 0.062500
643 1.968750 0.062500
644 1.984375 0.062500
645 2.000000 0.062500
646 0.000000 0.078125
647 0.015625 0.078125
648 0.031250 0.078125
649 0.046875 0.078125
650 0.062500 0.078125
651 0.078125 0.078125
652 0.093750 0.078125
653 0.109375 0.078125
654 0.125000 0.078125
655 0.140625 0.078125
656 0.156250 0.078125
657 0.171875 0.078125
658 0.187500 0.078125
659 0.203125 0.078125
660 0.218750 0.078125
661 0.234375 0.078125
662 0.250000 0.078125
663 0.265625 0.078125
664 0.281250 0.078125
665 0.296875 0.078125
666 0.312500 0.078125
667 0.328125 0.078125
668 0.343750 0.078125
669 0.359375 0.078125
670 0.375000 0.078125
671 0.390625 0.078125
672 0.406250 0.078125
673 0.421875 0.078125
674 0.437500 0.078125
675 0.453125 0.078125
676 0.468750 0.078125
677 0.484375 0.078125
678 0.500000 0.078125
679 0.515625 0.078125
680 0.531250 0.078125
681 0.546875 0.078125
682 0.562500 0.078125
683 0.578125 0.078125
684 0.593750 0.078125
685 0.609375 0.078125
686 0.625000 0.078125
687 0.640625 0.078125
688 0.656250 0.078125
689 0.671875 0.078125
690 0.687500 0.078125
691 0.703125 0.078125
692 0.718750 0.078125
693 0.734375 0.078125
694 0.750000 0.078125
695 0.765625 0.078125
696 0.781250 0.078125
697 0.796875 0.078125
698 0.812500 0.078125
699 0.828125 0.078125
700 0.843750 0.078125
701 0.859375 0.078125
702 0.875000 0.078125
703 0.890625 0.078125
704 0.906250 0.078125
705 0.921875 0.078125
706 0.937500 0.078125
707 0.953125 0.078125
708 0.968750 0.078125
709 0.984375 0.078125
710 1.000000 0.078125
711 1.015625 0.078125
712 1.031250 0.078125
713 1.046875 0.078125
714 1.062500 0.078125
715 1.078125 0.078125
716 1.093750 0.078125
717 1.109375 0.078125
718 1.125000 0.078125
719 1.140625 0.078125
720 1.156250 0.078125
721 1.171875 0.078125
722 1.187500 0.078125
723 1.203125 0.078125
724 1.218750 0.078125
725 1.234375 0.078125
726 1.250000 0.078125
727 1.265625 0.078125
728 1.281250 0.078125
729 1.296875 0.078125
730 1.312500 0.078125
731 1.328125 0.078125
732 1.343750 0.078125
733 1.359375 0.078125
734 1.375000 0.078125
735 1.390625 0.078125
736 1.406250 0.078125
737 1.421875 0.078125
738 1.437500 0.078125
739 1.453125 0.078125
740 1.468750 0.078125
741 1.484375 0.078125
742 1.500000 0.078125
743 1.515625 0.078125
744 1.531250 0.078125
745 1.546875 0.078125
746 1.562500 0.078125
747 1.578125 0.078125
748 1.593750 0.078125
749 1.609375 0.078125
750 1.625000 0.078125
751 1.640625 0.078125
752 1.656250 0.078125
753 1.671875 0.078125
754 1.687500 0.078125
755 1.703125 0.078125
756 1.718750 0.078125
757 1.734375 0.078125
758 1.750000 0.078125
759 1.765625 0.078125
760 1.781250 0.078125
761 1.796875 0.078125
762 1.812500 0.078125
763 1.828125 0.078125
764 1.843750 0.078125
765 1.859375 0.078125
766 1.875000 0.078125
767 1.890625 0.078125
768 1.906250 0.078125
769 1.921875 0.078125
770 1.937500 0.078125
771 1.953125 0.078125
772 1.968750 0.078125
773 1.984375 0.078125
774 2.000000 0.078125
775 0.000000 0.093750
776 0.015625 0.093750
777 0.031250 0.093750
778 0.046875 0.093750
779 0.062500 0.093750
780 0.078125 0.093750
781 0.093750 0.093750
782 0.109375 0.093750
783 0.125000 0.093750
784 0.140625 0.093750
785 0.156250 0.093750
786 0.171875 0.093750
787 0.187500 0.093750
788 0.203125 0.093750
789 0.218750 0.093750
790 0.234375 0.093750
791 0.250000 0.093750
792 0.265625 0.093750
793 0.281250 0.093750
794 0.296875 0.093750
795 0.312500 0.093750
796 0.328125 0.093750
797 0.343750 0.093750
798 0.359375 0.093750
799 0.375000 0.093750
800 0.390625 0.093750
801 0.406250 0.093750
802 0.421875 0.093750
803 0.437500 0.093750
804 0.453125 0.093750
805 0.468750 0.093750
806 0.484375 0.093750
807 0.500000 0.093750
808 0.515625 0.093750
809 0.531250 0.093750
810 0.546875 0.093750
811 0.562500 0.093750
812 0.578125 0.093750
813 0.593750 0.093750
814 0.609375 0.093750
815 0.625000 0.093750
816 0.640625 0.093750
817 0.656250 0.093750
818 0.671875 0.093750
819 0.687500 0.093750
820 0.703125 0.093750
821 0.718750 0.093750
822 0.734375 0.093750
823 0.750000 0.093750
824 0.765625 0.093750
825 0.781250 0.093750
826 0.796875 0.093750
827 0.812500 0.093750
828 0.828125 0.093750
829 0.843750 0.093750
830 0.859375 0.093750
831 0.875000 0.093750
832 0.890625 0.093750
833 0.906250 0.093750
834 0.921875 0.093750
835 0.937500 0.093750
836 0.953125 0.093750
837 0.968750 0.093750
838 0.984375 0.093750
839 1.000000 0.093750
840 1.015625 0.093750
841 1.031250 0.093750
842 1.046875 0.093750
843 1.062500 0.093750
844 1.078125 0.093750
845 1.093750 0.093750
846 1.109375 0.093750
847 1.125000 0.093750
848 1.140625 0.093750
849 1.156250 0.093750
850 1.171875 0.093750
851 1.187500 0.093750
852 1.203125 0.093750
853 1.218750 0.093750
854 1.234375 0.093750
855 1.250000 0.093750
856 1.265625 0.093750
857 1.281250 0.093750
858 1.296875 0.093750
859 1.312500 0.093750
860 1.328125 0.093750
861 1.343750 0.093750
862 1.359375 0.093750
863 1.375000 0.093750
864 1.390625 0.093750
865 1.406250 0.093750
866 1.421875 0.093750
867 1.437500 0.093750
868 1.453125 0.093750
869 1.468750 0.093750
870 1.484375 0.093750
871 1.500000 0.093750
872 1.515625 0.093750
873 1.531250 0.093750
874 1.546875 0.093750
875 1.562500 0.093750
876 1.578125 0.093750
877 1.593750 0.093750
878 1.609375 0.093750
879 1.625000 0.093750
880 1.640625 0.093750
881 1.656250 0.093750
882 1.671875 0.093750
883 1.687500 0.093750
884 1.703125 0.093750
885 1.718750 0.093750
886 1.734375 0.093750
887 1.750000 0.093750
888 1.765625 0.093750
889 1.781250 0.093750
890 1.796875 0.093750
891 1.812500 0.093750
892 1.828125 0.093750
893 1.843750 0.093750
894 1.859375 0.093750
895 1.875000 0.093750
896 1.890625 0.093750
897 1.906250 0.093750
898 1.921875 0.093750
899 1.937500 0.093750
900 1.953125 0.093750
901 1.968750 0.093750
902 1.984375 0.093750
903 2.000000 0.093750
904 0.000000 0.109375
905 0.015625 0.109375
906 0.031250 0.109375
907 0.046875 0.109375
908 0.062500 0.109375
909 0.078125 0.109375
910 0.093750 0.109375
911 0.109375 0.109375
912 0.125000 0.109375
913 0.140625 0.109375
914 0.156250 0.109375
915 0.171875 0.109375
916 0.187500 0.109375
917 0.203125 0.109375
918 0.218750 0.109375
919 0.234375 0.109375
920 0.250000 0.109375
921 0.265625 0.109375
922 0.281250 0.109375
923 0.296875 0.109375
924 0.312500 0.109375
925 0.328125 0.109375
926 0.343750 0.109375
927 0.359375 0.109375
928 0.375000 0.109375
929 0.390625 0.109375
930 0.406250 0.109375
931 0.421875 0.109375
932 0.437500 0.109375
933 0.453125 0.109375
934 0.468750 0.109375
935 0.484375 0.109375
936 0.500000 0.109375
937 0.515625 0.109375
938 0.531250 0.109375
939 0.546875 0.109375
940 0.562500 0.109375
941 0.578125 0.109375
942 0.593750 0.109375
943 0.609375 0.109375
944 0.625000 0.109375
945 0.640625 0.109375
946 0.656250 0.109375
947 0.671875 0.109375
948 0.687500 0.109375
949 0.703125 0.109375
950 0.718750 0.109375
951 0.734375 0.109375
952 0.750000 0.109375
953 0.765625 0.109375
954 0.781250 0.109375
955 0.796875 0.109375
956 0.812500 0.109375
957 0.828125 0.109375
958 0.843750 0.109375
959 0.859375 0.109375
960 0.875000 0.109375
961 0.890625 0.109375
962 0.906250 0.109375
963 0.921875 0.109375
964 0.937500 0.109375
965 0.953125 0.109375
966 0.968750 0.109375
967 0.984375 0.109375
968 1.000000 0.109375
969 1.015625 0.109375
970 1.031250 0.109375
971 1.046875 0.109375
972 1.062500 0.109375
973 1.078125 0.109375
974 1.093750 0.109375
975 1.109375 0.109375
976 1.125000 0.109375
977 1.140625 0.109375
978 1.156250 0.109375
979 1.171875 0.109375
980 1.187500 0.109375
981 1.203125 0.109375
982 1.218750 0.109375
983 1.234375 0.109375
984 1.250000 0.109375
985 1.265625 0.109375
986 1.281250 0.109375
987 1.296875 0.109375
988 1.312500 0.109375
989 1.328125 0.109375
990 1.343750 0.109375
991 1.359375 0.109375
992 1.375000 0.109375
993 1.390625 0.109375
994 1.406250 0.109375
995 1.421875 0.109375
996 1.437500 0.109375
997 1.453125 0.109375
998 1.468750 0.109375
999 1.484375 0.109375
1000 1.500000 0.109375
1001 1.515625 0.109375
1002 1.531250 0.109375
1003 1.546875 0.109375
1004 1.562500 0.109375
1005 1.578125 0.109375
1006 1.593750 0.109375
1007 1.609375 0.109375
1008 1.625000 0.109375
1009 1.640625 0.109375
1010 1.656250 0.109375
1011 1.671875 0.109375
1012 1.687500 0.109375
1013 1.703125 0.109375
1014 1.718750 0.109375
1015 1.734375 0.109375
1016 1.750000 0.109375
1017 1.765625 0.109375
1018 1.781250 0.109375
1019 1.796875 0.109375
1020 1.812500 0.109375
1021 1.828125 0.109375
1022 1.843750 0.109375
1023 1.859375 0.109375
1024 1.875000 0.109375
1025 1.890625 0.109375
1026 1.906250 0.109375
1027 1.921875 0.109375
1028 1.937500 0.109375
1029 1.953125 0.109375
1030 1.968750 0.109375
1031 1.984375 0.109375
1032 2.000000 0.109375
1033 0.000000 0.125000
1034 0.015625 0.125000
1035 0.031250 0.125000
1036 0.046875 0.125000
1037 0.062500 0.125000
1038 0.078125 0.125000
1039 0.093750 0.125000
1040 0.109375 0.125000
1041 0.125000 0.125000
1042 0.140625 0.125000
1043 0.156250 0.125000
1044 0.171875 0.125000
1045 0.187500 0.125000
1046 0.203125 0.125000
1047 0.218750 0.125000
1048 0.234375 0.125000
1049 0.250000 0.125000
1050 0.265625 0.125000
1051 0.281250 0.125000
1052 0.296875 0.125000
1053 0.312500 0.125000
1054 0.328125 0.125000
1055 0.343750 0.125000
1056 0.359375 0.125000
1057 0.375000 0.125000
1058 0.390625 0.125000
1059 0.406250 0.125000
1060 0.421875 0.125000
1061 0.437500 0.125000
1062 0.453125 0.125000
1063 0.468750 0.125000
1064 0.484375 0.125000
1065 0.500000 0.125000
1066 0.515625 0.125000
1067 0.531250 0.125000
1068 0.546875 0.125000
1069 0.562500 0.125000
1070 0.578125 0.125000
1071 0.593750 0.125000
1072 0.609375 0.125000
1073 0.625000 0.125000
1074 0.640625 0.125000
1075 0.656250 0.125000
1076 0.671875 0.125000
1077 0.687500 0.125000
1078 0.703125 0.125000
1079 0.718750 0.125000
1080 0.734375 0.125000
1081 0.750000 0.125000
1082 0.765625 0.125000
1083 0.781250 0.125000
1084 0.796875 0.125000
1085 0.812500 0.125000
1086 0.828125 0.125000
1087 0.843750 0.125000
1088 0.859375 0.125000
1089 0.875000 0.125000
1090 0.890625 0.125000
1091 0.906250 0.125000
1092 0.921875 0.125000
1093 0.937500 0.125000
1094 0.953125 0.125000
1095 0.968750 0.125000
1096 0.984375 0.125000
1097 1.000000 0.125000
1098 1.015625 0.125000
1099 1.031250 0.125000
1100 1.046875 0.125000
1101 1.062500 0.125000
1102 1.078125 0.125000
1103 1.093750 0.125000
1104 1.109375 0.125000
1105 1.125000 0.125000
1106 1.140625 0.125000
1107 1.156250 0.125000
1108 1.171875 0.125000
1109 1.187500 0.125000
1110 1.203125 0.125000
1111 1.218750 0.125000
1112 1.234375 0.125000
1113 1.250000 0.125000
1114 1.265625 0.125000
1115 1.281250 0.125000
1116 1.296875 0.125000
1117 1.312500 0.125000
1118 1.328125 0.125000
1119 1.343750 0.125000
1120 1.359375 0.125000
1121 1.375000 0.125000
1122 1.390625 0.125000
1123 1.406250 0.125000
1124 1.421875 0.125000
1125 1.437500 0.125000
1126 1.453125 0.125000
1127 1.468750 0.125000
1128 1.484375 0.125000
1129 1.500000 0.125000
1130 1.515625 0.125000
1131 1.531250 0.125000
1132 1.546875 0.125000
1133 1.562500 0.125000
1134 1.578125 0.125000
1135 1.593750 0.125000
1136 1.609375 0.125000
1137 1.625000 0.125000
1138 1.640625 0.125000
1139 1.656250 0.125000
1140 1.671875 0.125000
1141 1.687500 0.125000
1142 1.703125 0.125000
1143 1.718750 0.125000
1144 1.734375 0.125000
1145 1.750000 0.125000
1146 1.765625 0.125000
1147 1.781250 0.125000
1148 1.796875 0.125000
1149 1.812500 0.125000
1150 1.828125 0.125000
1151 1.843750 0.125000
1152 1.859375 0.125000
1153 1.875000 0.125000
1154 1.890625 0.125000
1155 1.906250 0.125000
1156 1.921875 0.125000
1157 1.937500 0.125000
1158 1.953125 0.125000
1159 1.968750 0.125000
1160 1.984375 0.125000
1161 2.000000 0.125000
1162 0.000000 0.140625
1163 0.015625 0.140625
1164 0.031250 0.140625
1165 0.046875 0.140625
1166 0.062500 0.140625
1167 0.078125 0.140625
1168 0.093750 0.140625
1169 0.109375 0.140625
1170 0.125000 0.140625
1171 0.140625 0.140625
1172 0.156250 0.140625
1173 0.171875 0.140625
1174 0.187500 0.140625
1175 0.203125 0.140625
1176 0.218750 0.140625
1177 0.234375 0.140625
1178 0.250000 0.140625
1179 0.265625 0.140625
1180 0.281250 0.140625
1181 0.296875 0.140625
1182 0.312500 0.140625
1183 0.328125 0.140625
1184 0.343750 0.140625
1185 0.359375 0.140625
1186 0.375000 0.140625
1187 0.390625 0.140625
1188 0.406250 0.140625
1189 0.421875 0.140625
1190 0.437500 0.140625
1191 0.453125 0.140625
1192 0.468750 0.140625
1193 0.484375 0.140625
1194 0.500000 0.140625
1195 0.515625 0.140625
1196 0.531250 0.140625
1197 0.546875 0.140625
1198 0.562500 0.140625
1199 0.578125 0.140625
1200 0.593750 0.140625
1201 0.609375 0.140625
1202 0.625000 0.140625
1203 0.640625 0.140625
1204 0.656250 0.140625
1205 0.671875 0.140625
1206 0.687500 0.140625
1207 0.703125 0.140625
1208 0.718750 0.140625
1209 0.734375 0.140625
1210 0.750000 0.140625
1211 0.765625 0.140625
1212 0.781250 0.140625
1213 0.796875 0.140625
1214 0.812500 0.140625
1215 0.828125 0.140625
1216 0.843750 0.140625
1217 0.859375 0.140625
1218 0.875000 0.140625
1219 0.890625 0.140625
1220 0.906250 0.140625
1221 0.921875 0.140625
1222 0.937500 0.140625
1223 0.953125 0.140625
1224 0.968750 0.140625
1225 0.984375 0.140625
1226 1.000000 0.140625
1227 1.015625 0.140625
1228 1.031250 0.140625
1229 1.046875 0.140625
1230 1.062500 0.140625
1231 1.078125 0.140625
1232 1.093750 0.140625
1233 1.109375 0.140625
1234 1.125000 0.140625
1235 1.140625 0.140625
1236 1.156250 0.140625
1237 1.171875 0.140625
1238 1.187500 0.140625
1239 1.203125 0.140625
1240 1.218750 0.140625
1241 1.234375 0.140625
1242 1.250000 0.140625
1243 1.265625 0.140625
1244 1.281250 0.140625
1245 1.296875 0.140625
1246 1.312500 0.140625
1247 1.328125 0.140625
1248 1.343750 0.140625
1249 1.359375 0.140625
1250 1.375000 0.140625
1251 1.390625 0.140625
1252 1.406250 0.140625
1253 1.421875 0.140625
1254 1.437500 0.140625
1255 1.453125 0.140625
1256 1.468750 0.140625
1257 1.484375 0.140625
1258 1.500000 0.140625
1259 1.515625 0.140625
1260 1.531250 0.140625
1261 1.546875 0.140625
1262 1.562500 0.140625
1263 1.578125 0.140625
1264 1.593750 0.140625
1265 1.609375 0.140625
1266 1.625000 0.140625
1267 1.640625 0.140625
1268 1.656250 0.140625
1269 1.671875 0.140625
1270 1.687500 0.140625
1271 1.703125 0.140625
1272 1.718750 0.140625
1273 1.734375 0.140625
1274 1.750000 0.140625
1275 1.765625 0.140625
1276 1.781250 0.140625
1277 1.796875 0.140625
1278 1.812500 0.140625
1279 1.828125 0.140625
1280 1.843750 0.140625
1281 1.859375 0.140625
1282 1.875000 0.140625
1283 1.890625 0.140625
1284 1.906250 0.140625
1285 1.921875 0.140625
1286 1.937500 0.140625
1287 1.953125 0.140625
1288 1.968750 0.140625
1289 1.984375 0.140625
1290 2.000000 0.140625
1291 0.000000 0.156250
1292 0.015625 0.156250
1293 0.031250 0.156250
1294 0.046875 0.156250
1295 0.062500 0.156250
1296 0.078125 0.156250
1297 0.093750 0.156250
1298 0.109375 0.156250
1299 0.125000 0.156250
1300 0.140625 0.156250
1301 0.156250 0.156250
1302 0.171875 0.156250
1303 0.187500 0.156250
1304 0.203125 0.156250
1305 0.218750 0.156250
1306 0.234375 0.156250
1307 0.250000 0.156250
1308 0.265625 0.156250
1309 0.281250 0.156250
1310 0.296875 0.156250
1311 0.312500 0.156250
1312 0.328125 0.156250
1313 0.343750 0.156250
1314 0.359375 0.156250
1315 0.375000 0.156250
1316 0.390625 0.156250
1317 0.406250 0.156250
1318 0.421875 0.156250
1319 0.437500 0.156250
1320 0.453125 0.156250
1321 0.468750 0.156250
1322 0.484375 0.156250
1323 0.500000 0.156250
1324 0.515625 0.156250
1325 0.531250 0.156250
1326 0.546875 0.156250
1327 0.562500 0.156250
1328 0.578125 0.156250
1329 0.593750 0.156250
1330 0.609375 0.156250
1331 0.625000 0.156250
1332 0.640625 0.156250
1333 0.656250 0.156250
1334 0.671875 0.156250
1335 0.687500 0.156250
1336 0.703125 0.156250
1337 0.718750 0.156250
1338 0.734375 0.156250
1339 0.750000 0.156250
1340 0.765625 0.156250
1341 0.781250 0.156250
1342 0.796875 0.156250
1343 0.812500 0.156250
1344 0.828125 0.156250
1345 0.843750 0.156250
1346 0.859375 0.156250
1347 0.875000 0.156250
1348 0.890625 0.156250
1349 0.906250 0.156250
1350 0.921875 0.156250
1351 0.937500 0.156250
1352 0.953125 0.156250
1353 0.968750 0.156250
1354 0.984375 0.156250
1355 1.000000 0.156250
1356 1.015625 0.156250
1357 1.031250 0.156250
1358 1.046875 0.156250
1359 1.062500 0.156250
1360 1.078125 0.156250
1361 1.093750 0.156250
1362 1.109375 0.156250
1363 1.125000 0.156250
1364 1.140625 0.156250
1365 1.156250 0.156250
1366 1.171875 0.156250
1367 1.187500 0.156250
1368 1.203125 0.156250
1369 1.218750 0.156250
1370 1.234375 0.156250
1371 1.250000 0.156250
1372 1.265625 0.156250
1373 1.281250 0.156250
1374 1.296875 0.156250
1375 1.312500 0.156250
1376 1.328125 0.156250
1377 1.343750 0.156250
1378 1.359375 0.156250
1379 1.375000 0.156250
1380 1.390625 0.156250
1381 1.406250 0.156250
1382 1.421875 0.156250
1383 1.437500 0.156250
1384 1.453125 0.156250
1385 1.468750 0.156250
1386 1.484375 0.156250
1387 1.500000 0.156250
1388 1.515625 0.156250
1389 1.531250 0.156250
1390 1.546875 0.156250
1391 1.562500 0.156250
1392 1.578125 0.156250
1393 1.593750 0.156250
1394 1.609375 0.156250
1395 1.625000 0.156250
1396 1.640625 0.156250
1397 1.656250 0.156250
1398 1.671875 0.156250
1399 1.687500 0.156250
1400 1.703125 0.156250
1401 1.718750 0.156250
1402 1.734375 0.156250
1403 1.750000 0.156250
1404 1.765625 0.156250
1405 1.781250 0.156250
1406 1.796875 0.156250
1407 1.812500 0.156250
1408 1.828125 0.156250
1409 1.843750 0.156250
1410 1.859375 0.156250
1411 1.875000 0.156250
1412 1.890625 0.156250
1413 1.906250 0.156250
1414 1.921875 0.156250
1415 1.937500 0.156250
1416 1.953125 0.156250
1417 1.968750 0.156250
1418 1.984375 0.156250
1419 2.000000 0.156250
1420 0.000000 0.171875
1421 0.015625 0.171875
1422 0.031250 0.171875
1423 0.046875 0.171875
1424 0.062500 0.171875
1425 0.078125 0.171875
1426 0.093750 0.171875
1427 0.109375 0.171875
1428 0.125000 0.171875
1429 0.140625 0.171875
1430 0.156250 0.171875
1431 0.171875 0.171875
1432 0.187500 0.171875
1433 0.203125 0.171875
1434 0.218750 0.171875
1435 0.234375 0.171875
1436 0.250000 0.171875
1437 0.265625 0.171875
1438 0.281250 0.171875
1439 0.296875 0.171875
1440 0.312500 0.171875
1441 0.328125 0.171875
1442 0.343750 0.171875
1443 0.359375 0.171875
1444 0.375000 0.171875
1445 0.390625 0.171875
1446 0.406250 0.171875
1447 0.421875 0.171875
1448 0.437500 0.171875
1449 0.453125 0.171875
1450 0.468750 0.171875
1451 0.484375 0.171875
1452 0.500000 0.171875
1453 0.515625 0.171875
1454 0.531250 0.171875
1455 0.546875 0.171875
1456 0.562500 0.171875
1457 0.578125 0.171875
1458 0.593750 0.171875
1459 0.609375 0.171875
1460 0.625000 0.171875
1461 0.640625 0.171875
1462 0.656250 0.171875
1463 0.671875 0.171875
1464 0.687500 0.171875
1465 0.703125 0.171875
1466 0.718750 0.171875
1467 0.734375 0.171875
1468 0.750000 0.171875
1469 0.765625 0.171875
1470 0.781250 0.171875
1471 0.796875 0.171875
1472 0.812500 0.171875
1473 0.828125 0.171875
1474 0.843750 0.171875
1475 0.859375 0.171875
1476 0.875000 0.171875
1477 0.890625 0.171875
1478 0.906250 0.171875
1479 0.921875 0.171875
1480 0.937500 0.171875
1481 0.953125 0.171875
1482 0.968750 0.171875
1483 0.984375 0.171875
1484 1.000000 0.171875
1485 1.015625 0.171875
1486 1.031250 0.171875
1487 1.046875 0.171875
1488 1.062500 0.171875
1489 1.078125 0.171875
1490 1.093750 0.171875
1491 1.109375 0.171875
1492 1.125000 0.171875
1493 1.140625 0.171875
1494 1.156250 0.171875
1495 1.171875 0.171875
1496 1.187500 0.171875
1497 1.203125 0.171875
1498 1.218750 0.171875
1499 1.234375 0.171875
1500 1.250000 0.171875
1501 1.265625 0.171875
1502 1.281250 0.171875
1503 1.296875 0.171875
1504 1.312500 0.171875
1505 1.328125 0.171875
1506 1.343750 0.171875
1507 1.359375 0.171875
1508 1.375000 0.171875
1509 1.390625 0.171875
1510 1.406250 0.171875
1511 1.421875 0.171875
1512 1.437500 0.171875
1513 1.453125 0.171875
1514 1.468750 0.171875
1515 1.484375 0.171875
1516 1.500000 0.171875
1517 1.515625 0.171875
1518 1.531250 0.171875
1519 1.546875 0.171875
1520 1.562500 0.171875
1521 1.578125 0.171875
1522 1.593750 0.171875
1523 1.609375 0.171875
1524 1.625000 0.171875
1525 1.640625 0.171875
1526 1.656250 0.171875
1527 1.671875 0.171875
1528 1.687500 0.171875
1529 1.703125 0.171875
1530 1.718750 0.171875
1531 1.734375 0.171875
1532 1.750000 0.171875
1533 1.765625 0.171875
1534 1.781250 0.171875
1535 1.796875 0.171875
1536 1.812500 0.171875
1537 1.828125 0.171875
1538 1.843750 0.171875
1539 1.859375 0.171875
1540 1.875000 0.171875
1541 1.890625 0.171875
1542 1.906250 0.171875
1543 1.921875 0.171875
1544 1.937500 0.171875
1545 1.953125 0.171875
1546 1.968750 0.171875
1547 1.984375 0.171875
1548 2.000000 0.171875
1549 0.000000 0.187500
1550 0.015625 0.187500
1551 0.031250 0.187500
1552 0.046875 0.187500
1553 0.062500 0.187500
1554 0.078125 0.187500
1555 0.093750 0.187500
1556 0.109375 0.187500
1557 0.125000 0.187500
1558 0.140625 0.187500
1559 0.156250 0.187500
1560 0.171875 0.187500
1561 0.187500 0.187500
1562 0.203125 0.187500
1563 0.218750 0.187500
1564 0.234375 0.187500
1565 0.250000 0.187500
1566 0.265625 0.187500
1567 0.281250 0.187500
1568 0.296875 0.187500
1569 0.312500 0.187500
1570 0.328125 0.187500
1571 0.343750 0.187500
1572 0.359375 0.187500
1573 0.375000 0.187500
1574 0.390625 0.187500
1575 0.406250 0.187500
1576 0.421875 0.187500
1577 0.437500 0.187500
1578 0.453125 0.187500
1579 0.468750 0.187500
1580 0.484375 0.187500
1581 0.500000 0.187500
1582 0.515625 0.187500
1583 0.531250 0.187500
1584 0.546875 0.187500
1585 0.562500 0.187500
1586 0.578125 0.187500
1587 0.593750 0.187500
1588 0.609375 0.187500
1589 0.625000 0.187500
1590 0.640625 0.187500
1591 0.656250 0.187500
1592 0.671875 0.187500
1593 0.687500 0.187500
1594 0.703125 0.187500
1595 0.718750 0.187500
1596 0.734375 0.187500
1597 0.750000 0.187500
1598 0.765625 0.187500
1599 0.781250 0.187500
1600 0.796875 0.187500
1601 0.812500 0.187500
1602 0.828125 0.187500
1603 0.843750 0.187500
1604 0.859375 0.187500
1605 0.875000 0.187500
1606 0.890625 0.187500
1607 0.906250 0.187500
1608 0.921875 0.187500
1609 0.937500 0.187500
1610 0.953125 0.187500
1611 0.968750 0.187500
1612 0.984375 0.187500
1613 1.000000 0.187500
1614 1.015625 0.187500
1615 1.031250 0.187500
1616 1.046875 0.187500
1617 1.062500 0.187500
1618 1.078125 0.187500
1619 1.093750 0.187500
1620 1.109375 0.187500
1621 1.125000 0.187500
1622 1.140625 0.187500
1623 1.156250 0.187500
1624 1.171875 0.187500
1625 1.187500 0.187500
1626 1.203125 0.187500
1627 1.218750 0.187500
1628 1.234375 0.187500
1629 1.250000 0.187500
1630 1.265625 0.187500
1631 1.281250 0.187500
1632 1.296875 0.187500
1633 1.312500 0.187500
1634 1.328125 0.187500
1635 1.343750 0.187500
1636 1.359375 0.187500
1637 1.375000 0.187500
1638 1.390625 0.187500
1639 1.406250 0.187500
1640 1.421875 0.187500
1641 1.437500 0.187500
1642 1.453125 0.187500
1643 1.468750 0.187500
1644 1.484375 0.187500
1645 1.500000 0.187500
1646 1.515625 0.187500
1647 1.531250 0.187500
1648 1.546875 0.187500
1649 1.562500 0.187500
1650 1.578125 0.187500
1651 1.593750 0.187500
1652 1.609375 0.187500
1653 1.625000 0.187500
1654 1.640625 0.187500
1655 1.656250 0.187500
1656 1.671875 0.187500
1657 1.687500 0.187500
1658 1.703125 0.187500
1659 1.718750 0.187500
1660 1.734375 0.187500
1661 1.750000 0.187500
1662 1.765625 0.187500
1663 1.781250 0.187500
1664 1.796875 0.187500
1665 1.812500 0.187500
1666 1.828125 0.187500
1667 1.843750 0.187500
1668 1.859375 0.187500
1669 1.875000 0.187500
1670 1.890625 0.187500
1671 1.906250 0.187500
1672 1.921875 0.187500
1673 1.937500 0.187500
1674 1.953125 0.187500
1675 1.968750 0.187500
1676 1.984375 0.187500
1677 2.000000 0.187500
1678 0.000000 0.203125
1679 0.015625 0.203125
1680 0.031250 0.203125
1681 0.046875 0.203125
1682 0.062500 0.203125
1683 0.078125 0.203125
1684 0.093750 0.203125
1685 0.109375 0.203125
1686 0.125000 0.203125
1687 0.140625 0.203125
1688 0.156250 0.203125
1689 0.171875 0.203125
1690 0.187500 0.203125
1691 0.203125 0.203125
1692 0.218750 0.203125
1693 0.234375 0.203125
1694 0.250000 0.203125
1695 0.265625 0.203125
1696 0.281250 0.203125
1697 0.296875 0.203125
1698 0.312500 0.203125
1699 0.328125 0.203125
1700 0.343750 0.203125
1701 0.359375 0.203125
1702 0.375000 0.203125
1703 0.390625 0.203125
1704 0.406250 0.203125
1705 0.421875 0.203125
1706 0.437500 0.203125
1707 0.453125 0.203125
1708 0.468750 0.203125
1709 0.484375 0.203125
1710 0.500000 0.203125
1711 0.515625 0.203125
1712 0.531250 0.203125
1713 0.546875 0.203125
1714 0.562500 0.203125
1715 0.578125 0.203125
1716 0.593750 0.203125
1717 0.609375 0.203125
1718 0.625000 0.203125
1719 0.640625 0.203125
1720 0.656250 0.203125
1721 0.671875 0.203125
1722 0.687500 0.203125
1723 0.703125 0.203125
1724 0.718750 0.203125
1725 0.734375 0.203125
1726 0.750000 0.203125
1727 0.765625 0.203125
1728 0.781250 0.203125
1729 0.796875 0.203125
1730 0.812500 0.203125
1731 0.828125 0.203125
1732 0.843750 0.203125
1733 0.859375 0.203125
1734 0.875000 0.203125
1735 0.890625 0.203125
1736 0.906250 0.203125
1737 0.921875 0.203125
1738 0.937500 0.203125
1739 0.953125 0.203125
1740 0.968750 0.203125
1741 0.984375 0.203125
1742 1.000000 0.203125
1743 1.015625 0.203125
1744 1.031250 0.203125
1745 1.046875 0.203125
1746 1.062500 0.203125
1747 1.078125 0.203125
1748 1.093750 0.203125
1749 1.109375 0.203125
1750 1.125000 0.203125
1751 1.140625 0.203125
1752 1.156250 0.203125
1753 1.171875 0.203125
1754 1.187500 0.203125
1755 1.203125 0.203125
1756 1.218750 0.203125
1757 1.234375 0.203125
1758 1.250000 0.203125
1759 1.265625 0.203125
1760 1.281250 0.203125
1761 1.296875 0.203125
1762 1.312500 0.203125
1763 1.328125 0.203125
1764 1.343750 0.203125
1765 1.359375 0.203125
1766 1.375000 0.203125
1767 1.390625 0.203125
1768 1.406250 0.203125
1769 1.421875 0.203125
1770 1.437500 0.203125
1771 1.453125 0.203125
1772 1.468750 0.203125
1773 1.484375 0.203125
1774 1.500000 0.203125
1775 1.515625 0.203125
1776 1.531250 0.203125
1777 1.546875 0.203125
1778 1.562500 0.203125
1779 1.578125 0.203125
1780 1.593750 0.203125
1781 1.609375 0.203125
1782 1.625000 0.203125
1783 1.640625 0.203125
1784 1.656250 0.203125
1785 1.671875 0.203125
1786 1.687500 0.203125
1787 1.703125 0.203125
1788 1.718750 0.203125
1789 1.734375 0.203125
1790 1.750000 0.203125
1791 1.765625 0.203125
1792 1.781250 0.203125
1793 1.796875 0.203125
1794 1.812500 0.203125
1795 1.828125 0.203125
1796 1.843750 0.203125
1797 1.859375 0.203125
1798 1.875000 0.203125
1799 1.890625 0.203125
1800 1.906250 0.203125
1801 1.921875 0.203125
1802 1.937500 0.203125
1803 1.953125 0.203125
1804 1.968750 0.203125
1805 1.984375 0.203125
1806 2.000000 0.203125
1807 0.000000 0.218750
1808 0.015625 0.218750
1809 0.031250 0.218750
1810 0.046875 0.218750
1811 0.062500 0.218750
1812 0.078125 0.218750
1813 0.093750 0.218750
1814 0.109375 0.218750
1815 0.125000 0.218750
1816 0.140625 0.218750
1817 0.156250 0.218750
1818 0.171875 0.218750
1819 0.187500 0.218750
1820 0.203125 0.218750
1821 0.218750 0.218750
1822 0.234375 0.218750
1823 0.250000 0.218750
1824 0.265625 0.218750
1825 0.281250 0.218750
1826 0.296875 0.218750
1827 0.312500 0.218750
1828 0.328125 0.218750
1829 0.343750 0.218750
1830 0.359375 0.218750
1831 0.375000 0.218750
1832 0.390625 0.218750
1833 0.406250 0.218750
1834 0.421875 0.218750
1835 0.437500 0.218750
1836 0.453125 0.218750
1837 0.468750 0.218750
1838 0.484375 0.218750
1839 0.500000 0.218750
1840 0.515625 0.218750
1841 0.531250 0.218750
1842 0.546875 0.218750
1843 0.562500 0.218750
1844 0.578125 0.218750
1845 0.593750 0.218750
1846 0.609375 0.218750
1847 0.625000 0.218750
1848 0.640625 0.218750
1849 0.656250 0.218750
1850 0.671875 0.218750
1851 0.687500 0.218750
1852 0.703125 0.218750
1853 0.718750 0.218750
1854 0.734375 0.218750
1855 0.750000 0.218750
1856 0.765625 0.218750
1857 0.781250 0.218750
1858 0.796875 0.218750
1859 0.812500 0.218750
1860 0.828125 0.218750
1861 0.843750 0.218750
1862 0.859375 0.218750
1863 0.875000 0.218750
1864 0.890625 0.218750
1865 0.906250 0.218750
1866 0.921875 0.218750
1867 0.937500 0.218750
1868 0.953125 0.218750
1869 0.968750 0.218750
1870 0.984375 0.218750
1871 1.000000 0.218750
1872 1.015625 0.218750
1873 1.031250 0.218750
1874 1.046875 0.218750
1875 1.062500 0.218750
1876 1.078125 0.218750
1877 1.093750 0.218750
1878 1.109375 0.218750
1879 1.125000 0.218750
1880 1.140625 0.218750
1881 1.156250 0.218750
1882 1.171875 0.218750
1883 1.187500 0.218750
1884 1.203125 0.218750
1885 1.218750 0.218750
1886 1.234375 0.218750
1887 1.250000 0.218750
1888 1.265625 0.218750
1889 1.281250 0.218750
1890 1.296875 0.218750
1891 1.312500 0.218750
1892 1.328125 0.218750
1893 1.343750 0.218750
1894 1.359375 0.218750
1895 1.375000 0.218750
1896 1.390625 0.218750
1897 1.406250 0.218750
1898 1.421875 0.218750
1899 1.437500 0.218750
1900 1.453125 0.218750
1901 1.468750 0.218750
1902 1.484375 0.218750
1903 1.500000 0.218750
1904 1.515625 0.218750
1905 1.531250 0.218750
1906 1.546875 0.218750
1907 1.562500 0.218750
1908 1.578125 0.218750
1909 1.593750 0.218750
1910 1.609375 0.218750
1911 1.625000 0.218750
1912 1.640625 0.218750
1913 1.656250 0.218750
1914 1.671875 0.218750
1915 1.687500 0.218750
1916 1.703125 0.218750
1917 1.718750 0.218750
1918 1.734375 0.218750
1919 1.750000 0.218750
1920 1.765625 0.218750
1921 1.781250 0.218750
1922 1.796875 0.218750
1923 1.812500 0.218750
1924 1.828125 0.218750
1925 1.843750 0.218750
1926 1.859375 0.218750
1927 1.875000 0.218750
1928 1.890625 0.218750
1929 1.906250 0.218750
1930 1.921875 0.218750
1931 1.937500 0.218750
1932 1.953125 0.218750
1933 1.968750 0.218750
1934 1.984375 0.218750
1935 2.000000 0.218750
1936 0.000000 0.234375
1937 0.015625 0.234375
1938 0.031250 0.234375
1939 0.046875 0.234375
1940 0.062500 0.234375
1941 0.078125 0.234375
1942 0.093750 0.234375
1943 0.109375 0.234375
1944 0.125000 0.234375
1945 0.140625 0.234375
1946 0.156250 0.234375
1947 0.171875 0.234375
1948 0.187500 0.234375
1949 0.203125 0.234375
1950 0.218750 0.234375
1951 0.234375 0.234375
1952 0.250000 0.234375
1953 0.265625 0.234375
1954 0.281250 0.234375
1955 0.296875 0.234375
1956 0.312500 0.234375
1957 0.328125 0.234375
1958 0.343750 0.234375
1959 0.359375 0.234375
1960 0.375000 0.234375
1961 0.390625 0.234375
1962 0.406250 0.234375
1963 0.421875 0.234375
1964 0.437500 0.234375
1965 0.453125 0.234375
1966 0.468750 0.234375
1967 0.484375 0.234375
1968 0.500000 0.234375
1969 0.515625 0.234375
1970 0.531250 0.234375
1971 0.546875 0.234375
1972 0.562500 0.234375
1973 0.578125 0.234375
1974 0.593750 0.234375
1975 0.609375 0.234375
1976 0.625000 0.234375
1977 0.640625 0.234375
1978 0.656250 0.234375
1979 0.671875 0.234375
1980 0.687500 0.234375
1981 0.703125 0.234375
1982 0.718750 0.234375
1983 0.734375 0.234375
1984 0.750000 0.234375
1985 0.765625 0.234375
1986 0.781250 0.234375
1987 0.796875 0.234375
1988 0.812500 0.234375
1989 0.828125 0.234375
1990 0.843750 0.234375
1991 0.859375 0.234375
1992 0.875000 0.234375
1993 0.890625 0.234375
1994 0.906250 0.234375
1995 0.921875 0.234375
1996 0.937500 0.234375
1997 0.953125 0.234375
1998 0.968750 0.234375
1999 0.984375 0.234375
2000 1.000000 0.234375
2001 1.015625 0.234375
2002 1.031250 0.234375
2003 1.046875 0.234375
2004 1.062500 0.234375
2005 1.078125 0.234375
2006 1.093750 0.234375
2007 1.109375 0.234375
2008 1.125000 0.234375
2009 1.140625 0.234375
2010 1.156250 0.234375
2011 1.171875 0.234375
2012 1.187500 0.234375
2013 1.203125 0.234375
2014 1.218750 0.234375
2015 1.234375 0.234375
2016 1.250000 0.234375
2017 1.265625 0.234375
2018 1.281250 0.234375
2019 1.296875 0.234375
2020 1.312500 0.234375
2021 1.328125 0.234375
2022 1.343750 0.234375
2023 1.359375 0.234375
2024 1.375000 0.234375
2025 1.390625 0.234375
2026 1.406250 0.234375
2027 1.421875 0.234375
2028 1.437500 0.234375
2029 1.453125 0.234375
2030 1.468750 0.234375
2031 1.484375 0.234375
2032 1.500000 0.234375
2033 1.515625 0.234375
2034 1.531250 0.234375
2035 1.546875 0.234375
2036 1.562500 0.234375
2037 1.578125 0.234375
2038 1.593750 0.234375
2039 1.609375 0.234375
2040 1.625000 0.234375
2041 1.640625 0.234375
2042 1.656250 0.234375
2043 1.671875 0.234375
2044 1.687500 0.234375
2045 1.703125 0.234375
2046 1.718750 0.234375
2047 1.734375 0.234375
2048 1.750000 0.234375
2049 1.765625 0.234375
2050 1.781250 0.234375
2051 1.796875 0.234375
2052 1.812500 0.234375
2053 1.828125 0.234375
2054 1.843750 0.234375
2055 1.859375 0.234375
2056 1.875000 0.234375
2057 1.890625 0.234375
2058 1.906250 0.234375
2059 1.921875 0.234375
2060 1.937500 0.234375
2061 1.953125 0.234375
2062 1.968750 0.234375
2063 1.984375 0.234375
2064 2.000000 0.234375
2065 0.000000 0.250000
2066 0.015625 0.250000
2067 0.031250 0.250000
2068 0.046875 0.250000
2069 0.062500 0.250000
2070 0.078125 0.250000
2071 0.093750 0.250000
2072 0.109375 0.250000
2073 0.125000 0.250000
2074 0.140625 0.250000
2075 0.156250 0.250000
2076 0.171875 0.250000
2077 0.187500 0.250000
2078 0.203125 0.250000
2079 0.218750 0.250000
2080 0.234375 0.250000
2081 0.250000 0.250000
2082 0.265625 0.250000
2083 0.281250 0.250000
2084 0.296875 0.250000
2085 0.312500 0.250000
2086 0.328125 0.250000
2087 0.343750 0.250000
2088 0.359375 0.250000
2089 0.375000 0.250000
2090 0.390625 0.250000
2091 0.406250 0.250000
2092 0.421875 0.250000
2093 0.437500 0.250000
2094 0.453125 0.250000
2095 0.468750 0.250000
2096 0.484375 0.250000
2097 0.500000 0.250000
2098 0.515625 0.250000
2099 0.531250 0.250000
2100 0.546875 0.250000
2101 0.562500 0.250000
2102 0.578125 0.250000
2103 0.593750 0.250000
2104 0.609375 0.250000
2105 0.625000 0.250000
2106 0.640625 0.250000
2107 0.656250 0.250000
2108 0.671875 0.250000
2109 0.687500 0.250000
2110 0.703125 0.250000
2111 0.718750 0.250000
2112 0.734375 0.250000
2113 0.750000 0.250000
2114 0.765625 0.250000
2115 0.781250 0.250000
2116 0.796875 0.250000
2117 0.812500 0.250000
2118 0.828125 0.250000
2119 0.843750 0.250000
2120 0.859375 0.250000
2121 0.875000 0.250000
2122 0.890625 0.250000
2123 0.906250 0.250000
2124 0.921875 0.250000
2125 0.937500 0.250000
2126 0.953125 0.250000
2127 0.968750 0.250000
2128 0.984375 0.250000
2129 1.000000 0.250000
2130 1.015625 0.250000
2131 1.031250 0.250000
2132 1.046875 0.250000
2133 1.062500 0.250000
2134 1.078125 0.250000
2135 1.093750 0.250000
2136 1.109375 0.250000
2137 1.125000 0.250000
2138 1.140625 0.250000
2139 1.156250 0.250000
2140 1.171875 0.250000
2141 1.187500 0.250000
2142 1.203125 0.250000
2143 1.218750 0.250000
2144 1.234375 0.250000
2145 1.250000 0.250000
2146 1.265625 0.250000
2147 1.281250 0.250000
2148 1.296875 0.250000
2149 1.312500 0.250000
2150 1.328125 0.250000
2151 1.343750 0.250000
2152 1.359375 0.250000
2153 1.375000 0.250000
2154 1.390625 0.250000
2155 1.406250 0.250000
2156 1.421875 0.250000
2157 1.437500 0.250000
2158 1.453125 0.250000
2159 1.468750 0.250000
2160 1.484375 0.250000
2161 1.500000 0.250000
2162 1.515625 0.250000
2163 1.531250 0.250000
2164 1.546875 0.250000
2165 1.562500 0.250000
2166 1.578125 0.250000
2167 1.593750 0.250000
2168 1.609375 0.250000
2169 1.625000 0.250000
2170 1.640625 0.250000
2171 1.656250 0.250000
2172 1.671875 0.250000
2173 1.687500 0.250000
2174 1.703125 0.250000
2175 1.718750 0.250000
2176 1.734375 0.250000
2177 1.750000 0.250000
2178 1.765625 0.250000
2179 1.781250 0.250000
2180 1.796875 0.250000
2181 1.812500 0.250000
2182 1.828125 0.250000
2183 1.843750 0.250000
2184 1.859375 0.250000
2185 1.875000 0.250000
2186 1.890625 0.250000
2187 1.906250 0.250000
2188 1.921875 0.250000
2189 1.937500 0.250000
2190 1.953125 0.250000
2191 1.968750 0.250000
2192 1.984375 0.250000
2193 2.000000 0.250000
2194 0.000000 0.265625
2195 0.015625 0.265625
2196 0.031250 0.265625
2197 0.046875 0.265625
2198 0.062500 0.265625
2199 0.078125 0.265625
2200 0.093750 0.265625
2201 0.109375 0.265625
2202 0.125000 0.265625
2203 0.140625 0.265625
2204 0.156250 0.265625
2205 0.171875 0.265625
2206 0.187500 0.265625
2207 0.203125 0.265625
2208 0.218750 0.265625
2209 0.234375 0.265625
2210 0.250000 0.265625
2211 0.265625 0.265625
2212 0.281250 0.265625
2213 0.296875 0.265625
2214 0.312500 0.265625
2215 0.328125 0.265625
2216 0.343750 0.265625
2217 0.359375 0.265625
2218 0.375000 0.265625
2219 0.390625 0.265625
2220 0.406250 0.265625
2221 0.421875 0.265625
2222 0.437500 0.265625
2223 0.453125 0.265625
2224 0.468750 0.265625
2225 0.484375 0.265625
2226 0.500000 0.265625
2227 0.515625 0.265625
2228 0.531250 0.265625
2229 0.546875 0.265625
2230 0.562500 0.265625
2231 0.578125 0.265625
2232 0.593750 0.265625
2233 0.609375 0.265625
2234 0.625000 0.265625
2235 0.640625 0.265625
2236 0.656250 0.265625
2237 0.671875 0.265625
2238 0.687500 0.265625
2239 0.703125 0.265625
2240 0.718750 0.265625
2241 0.734375 0.265625
2242 0.750000 0.265625
2243 0.765625 0.265625
2244 0.781250 0.265625
2245 0.796875 0.265625
2246 0.812500 0.265625
2247 0.828125 0.265625
2248 0.843750 0.265625
2249 0.859375 0.265625
2250 0.875000 0.265625
2251 0.890625 0.265625
2252 0.906250 0.265625
2253 0.921875 0.265625
2254 0.937500 0.265625
2255 0.953125 0.265625
2256 0.968750 0.265625
2257 0.984375 0.265625
2258 1.000000 0.265625
2259 1.015625 0.265625
2260 1.031250 0.265625
2261 1.046875 0.265625
2262 1.062500 0.265625
2263 1.078125 0.265625
2264 1.093750 0.265625
2265 1.109375 0.265625
2266 1.125000 0.265625
2267 1.140625 0.265625
2268 1.156250 0.265625
2269 1.171875 0.265625
2270 1.187500 0.265625
2271 1.203125 0.265625
2272 1.218750 0.265625
2273 1.234375 0.265625
2274 1.250000 0.265625
2275 1.265625 0.265625
2276 1.281250 0.265625
2277 1.296875 0.265625
2278 1.312500 0.265625
2279 1.328125 0.265625
2280 1.343750 0.265625
2281 1.359375 0.265625
2282 1.375000 0.265625
2283 1.390625 0.265625
2284 1.406250 0.265625
2285 1.421875 0.265625
2286 1.437500 0.265625
2287 1.453125 0.265625
2288 1.468750 0.265625
2289 1.484375 0.265625
2290 1.500000 0.265625
2291 1.515625 0.265625
2292 1.531250 0.265625
2293 1.546875 0.265625
2294 1.562500 0.265625
2295 1.578125 0.265625
2296 1.593750 0.265625
2297 1.609375 0.265625
2298 1.625000 0.265625
2299 1.640625 0.265625
2300 1.656250 0.265625
2301 1.671875 0.265625
2302 1.687500 0.265625
2303 1.703125 0.265625
2304 1.718750 0.265625
2305 1.734375 0.265625
2306 1.750000 0.265625
2307 1.765625 0.265625
2308 1.781250 0.265625
2309 1.796875 0.265625
2310 1.812500 0.265625
2311 1.828125 0.265625
2312 1.843750 0.265625
2313 1.859375 0.265625
2314 1.875000 0.265625
2315 1.890625 0.265625
2316 1.906250 0.265625
2317 1.921875 0.265625
2318 1.937500 0.265625
2319 1.953125 0.265625
2320 1.968750 0.265625
2321 1.984375 0.265625
2322 2.000000 0.265625
2323 0.000000 0.281250
2324 0.015625 0.281250
2325 0.031250 0.281250
2326 0.046875 0.281250
2327 0.062500 0.281250
2328 0.078125 0.281250
2329 0.093750 0.281250
2330 0.109375 0.281250
2331 0.125000 0.281250
2332 0.140625 0.281250
2333 0.156250 0.281250
2334 0.171875 0.281250
2335 0.187500 0.281250
2336 0.203125 0.281250
2337 0.218750 0.281250
2338 0.234375 0.281250
2339 0.250000 0.281250
2340 0.265625 0.281250
2341 0.281250 0.281250
2342 0.296875 0.281250
2343 0.312500 0.281250
2344 0.328125 0.281250
2345 0.343750 0.281250
2346 0.359375 0.281250
2347 0.375000 0.281250
2348 0.390625 0.281250
2349 0.406250 0.281250
2350 0.421875 0.281250
2351 0.437500 0.281250
2352 0.453125 0.281250
2353 0.468750 0.281250
2354 0.484375 0.281250
2355 0.500000 0.281250
2356 0.515625 0.281250
2357 0.531250 0.281250
2358 0.546875 0.281250
2359 0.562500 0.281250
2360 0.578125 0.281250
2361 0.593750 0.281250
2362 0.609375 0.281250
2363 0.625000 0.281250
2364 0.640625 0.281250
2365 0.656250 0.281250
2366 0.671875 0.281250
2367 0.687500 0.281250
2368 0.703125 0.281250
2369 0.718750 0.281250
2370 0.734375 0.281250
2371 0.750000 0.281250
2372 0.765625 0.281250
2373 0.781250 0.281250
2374 0.796875 0.281250
2375 0.812500 0.281250
2376 0.828125 0.281250
2377 0.843750 0.281250
2378 0.859375 0.281250
2379 0.875000 0.281250
2380 0.890625 0.281250
2381 0.906250 0.281250
2382 0.921875 0.281250
2383 0.937500 0.281250
2384 0.953125 0.281250
2385 0.968750 0.281250
2386 0.984375 0.281250
2387 1.000000 0.281250
2388 1.015625 0.281250
2389 1.031250 0.281250
2390 1.046875 0.281250
2391 1.062500 0.281250
2392 1.078125 0.281250
2393 1.093750 0.281250
2394 1.109375 0.281250
2395 1.125000 0.281250
2396 1.140625 0.281250
2397 1.156250 0.281250
2398 1.171875 0.281250
2399 1.187500 0.281250
2400 1.203125 0.281250
2401 1.218750 0.281250
2402 1.234375 0.281250
2403 1.250000 0.281250
2404 1.265625 0.281250
2405 1.281250 0.281250
2406 1.296875 0.281250
2407 1.312500 0.281250
2408 1.328125 0.281250
2409 1.343750 0.281250
2410 1.359375 0.281250
2411 1.375000 0.281250
2412 1.390625 0.281250
2413 1.406250 0.281250
2414 1.421875 0.281250
2415 1.437500 0.281250
2416 1.453125 0.281250
2417 1.468750 0.281250
2418 1.484375 0.281250
2419 1.500000 0.281250
2420 1.515625 0.281250
2421 1.531250 0.281250
2422 1.546875 0.281250
2423 1.562500 0.281250
2424 1.578125 0.281250
2425 1.593750 0.281250
2426 1.609375 0.281250
2427 1.625000 0.281250
2428 1.640625 0.281250
2429 1.656250 0.281250
2430 1.671875 0.281250
2431 1.687500 0.281250
2432 1.703125 0.281250
2433 1.718750 0.281250
2434 1.734375 0.281250
2435 1.750000 0.281250
2436 1.765625 0.281250
2437 1.781250 0.281250
2438 1.796875 0.281250
2439 1.812500 0.281250
2440 1.828125 0.281250
2441 1.843750 0.281250
2442 1.859375 0.281250
2443 1.875000 0.281250
2444 1.890625 0.281250
2445 1.906250 0.281250
2446 1.921875 0.281250
2447 1.937500 0.281250
2448 1.953125 0.281250
2449 1.968750 0.281250
2450 1.984375 0.281250
2451 2.000000 0.281250
2452 0.000000 0.296875
2453 0.015625 0.296875
2454 0.031250 0.296875
2455 0.046875 0.296875
2456 0.062500 0.296875
2457 0.078125 0.296875
2458 0.093750 0.296875
2459 0.109375 0.296875
2460 0.125000 0.296875
2461 0.140625 0.296875
2462 0.156250 0.296875
2463 0.171875 0.296875
2464 0.187500 0.296875
2465 0.203125 0.296875
2466 0.218750 0.296875
2467 0.234375 0.296875
2468 0.250000 0.296875
2469 0.265625 0.296875
2470 0.281250 0.296875
2471 0.296875 0.296875
2472 0.312500 0.296875
2473 0.328125 0.296875
2474 0.343750 0.296875
2475 0.359375 0.296875
2476 0.375000 0.296875
2477 0.390625 0.296875
2478 0.406250 0.296875
2479 0.421875 0.296875
2480 0.437500 0.296875
2481 0.453125 0.296875
2482 0.468750 0.296875
2483 0.484375 0.296875
2484 0.500000 0.296875
2485 0.515625 0.296875
2486 0.531250 0.296875
2487 0.546875 0.296875
2488 0.562500 0.296875
2489 0.578125 0.296875
2490 0.593750 0.296875
2491 0.609375 0.296875
2492 0.625000 0.296875
2493 0.640625 0.296875
2494 0.656250 0.296875
2495 0.671875 0.296875
2496 0.687500 0.296875
2497 0.703125 0.296875
2498 0.718750 0.296875
2499 0.734375 0.296875
2500 0.750000 0.296875
2501 0.765625 0.296875
2502 0.781250 0.296875
2503 0.796875 0.296875
2504 0.812500 0.296875
2505 0.828125 0.296875
2506 0.843750 0.296875
2507 0.859375 0.296875
2508 0.875000 0.296875
2509 0.890625 0.296875
2510 0.906250 0.296875
2511 0.921875 0.296875
2512 0.937500 0.296875
2513 0.953125 0.296875
2514 0.968750 0.296875
2515 0.984375 0.296875
2516 1.000000 0.296875
2517 1.015625 0.296875
2518 1.031250 0.296875
2519 1.046875 0.296875
2520 1.062500 0.296875
2521 1.078125 0.296875
2522 1.093750 0.296875
2523 1.109375 0.296875
2524 1.125000 0.296875
2525 1.140625 0.296875
2526 1.156250 0.296875
2527 1.171875 0.296875
2528 1.187500 0.296875
2529 1.203125 0.296875
2530 1.218750 0.296875
2531 1.234375 0.296875
2532 1.250000 0.296875
2533 1.265625 0.296875
2534 1.281250 0.296875
2535 1.296875 0.296875
2536 1.312500 0.296875
2537 1.328125 0.296875
2538 1.343750 0.296875
2539 1.359375 0.296875
2540 1.375000 0.296875
2541 1.390625 0.296875
2542 1.406250 0.296875
2543 1.421875 0.296875
2544 1.437500 0.296875
2545 1.453125 0.296875
2546 1.468750 0.296875
2547 1.484375 0.296875
2548 1.500000 0.296875
2549 1.515625 0.296875
2550 1.531250 0.296875
2551 1.546875 0.296875
2552 1.562500 0.296875
2553 1.578125 0.296875
2554 1.593750 0.296875
2555 1.609375 0.296875
2556 1.625000 0.296875
2557 1.640625 0.296875
2558 1.656250 0.296875
2559 1.671875 0.296875
2560 1.687500 0.296875
2561 1.703125 0.296875
2562 1.718750 0.296875
2563 1.734375 0.296875
2564 1.750000 0.296875
2565 1.765625 0.296875
2566 1.781250 0.296875
2567 1.796875 0.296875
2568 1.812500 0.296875
2569 1.828125 0.296875
2570 1.843750 0.296875
2571 1.859375 0.296875
2572 1.875000 0.296875
2573 1.890625 0.296875
2574 1.906250 0.296875
2575 1.921875 0.296875
2576 1.937500 0.296875
2577 1.953125 0.296875
2578 1.968750 0.296875
2579 1.984375 0.296875
2580 2.000000 0.296875
2581 0.000000 0.312500
2582 0.015625 0.312500
2583 0.031250 0.312500
2584 0.046875 0.312500
2585 0.062500 0.312500
2586 0.078125 0.312500
2587 0.093750 0.312500
2588 0.109375 0.312500
2589 0.125000 0.312500
2590 0.140625 0.312500
2591 0.156250 0.312500
2592 0.171875 0.312500
2593 0.187500 0.312500
2594 0.203125 0.312500
2595 0.218750 0.312500
2596 0.234375 0.312500
2597 0.250000 0.312500
2598 0.265625 0.312500
2599 0.281250 0.312500
2600 0.296875 0.312500
2601 0.312500 0.312500
2602 0.328125 0.312500
2603 0.343750 0.312500
2604 0.359375 0.312500
2605 0.375000 0.312500
2606 0.390625 0.312500
2607 0.406250 0.312500
2608 0.421875 0.312500
2609 0.437500 0.312500
2610 0.453125 0.312500
2611 0.468750 0.312500
2612 0.484375 0.312500
2613 0.500000 0.312500
2614 0.515625 0.312500
2615 0.531250 0.312500
2616 0.546875 0.312500
2617 0.562500 0.312500
2618 0.578125 0.312500
2619 0.593750 0.312500
2620 0.609375 0.312500
2621 0.625000 0.312500
2622 0.640625 0.312500
2623 0.656250 0.312500
2624 0.671875 0.312500
2625 0.687500 0.312500
2626 0.703125 0.312500
2627 0.718750 0.312500
2628 0.734375 0.312500
2629 0.750000 0.312500
2630 0.765625 0.312500
2631 0.781250 0.312500
2632 0.796875 0.312500
2633 0.812500 0.312500
2634 0.828125 0.312500
2635 0.843750 0.312500
2636 0.859375 0.312500
2637 0.875000 0.312500
2638 0.890625 0.312500
2639 0.906250 0.312500
2640 0.921875 0.312500
2641 0.937500 0.312500
2642 0.953125 0.312500
2643 0.968750 0.312500
2644 0.984375 0.312500
2645 1.000000 0.312500
2646 1.015625 0.312500
2647 1.031250 0.312500
2648 1.046875 0.312500
2649 1.062500 0.312500
2650 1.078125 0.312500
2651 1.093750 0.312500
2652 1.109375 0.312500
2653 1.125000 0.312500
2654 1.140625 0.312500
2655 1.156250 0.312500
2656 1.171875 0.312500
2657 1.187500 0.312500
2658 1.203125 0.312500
2659 1.218750 0.312500
2660 1.234375 0.312500
2661 1.250000 0.312500
2662 1.265625 0.312500
2663 1.281250 0.312500
2664 1.296875 0.312500
2665 1.312500 0.312500
2666 1.328125 0.312500
2667 1.343750 0.312500
2668 1.359375 0.312500
2669 1.375000 0.312500
2670 1.390625 0.312500
2671 1.406250 0.312500
2672 1.421875 0.312500
2673 1.437500 0.312500
2674 1.453125 0.312500
2675 1.468750 0.312500
2676 1.484375 0.312500
2677 1.500000 0.312500
2678 1.515625 0.312500
2679 1.531250 0.312500
2680 1.546875 0.312500
2681 1.562500 0.312500
2682 1.578125 0.312500
2683 1.593750 0.312500
2684 1.609375 0.312500
2685 1.625000 0.312500
2686 1.640625 0.312500
2687 1.656250 0.312500
2688 1.671875 0.312500
2689 1.687500 0.312500
2690 1.703125 0.312500
2691 1.718750 0.312500
2692 1.734375 0.312500
2693 1.750000 0.312500
2694 1.765625 0.312500
2695 1.781250 0.312500
2696 1.796875 0.312500
2697 1.812500 0.312500
2698 1.828125 0.312500
2699 1.843750 0.312500
2700 1.859375 0.312500
2701 1.875000 0.312500
2702 1.890625 0.312500
2703 1.906250 0.312500
2704 1.921875 0.312500
2705 1.937500 0.312500
2706 1.953125 0.312500
2707 1.968750 0.312500
2708 1.984375 0.312500
2709 2.000000 0.312500
2710 0.000000 0.328125
2711 0.015625 0.328125
2712 0.031250 0.328125
2713 0.046875 0.328125
2714 0.062500 0.328125
2715 0.078125 0.328125
2716 0.093750 0.328125
2717 0.109375 0.328125
2718 0.125000 0.328125
2719 0.140625 0.328125
2720 0.156250 0.328125
2721 0.171875 0.328125
2722 0.187500 0.328125
2723 0.203125 0.328125
2724 0.218750 0.328125
2725 0.234375 0.328125
2726 0.250000 0.328125
2727 0.265625 0.328125
2728 0.281250 0.328125
2729 0.296875 0.328125
2730 0.312500 0.328125
2731 0.328125 0.328125
2732 0.343750 0.328125
2733 0.359375 0.328125
2734 0.375000 0.328125
2735 0.390625 0.328125
2736 0.406250 0.328125
2737 0.421875 0.328125
2738 0.437500 0.328125
2739 0.453125 0.328125
2740 0.468750 0.328125
2741 0.484375 0.328125
2742 0.500000 0.328125
2743 0.515625 0.328125
2744 0.531250 0.328125
2745 0.546875 0.328125
2746 0.562500 0.328125
2747 0.578125 0.328125
2748 0.593750 0.328125
2749 0.609375 0.328125
2750 0.625000 0.328125
2751 0.640625 0.328125
2752 0.656250 0.328125
2753 0.671875 0.328125
2754 0.687500 0.328125
2755 0.703125 0.328125
2756 0.718750 0.328125
2757 0.734375 0.328125
2758 0.750000 0.328125
2759 0.765625 0.328125
2760 0.781250 0.328125
2761 0.796875 0.328125
2762 0.812500 0.328125
2763 0.828125 0.328125
2764 0.843750 0.328125
2765 0.859375 0.328125
2766 0.875000 0.328125
2767 0.890625 0.328125
2768 0.906250 0.328125
2769 0.921875 0.328125
2770 0.937500 0.328125
2771 0.953125 0.328125
2772 0.968750 0.328125
2773 0.984375 0.328125
2774 1.000000 0.328125
2775 1.015625 0.328125
2776 1.031250 0.328125
2777 1.046875 0.328125
2778 1.062500 0.328125
2779 1.078125 0.328125
2780 1.093750 0.328125
2781 1.109375 0.328125
2782 1.125000 0.328125
2783 1.140625 0.328125
2784 1.156250 0.328125
2785 1.171875 0.328125
2786 1.187500 0.328125
2787 1.203125 0.328125
2788 1.218750 0.328125
2789 1.234375 0.328125
2790 1.250000 0.328125
2791 1.265625 0.328125
2792 1.281250 0.328125
2793 1.296875 0.328125
2794 1.312500 0.328125
2795 1.328125 0.328125
2796 1.343750 0.328125
2797 1.359375 0.328125
2798 1.375000 0.328125
2799 1.390625 0.328125
2800 1.406250 0.328125
2801 1.421875 0.328125
2802 1.437500 0.328125
2803 1.453125 0.328125
2804 1.468750 0.328125
2805 1.484375 0.328125
2806 1.500000 0.328125
2807 1.515625 0.328125
2808 1.531250 0.328125
2809 1.546875 0.328125
2810 1.562500 0.328125
2811 1.578125 0.328125
2812 1.593750 0.328125
2813 1.609375 0.328125
2814 1.625000 0.328125
2815 1.640625 0.328125
2816 1.656250 0.328125
2817 1.671875 0.328125
2818 1.687500 0.328125
2819 1.703125 0.328125
2820 1.718750 0.328125
2821 1.734375 0.328125
2822 1.750000 0.328125
2823 1.765625 0.328125
2824 1.781250 0.328125
2825 1.796875 0.328125
2826 1.812500 0.328125
2827 1.828125 0.328125
2828 1.843750 0.328125
2829 1.859375 0.328125
2830 1.875000 0.328125
2831 1.890625 0.328125
2832 1.906250 0.328125
2833 1.921875 0.328125
2834 1.937500 0.328125
2835 1.953125 0.328125
2836 1.968750 0.328125
2837 1.984375 0.328125
2838 2.000000 0.328125
2839 0.000000 0.343750
2840 0.015625 0.343750
2841 0.031250 0.343750
2842 0.046875 0.343750
2843 0.062500 0.343750
2844 0.078125 0.343750
2845 0.093750 0.343750
2846 0.109375 0.343750
2847 0.125000 0.343750
2848 0.140625 0.343750
2849 0.156250 0.343750
2850 0.171875 0.343750
2851 0.187500 0.343750
2852 0.203125 0.343750
2853 0.218750 0.343750
2854 0.234375 0.343750
2855 0.250000 0.343750
2856 0.265625 0.343750
2857 0.281250 0.343750
2858 0.296875 0.343750
2859 0.312500 0.343750
2860 0.328125 0.343750
2861 0.343750 0.343750
2862 0.359375 0.343750
2863 0.375000 0.343750
2864 0.390625 0.343750
2865 0.406250 0.343750
2866 0.421875 0.343750
2867 0.437500 0.343750
2868 0.453125 0.343750
2869 0.468750 0.343750
2870 0.484375 0.343750
2871 0.500000 0.343750
2872 0.515625 0.343750
2873 0.531250 0.343750
2874 0.546875 0.343750
2875 0.562500 0.343750
2876 0.578125 0.343750
2877 0.593750 0.343750
2878 0.609375 0.343750
2879 0.625000 0.343750
2880 0.640625 0.343750
2881 0.656250 0.343750
2882 0.671875 0.343750
2883 0.687500 0.343750
2884 0.703125 0.343750
2885 0.718750 0.343750
2886 0.734375 0.343750
2887 0.750000 0.343750
2888 0.765625 0.343750
2889 0.781250 0.343750
2890 0.796875 0.343750
2891 0.812500 0.343750
2892 0.828125 0.343750
2893 0.843750 0.343750
2894 0.859375 0.343750
2895 0.875000 0.343750
2896 0.890625 0.343750
2897 0.906250 0.343750
2898 0.921875 0.343750
2899 0.937500 0.343750
2900 0.953125 0.343750
2901 0.968750 0.343750
2902 0.984375 0.343750
2903 1.000000 0.343750
2904 1.015625 0.343750
2905 1.031250 0.343750
2906 1.046875 0.343750
2907 1.062500 0.343750
2908 1.078125 0.343750
2909 1.093750 0.343750
2910 1.109375 0.343750
2911 1.125000 0.343750
2912 1.140625 0.343750
2913 1.156250 0.343750
2914 1.171875 0.343750
2915 1.187500 0.343750
2916 1.203125 0.343750
2917 1.218750 0.343750
2918 1.234375 0.343750
2919 1.250000 0.343750
2920 1.265625 0.343750
2921 1.281250 0.343750
2922 1.296875 0.343750
2923 1.312500 0.343750
2924 1.328125 0.343750
2925 1.343750 0.343750
2926 1.359375 0.343750
2927 1.375000 0.343750
2928 1.390625 0.343750
2929 1.406250 0.343750
2930 1.421875 0.343750
2931 1.437500 0.343750
2932 1.453125 0.343750
2933 1.468750 0.343750
2934 1.484375 0.343750
2935 1.500000 0.343750
2936 1.515625 0.343750
2937 1.531250 0.343750
2938 1.546875 0.343750
2939 1.562500 0.343750
2940 1.578125 0.343750
2941 1.593750 0.343750
2942 1.609375 0.343750
2943 1.625000 0.343750
2944 1.640625 0.343750
2945 1.656250 0.343750
2946 1.671875 0.343750
2947 1.687500 0.343750
2948 1.703125 0.343750
2949 1.718750 0.343750
2950 1.734375 0.343750
2951 1.750000 0.343750
2952 1.765625 0.343750
2953 1.781250 0.343750
2954 1.796875 0.343750
2955 1.812500 0.343750
2956 1.828125 0.343750
2957 1.843750 0.343750
2958 1.859375 0.343750
2959 1.875000 0.343750
2960 1.890625 0.343750
2961 1.906250 0.343750
2962 1.921875 0.343750
2963 1.937500 0.343750
2964 1.953125 0.343750
2965 1.968750 0.343750
2966 1.984375 0.343750
2967 2.000000 0.343750
2968 0.000000 0.359375
2969 0.015625 0.359375
2970 0.031250 0.359375
2971 0.046875 0.359375
2972 0.062500 0.359375
2973 0.078125 0.359375
2974 0.093750 0.359375
2975 0.109375 0.359375
2976 0.125000 0.359375
2977 0.140625 0.359375
2978 0.156250 0.359375
2979 0.171875 0.359375
2980 0.187500 0.359375
2981 0.203125 0.359375
2982 0.218750 0.359375
2983 0.234375 0.359375
2984 0.250000 0.359375
2985 0.265625 0.359375
2986 0.281250 0.359375
2987 0.296875 0.359375
2988 0.312500 0.359375
2989 0.328125 0.359375
2990 0.343750 0.359375
2991 0.359375 0.359375
2992 0.375000 0.359375
2993 0.390625 0.359375
2994 0.406250 0.359375
2995 0.421875 0.359375
2996 0.437500 0.359375
2997 0.453125 0.359375
2998 0.468750 0.359375
2999 0.484375 0.359375
3000 0.500000 0.359375
3001 0.515625 0.359375
3002 0.531250 0.359375
3003 0.546875 0.359375
3004 0.562500 0.359375
3005 0.578125 0.359375
3006 0.593750 0.359375
3007 0.609375 0.359375
3008 0.625000 0.359375
3009 0.640625 0.359375
3010 0.656250 0.359375
3011 0.671875 0.359375
3012 0.687500 0.359375
3013 0.703125 0.359375
3014 0.718750 0.359375
3015 0.734375 0.359375
3016 0.750000 0.359375
3017 0.765625 0.359375
3018 0.781250 0.359375
3019 0.796875 0.359375
3020 0.812500 0.359375
3021 0.828125 0.359375
3022 0.843750 0.359375
3023 0.859375 0.359375
3024 0.875000 0.359375
3025 0.890625 0.359375
3026 0.906250 0.359375
3027 0.921875 0.359375
3028 0.937500 0.359375
3029 0.953125 0.359375
3030 0.968750 0.359375
3031 0.984375 0.359375
3032 1.000000 0.359375
3033 1.015625 0.359375
3034 1.031250 0.359375
3035 1.046875 0.359375
3036 1.062500 0.359375
3037 1.078125 0.359375
3038 1.093750 0.359375
3039 1.109375 0.359375
3040 1.125000 0.359375
3041 1.140625 0.359375
3042 1.156250 0.359375
3043 1.171875 0.359375
3044 1.187500 0.359375
3045 1.203125 0.359375
3046 1.218750 0.359375
3047 1.234375 0.359375
3048 1.250000 0.359375
3049 1.265625 0.359375
3050 1.281250 0.359375
3051 1.296875 0.359375
3052 1.312500 0.359375
3053 1.328125 0.359375
3054 1.343750 0.359375
3055 1.359375 0.359375
3056 1.375000 0.359375
3057 1.390625 0.359375
3058 1.406250 0.359375
3059 1.421875 0.359375
3060 1.437500 0.359375
3061 1.453125 0.359375
3062 1.468750 0.359375
3063 1.484375 0.359375
3064 1.500000 0.359375
3065 1.515625 0.359375
3066 1.531250 0.359375
3067 1.546875 0.359375
3068 1.562500 0.359375
3069 1.578125 0.359375
3070 1.593750 0.359375
3071 1.609375 0.359375
3072 1.625000 0.359375
3073 1.640625 0.359375
3074 1.656250 0.359375
3075 1.671875 0.359375
3076 1.687500 0.359375
3077 1.703125 0.359375
3078 1.718750 0.359375
3079 1.734375 0.359375
3080 1.750000 0.359375
3081 1.765625 0.359375
3082 1.781250 0.359375
3083 1.796875 0.359375
3084 1.812500 0.359375
3085 1.828125 0.359375
3086 1.843750 0.359375
3087 1.859375 0.359375
3088 1.875000 0.359375
3089 1.890625 0.359375
3090 1.906250 0.359375
3091 1.921875 0.359375
3092 1.937500 0.359375
3093 1.953125 0.359375
3094 1.968750 0.359375
3095 1.984375 0.359375
3096 2.000000 0.359375
3097 0.000000 0.375000
3098 0.015625 0.375000
3099 0.031250 0.375000
3100 0.046875 0.375000
3101 0.062500 0.375000
3102 0.078125 0.375000
3103 0.093750 0.375000
3104 0.109375 0.375000
3105 0.125000 0.375000
3106 0.140625 0.375000
3107 0.156250 0.375000
3108 0.171875 0.375000
3109 0.187500 0.375000
3110 0.203125 0.375000
3111 0.218750 0.375000
3112 0.234375 0.375000
3113 0.250000 0.375000
3114 0.265625 0.375000
3115 0.281250 0.375000
3116 0.296875 0.375000
3117 0.312500 0.375000
3118 0.328125 0.375000
3119 0.343750 0.375000
3120 0.359375 0.375000
3121 0.375000 0.375000
3122 0.390625 0.375000
3123 0.406250 0.375000
3124 0.421875 0.375000
3125 0.437500 0.375000
3126 0.453125 0.375000
3127 0.468750 0.375000
3128 0.484375 0.375000
3129 0.500000 0.375000
3130 0.515625 0.375000
3131 0.531250 0.375000
3132 0.546875 0.375000
3133 0.562500 0.375000
3134 0.578125 0.375000
3135 0.593750 0.375000
3136 0.609375 0.375000
3137 0.625000 0.375000
3138 0.640625 0.375000
3139 0.656250 0.375000
3140 0.671875 0.375000
3141 0.687500 0.375000
3142 0.703125 0.375000
3143 0.718750 0.375000
3144 0.734375 0.375000
3145 0.750000 0.375000
3146 0.765625 0.375000
3147 0.781250 0.375000
3148 0.796875 0.375000
3149 0.812500 0.375000
3150 0.828125 0.375000
3151 0.843750 0.375000
3152 0.859375 0.375000
3153 0.875000 0.375000
3154 0.890625 0.375000
3155 0.906250 0.375000
3156 0.921875 0.375000
3157 0.937500 0.375000
3158 0.953125 0.375000
3159 0.968750 0.375000
3160 0.984375 0.375000
3161 1.000000 0.375000
3162 1.015625 0.375000
3163 1.031250 0.375000
3164 1.046875 0.375000
3165 1.062500 0.375000
3166 1.078125 0.375000
3167 1.093750 0.375000
3168 1.109375 0.375000
3169 1.125000 0.375000
3170 1.140625 0.375000
3171 1.156250 0.375000
3172 1.171875 0.375000
3173 1.187500 0.375000
3174 1.203125 0.375000
3175 1.218750 0.375000
3176 1.234375 0.375000
3177 1.250000 0.375000
3178 1.265625 0.375000
3179 1.281250 0.375000
3180 1.296875 0.375000
3181 1.312500 0.375000
3182 1.328125 0.375000
3183 1.343750 0.375000
3184 1.359375 0.375000
3185 1.375000 0.375000
3186 1.390625 0.375000
3187 1.406250 0.375000
3188 1.421875 0.375000
3189 1.437500 0.375000
3190 1.453125 0.375000
3191 1.468750 0.375000
3192 1.484375 0.375000
3193 1.500000 0.375000
3194 1.515625 0.375000
3195 1.531250 0.375000
3196 1.546875 0.375000
3197 1.562500 0.375000
3198 1.578125 0.375000
3199 1.593750 0.375000
3200 1.609375 0.375000
3201 1.625000 0.375000
3202 1.640625 0.375000
3203 1.656250 0.375000
3204 1.671875 0.375000
3205 1.687500 0.375000
3206 1.703125 0.375000
3207 1.718750 0.375000
3208 1.734375 0.375000
3209 1.750000 0.375000
3210 1.765625 0.375000
3211 1.781250 0.375000
3212 1.796875 0.375000
3213 1.812500 0.375000
3214 1.828125 0.375000
3215 1.843750 0.375000
3216 1.859375 0.375000
3217 1.875000 0.375000
3218 1.890625 0.375000
3219 1.906250 0.375000
3220 1.921875 0.375000
3221 1.937500 0.375000
3222 1.953125 0.375000
3223 1.968750 0.375000
3224 1.984375 0.375000
3225 2.000000 0.375000
3226 0.000000 0.390625
3227 0.015625 0.390625
3228 0.031250 0.390625
3229 0.046875 0.390625
3230 0.062500 0.390625
3231 0.078125 0.390625
3232 0.093750 0.390625
3233 0.109375 0.390625
3234 0.125000 0.390625
3235 0.140625 0.390625
3236 0.156250 0.390625
3237 0.171875 0.390625
3238 0.187500 0.390625
3239 0.203125 0.390625
3240 0.218750 0.390625
3241 0.234375 0.390625
3242 0.250000 0.390625
3243 0.265625 0.390625
3244 0.281250 0.390625
3245 0.296875 0.390625
3246 0.312500 0.390625
3247 0.328125 0.390625
3248 0.343750 0.390625
3249 0.359375 0.390625
3250 0.375000 0.390625
3251 0.390625 0.390625
3252 0.406250 0.390625
3253 0.421875 0.390625
3254 0.437500 0.390625
3255 0.453125 0.390625
3256 0.468750 0.390625
3257 0.484375 0.390625
3258 0.500000 0.390625
3259 0.515625 0.390625
3260 0.531250 0.390625
3261 0.546875 0.390625
3262 0.562500 0.390625
3263 0.578125 0.390625
3264 0.593750 0.390625
3265 0.609375 0.390625
3266 0.625000 0.390625
3267 0.640625 0.390625
3268 0.656250 0.390625
3269 0.671875 0.390625
3270 0.687500 0.390625
3271 0.703125 0.390625
3272 0.718750 0.390625
3273 0.734375 0.390625
3274 0.750000 0.390625
3275 0.765625 0.390625
3276 0.781250 0.390625
3277 0.796875 0.390625
3278 0.812500 0.390625
3279 0.828125 0.390625
3280 0.843750 0.390625
3281 0.859375 0.390625
3282 0.875000 0.390625
3283 0.890625 0.390625
3284 0.906250 0.390625
3285 0.921875 0.390625
3286 0.937500 0.390625
3287 0.953125 0.390625
3288 0.968750 0.390625
3289 0.984375 0.390625
3290 1.000000 0.390625
3291 1.015625 0.390625
3292 1.031250 0.390625
3293 1.046875 0.390625
3294 1.062500 0.390625
3295 1.078125 0.390625
3296 1.093750 0.390625
3297 1.109375 0.390625
3298 1.125000 0.390625
3299 1.140625 0.390625
3300 1.156250 0.390625
3301 1.171875 0.390625
3302 1.187500 0.390625
3303 1.203125 0.390625
3304 1.218750 0.390625
3305 1.234375 0.390625
3306 1.250000 0.390625
3307 1.265625 0.390625
3308 1.281250 0.390625
3309 1.296875 0.390625
3310 1.312500 0.390625
3311 1.328125 0.390625
3312 1.343750 0.390625
3313 1.359375 0.390625
3314 1.375000 0.390625
3315 1.390625 0.390625
3316 1.406250 0.390625
3317 1.421875 0.390625
3318 1.437500 0.390625
3319 1.453125 0.390625
3320 1.468750 0.390625
3321 1.484375 0.390625
3322 1.500000 0.390625
3323 1.515625 0.390625
3324 1.531250 0.390625
3325 1.546875 0.390625
3326 1.562500 0.390625
3327 1.578125 0.390625
3328 1.593750 0.390625
3329 1.609375 0.390625
3330 1.625000 0.390625
3331 1.640625 0.390625
3332 1.656250 0.390625
3333 1.671875 0.390625
3334 1.687500 0.390625
3335 1.703125 0.390625
3336 1.718750 0.390625
3337 1.734375 0.390625
3338 1.750000 0.390625
3339 1.765625 0.390625
3340 1.781250 0.390625
3341 1.796875 0.390625
3342 1.812500 0.390625
3343 1.828125 0.390625
3344 1.843750 0.390625
3345 1.859375 0.390625
3346 1.875000 0.390625
3347 1.890625 0.390625
3348 1.906250 0.390625
3349 1.921875 0.390625
3350 1.937500 0.390625
3351 1.953125 0.390625
3352 1.968750 0.390625
3353 1.984375 0.390625
3354 2.000000 0.390625
3355 0.000000 0.406250
3356 0.015625 0.406250
3357 0.031250 0.406250
3358 0.046875 0.406250
3359 0.062500 0.406250
3360 0.078125 0.406250
3361 0.093750 0.406250
3362 0.109375 0.406250
3363 0.125000 0.406250
3364 0.140625 0.406250
3365 0.156250 0.406250
3366 0.171875 0.406250
3367 0.187500 0.406250
3368 0.203125 0.406250
3369 0.218750 0.406250
3370 0.234375 0.406250
3371 0.250000 0.406250
3372 0.265625 0.406250
3373 0.281250 0.406250
3374 0.296875 0.406250
3375 0.312500 0.406250
3376 0.328125 0.406250
3377 0.343750 0.406250
3378 0.359375 0.406250
3379 0.375000 0.406250
3380 0.390625 0.406250
3381 0.406250 0.406250
3382 0.421875 0.406250
3383 0.437500 0.406250
3384 0.453125 0.406250
3385 0.468750 0.406250
3386 0.484375 0.406250
3387 0.500000 0.406250
3388 0.515625 0.406250
3389 0.531250 0.406250
3390 0.546875 0.406250
3391 0.562500 0.406250
3392 0.578125 0.406250
3393 0.593750 0.406250
3394 0.609375 0.406250
3395 0.625000 0.406250
3396 0.640625 0.406250
3397 0.656250 0.406250
3398 0.671875 0.406250
3399 0.687500 0.406250
3400 0.703125 0.406250
3401 0.718750 0.406250
3402 0.734375 0.406250
3403 0.750000 0.406250
3404 0.765625 0.406250
3405 0.781250 0.406250
3406 0.796875 0.406250
3407 0.812500 0.406250
3408 0.828125 0.406250
3409 0.843750 0.406250
3410 0.859375 0.406250
3411 0.875000 0.406250
3412 0.890625 0.406250
3413 0.906250 0.406250
3414 0.921875 0.406250
3415 0.937500 0.406250
3416 0.953125 0.406250
3417 0.968750 0.406250
3418 0.984375 0.406250
3419 1.000000 0.406250
3420 1.015625 0.406250
3421 1.031250 0.406250
3422 1.046875 0.406250
3423 1.062500 0.406250
3424 1.078125 0.406250
3425 1.093750 0.406250
3426 1.109375 0.406250
3427 1.125000 0.406250
3428 1.140625 0.406250
3429 1.156250 0.406250
3430 1.171875 0.406250
3431 1.187500 0.406250
3432 1.203125 0.406250
3433 1.218750 0.406250
3434 1.234375 0.406250
3435 1.250000 0.406250
3436 1.265625 0.406250
3437 1.281250 0.406250
3438 1.296875 0.406250
3439 1.312500 0.406250
3440 1.328125 0.406250
3441 1.343750 0.406250
3442 1.359375 0.406250
3443 1.375000 0.406250
3444 1.390625 0.406250
3445 1.406250 0.406250
3446 1.421875 0.406250
3447 1.437500 0.406250
3448 1.453125 0.406250
3449 1.468750 0.406250
3450 1.484375 0.406250
3451 1.500000 0.406250
3452 1.515625 0.406250
3453 1.531250 0.406250
3454 1.546875 0.406250
3455 1.562500 0.406250
3456 1.578125 0.406250
3457 1.593750 0.406250
3458 1.609375 0.406250
3459 1.625000 0.406250
3460 1.640625 0.406250
3461 1.656250 0.406250
3462 1.671875 0.406250
3463 1.687500 0.406250
3464 1.703125 0.406250
3465 1.718750 0.406250
3466 1.734375 0.406250
3467 1.750000 0.406250
3468 1.765625 0.406250
3469 1.781250 0.406250
3470 1.796875 0.406250
3471 1.812500 0.406250
3472 1.828125 0.406250
3473 1.843750 0.406250
3474 1.859375 0.406250
3475 1.875000 0.406250
3476 1.890625 0.406250
3477 1.906250 0.406250
3478 1.921875 0.406250
3479 1.937500 0.406250
3480 1.953125 0.406250
3481 1.968750 0.406250
3482 1.984375 0.406250
3483 2.000000 0.406250
3484 0.000000 0.421875
3485 0.015625 0.421875
3486 0.031250 0.421875
3487 0.046875 0.421875
3488 0.062500 0.421875
3489 0.078125 0.421875
3490 0.093750 0.421875
3491 0.109375 0.421875
3492 0.125000 0.421875
3493 0.140625 0.421875
3494 0.156250 0.421875
3495 0.171875 0.421875
3496 0.187500 0.421875
3497 0.203125 0.421875
3498 0.218750 0.421875
3499 0.234375 0.421875
3500 0.250000 0.421875
3501 0.265625 0.421875
3502 0.281250 0.421875
3503 0.296875 0.421875
3504 0.312500 0.421875
3505 0.328125 0.421875
3506 0.343750 0.421875
3507 0.359375 0.421875
3508 0.375000 0.421875
3509 0.390625 0.421875
3510 0.406250 0.421875
3511 0.421875 0.421875
3512 0.437500 0.421875
3513 0.453125 0.421875
3514 0.468750 0.421875
3515 0.484375 0.421875
3516 0.500000 0.421875
3517 0.515625 0.421875
3518 0.531250 0.421875
3519 0.546875 0.421875
3520 0.562500 0.421875
3521 0.578125 0.421875
3522 0.593750 0.421875
3523 0.609375 0.421875
3524 0.625000 0.421875
3525 0.640625 0.421875
3526 0.656250 0.421875
3527 0.671875 0.421875
3528 0.687500 0.421875
3529 0.703125 0.421875
3530 0.718750 0.421875
3531 0.734375 0.421875
3532 0.750000 0.421875
3533 0.765625 0.421875
3534 0.781250 0.421875
3535 0.796875 0.421875
3536 0.812500 0.421875
3537 0.828125 0.421875
3538 0.843750 0.421875
3539 0.859375 0.421875
3540 0.875000 0.421875
3541 0.890625 0.421875
3542 0.906250 0.421875
3543 0.921875 0.421875
3544 0.937500 0.421875
3545 0.953125 0.421875
3546 0.968750 0.421875
3547 0.984375 0.421875
3548 1.000000 0.421875
3549 1.015625 0.421875
3550 1.031250 0.421875
3551 1.046875 0.421875
3552 1.062500 0.421875
3553 1.078125 0.421875
3554 1.093750 0.421875
3555 1.109375 0.421875
3556 1.125000 0.421875
3557 1.140625 0.421875
3558 1.156250 0.421875
3559 1.171875 0.421875
3560 1.187500 0.421875
3561 1.203125 0.421875
3562 1.218750 0.421875
3563 1.234375 0.421875
3564 1.250000 0.421875
3565 1.265625 0.421875
3566 1.281250 0.421875
3567 1.296875 0.421875
3568 1.312500 0.421875
3569 1.328125 0.421875
3570 1.343750 0.421875
3571 1.359375 0.421875
3572 1.375000 0.421875
3573 1.390625 0.421875
3574 1.406250 0.421875
3575 1.421875 0.421875
3576 1.437500 0.421875
3577 1.453125 0.421875
3578 1.468750 0.421875
3579 1.484375 0.421875
3580 1.500000 0.421875
3581 1.515625 0.421875
3582 1.531250 0.421875
3583 1.546875 0.421875
3584 1.562500 0.421875
3585 1.578125 0.421875
3586 1.593750 0.421875
3587 1.609375 0.421875
3588 1.625000 0.421875
3589 1.640625 0.421875
3590 1.656250 0.421875
3591 1.671875 0.421875
3592 1.687500 0.421875
3593 1.703125 0.421875
3594 1.718750 0.421875
3595 1.734375 0.421875
3596 1.750000 0.421875
3597 1.765625 0.421875
3598 1.781250 0.421875
3599 1.796875 0.421875
3600 1.812500 0.421875
3601 1.828125 0.421875
3602 1.843750 0.421875
3603 1.859375 0.421875
3604 1.875000 0.421875
3605 1.890625 0.421875
3606 1.906250 0.421875
3607 1.921875 0.421875
3608 1.937500 0.421875
3609 1.953125 0.421875
3610 1.968750 0.421875
3611 1.984375 0.421875
3612 2.000000 0.421875
3613 0.000000 0.437500
3614 0.015625 0.437500
3615 0.031250 0.437500
3616 0.046875 0.437500
3617 0.062500 0.437500
3618 0.078125 0.437500
3619 0.093750 0.437500
3620 0.109375 0.437500
3621 0.125000 0.437500
3622 0.140625 0.437500
3623 0.156250 0.437500
3624 0.171875 0.437500
3625 0.187500 0.437500
3626 0.203125 0.437500
3627 0.218750 0.437500
3628 0.234375 0.437500
3629 0.250000 0.437500
3630 0.265625 0.437500
3631 0.281250 0.437500
3632 0.296875 0.437500
3633 0.312500 0.437500
3634 0.328125 0.437500
3635 0.343750 0.437500
3636 0.359375 0.437500
3637 0.375000 0.437500
3638 0.390625 0.437500
3639 0.406250 0.437500
3640 0.421875 0.437500
3641 0.437500 0.437500
3642 0.453125 0.437500
3643 0.468750 0.437500
3644 0.484375 0.437500
3645 0.500000 0.437500
3646 0.515625 0.437500
3647 0.531250 0.437500
3648 0.546875 0.437500
3649 0.562500 0.437500
3650 0.578125 0.437500
3651 0.593750 0.437500
3652 0.609375 0.437500
3653 0.625000 0.437500
3654 0.640625 0.437500
3655 0.656250 0.437500
3656 0.671875 0.437500
3657 0.687500 0.437500
3658 0.703125 0.437500
3659 0.718750 0.437500
3660 0.734375 0.437500
3661 0.750000 0.437500
3662 0.765625 0.437500
3663 0.781250 0.437500
3664 0.796875 0.437500
3665 0.812500 0.437500
3666 0.828125 0.437500
3667 0.843750 0.437500
3668 0.859375 0.437500
3669 0.875000 0.437500
3670 0.890625 0.437500
3671 0.906250 0.437500
3672 0.921875 0.437500
3673 0.937500 0.437500
3674 0.953125 0.437500
3675 0.968750 0.437500
3676 0.984375 0.437500
3677 1.000000 0.437500
3678 1.015625 0.437500
3679 1.031250 0.437500
3680 1.046875 0.437500
3681 1.062500 0.437500
3682 1.078125 0.437500
3683 1.093750 0.437500
3684 1.109375 0.437500
3685 1.125000 0.437500
3686 1.140625 0.437500
3687 1.156250 0.437500
3688 1.171875 0.437500
3689 1.187500 0.437500
3690 1.203125 0.437500
3691 1.218750 0.437500
3692 1.234375 0.437500
3693 1.250000 0.437500
3694 1.265625 0.437500
3695 1.281250 0.437500
3696 1.296875 0.437500
3697 1.312500 0.437500
3698 1.328125 0.437500
3699 1.343750 0.437500
3700 1.359375 0.437500
3701 1.375000 0.437500
3702 1.390625 0.437500
3703 1.406250 0.437500
3704 1.421875 0.437500
3705 1.437500 0.437500
3706 1.453125 0.437500
3707 1.468750 0.437500
3708 1.484375 0.437500
3709 1.500000 0.437500
3710 1.515625 0.437500
3711 1.531250 0.437500
3712 1.546875 0.437500
3713 1.562500 0.437500
3714 1.578125 0.437500
3715 1.593750 0.437500
3716 1.609375 0.437500
3717 1.625000 0.437500
3718 1.640625 0.437500
3719 1.656250 0.437500
3720 1.671875 0.437500
3721 1.687500 0.437500
3722 1.703125 0.437500
3723 1.718750 0.437500
3724 1.734375 0.437500
3725 1.750000 0.437500
3726 1.765625 0.437500
3727 1.781250 0.437500
3728 1.796875 0.437500
3729 1.812500 0.437500
3730 1.828125 0.437500
3731 1.843750 0.437500
3732 1.859375 0.437500
3733 1.875000 0.437500
3734 1.890625 0.437500
3735 1.906250 0.437500
3736 1.921875 0.437500
3737 1.937500 0.437500
3738 1.953125 0.437500
3739 1.968750 0.437500
3740 1.984375 0.437500
3741 2.000000 0.437500
3742 0.000000 0.453125
3743 0.015625 0.453125
3744 0.031250 0.453125
3745 0.046875 0.453125
3746 0.062500 0.453125
3747 0.078125 0.453125
3748 0.093750 0.453125
3749 0.109375 0.453125
3750 0.125000 0.453125
3751 0.140625 0.453125
3752 0.156250 0.453125
3753 0.171875 0.453125
3754 0.187500 0.453125
3755 0.203125 0.453125
3756 0.218750 0.453125
3757 0.234375 0.453125
3758 0.250000 0.453125
3759 0.265625 0.453125
3760 0.281250 0.453125
3761 0.296875 0.453125
3762 0.312500 0.453125
3763 0.328125 0.453125
3764 0.343750 0.453125
3765 0.359375 0.453125
3766 0.375000 0.453125
3767 0.390625 0.453125
3768 0.406250 0.453125
3769 0.421875 0.453125
3770 0.437500 0.453125
3771 0.453125 0.453125
3772 0.468750 0.453125
3773 0.484375 0.453125
3774 0.500000 0.453125
3775 0.515625 0.453125
3776 0.531250 0.453125
3777 0.546875 0.453125
3778 0.562500 0.453125
3779 0.578125 0.453125
3780 0.593750 0.453125
3781 0.609375 0.453125
3782 0.625000 0.453125
3783 0.640625 0.453125
3784 0.656250 0.453125
3785 0.671875 0.453125
3786 0.687500 0.453125
3787 0.703125 0.453125
3788 0.718750 0.453125
3789 0.734375 0.453125
3790 0.750000 0.453125
3791 0.765625 0.453125
3792 0.781250 0.453125
3793 0.796875 0.453125
3794 0.812500 0.453125
3795 0.828125 0.453125
3796 0.843750 0.453125
3797 0.859375 0.453125
3798 0.875000 0.453125
3799 0.890625 0.453125
3800 0.906250 0.453125
3801 0.921875 0.453125
3802 0.937500 0.453125
3803 0.953125 0.453125
3804 0.968750 0.453125
3805 0.984375 0.453125
3806 1.000000 0.453125
3807 1.015625 0.453125
3808 1.031250 0.453125
3809 1.046875 0.453125
3810 1.062500 0.453125
3811 1.078125 0.453125
3812 1.093750 0.453125
3813 1.109375 0.453125
3814 1.125000 0.453125
3815 1.140625 0.453125
3816 1.156250 0.453125
3817 1.171875 0.453125
3818 1.187500 0.453125
3819 1.203125 0.453125
3820 1.218750 0.453125
3821 1.234375 0.453125
3822 1.250000 0.453125
3823 1.265625 0.453125
3824 1.281250 0.453125
3825 1.296875 0.453125
3826 1.312500 0.453125
3827 1.328125 0.453125
3828 1.343750 0.453125
3829 1.359375 0.453125
3830 1.375000 0.453125
3831 1.390625 0.453125
3832 1.406250 0.453125
3833 1.421875 0.453125
3834 1.437500 0.453125
3835 1.453125 0.453125
3836 1.468750 0.453125
3837 1.484375 0.453125
3838 1.500000 0.453125
3839 1.515625 0.453125
3840 1.531250 0.453125
3841 1.546875 0.453125
3842 1.562500 0.453125
3843 1.578125 0.453125
3844 1.593750 0.453125
3845 1.609375 0.453125
3846 1.625000 0.453125
3847 1.640625 0.453125
3848 1.656250 0.453125
3849 1.671875 0.453125
3850 1.687500 0.453125
3851 1.703125 0.453125
3852 1.718750 0.453125
3853 1.734375 0.453125
3854 1.750000 0.453125
3855 1.765625 0.453125
3856 1.781250 0.453125
3857 1.796875 0.453125
3858 1.812500 0.453125
3859 1.828125 0.453125
3860 1.843750 0.453125
3861 1.859375 0.453125
3862 1.875000 0.453125
3863 1.890625 0.453125
3864 1.906250 0.453125
3865 1.921875 0.453125
3866 1.937500 0.453125
3867 1.953125 0.453125
3868 1.968750 0.453125
3869 1.984375 0.453125
3870 2.000000 0.453125
3871 0.000000 0.468750
3872 0.015625 0.468750
3873 0.031250 0.468750
3874 0.046875 0.468750
3875 0.062500 0.468750
3876 0.078125 0.468750
3877 0.093750 0.468750
3878 0.109375 0.468750
3879 0.125000 0.468750
3880 0.140625 0.468750
3881 0.156250 0.468750
3882 0.171875 0.468750
3883 0.187500 0.468750
3884 0.203125 0.468750
3885 0.218750 0.468750
3886 0.234375 0.468750
3887 0.250000 0.468750
3888 0.265625 0.468750
3889 0.281250 0.468750
3890 0.296875 0.468750
3891 0.312500 0.468750
3892 0.328125 0.468750
3893 0.343750 0.468750
3894 0.359375 0.468750
3895 0.375000 0.468750
3896 0.390625 0.468750
3897 0.406250 0.468750
3898 0.421875 0.468750
3899 0.437500 0.468750
3900 0.453125 0.468750
3901 0.468750 0.468750
3902 0.484375 0.468750
3903 0.500000 0.468750
3904 0.515625 0.468750
3905 0.531250 0.468750
3906 0.546875 0.468750
3907 0.562500 0.468750
3908 0.578125 0.468750
3909 0.593750 0.468750
3910 0.609375 0.468750
3911 0.625000 0.468750
3912 0.640625 0.468750
3913 0.656250 0.468750
3914 0.671875 0.468750
3915 0.687500 0.468750
3916 0.703125 0.468750
3917 0.718750 0.468750
3918 0.734375 0.468750
3919 0.750000 0.468750
3920 0.765625 0.468750
3921 0.781250 0.468750
3922 0.796875 0.468750
3923 0.812500 0.468750
3924 0.828125 0.468750
3925 0.843750 0.468750
3926 0.859375 0.468750
3927 0.875000 0.468750
3928 0.890625 0.468750
3929 0.906250 0.468750
3930 0.921875 0.468750
3931 0.937500 0.468750
3932 0.953125 0.468750
3933 0.968750 0.468750
3934 0.984375 0.468750
3935 1.000000 0.468750
3936 1.015625 0.468750
3937 1.031250 0.468750
3938 1.046875 0.468750
3939 1.062500 0.468750
3940 1.078125 0.468750
3941 1.093750 0.468750
3942 1.109375 0.468750
3943 1.125000 0.468750
3944 1.140625 0.468750
3945 1.156250 0.468750
3946 1.171875 0.468750
3947 1.187500 0.468750
3948 1.203125 0.468750
3949 1.218750 0.468750
3950 1.234375 0.468750
3951 1.250000 0.468750
3952 1.265625 0.468750
3953 1.281250 0.468750
3954 1.296875 0.468750
3955 1.312500 0.468750
3956 1.328125 0.468750
3957 1.343750 0.468750
3958 1.359375 0.468750
3959 1.375000 0.468750
3960 1.390625 0.468750
3961 1.406250 0.468750
3962 1.421875 0.468750
3963 1.437500 0.468750
3964 1.453125 0.468750
3965 1.468750 0.468750
3966 1.484375 0.468750
3967 1.500000 0.468750
3968 1.515625 0.468750
3969 1.531250 0.468750
3970 1.546875 0.468750
3971 1.562500 0.468750
3972 1.578125 0.468750
3973 1.593750 0.468750
3974 1.609375 0.468750
3975 1.625000 0.468750
3976 1.640625 0.468750
3977 1.656250 0.468750
3978 1.671875 0.468750
3979 1.687500 0.468750
3980 1.703125 0.468750
3981 1.718750 0.468750
3982 1.734375 0.468750
3983 1.750000 0.468750
3984 1.765625 0.468750
3985 1.781250 0.468750
3986 1.796875 0.468750
3987 1.812500 0.468750
3988 1.828125 0.468750
3989 1.843750 0.468750
3990 1.859375 0.468750
3991 1.875000 0.468750
3992 1.890625 0.468750
3993 1.906250 0.468750
3994 1.921875 0.468750
3995 1.937500 0.468750
3996 1.953125 0.468750
3997 1.968750 0.468750
3998 1.984375 0.468750
3999 2.000000 0.468750
4000 0.000000 0.484375
4001 0.015625 0.484375
4002 0.031250 0.484375
4003 0.046875 0.484375
4004 0.062500 0.484375
4005 0.078125 0.484375
4006 0.093750 0.484375
4007 0.109375 0.484375
4008 0.125000 0.484375
4009 0.140625 0.484375
4010 0.156250 0.484375
4011 0.171875 0.484375
4012 0.187500 0.484375
4013 0.203125 0.484375
4014 0.218750 0.484375
4015 0.234375 0.484375
4016 0.250000 0.484375
4017 0.265625 0.484375
4018 0.281250 0.484375
4019 0.296875 0.484375
4020 0.312500 0.484375
4021 0.328125 0.484375
4022 0.343750 0.484375
4023 0.359375 0.484375
4024 0.375000 0.484375
4025 0.390625 0.484375
4026 0.406250 0.484375
4027 0.421875 0.484375
4028 0.437500 0.484375
4029 0.453125 0.484375
4030 0.468750 0.484375
4031 0.484375 0.484375
4032 0.500000 0.484375
4033 0.515625 0.484375
4034 0.531250 0.484375
4035 0.546875 0.484375
4036 0.562500 0.484375
4037 0.578125 0.484375
4038 0.593750 0.484375
4039 0.609375 0.484375
4040 0.625000 0.484375
4041 0.640625 0.484375
4042 0.656250 0.484375
4043 0.671875 0.484375
4044 0.687500 0.484375
4045 0.703125 0.484375
4046 0.718750 0.484375
4047 0.734375 0.484375
4048 0.750000 0.484375
4049 0.765625 0.484375
4050 0.781250 0.484375
4051 0.796875 0.484375
4052 0.812500 0.484375
4053 0.828125 0.484375
4054 0.843750 0.484375
4055 0.859375 0.484375
4056 0.875000 0.484375
4057 0.890625 0.484375
4058 0.906250 0.484375
4059 0.921875 0.484375
4060 0.937500 0.484375
4061 0.953125 0.484375
4062 0.968750 0.484375
4063 0.984375 0.484375
4064 1.000000 0.484375
4065 1.015625 0.484375
4066 1.031250 0.484375
4067 1.046875 0.484375
4068 1.062500 0.484375
4069 1.078125 0.484375
4070 1.093750 0.484375
4071 1.109375 0.484375
4072 1.125000 0.484375
4073 1.140625 0.484375
4074 1.156250 0.484375
4075 1.171875 0.484375
4076 1.187500 0.484375
4077 1.203125 0.484375
4078 1.218750 0.484375
4079 1.234375 0.484375
4080 1.250000 0.484375
4081 1.265625 0.484375
4082 1.281250 0.484375
4083 1.296875 0.484375
4084 1.312500 0.484375
4085 1.328125 0.484375
4086 1.343750 0.484375
4087 1.359375 0.484375
4088 1.375000 0.484375
4089 1.390625 0.484375
4090 1.406250 0.484375
4091 1.421875 0.484375
4092 1.437500 0.484375
4093 1.453125 0.484375
4094 1.468750 0.484375
4095 1.484375 0.484375
4096 1.500000 0.484375
4097 1.515625 0.484375
4098 1.531250 0.484375
4099 1.546875 0.484375
4100 1.562500 0.484375
4101 1.578125 0.484375
4102 1.593750 0.484375
4103 1.609375 0.484375
4104 1.625000 0.484375
4105 1.640625 0.484375
4106 1.656250 0.484375
4107 1.671875 0.484375
4108 1.687500 0.484375
4109 1.703125 0.484375
4110 1.718750 0.484375
4111 1.734375 0.484375
4112 1.750000 0.484375
4113 1.765625 0.484375
4114 1.781250 0.484375
4115 1.796875 0.484375
4116 1.812500 0.484375
4117 1.828125 0.484375
4118 1.843750 0.484375
4119 1.859375 0.484375
4120 1.875000 0.484375
4121 1.890625 0.484375
4122 1.906250 0.484375
4123 1.921875 0.484375
4124 1.937500 0.484375
4125 1.953125 0.484375
4126 1.968750 0.484375
4127 1.984375 0.484375
4128 2.000000 0.484375
4129 0.000000 0.500000
4130 0.015625 0.500000
4131 0.031250 0.500000
4132 0.046875 0.500000
4133 0.062500 0.500000
4134 0.078125 0.500000
4135 0.093750 0.500000
4136 0.109375 0.500000
4137 0.125000 0.500000
4138 0.140625 0.500000
4139 0.156250 0.500000
4140 0.171875 0.500000
4141 0.187500 0.500000
4142 0.203125 0.500000
4143 0.218750 0.500000
4144 0.234375 0.500000
4145 0.250000 0.500000
4146 0.265625 0.500000
4147 0.281250 0.500000
4148 0.296875 0.500000
4149 0.312500 0.500000
4150 0.328125 0.500000
4151 0.343750 0.500000
4152 0.359375 0.500000
4153 0.375000 0.500000
4154 0.390625 0.500000
4155 0.406250 0.500000
4156 0.421875 0.500000
4157 0.437500 0.500000
4158 0.453125 0.500000
4159 0.468750 0.500000
4160 0.484375 0.500000
4161 0.500000 0.500000
4162 0.515625 0.500000
4163 0.531250 0.500000
4164 0.546875 0.500000
4165 0.562500 0.500000
4166 0.578125 0.500000
4167 0.593750 0.500000
4168 0.609375 0.500000
4169 0.625000 0.500000
4170 0.640625 0.500000
4171 0.656250 0.500000
4172 0.671875 0.500000
4173 0.687500 0.500000
4174 0.703125 0.500000
4175 0.718750 0.500000
4176 0.734375 0.500000
4177 0.750000 0.500000
4178 0.765625 0.500000
4179 0.781250 0.500000
4180 0.796875 0.500000
4181 0.812500 0.500000
4182 0.828125 0.500000
4183 0.843750 0.500000
4184 0.859375 0.500000
4185 0.875000 0.500000
4186 0.890625 0.500000
4187 0.906250 0.500000
4188 0.921875 0.500000
4189 0.937500 0.500000
4190 0.953125 0.500000
4191 0.968750 0.500000
4192 0.984375 0.500000
4193 1.000000 0.500000
4194 1.015625 0.500000
4195 1.031250 0.500000
4196 1.046875 0.500000
4197 1.062500 0.500000
4198 1.078125 0.500000
4199 1.093750 0.500000
4200 1.109375 0.500000
4201 1.125000 0.500000
4202 1.140625 0.500000
4203 1.156250 0.500000
4204 1.171875 0.500000
4205 1.187500 0.500000
4206 1.203125 0.500000
4207 1.218750 0.500000
4208 1.234375 0.500000
4209 1.250000 0.500000
4210 1.265625 0.500000
4211 1.281250 0.500000
4212 1.296875 0.500000
4213 1.312500 0.500000
4214 1.328125 0.500000
4215 1.343750 0.500000
4216 1.359375 0.500000
4217 1.375000 0.500000
4218 1.390625 0.500000
4219 1.406250 0.500000
4220 1.421875 0.500000
4221 1.437500 0.500000
4222 1.453125 0.500000
4223 1.468750 0.500000
4224 1.484375 0.500000
4225 1.500000 0.500000
4226 1.515625 0.500000
4227 1.531250 0.500000
4228 1.546875 0.500000
4229 1.562500 0.500000
4230 1.578125 0.500000
4231 1.593750 0.500000
4232 1.609375 0.500000
4233 1.625000 0.500000
4234 1.640625 0.500000
4235 1.656250 0.500000
4236 1.671875 0.500000
4237 1.687500 0.500000
4238 1.703125 0.500000
4239 1.718750 0.500000
4240 1.734375 0.500000
4241 1.750000 0.500000
4242 1.765625 0.500000
4243 1.781250 0.500000
4244 1.796875 0.500000
4245 1.812500 0.500000
4246 1.828125 0.500000
4247 1.843750 0.500000
4248 1.859375 0.500000
4249 1.875000 0.500000
4250 1.890625 0.500000
4251 1.906250 0.500000
4252 1.921875 0.500000
4253 1.937500 0.500000
4254 1.953125 0.500000
4255 1.968750 0.500000
4256 1.984375 0.500000
4257 2.000000 0.500000
4258 0.000000 0.515625
4259 0.015625 0.515625
4260 0.031250 0.515625
4261 0.046875 0.515625
4262 0.062500 0.515625
4263 0.078125 0.515625
4264 0.093750 0.515625
4265 0.109375 0.515625
4266 0.125000 0.515625
4267 0.140625 0.515625
4268 0.156250 0.515625
4269 0.171875 0.515625
4270 0.187500 0.515625
4271 0.203125 0.515625
4272 0.218750 0.515625
4273 0.234375 0.515625
4274 0.250000 0.515625
4275 0.265625 0.515625
4276 0.281250 0.515625
4277 0.296875 0.515625
4278 0.312500 0.515625
4279 0.328125 0.515625
4280 0.343750 0.515625
4281 0.359375 0.515625
4282 0.375000 0.515625
4283 0.390625 0.515625
4284 0.406250 0.515625
4285 0.421875 0.515625
4286 0.437500 0.515625
4287 0.453125 0.515625
4288 0.468750 0.515625
4289 0.484375 0.515625
4290 0.500000 0.515625
4291 0.515625 0.515625
4292 0.531250 0.515625
4293 0.546875 0.515625
4294 0.562500 0.515625
4295 0.578125 0.515625
4296 0.593750 0.515625
4297 0.609375 0.515625
4298 0.625000 0.515625
4299 0.640625 0.515625
4300 0.656250 0.515625
4301 0.671875 0.515625
4302 0.687500 0.515625
4303 0.703125 0.515625
4304 0.718750 0.515625
4305 0.734375 0.515625
4306 0.750000 0.515625
4307 0.765625 0.515625
4308 0.781250 0.515625
4309 0.796875 0.515625
4310 0.812500 0.515625
4311 0.828125 0.515625
4312 0.843750 0.515625
4313 0.859375 0.515625
4314 0.875000 0.515625
4315 0.890625 0.515625
4316 0.906250 0.515625
4317 0.921875 0.515625
4318 0.937500 0.515625
4319 0.953125 0.515625
4320 0.968750 0.515625
4321 0.984375 0.515625
4322 1.000000 0.515625
4323 1.015625 0.515625
4324 1.031250 0.515625
4325 1.046875 0.515625
4326 1.062500 0.515625
4327 1.078125 0.515625
4328 1.093750 0.515625
4329 1.109375 0.515625
4330 1.125000 0.515625
4331 1.140625 0.515625
4332 1.156250 0.515625
4333 1.171875 0.515625
4334 1.187500 0.515625
4335 1.203125 0.515625
4336 1.218750 0.515625
4337 1.234375 0.515625
4338 1.250000 0.515625
4339 1.265625 0.515625
4340 1.281250 0.515625
4341 1.296875 0.515625
4342 1.312500 0.515625
4343 1.328125 0.515625
4344 1.343750 0.515625
4345 1.359375 0.515625
4346 1.375000 0.515625
4347 1.390625 0.515625
4348 1.406250 0.515625
4349 1.421875 0.515625
4350 1.437500 0.515625
4351 1.453125 0.515625
4352 1.468750 0.515625
4353 1.484375 0.515625
4354 1.500000 0.515625
4355 1.515625 0.515625
4356 1.531250 0.515625
4357 1.546875 0.515625
4358 1.562500 0.515625
4359 1.578125 0.515625
4360 1.593750 0.515625
4361 1.609375 0.515625
4362 1.625000 0.515625
4363 1.640625 0.515625
4364 1.656250 0.515625
4365 1.671875 0.515625
4366 1.687500 0.515625
4367 1.703125 0.515625
4368 1.718750 0.515625
4369 1.734375 0.515625
4370 1.750000 0.515625
4371 1.765625 0.515625
4372 1.781250 0.515625
4373 1.796875 0.515625
4374 1.812500 0.515625
4375 1.828125 0.515625
4376 1.843750 0.515625
4377 1.859375 0.515625
4378 1.875000 0.515625
4379 1.890625 0.515625
4380 1.906250 0.515625
4381 1.921875 0.515625
4382 1.937500 0.515625
4383 1.953125 0.515625
4384 1.968750 0.515625
4385 1.984375 0.515625
4386 2.000000 0.515625
4387 0.000000 0.531250
4388 0.015625 0.531250
4389 0.031250 0.531250
4390 0.046875 0.531250
4391 0.062500 0.531250
4392 0.078125 0.531250
4393 0.093750 0.531250
4394 0.109375 0.531250
4395 0.125000 0.531250
4396 0.140625 0.531250
4397 0.156250 0.531250
4398 0.171875 0.531250
4399 0.187500 0.531250
4400 0.203125 0.531250
4401 0.218750 0.531250
4402 0.234375 0.531250
4403 0.250000 0.531250
4404 0.265625 0.531250
4405 0.281250 0.531250
4406 0.296875 0.531250
4407 0.312500 0.531250
4408 0.328125 0.531250
4409 0.343750 0.531250
4410 0.359375 0.531250
4411 0.375000 0.531250
4412 0.390625 0.531250
4413 0.406250 0.531250
4414 0.421875 0.531250
4415 0.437500 0.531250
4416 0.453125 0.531250
4417 0.468750 0.531250
4418 0.484375 0.531250
4419 0.500000 0.531250
4420 0.515625 0.531250
4421 0.531250 0.531250
4422 0.546875 0.531250
4423 0.562500 0.531250
4424 0.578125 0.531250
4425 0.593750 0.531250
4426 0.609375 0.531250
4427 0.625000 0.531250
4428 0.640625 0.531250
4429 0.656250 0.531250
4430 0.671875 0.531250
4431 0.687500 0.531250
4432 0.703125 0.531250
4433 0.718750 0.531250
4434 0.734375 0.531250
4435 0.750000 0.531250
4436 0.765625 0.531250
4437 0.781250 0.531250
4438 0.796875 0.531250
4439 0.812500 0.531250
4440 0.828125 0.531250
4441 0.843750 0.531250
4442 0.859375 0.531250
4443 0.875000 0.531250
4444 0.890625 0.531250
4445 0.906250 0.531250
4446 0.921875 0.531250
4447 0.937500 0.531250
4448 0.953125 0.531250
4449 0.968750 0.531250
4450 0.984375 0.531250
4451 1.000000 0.531250
4452 1.015625 0.531250
4453 1.031250 0.531250
4454 1.046875 0.531250
4455 1.062500 0.531250
4456 1.078125 0.531250
4457 1.093750 0.531250
4458 1.109375 0.531250
4459 1.125000 0.531250
4460 1.140625 0.531250
4461 1.156250 0.531250
4462 1.171875 0.531250
4463 1.187500 0.531250
4464 1.203125 0.531250
4465 1.218750 0.531250
4466 1.234375 0.531250
4467 1.250000 0.531250
4468 1.265625 0.531250
4469 1.281250 0.531250
4470 1.296875 0.531250
4471 1.312500 0.531250
4472 1.328125 0.531250
4473 1.343750 0.531250
4474 1.359375 0.531250
4475 1.375000 0.531250
4476 1.390625 0.531250
4477 1.406250 0.531250
4478 1.421875 0.531250
4479 1.437500 0.531250
4480 1.453125 0.531250
4481 1.468750 0.531250
4482 1.484375 0.531250
4483 1.500000 0.531250
4484 1.515625 0.531250
4485 1.531250 0.531250
4486 1.546875 0.531250
4487 1.562500 0.531250
4488 1.578125 0.531250
4489 1.593750 0.531250
4490 1.609375 0.531250
4491 1.625000 0.531250
4492 1.640625 0.531250
4493 1.656250 0.531250
4494 1.671875 0.531250
4495 1.687500 0.531250
4496 1.703125 0.531250
4497 1.718750 0.531250
4498 1.734375 0.531250
4499 1.750000 0.531250
4500 1.765625 0.531250
4501 1.781250 0.531250
4502 1.796875 0.531250
4503 1.812500 0.531250
4504 1.828125 0.531250
4505 1.843750 0.531250
4506 1.859375 0.531250
4507 1.875000 0.531250
4508 1.890625 0.531250
4509 1.906250 0.531250
4510 1.921875 0.531250
4511 1.937500 0.531250
4512 1.953125 0.531250
4513 1.968750 0.531250
4514 1.984375 0.531250
4515 2.000000 0.531250
4516 0.000000 0.546875
4517 0.015625 0.546875
4518 0.031250 0.546875
4519 0.046875 0.546875
4520 0.062500 0.546875
4521 0.078125 0.546875
4522 0.093750 0.546875
4523 0.109375 0.546875
4524 0.125000 0.546875
4525 0.140625 0.546875
4526 0.156250 0.546875
4527 0.171875 0.546875
4528 0.187500 0.546875
4529 0.203125 0.546875
4530 0.218750 0.546875
4531 0.234375 0.546875
4532 0.250000 0.546875
4533 0.265625 0.546875
4534 0.281250 0.546875
4535 0.296875 0.546875
4536 0.312500 0.546875
4537 0.328125 0.546875
4538 0.343750 0.546875
4539 0.359375 0.546875
4540 0.375000 0.546875
4541 0.390625 0.546875
4542 0.406250 0.546875
4543 0.421875 0.546875
4544 0.437500 0.546875
4545 0.453125 0.546875
4546 0.468750 0.546875
4547 0.484375 0.546875
4548 0.500000 0.546875
4549 0.515625 0.546875
4550 0.531250 0.546875
4551 0.546875 0.546875
4552 0.562500 0.546875
4553 0.578125 0.546875
4554 0.593750 0.546875
4555 0.609375 0.546875
4556 0.625000 0.546875
4557 0.640625 0.546875
4558 0.656250 0.546875
4559 0.671875 0.546875
4560 0.687500 0.546875
4561 0.703125 0.546875
4562 0.718750 0.546875
4563 0.734375 0.546875
4564 0.750000 0.546875
4565 0.765625 0.546875
4566 0.781250 0.546875
4567 0.796875 0.546875
4568 0.812500 0.546875
4569 0.828125 0.546875
4570 0.843750 0.546875
4571 0.859375 0.546875
4572 0.875000 0.546875
4573 0.890625 0.546875
4574 0.906250 0.546875
4575 0.921875 0.546875
4576 0.937500 0.546875
4577 0.953125 0.546875
4578 0.968750 0.546875
4579 0.984375 0.546875
4580 1.000000 0.546875
4581 1.015625 0.546875
4582 1.031250 0.546875
4583 1.046875 0.546875
4584 1.062500 0.546875
4585 1.078125 0.546875
4586 1.093750 0.546875
4587 1.109375 0.546875
4588 1.125000 0.546875
4589 1.140625 0.546875
4590 1.156250 0.546875
4591 1.171875 0.546875
4592 1.187500 0.546875
4593 1.203125 0.546875
4594 1.218750 0.546875
4595 1.234375 0.546875
4596 1.250000 0.546875
4597 1.265625 0.546875
4598 1.281250 0.546875
4599 1.296875 0.546875
4600 1.312500 0.546875
4601 1.328125 0.546875
4602 1.343750 0.546875
4603 1.359375 0.546875
4604 1.375000 0.546875
4605 1.390625 0.546875
4606 1.406250 0.546875
4607 1.421875 0.546875
4608 1.437500 0.546875
4609 1.453125 0.546875
4610 1.468750 0.546875
4611 1.484375 0.546875
4612 1.500000 0.546875
4613 1.515625 0.546875
4614 1.531250 0.546875
4615 1.546875 0.546875
4616 1.562500 0.546875
4617 1.578125 0.546875
4618 1.593750 0.546875
4619 1.609375 0.546875
4620 1.625000 0.546875
4621 1.640625 0.546875
4622 1.656250 0.546875
4623 1.671875 0.546875
4624 1.687500 0.546875
4625 1.703125 0.546875
4626 1.718750 0.546875
4627 1.734375 0.546875
4628 1.750000 0.546875
4629 1.765625 0.546875
4630 1.781250 0.546875
4631 1.796875 0.546875
4632 1.812500 0.546875
4633 1.828125 0.546875
4634 1.843750 0.546875
4635 1.859375 0.546875
4636 1.875000 0.546875
4637 1.890625 0.546875
4638 1.906250 0.546875
4639 1.921875 0.546875
4640 1.937500 0.546875
4641 1.953125 0.546875
4642 1.968750 0.546875
4643 1.984375 0.546875
4644 2.000000 0.546875
4645 0.000000 0.562500
4646 0.015625 0.562500
4647 0.031250 0.562500
4648 0.046875 0.562500
4649 0.062500 0.562500
4650 0.078125 0.562500
4651 0.093750 0.562500
4652 0.109375 0.562500
4653 0.125000 0.562500
4654 0.140625 0.562500
4655 0.156250 0.562500
4656 0.171875 0.562500
4657 0.187500 0.562500
4658 0.203125 0.562500
4659 0.218750 0.562500
4660 0.234375 0.562500
4661 0.250000 0.562500
4662 0.265625 0.562500
4663 0.281250 0.562500
4664 0.296875 0.562500
4665 0.312500 0.562500
4666 0.328125 0.562500
4667 0.343750 0.562500
4668 0.359375 0.562500
4669 0.375000 0.562500
4670 0.390625 0.562500
4671 0.406250 0.562500
4672 0.421875 0.562500
4673 0.437500 0.562500
4674 0.453125 0.562500
4675 0.468750 0.562500
4676 0.484375 0.562500
4677 0.500000 0.562500
4678 0.515625 0.562500
4679 0.531250 0.562500
4680 0.546875 0.562500
4681 0.562500 0.562500
4682 0.578125 0.562500
4683 0.593750 0.562500
4684 0.609375 0.562500
4685 0.625000 0.562500
4686 0.640625 0.562500
4687 0.656250 0.562500
4688 0.671875 0.562500
4689 0.687500 0.562500
4690 0.703125 0.562500
4691 0.718750 0.562500
4692 0.734375 0.562500
4693 0.750000 0.562500
4694 0.765625 0.562500
4695 0.781250 0.562500
4696 0.796875 0.562500
4697 0.812500 0.562500
4698 0.828125 0.562500
4699 0.843750 0.562500
4700 0.859375 0.562500
4701 0.875000 0.562500
4702 0.890625 0.562500
4703 0.906250 0.562500
4704 0.921875 0.562500
4705 0.937500 0.562500
4706 0.953125 0.562500
4707 0.968750 0.562500
4708 0.984375 0.562500
4709 1.000000 0.562500
4710 1.015625 0.562500
4711 1.031250 0.562500
4712 1.046875 0.562500
4713 1.062500 0.562500
4714 1.078125 0.562500
4715 1.093750 0.562500
4716 1.109375 0.562500
4717 1.125000 0.562500
4718 1.140625 0.562500
4719 1.156250 0.562500
4720 1.171875 0.562500
4721 1.187500 0.562500
4722 1.203125 0.562500
4723 1.218750 0.562500
4724 1.234375 0.562500
4725 1.250000 0.562500
4726 1.265625 0.562500
4727 1.281250 0.562500
4728 1.296875 0.562500
4729 1.312500 0.562500
4730 1.328125 0.562500
4731 1.343750 0.562500
4732 1.359375 0.562500
4733 1.375000 0.562500
4734 1.390625 0.562500
4735 1.406250 0.562500
4736 1.421875 0.562500
4737 1.437500 0.562500
4738 1.453125 0.562500
4739 1.468750 0.562500
4740 1.484375 0.562500
4741 1.500000 0.562500
4742 1.515625 0.562500
4743 1.531250 0.562500
4744 1.546875 0.562500
4745 1.562500 0.562500
4746 1.578125 0.562500
4747 1.593750 0.562500
4748 1.609375 0.562500
4749 1.625000 0.562500
4750 1.640625 0.562500
4751 1.656250 0.562500
4752 1.671875 0.562500
4753 1.687500 0.562500
4754 1.703125 0.562500
4755 1.718750 0.562500
4756 1.734375 0.562500
4757 1.750000 0.562500
4758 1.765625 0.562500
4759 1.781250 0.562500
4760 1.796875 0.562500
4761 1.812500 0.562500
4762 1.828125 0.562500
4763 1.843750 0.562500
4764 1.859375 0.562500
4765 1.875000 0.562500
4766 1.890625 0.562500
4767 1.906250 0.562500
4768 1.921875 0.562500
4769 1.937500 0.562500
4770 1.953125 0.562500
4771 1.968750 0.562500
4772 1.984375 0.562500
4773 2.000000 0.562500
4774 0.000000 0.578125
4775 0.015625 0.578125
4776 0.031250 0.578125
4777 0.046875 0.578125
4778 0.062500 0.578125
4779 0.078125 0.578125
4780 0.093750 0.578125
4781 0.109375 0.578125
4782 0.125000 0.578125
4783 0.140625 0.578125
4784 0.156250 0.578125
4785 0.171875 0.578125
4786 0.187500 0.578125
4787 0.203125 0.578125
4788 0.218750 0.578125
4789 0.234375 0.578125
4790 0.250000 0.578125
4791 0.265625 0.578125
4792 0.281250 0.578125
4793 0.296875 0.578125
4794 0.312500 0.578125
4795 0.328125 0.578125
4796 0.343750 0.578125
4797 0.359375 0.578125
4798 0.375000 0.578125
4799 0.390625 0.578125
4800 0.406250 0.578125
4801 0.421875 0.578125
4802 0.437500 0.578125
4803 0.453125 0.578125
4804 0.468750 0.578125
4805 0.484375 0.578125
4806 0.500000 0.578125
4807 0.515625 0.578125
4808 0.531250 0.578125
4809 0.546875 0.578125
4810 0.562500 0.578125
4811 0.578125 0.578125
4812 0.593750 0.578125
4813 0.609375 0.578125
4814 0.625000 0.578125
4815 0.640625 0.578125
4816 0.656250 0.578125
4817 0.671875 0.578125
4818 0.687500 0.578125
4819 0.703125 0.578125
4820 0.718750 0.578125
4821 0.734375 0.578125
4822 0.750000 0.578125
4823 0.765625 0.578125
4824 0.781250 0.578125
4825 0.796875 0.578125
4826 0.812500 0.578125
4827 0.828125 0.578125
4828 0.843750 0.578125
4829 0.859375 0.578125
4830 0.875000 0.578125
4831 0.890625 0.578125
4832 0.906250 0.578125
4833 0.921875 0.578125
4834 0.937500 0.578125
4835 0.953125 0.578125
4836 0.968750 0.578125
4837 0.984375 0.578125
4838 1.000000 0.578125
4839 1.015625 0.578125
4840 1.031250 0.578125
4841 1.046875 0.578125
4842 1.062500 0.578125
4843 1.078125 0.578125
4844 1.093750 0.578125
4845 1.109375 0.578125
4846 1.125000 0.578125
4847 1.140625 0.578125
4848 1.156250 0.578125
4849 1.171875 0.578125
4850 1.187500 0.578125
4851 1.203125 0.578125
4852 1.218750 0.578125
4853 1.234375 0.578125
4854 1.250000 0.578125
4855 1.265625 0.578125
4856 1.281250 0.578125
4857 1.296875 0.578125
4858 1.312500 0.578125
4859 1.328125 0.578125
4860 1.343750 0.578125
4861 1.359375 0.578125
4862 1.375000 0.578125
4863 1.390625 0.578125
4864 1.406250 0.578125
4865 1.421875 0.578125
4866 1.437500 0.578125
4867 1.453125 0.578125
4868 1.468750 0.578125
4869 1.484375 0.578125
4870 1.500000 0.578125
4871 1.515625 0.578125
4872 1.531250 0.578125
4873 1.546875 0.578125
4874 1.562500 0.578125
4875 1.578125 0.578125
4876 1.593750 0.578125
4877 1.609375 0.578125
4878 1.625000 0.578125
4879 1.640625 0.578125
4880 1.656250 0.578125
4881 1.671875 0.578125
4882 1.687500 0.578125
4883 1.703125 0.578125
4884 1.718750 0.578125
4885 1.734375 0.578125
4886 1.750000 0.578125
4887 1.765625 0.578125
4888 1.781250 0.578125
4889 1.796875 0.578125
4890 1.812500 0.578125
4891 1.828125 0.578125
4892 1.843750 0.578125
4893 1.859375 0.578125
4894 1.875000 0.578125
4895 1.890625 0.578125
4896 1.906250 0.578125
4897 1.921875 0.578125
4898 1.937500 0.578125
4899 1.953125 0.578125
4900 1.968750 0.578125
4901 1.984375 0.578125
4902 2.000000 0.578125
4903 0.000000 0.593750
4904 0.015625 0.593750
4905 0.031250 0.593750
4906 0.046875 0.593750
4907 0.062500 0.593750
4908 0.078125 0.593750
4909 0.093750 0.593750
4910 0.109375 0.593750
4911 0.125000 0.593750
4912 0.140625 0.593750
4913 0.156250 0.593750
4914 0.171875 0.593750
4915 0.187500 0.593750
4916 0.203125 0.593750
4917 0.218750 0.593750
4918 0.234375 0.593750
4919 0.250000 0.593750
4920 0.265625 0.593750
4921 0.281250 0.593750
4922 0.296875 0.593750
4923 0.312500 0.593750
4924 0.328125 0.593750
4925 0.343750 0.593750
4926 0.359375 0.593750
4927 0.375000 0.593750
4928 0.390625 0.593750
4929 0.406250 0.593750
4930 0.421875 0.593750
4931 0.437500 0.593750
4932 0.453125 0.593750
4933 0.468750 0.593750
4934 0.484375 0.593750
4935 0.500000 0.593750
4936 0.515625 0.593750
4937 0.531250 0.593750
4938 0.546875 0.593750
4939 0.562500 0.593750
4940 0.578125 0.593750
4941 0.593750 0.593750
4942 0.609375 0.593750
4943 0.625000 0.593750
4944 0.640625 0.593750
4945 0.656250 0.593750
4946 0.671875 0.593750
4947 0.687500 0.593750
4948 0.703125 0.593750
4949 0.718750 0.593750
4950 0.734375 0.593750
4951 0.750000 0.593750
4952 0.765625 0.593750
4953 0.781250 0.593750
4954 0.796875 0.593750
4955 0.812500 0.593750
4956 0.828125 0.593750
4957 0.843750 0.593750
4958 0.859375 0.593750
4959 0.875000 0.593750
4960 0.890625 0.593750
4961 0.906250 0.593750
4962 0.921875 0.593750
4963 0.937500 0.593750
4964 0.953125 0.593750
4965 0.968750 0.593750
4966 0.984375 0.593750
4967 1.000000 0.593750
4968 1.015625 0.593750
4969 1.031250 0.593750
4970 1.046875 0.593750
4971 1.062500 0.593750
4972 1.078125 0.593750
4973 1.093750 0.593750
4974 1.109375 0.593750
4975 1.125000 0.593750
4976 1.140625 0.593750
4977 1.156250 0.593750
4978 1.171875 0.593750
4979 1.187500 0.593750
4980 1.203125 0.593750
4981 1.218750 0.593750
4982 1.234375 0.593750
4983 1.250000 0.593750
4984 1.265625 0.593750
4985 1.281250 0.593750
4986 1.296875 0.593750
4987 1.312500 0.593750
4988 1.328125 0.593750
4989 1.343750 0.593750
4990 1.359375 0.593750
4991 1.375000 0.593750
4992 1.390625 0.593750
4993 1.406250 0.593750
4994 1.421875 0.593750
4995 1.437500 0.593750
4996 1.453125 0.593750
4997 1.468750 0.593750
4998 1.484375 0.593750
4999 1.500000 0.593750
5000 1.515625 0.593750
5001 1.531250 0.593750
5002 1.546875 0.593750
5003 1.562500 0.593750
5004 1.578125 0.593750
5005 1.593750 0.593750
5006 1.609375 0.593750
5007 1.625000 0.593750
5008 1.640625 0.593750
5009 1.656250 0.593750
5010 1.671875 0.593750
5011 1.687500 0.593750
5012 1.703125 0.593750
5013 1.718750 0.593750
5014 1.734375 0.593750
5015 1.750000 0.593750
5016 1.765625 0.593750
5017 1.781250 0.593750
5018 1.796875 0.593750
5019 1.812500 0.593750
5020 1.828125 0.593750
5021 1.843750 0.593750
5022 1.859375 0.593750
5023 1.875000 0.593750
5024 1.890625 0.593750
5025 1.906250 0.593750
5026 1.921875 0.593750
5027 1.937500 0.593750
5028 1.953125 0.593750
5029 1.968750 0.593750
5030 1.984375 0.593750
5031 2.000000 0.593750
5032 0.000000 0.609375
5033 0.015625 0.609375
5034 0.031250 0.609375
5035 0.046875 0.609375
5036 0.062500 0.609375
5037 0.078125 0.609375
5038 0.093750 0.609375
5039 0.109375 0.609375
5040 0.125000 0.609375
5041 0.140625 0.609375
5042 0.156250 0.609375
5043 0.171875 0.609375
5044 0.187500 0.609375
5045 0.203125 0.609375
5046 0.218750 0.609375
5047 0.234375 0.609375
5048 0.250000 0.609375
5049 0.265625 0.609375
5050 0.281250 0.609375
5051 0.296875 0.609375
5052 0.312500 0.609375
5053 0.328125 0.609375
5054 0.343750 0.609375
5055 0.359375 0.609375
5056 0.375000 0.609375
5057 0.390625 0.609375
5058 0.406250 0.609375
5059 0.421875 0.609375
5060 0.437500 0.609375
5061 0.453125 0.609375
5062 0.468750 0.609375
5063 0.484375 0.609375
5064 0.500000 0.609375
5065 0.515625 0.609375
5066 0.531250 0.609375
5067 0.546875 0.609375
5068 0.562500 0.609375
5069 0.578125 0.609375
5070 0.593750 0.609375
5071 0.609375 0.609375
5072 0.625000 0.609375
5073 0.640625 0.609375
5074 0.656250 0.609375
5075 0.671875 0.609375
5076 0.687500 0.609375
5077 0.703125 0.609375
5078 0.718750 0.609375
5079 0.734375 0.609375
5080 0.750000 0.609375
5081 0.765625 0.609375
5082 0.781250 0.609375
5083 0.796875 0.609375
5084 0.812500 0.609375
5085 0.828125 0.609375
5086 0.843750 0.609375
5087 0.859375 0.609375
5088 0.875000 0.609375
5089 0.890625 0.609375
5090 0.906250 0.609375
5091 0.921875 0.609375
5092 0.937500 0.609375
5093 0.953125 0.609375
5094 0.968750 0.609375
5095 0.984375 0.609375
5096 1.000000 0.609375
5097 1.015625 0.609375
5098 1.031250 0.609375
5099 1.046875 0.609375
5100 1.062500 0.609375
5101 1.078125 0.609375
5102 1.093750 0.609375
5103 1.109375 0.609375
5104 1.125000 0.609375
5105 1.140625 0.609375
5106 1.156250 0.609375
5107 1.171875 0.609375
5108 1.187500 0.609375
5109 1.203125 0.609375
5110 1.218750 0.609375
5111 1.234375 0.609375
5112 1.250000 0.609375
5113 1.265625 0.609375
5114 1.281250 0.609375
5115 1.296875 0.609375
5116 1.312500 0.609375
5117 1.328125 0.609375
5118 1.343750 0.609375
5119 1.359375 0.609375
5120 1.375000 0.609375
5121 1.390625 0.609375
5122 1.406250 0.609375
5123 1.421875 0.609375
5124 1.437500 0.609375
5125 1.453125 0.609375
5126 1.468750 0.609375
5127 1.484375 0.609375
5128 1.500000 0.609375
5129 1.515625 0.609375
5130 1.531250 0.609375
5131 1.546875 0.609375
5132 1.562500 0.609375
5133 1.578125 0.609375
5134 1.593750 0.609375
5135 1.609375 0.609375
5136 1.625000 0.609375
5137 1.640625 0.609375
5138 1.656250 0.609375
5139 1.671875 0.609375
5140 1.687500 0.609375
5141 1.703125 0.609375
5142 1.718750 0.609375
5143 1.734375 0.609375
5144 1.750000 0.609375
5145 1.765625 0.609375
5146 1.781250 0.609375
5147 1.796875 0.609375
5148 1.812500 0.609375
5149 1.828125 0.609375
5150 1.843750 0.609375
5151 1.859375 0.609375
5152 1.875000 0.609375
5153 1.890625 0.609375
5154 1.906250 0.609375
5155 1.921875 0.609375
5156 1.937500 0.609375
5157 1.953125 0.609375
5158 1.968750 0.609375
5159 1.984375 0.609375
5160 2.000000 0.609375
5161 0.000000 0.625000
5162 0.015625 0.625000
5163 0.031250 0.625000
5164 0.046875 0.625000
5165 0.062500 0.625000
5166 0.078125 0.625000
5167 0.093750 0.625000
5168 0.109375 0.625000
5169 0.125000 0.625000
5170 0.140625 0.625000
5171 0.156250 0.625000
5172 0.171875 0.625000
5173 0.187500 0.625000
5174 0.203125 0.625000
5175 0.218750 0.625000
5176 0.234375 0.625000
5177 0.250000 0.625000
5178 0.265625 0.625000
5179 0.281250 0.625000
5180 0.296875 0.625000
5181 0.312500 0.625000
5182 0.328125 0.625000
5183 0.343750 0.625000
5184 0.359375 0.625000
5185 0.375000 0.625000
5186 0.390625 0.625000
5187 0.406250 0.625000
5188 0.421875 0.625000
5189 0.437500 0.625000
5190 0.453125 0.625000
5191 0.468750 0.625000
5192 0.484375 0.625000
5193 0.500000 0.625000
5194 0.515625 0.625000
5195 0.531250 0.625000
5196 0.546875 0.625000
5197 0.562500 0.625000
5198 0.578125 0.625000
5199 0.593750 0.625000
5200 0.609375 0.625000
5201 0.625000 0.625000
5202 0.640625 0.625000
5203 0.656250 0.625000
5204 0.671875 0.625000
5205 0.687500 0.625000
5206 0.703125 0.625000
5207 0.718750 0.625000
5208 0.734375 0.625000
5209 0.750000 0.625000
5210 0.765625 0.625000
5211 0.781250 0.625000
5212 0.796875 0.625000
5213 0.812500 0.625000
5214 0.828125 0.625000
5215 0.843750 0.625000
5216 0.859375 0.625000
5217 0.875000 0.625000
5218 0.890625 0.625000
5219 0.906250 0.625000
5220 0.921875 0.625000
5221 0.937500 0.625000
5222 0.953125 0.625000
5223 0.968750 0.625000
5224 0.984375 0.625000
5225 1.000000 0.625000
5226 1.015625 0.625000
5227 1.031250 0.625000
5228 1.046875 0.625000
5229 1.062500 0.625000
5230 1.078125 0.625000
5231 1.093750 0.625000
5232 1.109375 0.625000
5233 1.125000 0.625000
5234 1.140625 0.625000
5235 1.156250 0.625000
5236 1.171875 0.625000
5237 1.187500 0.625000
5238 1.203125 0.625000
5239 1.218750 0.625000
5240 1.234375 0.625000
5241 1.250000 0.625000
5242 1.265625 0.625000
5243 1.281250 0.625000
5244 1.296875 0.625000
5245 1.312500 0.625000
5246 1.328125 0.625000
5247 1.343750 0.625000
5248 1.359375 0.625000
5249 1.375000 0.625000
5250 1.390625 0.625000
5251 1.406250 0.625000
5252 1.421875 0.625000
5253 1.437500 0.625000
5254 1.453125 0.625000
5255 1.468750 0.625000
5256 1.484375 0.625000
5257 1.500000 0.625000
5258 1.515625 0.625000
5259 1.531250 0.625000
5260 1.546875 0.625000
5261 1.562500 0.625000
5262 1.578125 0.625000
5263 1.593750 0.625000
5264 1.609375 0.625000
5265 1.625000 0.625000
5266 1.640625 0.625000
5267 1.656250 0.625000
5268 1.671875 0.625000
5269 1.687500 0.625000
5270 1.703125 0.625000
5271 1.718750 0.625000
5272 1.734375 0.625000
5273 1.750000 0.625000
5274 1.765625 0.625000
5275 1.781250 0.625000
5276 1.796875 0.625000
5277 1.812500 0.625000
5278 1.828125 0.625000
5279 1.843750 0.625000
5280 1.859375 0.625000
5281 1.875000 0.625000
5282 1.890625 0.625000
5283 1.906250 0.625000
5284 1.921875 0.625000
5285 1.937500 0.625000
5286 1.953125 0.625000
5287 1.968750 0.625000
5288 1.984375 0.625000
5289 2.000000 0.625000
5290 0.000000 0.640625
5291 0.015625 0.640625
5292 0.031250 0.640625
5293 0.046875 0.640625
5294 0.062500 0.640625
5295 0.078125 0.640625
5296 0.093750 0.640625
5297 0.109375 0.640625
5298 0.125000 0.640625
5299 0.140625 0.640625
5300 0.156250 0.640625
5301 0.171875 0.640625
5302 0.187500 0.640625
5303 0.203125 0.640625
5304 0.218750 0.640625
5305 0.234375 0.640625
5306 0.250000 0.640625
5307 0.265625 0.640625
5308 0.281250 0.640625
5309 0.296875 0.640625
5310 0.312500 0.640625
5311 0.328125 0.640625
5312 0.343750 0.640625
5313 0.359375 0.640625
5314 0.375000 0.640625
5315 0.390625 0.640625
5316 0.406250 0.640625
5317 0.421875 0.640625
5318 0.437500 0.640625
5319 0.453125 0.640625
5320 0.468750 0.640625
5321 0.484375 0.640625
5322 0.500000 0.640625
5323 0.515625 0.640625
5324 0.531250 0.640625
5325 0.546875 0.640625
5326 0.562500 0.640625
5327 0.578125 0.640625
5328 0.593750 0.640625
5329 0.609375 0.640625
5330 0.625000 0.640625
5331 0.640625 0.640625
5332 0.656250 0.640625
5333 0.671875 0.640625
5334 0.687500 0.640625
5335 0.703125 0.640625
5336 0.718750 0.640625
5337 0.734375 0.640625
5338 0.750000 0.640625
5339 0.765625 0.640625
5340 0.781250 0.640625
5341 0.796875 0.640625
5342 0.812500 0.640625
5343 0.828125 0.640625
5344 0.843750 0.640625
5345 0.859375 0.640625
5346 0.875000 0.640625
5347 0.890625 0.640625
5348 0.906250 0.640625
5349 0.921875 0.640625
5350 0.937500 0.640625
5351 0.953125 0.640625
5352 0.968750 0.640625
5353 0.984375 0.640625
5354 1.000000 0.640625
5355 1.015625 0.640625
5356 1.031250 0.640625
5357 1.046875 0.640625
5358 1.062500 0.640625
5359 1.078125 0.640625
5360 1.093750 0.640625
5361 1.109375 0.640625
5362 1.125000 0.640625
5363 1.140625 0.640625
5364 1.156250 0.640625
5365 1.171875 0.640625
5366 1.187500 0.640625
5367 1.203125 0.640625
5368 1.218750 0.640625
5369 1.234375 0.640625
5370 1.250000 0.640625
5371 1.265625 0.640625
5372 1.281250 0.640625
5373 1.296875 0.640625
5374 1.312500 0.640625
5375 1.328125 0.640625
5376 1.343750 0.640625
5377 1.359375 0.640625
5378 1.375000 0.640625
5379 1.390625 0.640625
5380 1.406250 0.640625
5381 1.421875 0.640625
5382 1.437500 0.640625
5383 1.453125 0.640625
5384 1.468750 0.640625
5385 1.484375 0.640625
5386 1.500000 0.640625
5387 1.515625 0.640625
5388 1.531250 0.640625
5389 1.546875 0.640625
5390 1.562500 0.640625
5391 1.578125 0.640625
5392 1.593750 0.640625
5393 1.609375 0.640625
5394 1.625000 0.640625
5395 1.640625 0.640625
5396 1.656250 0.640625
5397 1.671875 0.640625
5398 1.687500 0.640625
5399 1.703125 0.640625
5400 1.718750 0.640625
5401 1.734375 0.640625
5402 1.750000 0.640625
5403 1.765625 0.640625
5404 1.781250 0.640625
5405 1.796875 0.640625
5406 1.812500 0.640625
5407 1.828125 0.640625
5408 1.843750 0.640625
5409 1.859375 0.640625
5410 1.875000 0.640625
5411 1.890625 0.640625
5412 1.906250 0.640625
5413 1.921875 0.640625
5414 1.937500 0.640625
5415 1.953125 0.640625
5416 1.968750 0.640625
5417 1.984375 0.640625
5418 2.000000 0.640625
5419 0.000000 0.656250
5420 0.015625 0.656250
5421 0.031250 0.656250
5422 0.046875 0.656250
5423 0.062500 0.656250
5424 0.078125 0.656250
5425 0.093750 0.656250
5426 0.109375 0.656250
5427 0.125000 0.656250
5428 0.140625 0.656250
5429 0.156250 0.656250
5430 0.171875 0.656250
5431 0.187500 0.656250
5432 0.203125 0.656250
5433 0.218750 0.656250
5434 0.234375 0.656250
5435 0.250000 0.656250
5436 0.265625 0.656250
5437 0.281250 0.656250
5438 0.296875 0.656250
5439 0.312500 0.656250
5440 0.328125 0.656250
5441 0.343750 0.656250
5442 0.359375 0.656250
5443 0.375000 0.656250
5444 0.390625 0.656250
5445 0.406250 0.656250
5446 0.421875 0.656250
5447 0.437500 0.656250
5448 0.453125 0.656250
5449 0.468750 0.656250
5450 0.484375 0.656250
5451 0.500000 0.656250
5452 0.515625 0.656250
5453 0.531250 0.656250
5454 0.546875 0.656250
5455 0.562500 0.656250
5456 0.578125 0.656250
5457 0.593750 0.656250
5458 0.609375 0.656250
5459 0.625000 0.656250
5460 0.640625 0.656250
5461 0.656250 0.656250
5462 0.671875 0.656250
5463 0.687500 0.656250
5464 0.703125 0.656250
5465 0.718750 0.656250
5466 0.734375 0.656250
5467 0.750000 0.656250
5468 0.765625 0.656250
5469 0.781250 0.656250
5470 0.796875 0.656250
5471 0.812500 0.656250
5472 0.828125 0.656250
5473 0.843750 0.656250
5474 0.859375 0.656250
5475 0.875000 0.656250
5476 0.890625 0.656250
5477 0.906250 0.656250
5478 0.921875 0.656250
5479 0.937500 0.656250
5480 0.953125 0.656250
5481 0.968750 0.656250
5482 0.984375 0.656250
5483 1.000000 0.656250
5484 1.015625 0.656250
5485 1.031250 0.656250
5486 1.046875 0.656250
5487 1.062500 0.656250
5488 1.078125 0.656250
5489 1.093750 0.656250
5490 1.109375 0.656250
5491 1.125000 0.656250
5492 1.140625 0.656250
5493 1.156250 0.656250
5494 1.171875 0.656250
5495 1.187500 0.656250
5496 1.203125 0.656250
5497 1.218750 0.656250
5498 1.234375 0.656250
5499 1.250000 0.656250
5500 1.265625 0.656250
5501 1.281250 0.656250
5502 1.296875 0.656250
5503 1.312500 0.656250
5504 1.328125 0.656250
5505 1.343750 0.656250
5506 1.359375 0.656250
5507 1.375000 0.656250
5508 1.390625 0.656250
5509 1.406250 0.656250
5510 1.421875 0.656250
5511 1.437500 0.656250
5512 1.453125 0.656250
5513 1.468750 0.656250
5514 1.484375 0.656250
5515 1.500000 0.656250
5516 1.515625 0.656250
5517 1.531250 0.656250
5518 1.546875 0.656250
5519 1.562500 0.656250
5520 1.578125 0.656250
5521 1.593750 0.656250
5522 1.609375 0.656250
5523 1.625000 0.656250
5524 1.640625 0.656250
5525 1.656250 0.656250
5526 1.671875 0.656250
5527 1.687500 0.656250
5528 1.703125 0.656250
5529 1.718750 0.656250
5530 1.734375 0.656250
5531 1.750000 0.656250
5532 1.765625 0.656250
5533 1.781250 0.656250
5534 1.796875 0.656250
5535 1.812500 0.656250
5536 1.828125 0.656250
5537 1.843750 0.656250
5538 1.859375 0.656250
5539 1.875000 0.656250
5540 1.890625 0.656250
5541 1.906250 0.656250
5542 1.921875 0.656250
5543 1.937500 0.656250
5544 1.953125 0.656250
5545 1.968750 0.656250
5546 1.984375 0.656250
5547 2.000000 0.656250
5548 0.000000 0.671875
5549 0.015625 0.671875
5550 0.031250 0.671875
5551 0.046875 0.671875
5552 0.062500 0.671875
5553 0.078125 0.671875
5554 0.093750 0.671875
5555 0.109375 0.671875
5556 0.125000 0.671875
5557 0.140625 0.671875
5558 0.156250 0.671875
5559 0.171875 0.671875
5560 0.187500 0.671875
5561 0.203125 0.671875
5562 0.218750 0.671875
5563 0.234375 0.671875
5564 0.250000 0.671875
5565 0.265625 0.671875
5566 0.281250 0.671875
5567 0.296875 0.671875
5568 0.312500 0.671875
5569 0.328125 0.671875
5570 0.343750 0.671875
5571 0.359375 0.671875
5572 0.375000 0.671875
5573 0.390625 0.671875
5574 0.406250 0.671875
5575 0.421875 0.671875
5576 0.437500 0.671875
5577 0.453125 0.671875
5578 0.468750 0.671875
5579 0.484375 0.671875
5580 0.500000 0.671875
5581 0.515625 0.671875
5582 0.531250 0.671875
5583 0.546875 0.671875
5584 0.562500 0.671875
5585 0.578125 0.671875
5586 0.593750 0.671875
5587 0.609375 0.671875
5588 0.625000 0.671875
5589 0.640625 0.671875
5590 0.656250 0.671875
5591 0.671875 0.671875
5592 0.687500 0.671875
5593 0.703125 0.671875
5594 0.718750 0.671875
5595 0.734375 0.671875
5596 0.750000 0.671875
5597 0.765625 0.671875
5598 0.781250 0.671875
5599 0.796875 0.671875
5600 0.812500 0.671875
5601 0.828125 0.671875
5602 0.843750 0.671875
5603 0.859375 0.671875
5604 0.875000 0.671875
5605 0.890625 0.671875
5606 0.906250 0.671875
5607 0.921875 0.671875
5608 0.937500 0.671875
5609 0.953125 0.671875
5610 0.968750 0.671875
5611 0.984375 0.671875
5612 1.000000 0.671875
5613 1.015625 0.671875
5614 1.031250 0.671875
5615 1.046875 0.671875
5616 1.062500 0.671875
5617 1.078125 0.671875
5618 1.093750 0.671875
5619 1.109375 0.671875
5620 1.125000 0.671875
5621 1.140625 0.671875
5622 1.156250 0.671875
5623 1.171875 0.671875
5624 1.187500 0.671875
5625 1.203125 0.671875
5626 1.218750 0.671875
5627 1.234375 0.671875
5628 1.250000 0.671875
5629 1.265625 0.671875
5630 1.281250 0.671875
5631 1.296875 0.671875
5632 1.312500 0.671875
5633 1.328125 0.671875
5634 1.343750 0.671875
5635 1.359375 0.671875
5636 1.375000 0.671875
5637 1.390625 0.671875
5638 1.406250 0.671875
5639 1.421875 0.671875
5640 1.437500 0.671875
5641 1.453125 0.671875
5642 1.468750 0.671875
5643 1.484375 0.671875
5644 1.500000 0.671875
5645 1.515625 0.671875
5646 1.531250 0.671875
5647 1.546875 0.671875
5648 1.562500 0.671875
5649 1.578125 0.671875
5650 1.593750 0.671875
5651 1.609375 0.671875
5652 1.625000 0.671875
5653 1.640625 0.671875
5654 1.656250 0.671875
5655 1.671875 0.671875
5656 1.687500 0.671875
5657 1.703125 0.671875
5658 1.718750 0.671875
5659 1.734375 0.671875
5660 1.750000 0.671875
5661 1.765625 0.671875
5662 1.781250 0.671875
5663 1.796875 0.671875
5664 1.812500 0.671875
5665 1.828125 0.671875
5666 1.843750 0.671875
5667 1.859375 0.671875
5668 1.875000 0.671875
5669 1.890625 0.671875
5670 1.906250 0.671875
5671 1.921875 0.671875
5672 1.937500 0.671875
5673 1.953125 0.671875
5674 1.968750 0.671875
5675 1.984375 0.671875
5676 2.000000 0.671875
5677 0.000000 0.687500
5678 0.015625 0.687500
5679 0.031250 0.687500
5680 0.046875 0.687500
5681 0.062500 0.687500
5682 0.078125 0.687500
5683 0.093750 0.687500
5684 0.109375 0.687500
5685 0.125000 0.687500
5686 0.140625 0.687500
5687 0.156250 0.687500
5688 0.171875 0.687500
5689 0.187500 0.687500
5690 0.203125 0.687500
5691 0.218750 0.687500
5692 0.234375 0.687500
5693 0.250000 0.687500
5694 0.265625 0.687500
5695 0.281250 0.687500
5696 0.296875 0.687500
5697 0.312500 0.687500
5698 0.328125 0.687500
5699 0.343750 0.687500
5700 0.359375 0.687500
5701 0.375000 0.687500
5702 0.390625 0.687500
5703 0.406250 0.687500
5704 0.421875 0.687500
5705 0.437500 0.687500
5706 0.453125 0.687500
5707 0.468750 0.687500
5708 0.484375 0.687500
5709 0.500000 0.687500
5710 0.515625 0.687500
5711 0.531250 0.687500
5712 0.546875 0.687500
5713 0.562500 0.687500
5714 0.578125 0.687500
5715 0.593750 0.687500
5716 0.609375 0.687500
5717 0.625000 0.687500
5718 0.640625 0.687500
5719 0.656250 0.687500
5720 0.671875 0.687500
5721 0.687500 0.687500
5722 0.703125 0.687500
5723 0.718750 0.687500
5724 0.734375 0.687500
5725 0.750000 0.687500
5726 0.765625 0.687500
5727 0.781250 0.687500
5728 0.796875 0.687500
5729 0.812500 0.687500
5730 0.828125 0.687500
5731 0.843750 0.687500
5732 0.859375 0.687500
5733 0.875000 0.687500
5734 0.890625 0.687500
5735 0.906250 0.687500
5736 0.921875 0.687500
5737 0.937500 0.687500
5738 0.953125 0.687500
5739 0.968750 0.687500
5740 0.984375 0.687500
5741 1.000000 0.687500
5742 1.015625 0.687500
5743 1.031250 0.687500
5744 1.046875 0.687500
5745 1.062500 0.687500
5746 1.078125 0.687500
5747 1.093750 0.687500
5748 1.109375 0.687500
5749 1.125000 0.687500
5750 1.140625 0.687500
5751 1.156250 0.687500
5752 1.171875 0.687500
5753 1.187500 0.687500
5754 1.203125 0.687500
5755 1.218750 0.687500
5756 1.234375 0.687500
5757 1.250000 0.687500
5758 1.265625 0.687500
5759 1.281250 0.687500
5760 1.296875 0.687500
5761 1.312500 0.687500
5762 1.328125 0.687500
5763 1.343750 0.687500
5764 1.359375 0.687500
5765 1.375000 0.687500
5766 1.390625 0.687500
5767 1.406250 0.687500
5768 1.421875 0.687500
5769 1.437500 0.687500
5770 1.453125 0.687500
5771 1.468750 0.687500
5772 1.484375 0.687500
5773 1.500000 0.687500
5774 1.515625 0.687500
5775 1.531250 0.687500
5776 1.546875 0.687500
5777 1.562500 0.687500
5778 1.578125 0.687500
5779 1.593750 0.687500
5780 1.609375 0.687500
5781 1.625000 0.687500
5782 1.640625 0.687500
5783 1.656250 0.687500
5784 1.671875 0.687500
5785 1.687500 0.687500
5786 1.703125 0.687500
5787 1.718750 0.687500
5788 1.734375 0.687500
5789 1.750000 0.687500
5790 1.765625 0.687500
5791 1.781250 0.687500
5792 1.796875 0.687500
5793 1.812500 0.687500
5794 1.828125 0.687500
5795 1.843750 0.687500
5796 1.859375 0.687500
5797 1.875000 0.687500
5798 1.890625 0.687500
5799 1.906250 0.687500
5800 1.921875 0.687500
5801 1.937500 0.687500
5802 1.953125 0.687500
5803 1.968750 0.687500
5804 1.984375 0.687500
5805 2.000000 0.687500
5806 0.000000 0.703125
5807 0.015625 0.703125
5808 0.031250 0.703125
5809 0.046875 0.703125
5810 0.062500 0.703125
5811 0.078125 0.703125
5812 0.093750 0.703125
5813 0.109375 0.703125
5814 0.125000 0.703125
5815 0.140625 0.703125
5816 0.156250 0.703125
5817 0.171875 0.703125
5818 0.187500 0.703125
5819 0.203125 0.703125
5820 0.218750 0.703125
5821 0.234375 0.703125
5822 0.250000 0.703125
5823 0.265625 0.703125
5824 0.281250 0.703125
5825 0.296875 0.703125
5826 0.312500 0.703125
5827 0.328125 0.703125
5828 0.343750 0.703125
5829 0.359375 0.703125
5830 0.375000 0.703125
5831 0.390625 0.703125
5832 0.406250 0.703125
5833 0.421875 0.703125
5834 0.437500 0.703125
5835 0.453125 0.703125
5836 0.468750 0.703125
5837 0.484375 0.703125
5838 0.500000 0.703125
5839 0.515625 0.703125
5840 0.531250 0.703125
5841 0.546875 0.703125
5842 0.562500 0.703125
5843 0.578125 0.703125
5844 0.593750 0.703125
5845 0.609375 0.703125
5846 0.625000 0.703125
5847 0.640625 0.703125
5848 0.656250 0.703125
5849 0.671875 0.703125
5850 0.687500 0.703125
5851 0.703125 0.703125
5852 0.718750 0.703125
5853 0.734375 0.703125
5854 0.750000 0.703125
5855 0.765625 0.703125
5856 0.781250 0.703125
5857 0.796875 0.703125
5858 0.812500 0.703125
5859 0.828125 0.703125
5860 0.843750 0.703125
5861 0.859375 0.703125
5862 0.875000 0.703125
5863 0.890625 0.703125
5864 0.906250 0.703125
5865 0.921875 0.703125
5866 0.937500 0.703125
5867 0.953125 0.703125
5868 0.968750 0.703125
5869 0.984375 0.703125
5870 1.000000 0.703125
5871 1.015625 0.703125
5872 1.031250 0.703125
5873 1.046875 0.703125
5874 1.062500 0.703125
5875 1.078125 0.703125
5876 1.093750 0.703125
5877 1.109375 0.703125
5878 1.125000 0.703125
5879 1.140625 0.703125
5880 1.156250 0.703125
5881 1.171875 0.703125
5882 1.187500 0.703125
5883 1.203125 0.703125
5884 1.218750 0.703125
5885 1.234375 0.703125
5886 1.250000 0.703125
5887 1.265625 0.703125
5888 1.281250 0.703125
5889 1.296875 0.703125
5890 1.312500 0.703125
5891 1.328125 0.703125
5892 1.343750 0.703125
5893 1.359375 0.703125
5894 1.375000 0.703125
5895 1.390625 0.703125
5896 1.406250 0.703125
5897 1.421875 0.703125
5898 1.437500 0.703125
5899 1.453125 0.703125
5900 1.468750 0.703125
5901 1.484375 0.703125
5902 1.500000 0.703125
5903 1.515625 0.703125
5904 1.531250 0.703125
5905 1.546875 0.703125
5906 1.562500 0.703125
5907 1.578125 0.703125
5908 1.593750 0.703125
5909 1.609375 0.703125
5910 1.625000 0.703125
5911 1.640625 0.703125
5912 1.656250 0.703125
5913 1.671875 0.703125
5914 1.687500 0.703125
5915 1.703125 0.703125
5916 1.718750 0.703125
5917 1.734375 0.703125
5918 1.750000 0.703125
5919 1.765625 0.703125
5920 1.781250 0.703125
5921 1.796875 0.703125
5922 1.812500 0.703125
5923 1.828125 0.703125
5924 1.843750 0.703125
5925 1.859375 0.703125
5926 1.875000 0.703125
5927 1.890625 0.703125
5928 1.906250 0.703125
5929 1.921875 0.703125
5930 1.937500 0.703125
5931 1.953125 0.703125
5932 1.968750 0.703125
5933 1.984375 0.703125
5934 2.000000 0.703125
5935 0.000000 0.718750
5936 0.015625 0.718750
5937 0.031250 0.718750
5938 0.046875 0.718750
5939 0.062500 0.718750
5940 0.078125 0.718750
5941 0.093750 0.718750
5942 0.109375 0.718750
5943 0.125000 0.718750
5944 0.140625 0.718750
5945 0.156250 0.718750
5946 0.171875 0.718750
5947 0.187500 0.718750
5948 0.203125 0.718750
5949 0.218750 0.718750
5950 0.234375 0.718750
5951 0.250000 0.718750
5952 0.265625 0.718750
5953 0.281250 0.718750
5954 0.296875 0.718750
5955 0.312500 0.718750
5956 0.328125 0.718750
5957 0.343750 0.718750
5958 0.359375 0.718750
5959 0.375000 0.718750
5960 0.390625 0.718750
5961 0.406250 0.718750
5962 0.421875 0.718750
5963 0.437500 0.718750
5964 0.453125 0.718750
5965 0.468750 0.718750
5966 0.484375 0.718750
5967 0.500000 0.718750
5968 0.515625 0.718750
5969 0.531250 0.718750
5970 0.546875 0.718750
5971 0.562500 0.718750
5972 0.578125 0.718750
5973 0.593750 0.718750
5974 0.609375 0.718750
5975 0.625000 0.718750
5976 0.640625 0.718750
5977 0.656250 0.718750
5978 0.671875 0.718750
5979 0.687500 0.718750
5980 0.703125 0.718750
5981 0.718750 0.718750
5982 0.734375 0.718750
5983 0.750000 0.718750
5984 0.765625 0.718750
5985 0.781250 0.718750
5986 0.796875 0.718750
5987 0.812500 0.718750
5988 0.828125 0.718750
5989 0.843750 0.718750
5990 0.859375 0.718750
5991 0.875000 0.718750
5992 0.890625 0.718750
5993 0.906250 0.718750
5994 0.921875 0.718750
5995 0.937500 0.718750
5996 0.953125 0.718750
5997 0.968750 0.718750
5998 0.984375 0.718750
5999 1.000000 0.718750
6000 1.015625 0.718750
6001 1.031250 0.718750
6002 1.046875 0.718750
6003 1.062500 0.718750
6004 1.078125 0.718750
6005 1.093750 0.718750
6006 1.109375 0.718750
6007 1.125000 0.718750
6008 1.140625 0.718750
6009 1.156250 0.718750
6010 1.171875 0.718750
6011 1.187500 0.718750
6012 1.203125 0.718750
6013 1.218750 0.718750
6014 1.234375 0.718750
6015 1.250000 0.718750
6016 1.265625 0.718750
6017 1.281250 0.718750
6018 1.296875 0.718750
6019 1.312500 0.718750
6020 1.328125 0.718750
6021 1.343750 0.718750
6022 1.359375 0.718750
6023 1.375000 0.718750
6024 1.390625 0.718750
6025 1.406250 0.718750
6026 1.421875 0.718750
6027 1.437500 0.718750
6028 1.453125 0.718750
6029 1.468750 0.718750
6030 1.484375 0.718750
6031 1.500000 0.718750
6032 1.515625 0.718750
6033 1.531250 0.718750
6034 1.546875 0.718750
6035 1.562500 0.718750
6036 1.578125 0.718750
6037 1.593750 0.718750
6038 1.609375 0.718750
6039 1.625000 0.718750
6040 1.640625 0.718750
6041 1.656250 0.718750
6042 1.671875 0.718750
6043 1.687500 0.718750
6044 1.703125 0.718750
6045 1.718750 0.718750
6046 1.734375 0.718750
6047 1.750000 0.718750
6048 1.765625 0.718750
6049 1.781250 0.718750
6050 1.796875 0.718750
6051 1.812500 0.718750
6052 1.828125 0.718750
6053 1.843750 0.718750
6054 1.859375 0.718750
6055 1.875000 0.718750
6056 1.890625 0.718750
6057 1.906250 0.718750
6058 1.921875 0.718750
6059 1.937500 0.718750
6060 1.953125 0.718750
6061 1.968750 0.718750
6062 1.984375 0.718750
6063 2.000000 0.718750
6064 0.000000 0.734375
6065 0.015625 0.734375
6066 0.031250 0.734375
6067 0.046875 0.734375
6068 0.062500 0.734375
6069 0.078125 0.734375
6070 0.093750 0.734375
6071 0.109375 0.734375
6072 0.125000 0.734375
6073 0.140625 0.734375
6074 0.156250 0.734375
6075 0.171875 0.734375
6076 0.187500 0.734375
6077 0.203125 0.734375
6078 0.218750 0.734375
6079 0.234375 0.734375
6080 0.250000 0.734375
6081 0.265625 0.734375
6082 0.281250 0.734375
6083 0.296875 0.734375
6084 0.312500 0.734375
6085 0.328125 0.734375
6086 0.343750 0.734375
6087 0.359375 0.734375
6088 0.375000 0.734375
6089 0.390625 0.734375
6090 0.406250 0.734375
6091 0.421875 0.734375
6092 0.437500 0.734375
6093 0.453125 0.734375
6094 0.468750 0.734375
6095 0.484375 0.734375
6096 0.500000 0.734375
6097 0.515625 0.734375
6098 0.531250 0.734375
6099 0.546875 0.734375
6100 0.562500 0.734375
6101 0.578125 0.734375
6102 0.593750 0.734375
6103 0.609375 0.734375
6104 0.625000 0.734375
6105 0.640625 0.734375
6106 0.656250 0.734375
6107 0.671875 0.734375
6108 0.687500 0.734375
6109 0.703125 0.734375
6110 0.718750 0.734375
6111 0.734375 0.734375
6112 0.750000 0.734375
6113 0.765625 0.734375
6114 0.781250 0.734375
6115 0.796875 0.734375
6116 0.812500 0.734375
6117 0.828125 0.734375
6118 0.843750 0.734375
6119 0.859375 0.734375
6120 0.875000 0.734375
6121 0.890625 0.734375
6122 0.906250 0.734375
6123 0.921875 0.734375
6124 0.937500 0.734375
6125 0.953125 0.734375
6126 0.968750 0.734375
6127 0.984375 0.734375
6128 1.000000 0.734375
6129 1.015625 0.734375
6130 1.031250 0.734375
6131 1.046875 0.734375
6132 1.062500 0.734375
6133 1.078125 0.734375
6134 1.093750 0.734375
6135 1.109375 0.734375
6136 1.125000 0.734375
6137 1.140625 0.734375
6138 1.156250 0.734375
6139 1.171875 0.734375
6140 1.187500 0.734375
6141 1.203125 0.734375
6142 1.218750 0.734375
6143 1.234375 0.734375
6144 1.250000 0.734375
6145 1.265625 0.734375
6146 1.281250 0.734375
6147 1.296875 0.734375
6148 1.312500 0.734375
6149 1.328125 0.734375
6150 1.343750 0.734375
6151 1.359375 0.734375
6152 1.375000 0.734375
6153 1.390625 0.734375
6154 1.406250 0.734375
6155 1.421875 0.734375
6156 1.437500 0.734375
6157 1.453125 0.734375
6158 1.468750 0.734375
6159 1.484375 0.734375
6160 1.500000 0.734375
6161 1.515625 0.734375
6162 1.531250 0.734375
6163 1.546875 0.734375
6164 1.562500 0.734375
6165 1.578125 0.734375
6166 1.593750 0.734375
6167 1.609375 0.734375
6168 1.625000 0.734375
6169 1.640625 0.734375
6170 1.656250 0.734375
6171 1.671875 0.734375
6172 1.687500 0.734375
6173 1.703125 0.734375
6174 1.718750 0.734375
6175 1.734375 0.734375
6176 1.750000 0.734375
6177 1.765625 0.734375
6178 1.781250 0.734375
6179 1.796875 0.734375
6180 1.812500 0.734375
6181 1.828125 0.734375
6182 1.843750 0.734375
6183 1.859375 0.734375
6184 1.875000 0.734375
6185 1.890625 0.734375
6186 1.906250 0.734375
6187 1.921875 0.734375
6188 1.937500 0.734375
6189 1.953125 0.734375
6190 1.968750 0.734375
6191 1.984375 0.734375
6192 2.000000 0.734375
6193 0.000000 0.750000
6194 0.015625 0.750000
6195 0.031250 0.750000
6196 0.046875 0.750000
6197 0.062500 0.750000
6198 0.078125 0.750000
6199 0.093750 0.750000
6200 0.109375 0.750000
6201 0.125000 0.750000
6202 0.140625 0.750000
6203 0.156250 0.750000
6204 0.171875 0.750000
6205 0.187500 0.750000
6206 0.203125 0.750000
6207 0.218750 0.750000
6208 0.234375 0.750000
6209 0.250000 0.750000
6210 0.265625 0.750000
6211 0.281250 0.750000
6212 0.296875 0.750000
6213 0.312500 0.750000
6214 0.328125 0.750000
6215 0.343750 0.750000
6216 0.359375 0.750000
6217 0.375000 0.750000
6218 0.390625 0.750000
6219 0.406250 0.750000
6220 0.421875 0.750000
6221 0.437500 0.750000
6222 0.453125 0.750000
6223 0.468750 0.750000
6224 0.484375 0.750000
6225 0.500000 0.750000
6226 0.515625 0.750000
6227 0.531250 0.750000
6228 0.546875 0.750000
6229 0.562500 0.750000
6230 0.578125 0.750000
6231 0.593750 0.750000
6232 0.609375 0.750000
6233 0.625000 0.750000
6234 0.640625 0.750000
6235 0.656250 0.750000
6236 0.671875 0.750000
6237 0.687500 0.750000
6238 0.703125 0.750000
6239 0.718750 0.750000
6240 0.734375 0.750000
6241 0.750000 0.750000
6242 0.765625 0.750000
6243 0.781250 0.750000
6244 0.796875 0.750000
6245 0.812500 0.750000
6246 0.828125 0.750000
6247 0.843750 0.750000
6248 0.859375 0.750000
6249 0.875000 0.750000
6250 0.890625 0.750000
6251 0.906250 0.750000
6252 0.921875 0.750000
6253 0.937500 0.750000
6254 0.953125 0.750000
6255 0.968750 0.750000
6256 0.984375 0.750000
6257 1.000000 0.750000
6258 1.015625 0.750000
6259 1.031250 0.750000
6260 1.046875 0.750000
6261 1.062500 0.750000
6262 1.078125 0.750000
6263 1.093750 0.750000
6264 1.109375 0.750000
6265 1.125000 0.750000
6266 1.140625 0.750000
6267 1.156250 0.750000
6268 1.171875 0.750000
6269 1.187500 0.750000
6270 1.203125 0.750000
6271 1.218750 0.750000
6272 1.234375 0.750000
6273 1.250000 0.750000
6274 1.265625 0.750000
6275 1.281250 0.750000
6276 1.296875 0.750000
6277 1.312500 0.750000
6278 1.328125 0.750000
6279 1.343750 0.750000
6280 1.359375 0.750000
6281 1.375000 0.750000
6282 1.390625 0.750000
6283 1.406250 0.750000
6284 1.421875 0.750000
6285 1.437500 0.750000
6286 1.453125 0.750000
6287 1.468750 0.750000
6288 1.484375 0.750000
6289 1.500000 0.750000
6290 1.515625 0.750000
6291 1.531250 0.750000
6292 1.546875 0.750000
6293 1.562500 0.750000
6294 1.578125 0.750000
6295 1.593750 0.750000
6296 1.609375 0.750000
6297 1.625000 0.750000
6298 1.640625 0.750000
6299 1.656250 0.750000
6300 1.671875 0.750000
6301 1.687500 0.750000
6302 1.703125 0.750000
6303 1.718750 0.750000
6304 1.734375 0.750000
6305 1.750000 0.750000
6306 1.765625 0.750000
6307 1.781250 0.750000
6308 1.796875 0.750000
6309 1.812500 0.750000
6310 1.828125 0.750000
6311 1.843750 0.750000
6312 1.859375 0.750000
6313 1.875000 0.750000
6314 1.890625 0.750000
6315 1.906250 0.750000
6316 1.921875 0.750000
6317 1.937500 0.750000
6318 1.953125 0.750000
6319 1.968750 0.750000
6320 1.984375 0.750000
6321 2.000000 0.750000
6322 0.000000 0.765625
6323 0.015625 0.765625
6324 0.031250 0.765625
6325 0.046875 0.765625
6326 0.062500 0.765625
6327 0.078125 0.765625
6328 0.093750 0.765625
6329 0.109375 0.765625
6330 0.125000 0.765625
6331 0.140625 0.765625
6332 0.156250 0.765625
6333 0.171875 0.765625
6334 0.187500 0.765625
6335 0.203125 0.765625
6336 0.218750 0.765625
6337 0.234375 0.765625
6338 0.250000 0.765625
6339 0.265625 0.765625
6340 0.281250 0.765625
6341 0.296875 0.765625
6342 0.312500 0.765625
6343 0.328125 0.765625
6344 0.343750 0.765625
6345 0.359375 0.765625
6346 0.375000 0.765625
6347 0.390625 0.765625
6348 0.406250 0.765625
6349 0.421875 0.765625
6350 0.437500 0.765625
6351 0.453125 0.765625
6352 0.468750 0.765625
6353 0.484375 0.765625
6354 0.500000 0.765625
6355 0.515625 0.765625
6356 0.531250 0.765625
6357 0.546875 0.765625
6358 0.562500 0.765625
6359 0.578125 0.765625
6360 0.593750 0.765625
6361 0.609375 0.765625
6362 0.625000 0.765625
6363 0.640625 0.765625
6364 0.656250 0.765625
6365 0.671875 0.765625
6366 0.687500 0.765625
6367 0.703125 0.765625
6368 0.718750 0.765625
6369 0.734375 0.765625
6370 0.750000 0.765625
6371 0.765625 0.765625
6372 0.781250 0.765625
6373 0.796875 0.765625
6374 0.812500 0.765625
6375 0.828125 0.765625
6376 0.843750 0.765625
6377 0.859375 0.765625
6378 0.875000 0.765625
6379 0.890625 0.765625
6380 0.906250 0.765625
6381 0.921875 0.765625
6382 0.937500 0.765625
6383 0.953125 0.765625
6384 0.968750 0.765625
6385 0.984375 0.765625
6386 1.000000 0.765625
6387 1.015625 0.765625
6388 1.031250 0.765625
6389 1.046875 0.765625
6390 1.062500 0.765625
6391 1.078125 0.765625
6392 1.093750 0.765625
6393 1.109375 0.765625
6394 1.125000 0.765625
6395 1.140625 0.765625
6396 1.156250 0.765625
6397 1.171875 0.765625
6398 1.187500 0.765625
6399 1.203125 0.765625
6400 1.218750 0.765625
6401 1.234375 0.765625
6402 1.250000 0.765625
6403 1.265625 0.765625
6404 1.281250 0.765625
6405 1.296875 0.765625
6406 1.312500 0.765625
6407 1.328125 0.765625
6408 1.343750 0.765625
6409 1.359375 0.765625
6410 1.375000 0.765625
6411 1.390625 0.765625
6412 1.406250 0.765625
6413 1.421875 0.765625
6414 1.437500 0.765625
6415 1.453125 0.765625
6416 1.468750 0.765625
6417 1.484375 0.765625
6418 1.500000 0.765625
6419 1.515625 0.765625
6420 1.531250 0.765625
6421 1.546875 0.765625
6422 1.562500 0.765625
6423 1.578125 0.765625
6424 1.593750 0.765625
6425 1.609375 0.765625
6426 1.625000 0.765625
6427 1.640625 0.765625
6428 1.656250 0.765625
6429 1.671875 0.765625
6430 1.687500 0.765625
6431 1.703125 0.765625
6432 1.718750 0.765625
6433 1.734375 0.765625
6434 1.750000 0.765625
6435 1.765625 0.765625
6436 1.781250 0.765625
6437 1.796875 0.765625
6438 1.812500 0.765625
6439 1.828125 0.765625
6440 1.843750 0.765625
6441 1.859375 0.765625
6442 1.875000 0.765625
6443 1.890625 0.765625
6444 1.906250 0.765625
6445 1.921875 0.765625
6446 1.937500 0.765625
6447 1.953125 0.765625
6448 1.968750 0.765625
6449 1.984375 0.765625
6450 2.000000 0.765625
6451 0.000000 0.781250
6452 0.015625 0.781250
6453 0.031250 0.781250
6454 0.046875 0.781250
6455 0.062500 0.781250
6456 0.078125 0.781250
6457 0.093750 0.781250
6458 0.109375 0.781250
6459 0.125000 0.781250
6460 0.140625 0.781250
6461 0.156250 0.781250
6462 0.171875 0.781250
6463 0.187500 0.781250
6464 0.203125 0.781250
6465 0.218750 0.781250
6466 0.234375 0.781250
6467 0.250000 0.781250
6468 0.265625 0.781250
6469 0.281250 0.781250
6470 0.296875 0.781250
6471 0.312500 0.781250
6472 0.328125 0.781250
6473 0.343750 0.781250
6474 0.359375 0.781250
6475 0.375000 0.781250
6476 0.390625 0.781250
6477 0.406250 0.781250
6478 0.421875 0.781250
6479 0.437500 0.781250
6480 0.453125 0.781250
6481 0.468750 0.781250
6482 0.484375 0.781250
6483 0.500000 0.781250
6484 0.515625 0.781250
6485 0.531250 0.781250
6486 0.546875 0.781250
6487 0.562500 0.781250
6488 0.578125 0.781250
6489 0.593750 0.781250
6490 0.609375 0.781250
6491 0.625000 0.781250
6492 0.640625 0.781250
6493 0.656250 0.781250
6494 0.671875 0.781250
6495 0.687500 0.781250
6496 0.703125 0.781250
6497 0.718750 0.781250
6498 0.734375 0.781250
6499 0.750000 0.781250
6500 0.765625 0.781250
6501 0.781250 0.781250
6502 0.796875 0.781250
6503 0.812500 0.781250
6504 0.828125 0.781250
6505 0.843750 0.781250
6506 0.859375 0.781250
6507 0.875000 0.781250
6508 0.890625 0.781250
6509 0.906250 0.781250
6510 0.921875 0.781250
6511 0.937500 0.781250
6512 0.953125 0.781250
6513 0.968750 0.781250
6514 0.984375 0.781250
6515 1.000000 0.781250
6516 1.015625 0.781250
6517 1.031250 0.781250
6518 1.046875 0.781250
6519 1.062500 0.781250
6520 1.078125 0.781250
6521 1.093750 0.781250
6522 1.109375 0.781250
6523 1.125000 0.781250
6524 1.140625 0.781250
6525 1.156250 0.781250
6526 1.171875 0.781250
6527 1.187500 0.781250
6528 1.203125 0.781250
6529 1.218750 0.781250
6530 1.234375 0.781250
6531 1.250000 0.781250
6532 1.265625 0.781250
6533 1.281250 0.781250
6534 1.296875 0.781250
6535 1.312500 0.781250
6536 1.328125 0.781250
6537 1.343750 0.781250
6538 1.359375 0.781250
6539 1.375000 0.781250
6540 1.390625 0.781250
6541 1.406250 0.781250
6542 1.421875 0.781250
6543 1.437500 0.781250
6544 1.453125 0.781250
6545 1.468750 0.781250
6546 1.484375 0.781250
6547 1.500000 0.781250
6548 1.515625 0.781250
6549 1.531250 0.781250
6550 1.546875 0.781250
6551 1.562500 0.781250
6552 1.578125 0.781250
6553 1.593750 0.781250
6554 1.609375 0.781250
6555 1.625000 0.781250
6556 1.640625 0.781250
6557 1.656250 0.781250
6558 1.671875 0.781250
6559 1.687500 0.781250
6560 1.703125 0.781250
6561 1.718750 0.781250
6562 1.734375 0.781250
6563 1.750000 0.781250
6564 1.765625 0.781250
6565 1.781250 0.781250
6566 1.796875 0.781250
6567 1.812500 0.781250
6568 1.828125 0.781250
6569 1.843750 0.781250
6570 1.859375 0.781250
6571 1.875000 0.781250
6572 1.890625 0.781250
6573 1.906250 0.781250
6574 1.921875 0.781250
6575 1.937500 0.781250
6576 1.953125 0.781250
6577 1.968750 0.781250
6578 1.984375 0.781250
6579 2.000000 0.781250
6580 0.000000 0.796875
6581 0.015625 0.796875
6582 0.031250 0.796875
6583 0.046875 0.796875
6584 0.062500 0.796875
6585 0.078125 0.796875
6586 0.093750 0.796875
6587 0.109375 0.796875
6588 0.125000 0.796875
6589 0.140625 0.796875
6590 0.156250 0.796875
6591 0.171875 0.796875
6592 0.187500 0.796875
6593 0.203125 0.796875
6594 0.218750 0.796875
6595 0.234375 0.796875
6596 0.250000 0.796875
6597 0.265625 0.796875
6598 0.281250 0.796875
6599 0.296875 0.796875
6600 0.312500 0.796875
6601 0.328125 0.796875
6602 0.343750 0.796875
6603 0.359375 0.796875
6604 0.375000 0.796875
6605 0.390625 0.796875
6606 0.406250 0.796875
6607 0.421875 0.796875
6608 0.437500 0.796875
6609 0.453125 0.796875
6610 0.468750 0.796875
6611 0.484375 0.796875
6612 0.500000 0.796875
6613 0.515625 0.796875
6614 0.531250 0.796875
6615 0.546875 0.796875
6616 0.562500 0.796875
6617 0.578125 0.796875
6618 0.593750 0.796875
6619 0.609375 0.796875
6620 0.625000 0.796875
6621 0.640625 0.796875
6622 0.656250 0.796875
6623 0.671875 0.796875
6624 0.687500 0.796875
6625 0.703125 0.796875
6626 0.718750 0.796875
6627 0.734375 0.796875
6628 0.750000 0.796875
6629 0.765625 0.796875
6630 0.781250 0.796875
6631 0.796875 0.796875
6632 0.812500 0.796875
6633 0.828125 0.796875
6634 0.843750 0.796875
6635 0.859375 0.796875
6636 0.875000 0.796875
6637 0.890625 0.796875
6638 0.906250 0.796875
6639 0.921875 0.796875
6640 0.937500 0.796875
6641 0.953125 0.796875
6642 0.968750 0.796875
6643 0.984375 0.796875
6644 1.000000 0.796875
6645 1.015625 0.796875
6646 1.031250 0.796875
6647 1.046875 0.796875
6648 1.062500 0.796875
6649 1.078125 0.796875
6650 1.093750 0.796875
6651 1.109375 0.796875
6652 1.125000 0.796875
6653 1.140625 0.796875
6654 1.156250 0.796875
6655 1.171875 0.796875
6656 1.187500 0.796875
6657 1.203125 0.796875
6658 1.218750 0.796875
6659 1.234375 0.796875
6660 1.250000 0.796875
6661 1.265625 0.796875
6662 1.281250 0.796875
6663 1.296875 0.796875
6664 1.312500 0.796875
6665 1.328125 0.796875
6666 1.343750 0.796875
6667 1.359375 0.796875
6668 1.375000 0.796875
6669 1.390625 0.796875
6670 1.406250 0.796875
6671 1.421875 0.796875
6672 1.437500 0.796875
6673 1.453125 0.796875
6674 1.468750 0.796875
6675 1.484375 0.796875
6676 1.500000 0.796875
6677 1.515625 0.796875
6678 1.531250 0.796875
6679 1.546875 0.796875
6680 1.562500 0.796875
6681 1.578125 0.796875
6682 1.593750 0.796875
6683 1.609375 0.796875
6684 1.625000 0.796875
6685 1.640625 0.796875
6686 1.656250 0.796875
6687 1.671875 0.796875
6688 1.687500 0.796875
6689 1.703125 0.796875
6690 1.718750 0.796875
6691 1.734375 0.796875
6692 1.750000 0.796875
6693 1.765625 0.796875
6694 1.781250 0.796875
6695 1.796875 0.796875
6696 1.812500 0.796875
6697 1.828125 0.796875
6698 1.843750 0.796875
6699 1.859375 0.796875
6700 1.875000 0.796875
6701 1.890625 0.796875
6702 1.906250 0.796875
6703 1.921875 0.796875
6704 1.937500 0.796875
6705 1.953125 0.796875
6706 1.968750 0.796875
6707 1.984375 0.796875
6708 2.000000 0.796875
6709 0.000000 0.812500
6710 0.015625 0.812500
6711 0.031250 0.812500
6712 0.046875 0.812500
6713 0.062500 0.812500
6714 0.078125 0.812500
6715 0.093750 0.812500
6716 0.109375 0.812500
6717 0.125000 0.812500
6718 0.140625 0.812500
6719 0.156250 0.812500
6720 0.171875 0.812500
6721 0.187500 0.812500
6722 0.203125 0.812500
6723 0.218750 0.812500
6724 0.234375 0.812500
6725 0.250000 0.812500
6726 0.265625 0.812500
6727 0.281250 0.812500
6728 0.296875 0.812500
6729 0.312500 0.812500
6730 0.328125 0.812500
6731 0.343750 0.812500
6732 0.359375 0.812500
6733 0.375000 0.812500
6734 0.390625 0.812500
6735 0.406250 0.812500
6736 0.421875 0.812500
6737 0.437500 0.812500
6738 0.453125 0.812500
6739 0.468750 0.812500
6740 0.484375 0.812500
6741 0.500000 0.812500
6742 0.515625 0.812500
6743 0.531250 0.812500
6744 0.546875 0.812500
6745 0.562500 0.812500
6746 0.578125 0.812500
6747 0.593750 0.812500
6748 0.609375 0.812500
6749 0.625000 0.812500
6750 0.640625 0.812500
6751 0.656250 0.812500
6752 0.671875 0.812500
6753 0.687500 0.812500
6754 0.703125 0.812500
6755 0.718750 0.812500
6756 0.734375 0.812500
6757 0.750000 0.812500
6758 0.765625 0.812500
6759 0.781250 0.812500
6760 0.796875 0.812500
6761 0.812500 0.812500
6762 0.828125 0.812500
6763 0.843750 0.812500
6764 0.859375 0.812500
6765 0.875000 0.812500
6766 0.890625 0.812500
6767 0.906250 0.812500
6768 0.921875 0.812500
6769 0.937500 0.812500
6770 0.953125 0.812500
6771 0.968750 0.812500
6772 0.984375 0.812500
6773 1.000000 0.812500
6774 1.015625 0.812500
6775 1.031250 0.812500
6776 1.046875 0.812500
6777 1.062500 0.812500
6778 1.078125 0.812500
6779 1.093750 0.812500
6780 1.109375 0.812500
6781 1.125000 0.812500
6782 1.140625 0.812500
6783 1.156250 0.812500
6784 1.171875 0.812500
6785 1.187500 0.812500
6786 1.203125 0.812500
6787 1.218750 0.812500
6788 1.234375 0.812500
6789 1.250000 0.812500
6790 1.265625 0.812500
6791 1.281250 0.812500
6792 1.296875 0.812500
6793 1.312500 0.812500
6794 1.328125 0.812500
6795 1.343750 0.812500
6796 1.359375 0.812500
6797 1.375000 0.812500
6798 1.390625 0.812500
6799 1.406250 0.812500
6800 1.421875 0.812500
6801 1.437500 0.812500
6802 1.453125 0.812500
6803 1.468750 0.812500
6804 1.484375 0.812500
6805 1.500000 0.812500
6806 1.515625 0.812500
6807 1.531250 0.812500
6808 1.546875 0.812500
6809 1.562500 0.812500
6810 1.578125 0.812500
6811 1.593750 0.812500
6812 1.609375 0.812500
6813 1.625000 0.812500
6814 1.640625 0.812500
6815 1.656250 0.812500
6816 1.671875 0.812500
6817 1.687500 0.812500
6818 1.703125 0.812500
6819 1.718750 0.812500
6820 1.734375 0.812500
6821 1.750000 0.812500
6822 1.765625 0.812500
6823 1.781250 0.812500
6824 1.796875 0.812500
6825 1.812500 0.812500
6826 1.828125 0.812500
6827 1.843750 0.812500
6828 1.859375 0.812500
6829 1.875000 0.812500
6830 1.890625 0.812500
6831 1.906250 0.812500
6832 1.921875 0.812500
6833 1.937500 0.812500
6834 1.953125 0.812500
6835 1.968750 0.812500
6836 1.984375 0.812500
6837 2.000000 0.812500
6838 0.000000 0.828125
6839 0.015625 0.828125
6840 0.031250 0.828125
6841 0.046875 0.828125
6842 0.062500 0.828125
6843 0.078125 0.828125
6844 0.093750 0.828125
6845 0.109375 0.828125
6846 0.125000 0.828125
6847 0.140625 0.828125
6848 0.156250 0.828125
6849 0.171875 0.828125
6850 0.187500 0.828125
6851 0.203125 0.828125
6852 0.218750 0.828125
6853 0.234375 0.828125
6854 0.250000 0.828125
6855 0.265625 0.828125
6856 0.281250 0.828125
6857 0.296875 0.828125
6858 0.312500 0.828125
6859 0.328125 0.828125
6860 0.343750 0.828125
6861 0.359375 0.828125
6862 0.375000 0.828125
6863 0.390625 0.828125
6864 0.406250 0.828125
6865 0.421875 0.828125
6866 0.437500 0.828125
6867 0.453125 0.828125
6868 0.468750 0.828125
6869 0.484375 0.828125
6870 0.500000 0.828125
6871 0.515625 0.828125
6872 0.531250 0.828125
6873 0.546875 0.828125
6874 0.562500 0.828125
6875 0.578125 0.828125
6876 0.593750 0.828125
6877 0.609375 0.828125
6878 0.625000 0.828125
6879 0.640625 0.828125
6880 0.656250 0.828125
6881 0.671875 0.828125
6882 0.687500 0.828125
6883 0.703125 0.828125
6884 0.718750 0.828125
6885 0.734375 0.828125
6886 0.750000 0.828125
6887 0.765625 0.828125
6888 0.781250 0.828125
6889 0.796875 0.828125
6890 0.812500 0.828125
6891 0.828125 0.828125
6892 0.843750 0.828125
6893 0.859375 0.828125
6894 0.875000 0.828125
6895 0.890625 0.828125
6896 0.906250 0.828125
6897 0.921875 0.828125
6898 0.937500 0.828125
6899 0.953125 0.828125
6900 0.968750 0.828125
6901 0.984375 0.828125
6902 1.000000 0.828125
6903 1.015625 0.828125
6904 1.031250 0.828125
6905 1.046875 0.828125
6906 1.062500 0.828125
6907 1.078125 0.828125
6908 1.093750 0.828125
6909 1.109375 0.828125
6910 1.125000 0.828125
6911 1.140625 0.828125
6912 1.156250 0.828125
6913 1.171875 0.828125
6914 1.187500 0.828125
6915 1.203125 0.828125
6916 1.218750 0.828125
6917 1.234375 0.828125
6918 1.250000 0.828125
6919 1.265625 0.828125
6920 1.281250 0.828125
6921 1.296875 0.828125
6922 1.312500 0.828125
6923 1.328125 0.828125
6924 1.343750 0.828125
6925 1.359375 0.828125
6926 1.375000 0.828125
6927 1.390625 0.828125
6928 1.406250 0.828125
6929 1.421875 0.828125
6930 1.437500 0.828125
6931 1.453125 0.828125
6932 1.468750 0.828125
6933 1.484375 0.828125
6934 1.500000 0.828125
6935 1.515625 0.828125
6936 1.531250 0.828125
6937 1.546875 0.828125
6938 1.562500 0.828125
6939 1.578125 0.828125
6940 1.593750 0.828125
6941 1.609375 0.828125
6942 1.625000 0.828125
6943 1.640625 0.828125
6944 1.656250 0.828125
6945 1.671875 0.828125
6946 1.687500 0.828125
6947 1.703125 0.828125
6948 1.718750 0.828125
6949 1.734375 0.828125
6950 1.750000 0.828125
6951 1.765625 0.828125
6952 1.781250 0.828125
6953 1.796875 0.828125
6954 1.812500 0.828125
6955 1.828125 0.828125
6956 1.843750 0.828125
6957 1.859375 0.828125
6958 1.875000 0.828125
6959 1.890625 0.828125
6960 1.906250 0.828125
6961 1.921875 0.828125
6962 1.937500 0.828125
6963 1.953125 0.828125
6964 1.968750 0.828125
6965 1.984375 0.828125
6966 2.000000 0.828125
6967 0.000000 0.843750
6968 0.015625 0.843750
6969 0.031250 0.843750
6970 0.046875 0.843750
6971 0.062500 0.843750
6972 0.078125 0.843750
6973 0.093750 0.843750
6974 0.109375 0.843750
6975 0.125000 0.843750
6976 0.140625 0.843750
6977 0.156250 0.843750
6978 0.171875 0.843750
6979 0.187500 0.843750
6980 0.203125 0.843750
6981 0.218750 0.843750
6982 0.234375 0.843750
6983 0.250000 0.843750
6984 0.265625 0.843750
6985 0.281250 0.843750
6986 0.296875 0.843750
6987 0.312500 0.843750
6988 0.328125 0.843750
6989 0.343750 0.843750
6990 0.359375 0.843750
6991 0.375000 0.843750
6992 0.390625 0.843750
6993 0.406250 0.843750
6994 0.421875 0.843750
6995 0.437500 0.843750
6996 0.453125 0.843750
6997 0.468750 0.843750
6998 0.484375 0.843750
6999 0.500000 0.843750
7000 0.515625 0.843750
7001 0.531250 0.843750
7002 0.546875 0.843750
7003 0.562500 0.843750
7004 0.578125 0.843750
7005 0.593750 0.843750
7006 0.609375 0.843750
7007 0.625000 0.843750
7008 0.640625 0.843750
7009 0.656250 0.843750
7010 0.671875 0.843750
7011 0.687500 0.843750
7012 0.703125 0.843750
7013 0.718750 0.843750
7014 0.734375 0.843750
7015 0.750000 0.843750
7016 0.765625 0.843750
7017 0.781250 0.843750
7018 0.796875 0.843750
7019 0.812500 0.843750
7020 0.828125 0.843750
7021 0.843750 0.843750
7022 0.859375 0.843750
7023 0.875000 0.843750
7024 0.890625 0.843750
7025 0.906250 0.843750
7026 0.921875 0.843750
7027 0.937500 0.843750
7028 0.953125 0.843750
7029 0.968750 0.843750
7030 0.984375 0.843750
7031 1.000000 0.843750
7032 1.015625 0.843750
7033 1.031250 0.843750
7034 1.046875 0.843750
7035 1.062500 0.843750
7036 1.078125 0.843750
7037 1.093750 0.843750
7038 1.109375 0.843750
7039 1.125000 0.843750
7040 1.140625 0.843750
7041 1.156250 0.843750
7042 1.171875 0.843750
7043 1.187500 0.843750
7044 1.203125 0.843750
7045 1.218750 0.843750
7046 1.234375 0.843750
7047 1.250000 0.843750
7048 1.265625 0.843750
7049 1.281250 0.843750
7050 1.296875 0.843750
7051 1.312500 0.843750
7052 1.328125 0.843750
7053 1.343750 0.843750
7054 1.359375 0.843750
7055 1.375000 0.843750
7056 1.390625 0.843750
7057 1.406250 0.843750
7058 1.421875 0.843750
7059 1.437500 0.843750
7060 1.453125 0.843750
7061 1.468750 0.843750
7062 1.484375 0.843750
7063 1.500000 0.843750
7064 1.515625 0.843750
7065 1.531250 0.843750
7066 1.546875 0.843750
7067 1.562500 0.843750
7068 1.578125 0.843750
7069 1.593750 0.843750
7070 1.609375 0.843750
7071 1.625000 0.843750
7072 1.640625 0.843750
7073 1.656250 0.843750
7074 1.671875 0.843750
7075 1.687500 0.843750
7076 1.703125 0.843750
7077 1.718750 0.843750
7078 1.734375 0.843750
7079 1.750000 0.843750
7080 1.765625 0.843750
7081 1.781250 0.843750
7082 1.796875 0.843750
7083 1.812500 0.843750
7084 1.828125 0.843750
7085 1.843750 0.843750
7086 1.859375 0.843750
7087 1.875000 0.843750
7088 1.890625 0.843750
7089 1.906250 0.843750
7090 1.921875 0.843750
7091 1.937500 0.843750
7092 1.953125 0.843750
7093 1.968750 0.843750
7094 1.984375 0.843750
7095 2.000000 0.843750
7096 0.000000 0.859375
7097 0.015625 0.859375
7098 0.031250 0.859375
7099 0.046875 0.859375
7100 0.062500 0.859375
7101 0.078125 0.859375
7102 0.093750 0.859375
7103 0.109375 0.859375
7104 0.125000 0.859375
7105 0.140625 0.859375
7106 0.156250 0.859375
7107 0.171875 0.859375
7108 0.187500 0.859375
7109 0.203125 0.859375
7110 0.218750 0.859375
7111 0.234375 0.859375
7112 0.250000 0.859375
7113 0.265625 0.859375
7114 0.281250 0.859375
7115 0.296875 0.859375
7116 0.312500 0.859375
7117 0.328125 0.859375
7118 0.343750 0.859375
7119 0.359375 0.859375
7120 0.375000 0.859375
7121 0.390625 0.859375
7122 0.406250 0.859375
7123 0.421875 0.859375
7124 0.437500 0.859375
7125 0.453125 0.859375
7126 0.468750 0.859375
7127 0.484375 0.859375
7128 0.500000 0.859375
7129 0.515625 0.859375
7130 0.531250 0.859375
7131 0.546875 0.859375
7132 0.562500 0.859375
7133 0.578125 0.859375
7134 0.593750 0.859375
7135 0.609375 0.859375
7136 0.625000 0.859375
7137 0.640625 0.859375
7138 0.656250 0.859375
7139 0.671875 0.859375
7140 0.687500 0.859375
7141 0.703125 0.859375
7142 0.718750 0.859375
7143 0.734375 0.859375
7144 0.750000 0.859375
7145 0.765625 0.859375
7146 0.781250 0.859375
7147 0.796875 0.859375
7148 0.812500 0.859375
7149 0.828125 0.859375
7150 0.843750 0.859375
7151 0.859375 0.859375
7152 0.875000 0.859375
7153 0.890625 0.859375
7154 0.906250 0.859375
7155 0.921875 0.859375
7156 0.937500 0.859375
7157 0.953125 0.859375
7158 0.968750 0.859375
7159 0.984375 0.859375
7160 1.000000 0.859375
7161 1.015625 0.859375
7162 1.031250 0.859375
7163 1.046875 0.859375
7164 1.062500 0.859375
7165 1.078125 0.859375
7166 1.093750 0.859375
7167 1.109375 0.859375
7168 1.125000 0.859375
7169 1.140625 0.859375
7170 1.156250 0.859375
7171 1.171875 0.859375
7172 1.187500 0.859375
7173 1.203125 0.859375
7174 1.218750 0.859375
7175 1.234375 0.859375
7176 1.250000 0.859375
7177 1.265625 0.859375
7178 1.281250 0.859375
7179 1.296875 0.859375
7180 1.312500 0.859375
7181 1.328125 0.859375
7182 1.343750 0.859375
7183 1.359375 0.859375
7184 1.375000 0.859375
7185 1.390625 0.859375
7186 1.406250 0.859375
7187 1.421875 0.859375
7188 1.437500 0.859375
7189 1.453125 0.859375
7190 1.468750 0.859375
7191 1.484375 0.859375
7192 1.500000 0.859375
7193 1.515625 0.859375
7194 1.531250 0.859375
7195 1.546875 0.859375
7196 1.562500 0.859375
7197 1.578125 0.859375
7198 1.593750 0.859375
7199 1.609375 0.859375
7200 1.625000 0.859375
7201 1.640625 0.859375
7202 1.656250 0.859375
7203 1.671875 0.859375
7204 1.687500 0.859375
7205 1.703125 0.859375
7206 1.718750 0.859375
7207 1.734375 0.859375
7208 1.750000 0.859375
7209 1.765625 0.859375
7210 1.781250 0.859375
7211 1.796875 0.859375
7212 1.812500 0.859375
7213 1.828125 0.859375
7214 1.843750 0.859375
7215 1.859375 0.859375
7216 1.875000 0.859375
7217 1.890625 0.859375
7218 1.906250 0.859375
7219 1.921875 0.859375
7220 1.937500 0.859375
7221 1.953125 0.859375
7222 1.968750 0.859375
7223 1.984375 0.859375
7224 2.000000 0.859375
7225 0.000000 0.875000
7226 0.015625 0.875000
7227 0.031250 0.875000
7228 0.046875 0.875000
7229 0.062500 0.875000
7230 0.078125 0.875000
7231 0.093750 0.875000
7232 0.109375 0.875000
7233 0.125000 0.875000
7234 0.140625 0.875000
7235 0.156250 0.875000
7236 0.171875 0.875000
7237 0.187500 0.875000
7238 0.203125 0.875000
7239 0.218750 0.875000
7240 0.234375 0.875000
7241 0.250000 0.875000
7242 0.265625 0.875000
7243 0.281250 0.875000
7244 0.296875 0.875000
7245 0.312500 0.875000
7246 0.328125 0.875000
7247 0.343750 0.875000
7248 0.359375 0.875000
7249 0.375000 0.875000
7250 0.390625 0.875000
7251 0.406250 0.875000
7252 0.421875 0.875000
7253 0.437500 0.875000
7254 0.453125 0.875000
7255 0.468750 0.875000
7256 0.484375 0.875000
7257 0.500000 0.875000
7258 0.515625 0.875000
7259 0.531250 0.875000
7260 0.546875 0.875000
7261 0.562500 0.875000
7262 0.578125 0.875000
7263 0.593750 0.875000
7264 0.609375 0.875000
7265 0.625000 0.875000
7266 0.640625 0.875000
7267 0.656250 0.875000
7268 0.671875 0.875000
7269 0.687500 0.875000
7270 0.703125 0.875000
7271 0.718750 0.875000
7272 0.734375 0.875000
7273 0.750000 0.875000
7274 0.765625 0.875000
7275 0.781250 0.875000
7276 0.796875 0.875000
7277 0.812500 0.875000
7278 0.828125 0.875000
7279 0.843750 0.875000
7280 0.859375 0.875000
7281 0.875000 0.875000
7282 0.890625 0.875000
7283 0.906250 0.875000
7284 0.921875 0.875000
7285 0.937500 0.875000
7286 0.953125 0.875000
7287 0.968750 0.875000
7288 0.984375 0.875000
7289 1.000000 0.875000
7290 1.015625 0.875000
7291 1.031250 0.875000
7292 1.046875 0.875000
7293 1.062500 0.875000
7294 1.078125 0.875000
7295 1.093750 0.875000
7296 1.109375 0.875000
7297 1.125000 0.875000
7298 1.140625 0.875000
7299 1.156250 0.875000
7300 1.171875 0.875000
7301 1.187500 0.875000
7302 1.203125 0.875000
7303 1.218750 0.875000
7304 1.234375 0.875000
7305 1.250000 0.875000
7306 1.265625 0.875000
7307 1.281250 0.875000
7308 1.296875 0.875000
7309 1.312500 0.875000
7310 1.328125 0.875000
7311 1.343750 0.875000
7312 1.359375 0.875000
7313 1.375000 0.875000
7314 1.390625 0.875000
7315 1.406250 0.875000
7316 1.421875 0.875000
7317 1.437500 0.875000
7318 1.453125 0.875000
7319 1.468750 0.875000
7320 1.484375 0.875000
7321 1.500000 0.875000
7322 1.515625 0.875000
7323 1.531250 0.875000
7324 1.546875 0.875000
7325 1.562500 0.875000
7326 1.578125 0.875000
7327 1.593750 0.875000
7328 1.609375 0.875000
7329 1.625000 0.875000
7330 1.640625 0.875000
7331 1.656250 0.875000
7332 1.671875 0.875000
7333 1.687500 0.875000
7334 1.703125 0.875000
7335 1.718750 0.875000
7336 1.734375 0.875000
7337 1.750000 0.875000
7338 1.765625 0.875000
7339 1.781250 0.875000
7340 1.796875 0.875000
7341 1.812500 0.875000
7342 1.828125 0.875000
7343 1.843750 0.875000
7344 1.859375 0.875000
7345 1.875000 0.875000
7346 1.890625 0.875000
7347 1.906250 0.875000
7348 1.921875 0.875000
7349 1.937500 0.875000
7350 1.953125 0.875000
7351 1.968750 0.875000
7352 1.984375 0.875000
7353 2.000000 0.875000
7354 0.000000 0.890625
7355 0.015625 0.890625
7356 0.031250 0.890625
7357 0.046875 0.890625
7358 0.062500 0.890625
7359 0.078125 0.890625
7360 0.093750 0.890625
7361 0.109375 0.890625
7362 0.125000 0.890625
7363 0.140625 0.890625
7364 0.156250 0.890625
7365 0.171875 0.890625
7366 0.187500 0.890625
7367 0.203125 0.890625
7368 0.218750 0.890625
7369 0.234375 0.890625
7370 0.250000 0.890625
7371 0.265625 0.890625
7372 0.281250 0.890625
7373 0.296875 0.890625
7374 0.312500 0.890625
7375 0.328125 0.890625
7376 0.343750 0.890625
7377 0.359375 0.890625
7378 0.375000 0.890625
7379 0.390625 0.890625
7380 0.406250 0.890625
7381 0.421875 0.890625
7382 0.437500 0.890625
7383 0.453125 0.890625
7384 0.468750 0.890625
7385 0.484375 0.890625
7386 0.500000 0.890625
7387 0.515625 0.890625
7388 0.531250 0.890625
7389 0.546875 0.890625
7390 0.562500 0.890625
7391 0.578125 0.890625
7392 0.593750 0.890625
7393 0.609375 0.890625
7394 0.625000 0.890625
7395 0.640625 0.890625
7396 0.656250 0.890625
7397 0.671875 0.890625
7398 0.687500 0.890625
7399 0.703125 0.890625
7400 0.718750 0.890625
7401 0.734375 0.890625
7402 0.750000 0.890625
7403 0.765625 0.890625
7404 0.781250 0.890625
7405 0.796875 0.890625
7406 0.812500 0.890625
7407 0.828125 0.890625
7408 0.843750 0.890625
7409 0.859375 0.890625
7410 0.875000 0.890625
7411 0.890625 0.890625
7412 0.906250 0.890625
7413 0.921875 0.890625
7414 0.937500 0.890625
7415 0.953125 0.890625
7416 0.968750 0.890625
7417 0.984375 0.890625
7418 1.000000 0.890625
7419 1.015625 0.890625
7420 1.031250 0.890625
7421 1.046875 0.890625
7422 1.062500 0.890625
7423 1.078125 0.890625
7424 1.093750 0.890625
7425 1.109375 0.890625
7426 1.125000 0.890625
7427 1.140625 0.890625
7428 1.156250 0.890625
7429 1.171875 0.890625
7430 1.187500 0.890625
7431 1.203125 0.890625
7432 1.218750 0.890625
7433 1.234375 0.890625
7434 1.250000 0.890625
7435 1.265625 0.890625
7436 1.281250 0.890625
7437 1.296875 0.890625
7438 1.312500 0.890625
7439 1.328125 0.890625
7440 1.343750 0.890625
7441 1.359375 0.890625
7442 1.375000 0.890625
7443 1.390625 0.890625
7444 1.406250 0.890625
7445 1.421875 0.890625
7446 1.437500 0.890625
7447 1.453125 0.890625
7448 1.468750 0.890625
7449 1.484375 0.890625
7450 1.500000 0.890625
7451 1.515625 0.890625
7452 1.531250 0.890625
7453 1.546875 0.890625
7454 1.562500 0.890625
7455 1.578125 0.890625
7456 1.593750 0.890625
7457 1.609375 0.890625
7458 1.625000 0.890625
7459 1.640625 0.890625
7460 1.656250 0.890625
7461 1.671875 0.890625
7462 1.687500 0.890625
7463 1.703125 0.890625
7464 1.718750 0.890625
7465 1.734375 0.890625
7466 1.750000 0.890625
7467 1.765625 0.890625
7468 1.781250 0.890625
7469 1.796875 0.890625
7470 1.812500 0.890625
7471 1.828125 0.890625
7472 1.843750 0.890625
7473 1.859375 0.890625
7474 1.875000 0.890625
7475 1.890625 0.890625
7476 1.906250 0.890625
7477 1.921875 0.890625
7478 1.937500 0.890625
7479 1.953125 0.890625
7480 1.968750 0.890625
7481 1.984375 0.890625
7482 2.000000 0.890625
7483 0.000000 0.906250
7484 0.015625 0.906250
7485 0.031250 0.906250
7486 0.046875 0.906250
7487 0.062500 0.906250
7488 0.078125 0.906250
7489 0.093750 0.906250
7490 0.109375 0.906250
7491 0.125000 0.906250
7492 0.140625 0.906250
7493 0.156250 0.906250
7494 0.171875 0.906250
7495 0.187500 0.906250
7496 0.203125 0.906250
7497 0.218750 0.906250
7498 0.234375 0.906250
7499 0.250000 0.906250
7500 0.265625 0.906250
7501 0.281250 0.906250
7502 0.296875 0.906250
7503 0.312500 0.906250
7504 0.328125 0.906250
7505 0.343750 0.906250
7506 0.359375 0.906250
7507 0.375000 0.906250
7508 0.390625 0.906250
7509 0.406250 0.906250
7510 0.421875 0.906250
7511 0.437500 0.906250
7512 0.453125 0.906250
7513 0.468750 0.906250
7514 0.484375 0.906250
7515 0.500000 0.906250
7516 0.515625 0.906250
7517 0.531250 0.906250
7518 0.546875 0.906250
7519 0.562500 0.906250
7520 0.578125 0.906250
7521 0.593750 0.906250
7522 0.609375 0.906250
7523 0.625000 0.906250
7524 0.640625 0.906250
7525 0.656250 0.906250
7526 0.671875 0.906250
7527 0.687500 0.906250
7528 0.703125 0.906250
7529 0.718750 0.906250
7530 0.734375 0.906250
7531 0.750000 0.906250
7532 0.765625 0.906250
7533 0.781250 0.906250
7534 0.796875 0.906250
7535 0.812500 0.906250
7536 0.828125 0.906250
7537 0.843750 0.906250
7538 0.859375 0.906250
7539 0.875000 0.906250
7540 0.890625 0.906250
7541 0.906250 0.906250
7542 0.921875 0.906250
7543 0.937500 0.906250
7544 0.953125 0.906250
7545 0.968750 0.906250
7546 0.984375 0.906250
7547 1.000000 0.906250
7548 1.015625 0.906250
7549 1.031250 0.906250
7550 1.046875 0.906250
7551 1.062500 0.906250
7552 1.078125 0.906250
7553 1.093750 0.906250
7554 1.109375 0.906250
7555 1.125000 0.906250
7556 1.140625 0.906250
7557 1.156250 0.906250
7558 1.171875 0.906250
7559 1.187500 0.906250
7560 1.203125 0.906250
7561 1.218750 0.906250
7562 1.234375 0.906250
7563 1.250000 0.906250
7564 1.265625 0.906250
7565 1.281250 0.906250
7566 1.296875 0.906250
7567 1.312500 0.906250
7568 1.328125 0.906250
7569 1.343750 0.906250
7570 1.359375 0.906250
7571 1.375000 0.906250
7572 1.390625 0.906250
7573 1.406250 0.906250
7574 1.421875 0.906250
7575 1.437500 0.906250
7576 1.453125 0.906250
7577 1.468750 0.906250
7578 1.484375 0.906250
7579 1.500000 0.906250
7580 1.515625 0.906250
7581 1.531250 0.906250
7582 1.546875 0.906250
7583 1.562500 0.906250
7584 1.578125 0.906250
7585 1.593750 0.906250
7586 1.609375 0.906250
7587 1.625000 0.906250
7588 1.640625 0.906250
7589 1.656250 0.906250
7590 1.671875 0.906250
7591 1.687500 0.906250
7592 1.703125 0.906250
7593 1.718750 0.906250
7594 1.734375 0.906250
7595 1.750000 0.906250
7596 1.765625 0.906250
7597 1.781250 0.906250
7598 1.796875 0.906250
7599 1.812500 0.906250
7600 1.828125 0.906250
7601 1.843750 0.906250
7602 1.859375 0.906250
7603 1.875000 0.906250
7604 1.890625 0.906250
7605 1.906250 0.906250
7606 1.921875 0.906250
7607 1.937500 0.906250
7608 1.953125 0.906250
7609 1.968750 0.906250
7610 1.984375 0.906250
7611 2.000000 0.906250
7612 0.000000 0.921875
7613 0.015625 0.921875
7614 0.031250 0.921875
7615 0.046875 0.921875
7616 0.062500 0.921875
7617 0.078125 0.921875
7618 0.093750 0.921875
7619 0.109375 0.921875
7620 0.125000 0.921875
7621 0.140625 0.921875
7622 0.156250 0.921875
7623 0.171875 0.921875
7624 0.187500 0.921875
7625 0.203125 0.921875
7626 0.218750 0.921875
7627 0.234375 0.921875
7628 0.250000 0.921875
7629 0.265625 0.921875
7630 0.281250 0.921875
7631 0.296875 0.921875
7632 0.312500 0.921875
7633 0.328125 0.921875
7634 0.343750 0.921875
7635 0.359375 0.921875
7636 0.375000 0.921875
7637 0.390625 0.921875
7638 0.406250 0.921875
7639 0.421875 0.921875
7640 0.437500 0.921875
7641 0.453125 0.921875
7642 0.468750 0.921875
7643 0.484375 0.921875
7644 0.500000 0.921875
7645 0.515625 0.921875
7646 0.531250 0.921875
7647 0.546875 0.921875
7648 0.562500 0.921875
7649 0.578125 0.921875
7650 0.593750 0.921875
7651 0.609375 0.921875
7652 0.625000 0.921875
7653 0.640625 0.921875
7654 0.656250 0.921875
7655 0.671875 0.921875
7656 0.687500 0.921875
7657 0.703125 0.921875
7658 0.718750 0.921875
7659 0.734375 0.921875
7660 0.750000 0.921875
7661 0.765625 0.921875
7662 0.781250 0.921875
7663 0.796875 0.921875
7664 0.812500 0.921875
7665 0.828125 0.921875
7666 0.843750 0.921875
7667 0.859375 0.921875
7668 0.875000 0.921875
7669 0.890625 0.921875
7670 0.906250 0.921875
7671 0.921875 0.921875
7672 0.937500 0.921875
7673 0.953125 0.921875
7674 0.968750 0.921875
7675 0.984375 0.921875
7676 1.000000 0.921875
7677 1.015625 0.921875
7678 1.031250 0.921875
7679 1.046875 0.921875
7680 1.062500 0.921875
7681 1.078125 0.921875
7682 1.093750 0.921875
7683 1.109375 0.921875
7684 1.125000 0.921875
7685 1.140625 0.921875
7686 1.156250 0.921875
7687 1.171875 0.921875
7688 1.187500 0.921875
7689 1.203125 0.921875
7690 1.218750 0.921875
7691 1.234375 0.921875
7692 1.250000 0.921875
7693 1.265625 0.921875
7694 1.281250 0.921875
7695 1.296875 0.921875
7696 1.312500 0.921875
7697 1.328125 0.921875
7698 1.343750 0.921875
7699 1.359375 0.921875
7700 1.375000 0.921875
7701 1.390625 0.921875
7702 1.406250 0.921875
7703 1.421875 0.921875
7704 1.437500 0.921875
7705 1.453125 0.921875
7706 1.468750 0.921875
7707 1.484375 0.921875
7708 1.500000 0.921875
7709 1.515625 0.921875
7710 1.531250 0.921875
7711 1.546875 0.921875
7712 1.562500 0.921875
7713 1.578125 0.921875
7714 1.593750 0.921875
7715 1.609375 0.921875
7716 1.625000 0.921875
7717 1.640625 0.921875
7718 1.656250 0.921875
7719 1.671875 0.921875
7720 1.687500 0.921875
7721 1.703125 0.921875
7722 1.718750 0.921875
7723 1.734375 0.921875
7724 1.750000 0.921875
7725 1.765625 0.921875
7726 1.781250 0.921875
7727 1.796875 0.921875
7728 1.812500 0.921875
7729 1.828125 0.921875
7730 1.843750 0.921875
7731 1.859375 0.921875
7732 1.875000 0.921875
7733 1.890625 0.921875
7734 1.906250 0.921875
7735 1.921875 0.921875
7736 1.937500 0.921875
7737 1.953125 0.921875
7738 1.968750 0.921875
7739 1.984375 0.921875
7740 2.000000 0.921875
7741 0.000000 0.937500
7742 0.015625 0.937500
7743 0.031250 0.937500
7744 0.046875 0.937500
7745 0.062500 0.937500
7746 0.078125 0.937500
7747 0.093750 0.937500
7748 0.109375 0.937500
7749 0.125000 0.937500
7750 0.140625 0.937500
7751 0.156250 0.937500
7752 0.171875 0.937500
7753 0.187500 0.937500
7754 0.203125 0.937500
7755 0.218750 0.937500
7756 0.234375 0.937500
7757 0.250000 0.937500
7758 0.265625 0.937500
7759 0.281250 0.937500
7760 0.296875 0.937500
7761 0.312500 0.937500
7762 0.328125 0.937500
7763 0.343750 0.937500
7764 0.359375 0.937500
7765 0.375000 0.937500
7766 0.390625 0.937500
7767 0.406250 0.937500
7768 0.421875 0.937500
7769 0.437500 0.937500
7770 0.453125 0.937500
7771 0.468750 0.937500
7772 0.484375 0.937500
7773 0.500000 0.937500
7774 0.515625 0.937500
7775 0.531250 0.937500
7776 0.546875 0.937500
7777 0.562500 0.937500
7778 0.578125 0.937500
7779 0.593750 0.937500
7780 0.609375 0.937500
7781 0.625000 0.937500
7782 0.640625 0.937500
7783 0.656250 0.937500
7784 0.671875 0.937500
7785 0.687500 0.937500
7786 0.703125 0.937500
7787 0.718750 0.937500
7788 0.734375 0.937500
7789 0.750000 0.937500
7790 0.765625 0.937500
7791 0.781250 0.937500
7792 0.796875 0.937500
7793 0.812500 0.937500
7794 0.828125 0.937500
7795 0.843750 0.937500
7796 0.859375 0.937500
7797 0.875000 0.937500
7798 0.890625 0.937500
7799 0.906250 0.937500
7800 0.921875 0.937500
7801 0.937500 0.937500
7802 0.953125 0.937500
7803 0.968750 0.937500
7804 0.984375 0.937500
7805 1.000000 0.937500
7806 1.015625 0.937500
7807 1.031250 0.937500
7808 1.046875 0.937500
7809 1.062500 0.937500
7810 1.078125 0.937500
7811 1.093750 0.937500
7812 1.109375 0.937500
7813 1.125000 0.937500
7814 1.140625 0.937500
7815 1.156250 0.937500
7816 1.171875 0.937500
7817 1.187500 0.937500
7818 1.203125 0.937500
7819 1.218750 0.937500
7820 1.234375 0.937500
7821 1.250000 0.937500
7822 1.265625 0.937500
7823 1.281250 0.937500
7824 1.296875 0.937500
7825 1.312500 0.937500
7826 1.328125 0.937500
7827 1.343750 0.937500
7828 1.359375 0.937500
7829 1.375000 0.937500
7830 1.390625 0.937500
7831 1.406250 0.937500
7832 1.421875 0.937500
7833 1.437500 0.937500
7834 1.453125 0.937500
7835 1.468750 0.937500
7836 1.484375 0.937500
7837 1.500000 0.937500
7838 1.515625 0.937500
7839 1.531250 0.937500
7840 1.546875 0.937500
7841 1.562500 0.937500
7842 1.578125 0.937500
7843 1.593750 0.937500
7844 1.609375 0.937500
7845 1.625000 0.937500
7846 1.640625 0.937500
7847 1.656250 0.937500
7848 1.671875 0.937500
7849 1.687500 0.937500
7850 1.703125 0.937500
7851 1.718750 0.937500
7852 1.734375 0.937500
7853 1.750000 0.937500
7854 1.765625 0.937500
7855 1.781250 0.937500
7856 1.796875 0.937500
7857 1.812500 0.937500
7858 1.828125 0.937500
7859 1.843750 0.937500
7860 1.859375 0.937500
7861 1.875000 0.937500
7862 1.890625 0.937500
7863 1.906250 0.937500
7864 1.921875 0.937500
7865 1.937500 0.937500
7866 1.953125 0.937500
7867 1.968750 0.937500
7868 1.984375 0.937500
7869 2.000000 0.937500
7870 0.000000 0.953125
7871 0.015625 0.953125
7872 0.031250 0.953125
7873 0.046875 0.953125
7874 0.062500 0.953125
7875 0.078125 0.953125
7876 0.093750 0.953125
7877 0.109375 0.953125
7878 0.125000 0.953125
7879 0.140625 0.953125
7880 0.156250 0.953125
7881 0.171875 0.953125
7882 0.187500 0.953125
7883 0.203125 0.953125
7884 0.218750 0.953125
7885 0.234375 0.953125
7886 0.250000 0.953125
7887 0.265625 0.953125
7888 0.281250 0.953125
7889 0.296875 0.953125
7890 0.312500 0.953125
7891 0.328125 0.953125
7892 0.343750 0.953125
7893 0.359375 0.953125
7894 0.375000 0.953125
7895 0.390625 0.953125
7896 0.406250 0.953125
7897 0.421875 0.953125
7898 0.437500 0.953125
7899 0.453125 0.953125
7900 0.468750 0.953125
7901 0.484375 0.953125
7902 0.500000 0.953125
7903 0.515625 0.953125
7904 0.531250 0.953125
7905 0.546875 0.953125
7906 0.562500 0.953125
7907 0.578125 0.953125
7908 0.593750 0.953125
7909 0.609375 0.953125
7910 0.625000 0.953125
7911 0.640625 0.953125
7912 0.656250 0.953125
7913 0.671875 0.953125
7914 0.687500 0.953125
7915 0.703125 0.953125
7916 0.718750 0.953125
7917 0.734375 0.953125
7918 0.750000 0.953125
7919 0.765625 0.953125
7920 0.781250 0.953125
7921 0.796875 0.953125
7922 0.812500 0.953125
7923 0.828125 0.953125
7924 0.843750 0.953125
7925 0.859375 0.953125
7926 0.875000 0.953125
7927 0.890625 0.953125
7928 0.906250 0.953125
7929 0.921875 0.953125
7930 0.937500 0.953125
7931 0.953125 0.953125
7932 0.968750 0.953125
7933 0.984375 0.953125
7934 1.000000 0.953125
7935 1.015625 0.953125
7936 1.031250 0.953125
7937 1.046875 0.953125
7938 1.062500 0.953125
7939 1.078125 0.953125
7940 1.093750 0.953125
7941 1.109375 0.953125
7942 1.125000 0.953125
7943 1.140625 0.953125
7944 1.156250 0.953125
7945 1.171875 0.953125
7946 1.187500 0.953125
7947 1.203125 0.953125
7948 1.218750 0.953125
7949 1.234375 0.953125
7950 1.250000 0.953125
7951 1.265625 0.953125
7952 1.281250 0.953125
7953 1.296875 0.953125
7954 1.312500 0.953125
7955 1.328125 0.953125
7956 1.343750 0.953125
7957 1.359375 0.953125
7958 1.375000 0.953125
7959 1.390625 0.953125
7960 1.406250 0.953125
7961 1.421875 0.953125
7962 1.437500 0.953125
7963 1.453125 0.953125
7964 1.468750 0.953125
7965 1.484375 0.953125
7966 1.500000 0.953125
7967 1.515625 0.953125
7968 1.531250 0.953125
7969 1.546875 0.953125
7970 1.562500 0.953125
7971 1.578125 0.953125
7972 1.593750 0.953125
7973 1.609375 0.953125
7974 1.625000 0.953125
7975 1.640625 0.953125
7976 1.656250 0.953125
7977 1.671875 0.953125
7978 1.687500 0.953125
7979 1.703125 0.953125
7980 1.718750 0.953125
7981 1.734375 0.953125
7982 1.750000 0.953125
7983 1.765625 0.953125
7984 1.781250 0.953125
7985 1.796875 0.953125
7986 1.812500 0.953125
7987 1.828125 0.953125
7988 1.843750 0.953125
7989 1.859375 0.953125
7990 1.875000 0.953125
7991 1.890625 0.953125
7992 1.906250 0.953125
7993 1.921875 0.953125
7994 1.937500 0.953125
7995 1.953125 0.953125
7996 1.968750 0.953125
7997 1.984375 0.953125
7998 2.000000 0.953125
7999 0.000000 0.968750
8000 0.015625 0.968750
8001 0.031250 0.968750
8002 0.046875 0.968750
8003 0.062500 0.968750
8004 0.078125 0.968750
8005 0.093750 0.968750
8006 0.109375 0.968750
8007 0.125000 0.968750
8008 0.140625 0.968750
8009 0.156250 0.968750
8010 0.171875 0.968750
8011 0.187500 0.968750
8012 0.203125 0.968750
8013 0.218750 0.968750
8014 0.234375 0.968750
8015 0.250000 0.968750
8016 0.265625 0.968750
8017 0.281250 0.968750
8018 0.296875 0.968750
8019 0.312500 0.968750
8020 0.328125 0.968750
8021 0.343750 0.968750
8022 0.359375 0.968750
8023 0.375000 0.968750
8024 0.390625 0.968750
8025 0.406250 0.968750
8026 0.421875 0.968750
8027 0.437500 0.968750
8028 0.453125 0.968750
8029 0.468750 0.968750
8030 0.484375 0.968750
8031 0.500000 0.968750
8032 0.515625 0.968750
8033 0.531250 0.968750
8034 0.546875 0.968750
8035 0.562500 0.968750
8036 0.578125 0.968750
8037 0.593750 0.968750
8038 0.609375 0.968750
8039 0.625000 0.968750
8040 0.640625 0.968750
8041 0.656250 0.968750
8042 0.671875 0.968750
8043 0.687500 0.968750
8044 0.703125 0.968750
8045 0.718750 0.968750
8046 0.734375 0.968750
8047 0.750000 0.968750
8048 0.765625 0.968750
8049 0.781250 0.968750
8050 0.796875 0.968750
8051 0.812500 0.968750
8052 0.828125 0.968750
8053 0.843750 0.968750
8054 0.859375 0.968750
8055 0.875000 0.968750
8056 0.890625 0.968750
8057 0.906250 0.968750
8058 0.921875 0.968750
8059 0.937500 0.968750
8060 0.953125 0.968750
8061 0.968750 0.968750
8062 0.984375 0.968750
8063 1.000000 0.968750
8064 1.015625 0.968750
8065 1.031250 0.968750
8066 1.046875 0.968750
8067 1.062500 0.968750
8068 1.078125 0.968750
8069 1.093750 0.968750
8070 1.109375 0.968750
8071 1.125000 0.968750
8072 1.140625 0.968750
8073 1.156250 0.968750
8074 1.171875 0.968750
8075 1.187500 0.968750
8076 1.203125 0.968750
8077 1.218750 0.968750
8078 1.234375 0.968750
8079 1.250000 0.968750
8080 1.265625 0.968750
8081 1.281250 0.968750
8082 1.296875 0.968750
8083 1.312500 0.968750
8084 1.328125 0.968750
8085 1.343750 0.968750
8086 1.359375 0.968750
8087 1.375000 0.968750
8088 1.390625 0.968750
8089 1.406250 0.968750
8090 1.421875 0.968750
8091 1.437500 0.968750
8092 1.453125 0.968750
8093 1.468750 0.968750
8094 1.484375 0.968750
8095 1.500000 0.968750
8096 1.515625 0.968750
8097 1.531250 0.968750
8098 1.546875 0.968750
8099 1.562500 0.968750
8100 1.578125 0.968750
8101 1.593750 0.968750
8102 1.609375 0.968750
8103 1.625000 0.968750
8104 1.640625 0.968750
8105 1.656250 0.968750
8106 1.671875 0.968750
8107 1.687500 0.968750
8108 1.703125 0.968750
8109 1.718750 0.968750
8110 1.734375 0.968750
8111 1.750000 0.968750
8112 1.765625 0.968750
8113 1.781250 0.968750
8114 1.796875 0.968750
8115 1.812500 0.968750
8116 1.828125 0.968750
8117 1.843750 0.968750
8118 1.859375 0.968750
8119 1.875000 0.968750
8120 1.890625 0.968750
8121 1.906250 0.968750
8122 1.921875 0.968750
8123 1.937500 0.968750
8124 1.953125 0.968750
8125 1.968750 0.968750
8126 1.984375 0.968750
8127 2.000000 0.968750
8128 0.000000 0.984375
8129 0.015625 0.984375
8130 0.031250 0.984375
8131 0.046875 0.984375
8132 0.062500 0.984375
8133 0.078125 0.984375
8134 0.093750 0.984375
8135 0.109375 0.984375
8136 0.125000 0.984375
8137 0.140625 0.984375
8138 0.156250 0.984375
8139 0.171875 0.984375
8140 0.187500 0.984375
8141 0.203125 0.984375
8142 0.218750 0.984375
8143 0.234375 0.984375
8144 0.250000 0.984375
8145 0.265625 0.984375
8146 0.281250 0.984375
8147 0.296875 0.984375
8148 0.312500 0.984375
8149 0.328125 0.984375
8150 0.343750 0.984375
8151 0.359375 0.984375
8152 0.375000 0.984375
8153 0.390625 0.984375
8154 0.406250 0.984375
8155 0.421875 0.984375
8156 0.437500 0.984375
8157 0.453125 0.984375
8158 0.468750 0.984375
8159 0.484375 0.984375
8160 0.500000 0.984375
8161 0.515625 0.984375
8162 0.531250 0.984375
8163 0.546875 0.984375
8164 0.562500 0.984375
8165 0.578125 0.984375
8166 0.593750 0.984375
8167 0.609375 0.984375
8168 0.625000 0.984375
8169 0.640625 0.984375
8170 0.656250 0.984375
8171 0.671875 0.984375
8172 0.687500 0.984375
8173 0.703125 0.984375
8174 0.718750 0.984375
8175 0.734375 0.984375
8176 0.750000 0.984375
8177 0.765625 0.984375
8178 0.781250 0.984375
8179 0.796875 0.984375
8180 0.812500 0.984375
8181 0.828125 0.984375
8182 0.843750 0.984375
8183 0.859375 0.984375
8184 0.875000 0.984375
8185 0.890625 0.984375
8186 0.906250 0.984375
8187 0.921875 0.984375
8188 0.937500 0.984375
8189 0.953125 0.984375
8190 0.968750 0.984375
8191 0.984375 0.984375
8192 1.000000 0.984375
8193 1.015625 0.984375
8194 1.031250 0.984375
8195 1.046875 0.984375
8196 1.062500 0.984375
8197 1.078125 0.984375
8198 1.093750 0.984375
8199 1.109375 0.984375
8200 1.125000 0.984375
8201 1.140625 0.984375
8202 1.156250 0.984375
8203 1.171875 0.984375
8204 1.187500 0.984375
8205 1.203125 0.984375
8206 1.218750 0.984375
8207 1.234375 0.984375
8208 1.250000 0.984375
8209 1.265625 0.984375
8210 1.281250 0.984375
8211 1.296875 0.984375
8212 1.312500 0.984375
8213 1.328125 0.984375
8214 1.343750 0.984375
8215 1.359375 0.984375
8216 1.375000 0.984375
8217 1.390625 0.984375
8218 1.406250 0.984375
8219 1.421875 0.984375
8220 1.437500 0.984375
8221 1.453125 0.984375
8222 1.468750 0.984375
8223 1.484375 0.984375
8224 1.500000 0.984375
8225 1.515625 0.984375
8226 1.531250 0.984375
8227 1.546875 0.984375
8228 1.562500 0.984375
8229 1.578125 0.984375
8230 1.593750 0.984375
8231 1.609375 0.984375
8232 1.625000 0.984375
8233 1.640625 0.984375
8234 1.656250 0.984375
8235 1.671875 0.984375
8236 1.687500 0.984375
8237 1.703125 0.984375
8238 1.718750 0.984375
8239 1.734375 0.984375
8240 1.750000 0.984375
8241 1.765625 0.984375
8242 1.781250 0.984375
8243 1.796875 0.984375
8244 1.812500 0.984375
8245 1.828125 0.984375
8246 1.843750 0.984375
8247 1.859375 0.984375
8248 1.875000 0.984375
8249 1.890625 0.984375
8250 1.906250 0.984375
8251 1.921875 0.984375
8252 1.937500 0.984375
8253 1.953125 0.984375
8254 1.968750 0.984375
8255 1.984375 0.984375
8256 2.000000 0.984375
8257 0.000000 1.000000
8258 0.015625 1.000000
8259 0.031250 1.000000
8260 0.046875 1.000000
8261 0.062500 1.000000
8262 0.078125 1.000000
8263 0.093750 1.000000
8264 0.109375 1.000000
8265 0.125000 1.000000
8266 0.140625 1.000000
8267 0.156250 1.000000
8268 0.171875 1.000000
8269 0.187500 1.000000
8270 0.203125 1.000000
8271 0.218750 1.000000
8272 0.234375 1.000000
8273 0.250000 1.000000
8274 0.265625 1.000000
8275 0.281250 1.000000
8276 0.296875 1.000000
8277 0.312500 1.000000
8278 0.328125 1.000000
8279 0.343750 1.000000
8280 0.359375 1.000000
8281 0.375000 1.000000
8282 0.390625 1.000000
8283 0.406250 1.000000
8284 0.421875 1.000000
8285 0.437500 1.000000
8286 0.453125 1.000000
8287 0.468750 1.000000
8288 0.484375 1.000000
8289 0.500000 1.000000
8290 0.515625 1.000000
8291 0.531250 1.000000
8292 0.546875 1.000000
8293 0.562500 1.000000
8294 0.578125 1.000000
8295 0.593750 1.000000
8296 0.609375 1.000000
8297 0.625000 1.000000
8298 0.640625 1.000000
8299 0.656250 1.000000
8300 0.671875 1.000000
8301 0.687500 1.000000
8302 0.703125 1.000000
8303 0.718750 1.000000
8304 0.734375 1.000000
8305 0.750000 1.000000
8306 0.765625 1.000000
8307 0.781250 1.000000
8308 0.796875 1.000000
8309 0.812500 1.000000
8310 0.828125 1.000000
8311 0.843750 1.000000
8312 0.859375 1.000000
8313 0.875000 1.000000
8314 0.890625 1.000000
8315 0.906250 1.000000
8316 0.921875 1.000000
8317 0.937500 1.000000
8318 0.953125 1.000000
8319 0.968750 1.000000
8320 0.984375 1.000000
8321 1.000000 1.000000
8322 1.015625 1.000000
8323 1.031250 1.000000
8324 1.046875 1.000000
8325 1.062500 1.000000
8326 1.078125 1.000000
8327 1.093750 1.000000
8328 1.109375 1.000000
8329 1.125000 1.000000
8330 1.140625 1.000000
8331 1.156250 1.000000
8332 1.171875 1.000000
8333 1.187500 1.000000
8334 1.203125 1.000000
8335 1.218750 1.000000
8336 1.234375 1.000000
8337 1.250000 1.000000
8338 1.265625 1.000000
8339 1.281250 1.000000
8340 1.296875 1.000000
8341 1.312500 1.000000
8342 1.328125 1.000000
8343 1.343750 1.000000
8344 1.359375 1.000000
8345 1.375000 1.000000
8346 1.390625 1.000000
8347 1.406250 1.000000
8348 1.421875 1.000000
8349 1.437500 1.000000
8350 1.453125 1.000000
8351 1.468750 1.000000
8352 1.484375 1.000000
8353 1.500000 1.000000
8354 1.515625 1.000000
8355 1.531250 1.000000
8356 1.546875 1.000000
8357 1.562500 1.000000
8358 1.578125 1.000000
8359 1.593750 1.000000
8360 1.609375 1.000000
8361 1.625000 1.000000
8362 1.640625 1.000000
8363 1.656250 1.000000
8364 1.671875 1.000000
8365 1.687500 1.000000
8366 1.703125 1.000000
8367 1.718750 1.000000
8368 1.734375 1.000000
8369 1.750000 1.000000
8370 1.765625 1.000000
8371 1.781250 1.000000
8372 1.796875 1.000000
8373 1.812500 1.000000
8374 1.828125 1.000000
8375 1.843750 1.000000
8376 1.859375 1.000000
8377 1.875000 1.000000
8378 1.890625 1.000000
8379 1.906250 1.000000
8380 1.921875 1.000000
8381 1.937500 1.000000
8382 1.953125 1.000000
8383 1.968750 1.000000
8384 1.984375 1.000000
8385 2.000000 1.000000
16384
1 2 131
1 131 130
2 3 132
2 132 131
3 4 133
3 133 132
4 5 134
4 134 133
5 6 135
5 135 134
6 7 136
6 136 135
7 8 137
7 137 136
8 9 138
8 138 137
9 10 139
9 139 138
10 11 140
10 140 139
11 12 141
11 141 140
12 13 142
12 142 141
13 14 143
13 143 142
14 15 144
14 144 143
15 16 145
15 145 144
16 17 146
16 146 145
17 18 147
17 147 146
18 19 148
18 148 147
19 20 149
19 149 148
20 21 150
20 150 149
21 22 151
21 151 150
22 23 152
22 152 151
23 24 153
23 153 152
24 25 154
24 154 153
25 26 155
25 155 154
26 27 156
26 156 155
27 28 157
27 157 156
28 29 158
28 158 157
29 30 159
29 159 158
30 31 160
30 160 159
31 32 161
31 161 160
32 33 162
32 162 161
33 34 163
33 163 162
34 35 164
34 164 163
35 36 165
35 165 164
36 37 166
36 166 165
37 38 167
37 167 166
38 39 168
38 168 167
39 40 169
39 169 168
40 41 170
40 170 169
41 42 171
41 171 170
42 43 172
42 172 171
43 44 173
43 173 172
44 45 174
44 174 173
45 46 175
45 175 174
46 47 176
46 176 175
47 48 177
47 177 176
48 49 178
48 178 177
49 50 179
49 179 178
50 51 180
50 180 179
51 52 181
51 181 180
52 53 182
52 182 181
53 54 183
53 183 182
54 55 184
54 184 183
55 56 185
55 185 184
56 57 186
56 186 185
57 58 187
57 187 186
58 59 188
58 188 187
59 60 189
59 189 188
60 61 190
60 190 189
61 62 191
61 191 190
62 63 192
62 192 191
63 64 193
63 193 192
64 65 194
64 194 193
65 66 195
65 195 194
66 67 196
66 196 195
67 68 197
67 197 196
68 69 198
68 198 197
69 70 199
69 199 198
70 71 200
70 200 199
71 72 201
71 201 200
72 73 202
72 202 201
73 74 203
73 203 202
74 75 204
74 204 203
75 76 205
75 205 204
76 77 206
76 206 205
77 78 207
77 207 206
78 79 208
78 208 207
79 80 209
79 209 208
80 81 210
80 210 209
81 82 211
81 211 210
82 83 212
82 212 211
83 84 213
83 213 212
84 85 214
84 214 213
85 86 215
85 215 214
86 87 216
86 216 215
87 88 217
87 217 216
88 89 218
88 218 217
89 90 219
89 219 218
90 91 220
90 220 219
91 92 221
91 221 220
92 93 222
92 222 221
93 94 223
93 223 222
94 95 224
94 224 223
95 96 225
95 225 224
96 97 226
96 226 225
97 98 227
97 227 226
98 99 228
98 228 227
99 100 229
99 229 228
100 101 230
100 230 229
101 102 231
101 231 230
102 103 232
102 232 231
103 104 233
103 233 232
104 105 234
104 234 233
105 106 235
105 235 234
106 107 236
106 236 235
107 108 237
107 237 236
108 109 238
108 238 237
109 110 239
109 239 238
110 111 240
110 240 239
111 112 241
111 241 240
112 113 242
112 242 241
113 114 243
113 243 242
114 115 244
114 244 243
115 116 245
115 245 244
116 117 246
116 246 245
117 118 247
117 247 246
118 119 248
118 248 247
119 120 249
119 249 248
120 121 250
120 250 249
121 122 251
121 251 250
122 123 252
122 252 251
123 124 253
123 253 252
124 125 254
124 254 253
125 126 255
125 255 254
126 127 256
126 256 255
127 128 257
127 257 256
128 129 258
128 258 257
130 131 260
130 260 259
131 132 261
131 261 260
132 133 262
132 262 261
133 134 263
133 263 262
134 135 264
134 264 263
135 136 265
135 265 264
136 137 266
136 266 265
137 138 267
137 267 266
138 139 268
138 268 267
139 140 269
139 269 268
140 141 270
140 270 269
141 142 271
141 271 270
142 143 272
142 272 271
143 144 273
143 273 272
144 145 274
144 274 273
145 146 275
145 275 274
146 147 276
146 276 275
147 148 277
147 277 276
148 149 278
148 278 277
149 150 279
149 279 278
150 151 280
150 280 279
151 152 281
151 281 280
152 153 282
152 282 281
153 154 283
153 283 282
154 155 284
154 284 283
155 156 285
155 285 284
156 157 286
156 286 285
157 158 287
157 287 286
158 159 288
158 288 287
159 160 289
159 289 288
160 161 290
160 290 289
161 162 291
161 291 290
162 163 292
162 292 291
163 164 293
163 293 292
164 165 294
164 294 293
165 166 295
165 295 294
166 167 296
166 296 295
167 168 297
167 297 296
168 169 298
168 298 297
169 170 299
169 299 298
170 171 300
170 300 299
171 172 301
171 301 300
172 173 302
172 302 301
173 174 303
173 303 302
174 175 304
174 304 303
175 176 305
175 305 304
176 177 306
176 306 305
177 178 307
177 307 306
178 179 308
178 308 307
179 180 309
179 309 308
180 181 310
180 310 309
181 182 311
181 311 310
182 183 312
182 312 311
183 184 313
183 313 312
184 185 314
184 314 313
185 186 315
185 315 314
186 187 316
186 316 315
187 188 317
187 317 316
188 189 318
188 318 317
189 190 319
189 319 318
190 191 320
190 320 319
191 192 321
191 321 320
192 193 322
192 322 321
193 194 323
193 323 322
194 195 324
194 324 323
195 196 325
195 325 324
196 197 326
196 326 325
197 198 327
197 327 326
198 199 328
198 328 327
199 200 329
199 329 328
200 201 330
200 330 329
201 202 331
201 331 330
202 203 332
202 332 331
203 204 333
203 333 332
204 205 334
204 334 333
205 206 335
205 335 334
206 207 336
206 336 335
207 208 337
207 337 336
208 209 338
208 338 337
209 210 339
209 339 338
210 211 340
210 340 339
211 212 341
211 341 340
212 213 342
212 342 341
213 214 343
213 343 342
214 215 344
214 344 343
215 216 345
215 345 344
216 217 346
216 346 345
217 218 347
217 347 346
218 219 348
218 348 347
219 220 349
219 349 348
220 221 350
220 350 349
221 222 351
221 351 350
222 223 352
222 352 351
223 224 353
223 353 352
224 225 354
224 354 353
225 226 355
225 355 354
226 227 356
226 356 355
227 228 357
227 357 356
228 229 358
228 358 357
229 230 359
229 359 358
230 231 360
230 360 359
231 232 361
231 361 360
232 233 362
232 362 361
233 234 363
233 363 362
234 235 364
234 364 363
235 236 365
235 365 364
236 237 366
236 366 365
237 238 367
237 367 366
238 239 368
238 368 367
239 240 369
239 369 368
240 241 370
240 370 369
241 242 371
241 371 370
242 243 372
242 372 371
243 244 373
243 373 372
244 245 374
244 374 373
245 246 375
245 375 374
246 247 376
246 376 375
247 248 377
247 377 376
248 249 378
248 378 377
249 250 379
249 379 378
250 251 380
250 380 379
251 252 381
251 381 380
252 253 382
252 382 381
253 254 383
253 383 382
254 255 384
254 384 383
255 256 385
255 385 384
256 257 386
256 386 385
257 258 387
257 387 386
259 260 389
259 389 388
260 261 390
260 390 389
261 262 391
261 391 390
262 263 392
262 392 391
263 264 393
263 393 392
264 265 394
264 394 393
265 266 395
265 395 394
266 267 396
266 396 395
267 268 397
267 397 396
268 269 398
268 398 397
269 270 399
269 399 398
270 271 400
270 400 399
271 272 401
271 401 400
272 273 402
272 402 401
273 274 403
273 403 402
274 275 404
274 404 403
275 276 405
275 405 404
276 277 406
276 406 405
277 278 407
277 407 406
278 279 408
278 408 407
279 280 409
279 409 408
280 281 410
280 410 409
281 282 411
281 411 410
282 283 412
282 412 411
283 284 413
283 413 412
284 285 414
284 414 413
285 286 415
285 415 414
286 287 416
286 416 415
287 288 417
287 417 416
288 289 418
288 418 417
289 290 419
289 419 418
290 291 420
290 420 419
291 292 421
291 421 420
292 293 422
292 422 421
293 294 423
293 423 422
294 295 424
294 424 423
295 296 425
295 425 424
296 297 426
296 426 425
297 298 427
297 427 426
298 299 428
298 428 427
299 300 429
299 429 428
300 301 430
300 430 429
301 302 431
301 431 430
302 303 432
302 432 431
303 304 433
303 433 432
304 305 434
304 434 433
305 306 435
305 435 434
306 307 436
306 436 435
307 308 437
307 437 436
308 309 438
308 438 437
309 310 439
309 439 438
310 311 440
310 440 439
311 312 441
311 441 440
312 313 442
312 442 441
313 314 443
313 443 442
314 315 444
314 444 443
315 316 445
315 445 444
316 317 446
316 446 445
317 318 447
317 447 446
318 319 448
318 448 447
319 320 449
319 449 448
320 321 450
320 450 449
321 322 451
321 451 450
322 323 452
322 452 451
323 324 453
323 453 452
324 325 454
324 454 453
325 326 455
325 455 454
326 327 456
326 456 455
327 328 457
327 457 456
328 329 458
328 458 457
329 330 459
329 459 458
330 331 460
330 460 459
331 332 461
331 461 460
332 333 462
332 462 461
333 334 463
333 463 462
334 335 464
334 464 463
335 336 465
335 465 464
336 337 466
336 466 465
337 338 467
337 467 466
338 339 468
338 468 467
339 340 469
339 469 468
340 341 470
340 470 469
341 342 471
341 471 470
342 343 472
342 472 471
343 344 473
343 473 472
344 345 474
344 474 473
345 346 475
345 475 474
346 347 476
346 476 475
347 348 477
347 477 476
348 349 478
348 478 477
349 350 479
349 479 478
350 351 480
350 480 479
351 352 481
351 481 480
352 353 482
352 482 481
353 354 483
353 483 482
354 355 484
354 484 483
355 356 485
355 485 484
356 357 486
356 486 485
357 358 487
357 487 486
358 359 488
358 488 487
359 360 489
359 489 488
360 361 490
360 490 489
361 362 491
361 491 490
362 363 492
362 492 491
363 364 493
363 493 492
364 365 494
364 494 493
365 366 495
365 495 494
366 367 496
366 496 495
367 368 497
367 497 496
368 369 498
368 498 497
369 370 499
369 499 498
370 371 500
370 500 499
371 372 501
371 501 500
372 373 502
372 502 501
373 374 503
373 503 502
374 375 504
374 504 503
375 376 505
375 505 504
376 377 506
376 506 505
377 378 507
377 507 506
378 379 508
378 508 507
379 380 509
379 509 508
380 381 510
380 510 509
381 382 511
381 511 510
382 383 512
382 512 511
383 384 513
383 513 512
384 385 514
384 514 513
385 386 515
385 515 514
386 387 516
386 516 515
388 389 518
388 518 517
389 390 519
389 519 518
390 391 520
390 520 519
391 392 521
391 521 520
392 393 522
392 522 521
393 394 523
393 523 522
394 395 524
394 524 523
395 396 525
395 525 524
396 397 526
396 526 525
397 398 527
397 527 526
398 399 528
398 528 527
399 400 529
399 529 528
400 401 530
400 530 529
401 402 531
401 531 530
402 403 532
402 532 531
403 404 533
403 533 532
404 405 534
404 534 533
405 406 535
405 535 534
406 407 536
406 536 535
407 408 537
407 537 536
408 409 538
408 538 537
409 410 539
409 539 538
410 411 540
410 540 539
411 412 541
411 541 540
412 413 542
412 542 541
413 414 543
413 543 542
414 415 544
414 544 543
415 416 545
415 545 544
416 417 546
416 546 545
417 418 547
417 547 546
418 419 548
418 548 547
419 420 549
419 549 548
420 421 550
420 550 549
421 422 551
421 551 550
422 423 552
422 552 551
423 424 553
423 553 552
424 425 554
424 554 553
425 426 555
425 555 554
426 427 556
426 556 555
427 428 557
427 557 556
428 429 558
428 558 557
429 430 559
429 559 558
430 431 560
430 560 559
431 432 561
431 561 560
432 433 562
432 562 561
433 434 563
433 563 562
434 435 564
434 564 563
435 436 565
435 565 564
436 437 566
436 566 565
437 438 567
437 567 566
438 439 568
438 568 567
439 440 569
439 569 568
440 441 570
440 570 569
441 442 571
441 571 570
442 443 572
442 572 571
443 444 573
443 573 572
444 445 574
444 574 573
445 446 575
445 575 574
446 447 576
446 576 575
447 448 577
447 577 576
448 449 578
448 578 577
449 450 579
449 579 578
450 451 580
450 580 579
451 452 581
451 581 580
452 453 582
452 582 581
453 454 583
453 583 582
454 455 584
454 584 583
455 456 585
455 585 584
456 457 586
456 586 585
457 458 587
457 587 586
458 459 588
458 588 587
459 460 589
459 589 588
460 461 590
460 590 589
461 462 591
461 591 590
462 463 592
462 592 591
463 464 593
463 593 592
464 465 594
464 594 593
465 466 595
465 595 594
466 467 596
466 596 595
467 468 597
467 597 596
468 469 598
468 598 597
469 470 599
469 599 598
470 471 600
470 600 599
471 472 601
471 601 600
472 473 602
472 602 601
473 474 603
473 603 602
474 475 604
474 604 603
475 476 605
475 605 604
476 477 606
476 606 605
477 478 607
477 607 606
478 479 608
478 608 607
479 480 609
479 609 608
480 481 610
480 610 609
481 482 611
481 611 610
482 483 612
482 612 611
483 484 613
483 613 612
484 485 614
484 614 613
485 486 615
485 615 614
486 487 616
486 616 615
487 488 617
487 617 616
488 489 618
488 618 617
489 490 619
489 619 618
490 491 620
490 620 619
491 492 621
491 621 620
492 493 622
492 622 621
493 494 623
493 623 622
494 495 624
494 624 623
495 496 625
495 625 624
496 497 626
496 626 625
497 498 627
497 627 626
498 499 628
498 628 627
499 500 629
499 629 628
500 501 630
500 630 629
501 502 631
501 631 630
502 503 632
502 632 631
503 504 633
503 633 632
504 505 634
504 634 633
505 506 635
505 635 634
506 507 636
506 636 635
507 508 637
507 637 636
508 509 638
508 638 637
509 510 639
509 639 638
510 511 640
510 640 639
511 512 641
511 641 640
512 513 642
512 642 641
513 514 643
513 643 642
514 515 644
514 644 643
515 516 645
515 645 644
517 518 647
517 647 646
518 519 648
518 648 647
519 520 649
519 649 648
520 521 650
520 650 649
521 522 651
521 651 650
522 523 652
522 652 651
523 524 653
523 653 652
524 525 654
524 654 653
525 526 655
525 655 654
526 527 656
526 656 655
527 528 657
527 657 656
528 529 658
528 658 657
529 530 659
529 659 658
530 531 660
530 660 659
531 532 661
531 661 660
532 533 662
532 662 661
533 534 663
533 663 662
534 535 664
534 664 663
535 536 665
535 665 664
536 537 666
536 666 665
537 538 667
537 667 666
538 539 668
538 668 667
539 540 669
539 669 668
540 541 670
540 670 669
541 542 671
541 671 670
542 543 672
542 672 671
543 544 673
543 673 672
544 545 674
544 674 673
545 546 675
545 675 674
546 547 676
546 676 675
547 548 677
547 677 676
548 549 678
548 678 677
549 550 679
549 679 678
550 551 680
550 680 679
551 552 681
551 681 680
552 553 682
552 682 681
553 554 683
553 683 682
554 555 684
554 684 683
555 556 685
555 685 684
556 557 686
556 686 685
557 558 687
557 687 686
558 559 688
558 688 687
559 560 689
559 689 688
560 561 690
560 690 689
561 562 691
561 691 690
562 563 692
562 692 691
563 564 693
563 693 692
564 565 694
564 694 693
565 566 695
565 695 694
566 567 696
566 696 695
567 568 697
567 697 696
568 569 698
568 698 697
569 570 699
569 699 698
570 571 700
570 700 699
571 572 701
571 701 700
572 573 702
572 702 701
573 574 703
573 703 702
574 575 704
574 704 703
575 576 705
575 705 704
576 577 706
576 706 705
577 578 707
577 707 706
578 579 708
578 708 707
579 580 709
579 709 708
580 581 710
580 710 709
581 582 711
581 711 710
582 583 712
582 712 711
583 584 713
583 713 712
584 585 714
584 714 713
585 586 715
585 715 714
586 587 716
586 716 715
587 588 717
587 717 716
588 589 718
588 718 717
589 590 719
589 719 718
590 591 720
590 720 719
591 592 721
591 721 720
592 593 722
592 722 721
593 594 723
593 723 722
594 595 724
594 724 723
595 596 725
595 725 724
596 597 726
596 726 725
597 598 727
597 727 726
598 599 728
598 728 727
599 600 729
599 729 728
600 601 730
600 730 729
601 602 731
601 731 730
602 603 732
602 732 731
603 604 733
603 733 732
604 605 734
604 734 733
605 606 735
605 735 734
606 607 736
606 736 735
607 608 737
607 737 736
608 609 738
608 738 737
609 610 739
609 739 738
610 611 740
610 740 739
611 612 741
611 741 740
612 613 742
612 742 741
613 614 743
613 743 742
614 615 744
614 744 743
615 616 745
615 745 744
616 617 746
616 746 745
617 618 747
617 747 746
618 619 748
618 748 747
619 620 749
619 749 748
620 621 750
620 750 749
621 622 751
621 751 750
622 623 752
622 752 751
623 624 753
623 753 752
624 625 754
624 754 753
625 626 755
625 755 754
626 627 756
626 756 755
627 628 757
627 757 756
628 629 758
628 758 757
629 630 759
629 759 758
630 631 760
630 760 759
631 632 761
631 761 760
632 633 762
632 762 761
633 634 763
633 763 762
634 635 764
634 764 763
635 636 765
635 765 764
636 637 766
636 766 765
637 638 767
637 767 766
638 639 768
638 768 767
639 640 769
639 769 768
640 641 770
640 770 769
641 642 771
641 771 770
642 643 772
642 772 771
643 644 773
643 773 772
644 645 774
644 774 773
646 647 776
646 776 775
647 648 777
647 777 776
648 649 778
648 778 777
649 650 779
649 779 778
650 651 780
650 780 779
651 652 781
651 781 780
652 653 782
652 782 781
653 654 783
653 783 782
654 655 784
654 784 783
655 656 785
655 785 784
656 657 786
656 786 785
657 658 787
657 787 786
658 659 788
658 788 787
659 660 789
659 789 788
660 661 790
660 790 789
661 662 791
661 791 790
662 663 792
662 792 791
663 664 793
663 793 792
664 665 794
664 794 793
665 666 795
665 795 794
666 667 796
666 796 795
667 668 797
667 797 796
668 669 798
668 798 797
669 670 799
669 799 798
670 671 800
670 800 799
671 672 801
671 801 800
672 673 802
672 802 801
673 674 803
673 803 802
674 675 804
674 804 803
675 676 805
675 805 804
676 677 806
676 806 805
677 678 807
677 807 806
678 679 808
678 808 807
679 680 809
679 809 808
680 681 810
680 810 809
681 682 811
681 811 810
682 683 812
682 812 811
683 684 813
683 813 812
684 685 814
684 814 813
685 686 815
685 815 814
686 687 816
686 816 815
687 688 817
687 817 816
688 689 818
688 818 817
689 690 819
689 819 818
690 691 820
690 820 819
691 692 821
691 821 820
692 693 822
692 822 821
693 694 823
693 823 822
694 695 824
694 824 823
695 696 825
695 825 824
696 697 826
696 826 825
697 698 827
697 827 826
698 699 828
698 828 827
699 700 829
699 829 828
700 701 830
700 830 829
701 702 831
701 831 830
702 703 832
702 832 831
703 704 833
703 833 832
704 705 834
704 834 833
705 706 835
705 835 834
706 707 836
706 836 835
707 708 837
707 837 836
708 709 838
708 838 837
709 710 839
709 839 838
710 711 840
710 840 839
711 712 841
711 841 840
712 713 842
712 842 841
713 714 843
713 843 842
714 715 844
714 844 843
715 716 845
715 845 844
716 717 846
716 846 845
717 718 847
717 847 846
718 719 848
718 848 847
719 720 849
719 849 848
720 721 850
720 850 849
721 722 851
721 851 850
722 723 852
722 852 851
723 724 853
723 853 852
724 725 854
724 854 853
725 726 855
725 855 854
726 727 856
726 856 855
727 728 857
727 857 856
728 729 858
728 858 857
729 730 859
729 859 858
730 731 860
730 860 859
731 732 861
731 861 860
732 733 862
732 862 861
733 734 863
733 863 862
734 735 864
734 864 863
735 736 865
735 865 864
736 737 866
736 866 865
737 738 867
737 867 866
738 739 868
738 868 867
739 740 869
739 869 868
740 741 870
740 870 869
741 742 871
741 871 870
742 743 872
742 872 871
743 744 873
743 873 872
744 745 874
744 874 873
745 746 875
745 875 874
746 747 876
746 876 875
747 748 877
747 877 876
748 749 878
748 878 877
749 750 879
749 879 878
750 751 880
750 880 879
751 752 881
751 881 880
752 753 882
752 882 881
753 754 883
753 883 882
754 755 884
754 884 883
755 756 885
755 885 884
756 757 886
756 886 885
757 758 887
757 887 886
758 759 888
758 888 887
759 760 889
759 889 888
760 761 890
760 890 889
761 762 891
761 891 890
762 763 892
762 892 891
763 764 893
763 893 892
764 765 894
764 894 893
765 766 895
765 895 894
766 767 896
766 896 895
767 768 897
767 897 896
768 769 898
768 898 897
769 770 899
769 899 898
770 771 900
770 900 899
771 772 901
771 901 900
772 773 902
772 902 901
773 774 903
773 903 902
775 776 905
775 905 904
776 777 906
776 906 905
777 778 907
777 907 906
778 779 908
778 908 907
779 780 909
779 909 908
780 781 910
780 910 909
781 782 911
781 911 910
782 783 912
782 912 911
783 784 913
783 913 912
784 785 914
784 914 913
785 786 915
785 915 914
786 787 916
786 916 915
787 788 917
787 917 916
788 789 918
788 918 917
789 790 919
789 919 918
790 791 920
790 920 919
791 792 921
791 921 920
792 793 922
792 922 921
793 794 923
793 923 922
794 795 924
794 924 923
795 796 925
795 925 924
796 797 926
796 926 925
797 798 927
797 927 926
798 799 928
798 928 927
799 800 929
799 929 928
800 801 930
800 930 929
801 802 931
801 931 930
802 803 932
802 932 931
803 804 933
803 933 932
804 805 934
804 934 933
805 806 935
805 935 934
806 807 936
806 936 935
807 808 937
807 937 936
808 809 938
808 938 937
809 810 939
809 939 938
810 811 940
810 940 939
811 812 941
811 941 940
812 813 942
812 942 941
813 814 943
813 943 942
814 815 944
814 944 943
815 816 945
815 945 944
816 817 946
816 946 945
817 818 947
817 947 946
818 819 948
818 948 947
819 820 949
819 949 948
820 821 950
820 950 949
821 822 951
821 951 950
822 823 952
822 952 951
823 824 953
823 953 952
824 825 954
824 954 953
825 826 955
825 955 954
826 827 956
826 956 955
827 828 957
827 957 956
828 829 958
828 958 957
829 830 959
829 959 958
830 831 960
830 960 959
831 832 961
831 961 960
832 833 962
832 962 961
833 834 963
833 963 962
834 835 964
834 964 963
835 836 965
835 965 964
836 837 966
836 966 965
837 838 967
837 967 966
838 839 968
838 968 967
839 840 969
839 969 968
840 841 970
840 970 969
841 842 971
841 971 970
842 843 972
842 972 971
843 844 973
843 973 972
844 845 974
844 974 973
845 846 975
845 975 974
846 847 976
846 976 975
847 848 977
847 977 976
848 849 978
848 978 977
849 850 979
849 979 978
850 851 980
850 980 979
851 852 981
851 981 980
852 853 982
852 982 981
853 854 983
853 983 982
854 855 984
854 984 983
855 856 985
855 985 984
856 857 986
856 986 985
857 858 987
857 987 986
858 859 988
858 988 987
859 860 989
859 989 988
860 861 990
860 990 989
861 862 991
861 991 990
862 863 992
862 992 991
863 864 993
863 993 992
864 865 994
864 994 993
865 866 995
865 995 994
866 867 996
866 996 995
867 868 997
867 997 996
868 869 998
868 998 997
869 870 999
869 999 998
870 871 1000
870 1000 999
871 872 1001
871 1001 1000
872 873 1002
872 1002 1001
873 874 1003
873 1003 1002
874 875 1004
874 1004 1003
875 876 1005
875 1005 1004
876 877 1006
876 1006 1005
877 878 1007
877 1007 1006
878 879 1008
878 1008 1007
879 880 1009
879 1009 1008
880 881 1010
880 1010 1009
881 882 1011
881 1011 1010
882 883 1012
882 1012 1011
883 884 1013
883 1013 1012
884 885 1014
884 1014 1013
885 886 1015
885 1015 1014
886 887 1016
886 1016 1015
887 888 1017
887 1017 1016
888 889 1018
888 1018 1017
889 890 1019
889 1019 1018
890 891 1020
890 1020 1019
891 892 1021
891 1021 1020
892 893 1022
892 1022 1021
893 894 1023
893 1023 1022
894 895 1024
894 1024 1023
895 896 1025
895 1025 1024
896 897 1026
896 1026 1025
897 898 1027
897 1027 1026
898 899 1028
898 1028 1027
899 900 1029
899 1029 1028
900 901 1030
900 1030 1029
901 902 1031
901 1031 1030
902 903 1032
902 1032 1031
904 905 1034
904 1034 1033
905 906 1035
905 1035 1034
906 907 1036
906 1036 1035
907 908 1037
907 1037 1036
908 909 1038
908 1038 1037
909 910 1039
909 1039 1038
910 911 1040
910 1040 1039
911 912 1041
911 1041 1040
912 913 1042
912 1042 1041
913 914 1043
913 1043 1042
914 915 1044
914 1044 1043
915 916 1045
915 1045 1044
916 917 1046
916 1046 1045
917 918 1047
917 1047 1046
918 919 1048
918 1048 1047
919 920 1049
919 1049 1048
920 921 1050
920 1050 1049
921 922 1051
921 1051 1050
922 923 1052
922 1052 1051
923 924 1053
923 1053 1052
924 925 1054
924 1054 1053
925 926 1055
925 1055 1054
926 927 1056
926 1056 1055
927 928 1057
927 1057 1056
928 929 1058
928 1058 1057
929 930 1059
929 1059 1058
930 931 1060
930 1060 1059
931 932 1061
931 1061 1060
932 933 1062
932 1062 1061
933 934 1063
933 1063 1062
934 935 1064
934 1064 1063
935 936 1065
935 1065 1064
936 937 1066
936 1066 1065
937 938 1067
937 1067 1066
938 939 1068
938 1068 1067
939 940 1069
939 1069 1068
940 941 1070
940 1070 1069
941 942 1071
941 1071 1070
942 943 1072
942 1072 1071
943 944 1073
943 1073 1072
944 945 1074
944 1074 1073
945 946 1075
945 1075 1074
946 947 1076
946 1076 1075
947 948 1077
947 1077 1076
948 949 1078
948 1078 1077
949 950 1079
949 1079 1078
950 951 1080
950 1080 1079
951 952 1081
951 1081 1080
952 953 1082
952 1082 1081
953 954 1083
953 1083 1082
954 955 1084
954 1084 1083
955 956 1085
955 1085 1084
956 957 1086
956 1086 1085
957 958 1087
957 1087 1086
958 959 1088
958 1088 1087
959 960 1089
959 1089 1088
960 961 1090
960 1090 1089
961 962 1091
961 1091 1090
962 963 1092
962 1092 1091
963 964 1093
963 1093 1092
964 965 1094
964 1094 1093
965 966 1095
965 1095 1094
966 967 1096
966 1096 1095
967 968 1097
967 1097 1096
968 969 1098
968 1098 1097
969 970 1099
969 1099 1098
970 971 1100
970 1100 1099
971 972 1101
971 1101 1100
972 973 1102
972 1102 1101
973 974 1103
973 1103 1102
974 975 1104
974 1104 1103
975 976 1105
975 1105 1104
976 977 1106
976 1106 1105
977 978 1107
977 1107 1106
978 979 1108
978 1108 1107
979 980 1109
979 1109 1108
980 981 1110
980 1110 1109
981 982 1111
981 1111 1110
982 983 1112
982 1112 1111
983 984 1113
983 1113 1112
984 985 1114
984 1114 1113
985 986 1115
985 1115 1114
986 987 1116
986 1116 1115
987 988 1117
987 1117 1116
988 989 1118
988 1118 1117
989 990 1119
989 1119 1118
990 991 1120
990 1120 1119
991 992 1121
991 1121 1120
992 993 1122
992 1122 1121
993 994 1123
993 1123 1122
994 995 1124
994 1124 1123
995 996 1125
995 1125 1124
996 997 1126
996 1126 1125
997 998 1127
997 1127 1126
998 999 1128
998 1128 1127
999 1000 1129
999 1129 1128
1000 1001 1130
1000 1130 1129
1001 1002 1131
1001 1131 1130
1002 1003 1132
1002 1132 1131
1003 1004 1133
1003 1133 1132
1004 1005 1134
1004 1134 1133
1005 1006 1135
1005 1135 1134
1006 1007 1136
1006 1136 1135
1007 1008 1137
1007 1137 1136
1008 1009 1138
1008 1138 1137
1009 1010 1139
1009 1139 1138
1010 1011 1140
1010 1140 1139
1011 1012 1141
1011 1141 1140
1012 1013 1142
1012 1142 1141
1013 1014 1143
1013 1143 1142
1014 1015 1144
1014 1144 1143
1015 1016 1145
1015 1145 1144
1016 1017 1146
1016 1146 1145
1017 1018 1147
1017 1147 1146
1018 1019 1148
1018 1148 1147
1019 1020 1149
1019 1149 1148
1020 1021 1150
1020 1150 1149
1021 1022 1151
1021 1151 1150
1022 1023 1152
1022 1152 1151
1023 1024 1153
1023 1153 1152
1024 1025 1154
1024 1154 1153
1025 1026 1155
1025 1155 1154
1026 1027 1156
1026 1156 1155
1027 1028 1157
1027 1157 1156
1028 1029 1158
1028 1158 1157
1029 1030 1159
1029 1159 1158
1030 1031 1160
1030 1160 1159
1031 1032 1161
1031 1161 1160
1033 1034 1163
1033 1163 1162
1034 1035 1164
1034 1164 1163
1035 1036 1165
1035 1165 1164
1036 1037 1166
1036 1166 1165
1037 1038 1167
1037 1167 1166
1038 1039 1168
1038 1168 1167
1039 1040 1169
1039 1169 1168
1040 1041 1170
1040 1170 1169
1041 1042 1171
1041 1171 1170
1042 1043 1172
1042 1172 1171
1043 1044 1173
1043 1173 1172
1044 1045 1174
1044 1174 1173
1045 1046 1175
1045 1175 1174
1046 1047 1176
1046 1176 1175
1047 1048 1177
1047 1177 1176
1048 1049 1178
1048 1178 1177
1049 1050 1179
1049 1179 1178
1050 1051 1180
1050 1180 1179
1051 1052 1181
1051 1181 1180
1052 1053 1182
1052 1182 1181
1053 1054 1183
1053 1183 1182
1054 1055 1184
1054 1184 1183
1055 1056 1185
1055 1185 1184
1056 1057 1186
1056 1186 1185
1057 1058 1187
1057 1187 1186
1058 1059 1188
1058 1188 1187
1059 1060 1189
1059 1189 1188
1060 1061 1190
1060 1190 1189
1061 1062 1191
1061 1191 1190
1062 1063 1192
1062 1192 1191
1063 1064 1193
1063 1193 1192
1064 1065 1194
1064 1194 1193
1065 1066 1195
1065 1195 1194
1066 1067 1196
1066 1196 1195
1067 1068 1197
1067 1197 1196
1068 1069 1198
1068 1198 1197
1069 1070 1199
1069 1199 1198
1070 1071 1200
1070 1200 1199
1071 1072 1201
1071 1201 1200
1072 1073 1202
1072 1202 1201
1073 1074 1203
1073 1203 1202
1074 1075 1204
1074 1204 1203
1075 1076 1205
1075 1205 1204
1076 1077 1206
1076 1206 1205
1077 1078 1207
1077 1207 1206
1078 1079 1208
1078 1208 1207
1079 1080 1209
1079 1209 1208
1080 1081 1210
1080 1210 1209
1081 1082 1211
1081 1211 1210
1082 1083 1212
1082 1212 1211
1083 1084 1213
1083 1213 1212
1084 1085 1214
1084 1214 1213
1085 1086 1215
1085 1215 1214
1086 1087 1216
1086 1216 1215
1087 1088 1217
1087 1217 1216
1088 1089 1218
1088 1218 1217
1089 1090 1219
1089 1219 1218
1090 1091 1220
1090 1220 1219
1091 1092 1221
1091 1221 1220
1092 1093 1222
1092 1222 1221
1093 1094 1223
1093 1223 1222
1094 1095 1224
1094 1224 1223
1095 1096 1225
1095 1225 1224
1096 1097 1226
1096 1226 1225
1097 1098 1227
1097 1227 1226
1098 1099 1228
1098 1228 1227
1099 1100 1229
1099 1229 1228
1100 1101 1230
1100 1230 1229
1101 1102 1231
1101 1231 1230
1102 1103 1232
1102 1232 1231
1103 1104 1233
1103 1233 1232
1104 1105 1234
1104 1234 1233
1105 1106 1235
1105 1235 1234
1106 1107 1236
1106 1236 1235
1107 1108 1237
1107 1237 1236
1108 1109 1238
1108 1238 1237
1109 1110 1239
1109 1239 1238
1110 1111 1240
1110 1240 1239
1111 1112 1241
1111 1241 1240
1112 1113 1242
1112 1242 1241
1113 1114 1243
1113 1243 1242
1114 1115 1244
1114 1244 1243
1115 1116 1245
1115 1245 1244
1116 1117 1246
1116 1246 1245
1117 1118 1247
1117 1247 1246
1118 1119 1248
1118 1248 1247
1119 1120 1249
1119 1249 1248
1120 1121 1250
1120 1250 1249
1121 1122 1251
1121 1251 1250
1122 1123 1252
1122 1252 1251
1123 1124 1253
1123 1253 1252
1124 1125 1254
1124 1254 1253
1125 1126 1255
1125 1255 1254
1126 1127 1256
1126 1256 1255
1127 1128 1257
1127 1257 1256
1128 1129 1258
1128 1258 1257
1129 1130 1259
1129 1259 1258
1130 1131 1260
1130 1260 1259
1131 1132 1261
1131 1261 1260
1132 1133 1262
1132 1262 1261
1133 1134 1263
1133 1263 1262
1134 1135 1264
1134 1264 1263
1135 1136 1265
1135 1265 1264
1136 1137 1266
1136 1266 1265
1137 1138 1267
1137 1267 1266
1138 1139 1268
1138 1268 1267
1139 1140 1269
1139 1269 1268
1140 1141 1270
1140 1270 1269
1141 1142 1271
1141 1271 1270
1142 1143 1272
1142 1272 1271
1143 1144 1273
1143 1273 1272
1144 1145 1274
1144 1274 1273
1145 1146 1275
1145 1275 1274
1146 1147 1276
1146 1276 1275
1147 1148 1277
1147 1277 1276
1148 1149 1278
1148 1278 1277
1149 1150 1279
1149 1279 1278
1150 1151 1280
1150 1280 1279
1151 1152 1281
1151 1281 1280
1152 1153 1282
1152 1282 1281
1153 1154 1283
1153 1283 1282
1154 1155 1284
1154 1284 1283
1155 1156 1285
1155 1285 1284
1156 1157 1286
1156 1286 1285
1157 1158 1287
1157 1287 1286
1158 1159 1288
1158 1288 1287
1159 1160 1289
1159 1289 1288
1160 1161 1290
1160 1290 1289
1162 1163 1292
1162 1292 1291
1163 1164 1293
1163 1293 1292
1164 1165 1294
1164 1294 1293
1165 1166 1295
1165 1295 1294
1166 1167 1296
1166 1296 1295
1167 1168 1297
1167 1297 1296
1168 1169 1298
1168 1298 1297
1169 1170 1299
1169 1299 1298
1170 1171 1300
1170 1300 1299
1171 1172 1301
1171 1301 1300
1172 1173 1302
1172 1302 1301
1173 1174 1303
1173 1303 1302
1174 1175 1304
1174 1304 1303
1175 1176 1305
1175 1305 1304
1176 1177 1306
1176 1306 1305
1177 1178 1307
1177 1307 1306
1178 1179 1308
1178 1308 1307
1179 1180 1309
1179 1309 1308
1180 1181 1310
1180 1310 1309
1181 1182 1311
1181 1311 1310
1182 1183 1312
1182 1312 1311
1183 1184 1313
1183 1313 1312
1184 1185 1314
1184 1314 1313
1185 1186 1315
1185 1315 1314
1186 1187 1316
1186 1316 1315
1187 1188 1317
1187 1317 1316
1188 1189 1318
1188 1318 1317
1189 1190 1319
1189 1319 1318
1190 1191 1320
1190 1320 1319
1191 1192 1321
1191 1321 1320
1192 1193 1322
1192 1322 1321
1193 1194 1323
1193 1323 1322
1194 1195 1324
1194 1324 1323
1195 1196 1325
1195 1325 1324
1196 1197 1326
1196 1326 1325
1197 1198 1327
1197 1327 1326
1198 1199 1328
1198 1328 1327
1199 1200 1329
1199 1329 1328
1200 1201 1330
1200 1330 1329
1201 1202 1331
1201 1331 1330
1202 1203 1332
1202 1332 1331
1203 1204 1333
1203 1333 1332
1204 1205 1334
1204 1334 1333
1205 1206 1335
1205 1335 1334
1206 1207 1336
1206 1336 1335
1207 1208 1337
1207 1337 1336
1208 1209 1338
1208 1338 1337
1209 1210 1339
1209 1339 1338
1210 1211 1340
1210 1340 1339
1211 1212 1341
1211 1341 1340
1212 1213 1342
1212 1342 1341
1213 1214 1343
1213 1343 1342
1214 1215 1344
1214 1344 1343
1215 1216 1345
1215 1345 1344
1216 1217 1346
1216 1346 1345
1217 1218 1347
1217 1347 1346
1218 1219 1348
1218 1348 1347
1219 1220 1349
1219 1349 1348
1220 1221 1350
1220 1350 1349
1221 1222 1351
1221 1351 1350
1222 1223 1352
1222 1352 1351
1223 1224 1353
1223 1353 1352
1224 1225 1354
1224 1354 1353
1225 1226 1355
1225 1355 1354
1226 1227 1356
1226 1356 1355
1227 1228 1357
1227 1357 1356
1228 1229 1358
1228 1358 1357
1229 1230 1359
1229 1359 1358
1230 1231 1360
1230 1360 1359
1231 1232 1361
1231 1361 1360
1232 1233 1362
1232 1362 1361
1233 1234 1363
1233 1363 1362
1234 1235 1364
1234 1364 1363
1235 1236 1365
1235 1365 1364
1236 1237 1366
1236 1366 1365
1237 1238 1367
1237 1367 1366
1238 1239 1368
1238 1368 1367
1239 1240 1369
1239 1369 1368
1240 1241 1370
1240 1370 1369
1241 1242 1371
1241 1371 1370
1242 1243 1372
1242 1372 1371
1243 1244 1373
1243 1373 1372
1244 1245 1374
1244 1374 1373
1245 1246 1375
1245 1375 1374
1246 1247 1376
1246 1376 1375
1247 1248 1377
1247 1377 1376
1248 1249 1378
1248 1378 1377
1249 1250 1379
1249 1379 1378
1250 1251 1380
1250 1380 1379
1251 1252 1381
1251 1381 1380
1252 1253 1382
1252 1382 1381
1253 1254 1383
1253 1383 1382
1254 1255 1384
1254 1384 1383
1255 1256 1385
1255 1385 1384
1256 1257 1386
1256 1386 1385
1257 1258 1387
1257 1387 1386
1258 1259 1388
1258 1388 1387
1259 1260 1389
1259 1389 1388
1260 1261 1390
1260 1390 1389
1261 1262 1391
1261 1391 1390
1262 1263 1392
1262 1392 1391
1263 1264 1393
1263 1393 1392
1264 1265 1394
1264 1394 1393
1265 1266 1395
1265 1395 1394
1266 1267 1396
1266 1396 1395
1267 1268 1397
1267 1397 1396
1268 1269 1398
1268 1398 1397
1269 1270 1399
1269 1399 1398
1270 1271 1400
1270 1400 1399
1271 1272 1401
1271 1401 1400
1272 1273 1402
1272 1402 1401
1273 1274 1403
1273 1403 1402
1274 1275 1404
1274 1404 1403
1275 1276 1405
1275 1405 1404
1276 1277 1406
1276 1406 1405
1277 1278 1407
1277 1407 1406
1278 1279 1408
1278 1408 1407
1279 1280 1409
1279 1409 1408
1280 1281 1410
1280 1410 1409
1281 1282 1411
1281 1411 1410
1282 1283 1412
1282 1412 1411
1283 1284 1413
1283 1413 1412
1284 1285 1414
1284 1414 1413
1285 1286 1415
1285 1415 1414
1286 1287 1416
1286 1416 1415
1287 1288 1417
1287 1417 1416
1288 1289 1418
1288 1418 1417
1289 1290 1419
1289 1419 1418
1291 1292 1421
1291 1421 1420
1292 1293 1422
1292 1422 1421
1293 1294 1423
1293 1423 1422
1294 1295 1424
1294 1424 1423
1295 1296 1425
1295 1425 1424
1296 1297 1426
1296 1426 1425
1297 1298 1427
1297 1427 1426
1298 1299 1428
1298 1428 1427
1299 1300 1429
1299 1429 1428
1300 1301 1430
1300 1430 1429
1301 1302 1431
1301 1431 1430
1302 1303 1432
1302 1432 1431
1303 1304 1433
1303 1433 1432
1304 1305 1434
1304 1434 1433
1305 1306 1435
1305 1435 1434
1306 1307 1436
1306 1436 1435
1307 1308 1437
1307 1437 1436
1308 1309 1438
1308 1438 1437
1309 1310 1439
1309 1439 1438
1310 1311 1440
1310 1440 1439
1311 1312 1441
1311 1441 1440
1312 1313 1442
1312 1442 1441
1313 1314 1443
1313 1443 1442
1314 1315 1444
1314 1444 1443
1315 1316 1445
1315 1445 1444
1316 1317 1446
1316 1446 1445
1317 1318 1447
1317 1447 1446
1318 1319 1448
1318 1448 1447
1319 1320 1449
1319 1449 1448
1320 1321 1450
1320 1450 1449
1321 1322 1451
1321 1451 1450
1322 1323 1452
1322 1452 1451
1323 1324 1453
1323 1453 1452
1324 1325 1454
1324 1454 1453
1325 1326 1455
1325 1455 1454
1326 1327 1456
1326 1456 1455
1327 1328 1457
1327 1457 1456
1328 1329 1458
1328 1458 1457
1329 1330 1459
1329 1459 1458
1330 1331 1460
1330 1460 1459
1331 1332 1461
1331 1461 1460
1332 1333 1462
1332 1462 1461
1333 1334 1463
1333 1463 1462
1334 1335 1464
1334 1464 1463
1335 1336 1465
1335 1465 1464
1336 1337 1466
1336 1466 1465
1337 1338 1467
1337 1467 1466
1338 1339 1468
1338 1468 1467
1339 1340 1469
1339 1469 1468
1340 1341 1470
1340 1470 1469
1341 1342 1471
1341 1471 1470
1342 1343 1472
1342 1472 1471
1343 1344 1473
1343 1473 1472
1344 1345 1474
1344 1474 1473
1345 1346 1475
1345 1475 1474
1346 1347 1476
1346 1476 1475
1347 1348 1477
1347 1477 1476
1348 1349 1478
1348 1478 1477
1349 1350 1479
1349 1479 1478
1350 1351 1480
1350 1480 1479
1351 1352 1481
1351 1481 1480
1352 1353 1482
1352 1482 1481
1353 1354 1483
1353 1483 1482
1354 1355 1484
1354 1484 1483
1355 1356 1485
1355 1485 1484
1356 1357 1486
1356 1486 1485
1357 1358 1487
1357 1487 1486
1358 1359 1488
1358 1488 1487
1359 1360 1489
1359 1489 1488
1360 1361 1490
1360 1490 1489
1361 1362 1491
1361 1491 1490
1362 1363 1492
1362 1492 1491
1363 1364 1493
1363 1493 1492
1364 1365 1494
1364 1494 1493
1365 1366 1495
1365 1495 1494
1366 1367 1496
1366 1496 1495
1367 1368 1497
1367 1497 1496
1368 1369 1498
1368 1498 1497
1369 1370 1499
1369 1499 1498
1370 1371 1500
1370 1500 1499
1371 1372 1501
1371 1501 1500
1372 1373 1502
1372 1502 1501
1373 1374 1503
1373 1503 1502
1374 1375 1504
1374 1504 1503
1375 1376 1505
1375 1505 1504
1376 1377 1506
1376 1506 1505
1377 1378 1507
1377 1507 1506
1378 1379 1508
1378 1508 1507
1379 1380 1509
1379 1509 1508
1380 1381 1510
1380 1510 1509
1381 1382 1511
1381 1511 1510
1382 1383 1512
1382 1512 1511
1383 1384 1513
1383 1513 1512
1384 1385 1514
1384 1514 1513
1385 1386 1515
1385 1515 1514
1386 1387 1516
1386 1516 1515
1387 1388 1517
1387 1517 1516
1388 1389 1518
1388 1518 1517
1389 1390 1519
1389 1519 1518
1390 1391 1520
1390 1520 1519
1391 1392 1521
1391 1521 1520
1392 1393 1522
1392 1522 1521
1393 1394 1523
1393 1523 1522
1394 1395 1524
1394 1524 1523
1395 1396 1525
1395 1525 1524
1396 1397 1526
1396 1526 1525
1397 1398 1527
1397 1527 1526
1398 1399 1528
1398 1528 1527
1399 1400 1529
1399 1529 1528
1400 1401 1530
1400 1530 1529
1401 1402 1531
1401 1531 1530
1402 1403 1532
1402 1532 1531
1403 1404 1533
1403 1533 1532
1404 1405 1534
1404 1534 1533
1405 1406 1535
1405 1535 1534
1406 1407 1536
1406 1536 1535
1407 1408 1537
1407 1537 1536
1408 1409 1538
1408 1538 1537
1409 1410 1539
1409 1539 1538
1410 1411 1540
1410 1540 1539
1411 1412 1541
1411 1541 1540
1412 1413 1542
1412 1542 1541
1413 1414 1543
1413 1543 1542
1414 1415 1544
1414 1544 1543
1415 1416 1545
1415 1545 1544
1416 1417 1546
1416 1546 1545
1417 1418 1547
1417 1547 1546
1418 1419 1548
1418 1548 1547
1420 1421 1550
1420 1550 1549
1421 1422 1551
1421 1551 1550
1422 1423 1552
1422 1552 1551
1423 1424 1553
1423 1553 1552
1424 1425 1554
1424 1554 1553
1425 1426 1555
1425 1555 1554
1426 1427 1556
1426 1556 1555
1427 1428 1557
1427 1557 1556
1428 1429 1558
1428 1558 1557
1429 1430 1559
1429 1559 1558
1430 1431 1560
1430 1560 1559
1431 1432 1561
1431 1561 1560
1432 1433 1562
1432 1562 1561
1433 1434 1563
1433 1563 1562
1434 1435 1564
1434 1564 1563
1435 1436 1565
1435 1565 1564
1436 1437 1566
1436 1566 1565
1437 1438 1567
1437 1567 1566
1438 1439 1568
1438 1568 1567
1439 1440 1569
1439 1569 1568
1440 1441 1570
1440 1570 1569
1441 1442 1571
1441 1571 1570
1442 1443 1572
1442 1572 1571
1443 1444 1573
1443 1573 1572
1444 1445 1574
1444 1574 1573
1445 1446 1575
1445 1575 1574
1446 1447 1576
1446 1576 1575
1447 1448 1577
1447 1577 1576
1448 1449 1578
1448 1578 1577
1449 1450 1579
1449 1579 1578
1450 1451 1580
1450 1580 1579
1451 1452 1581
1451 1581 1580
1452 1453 1582
1452 1582 1581
1453 1454 1583
1453 1583 1582
1454 1455 1584
1454 1584 1583
1455 1456 1585
1455 1585 1584
1456 1457 1586
1456 1586 1585
1457 1458 1587
1457 1587 1586
1458 1459 1588
1458 1588 1587
1459 1460 1589
1459 1589 1588
1460 1461 1590
1460 1590 1589
1461 1462 1591
1461 1591 1590
1462 1463 1592
1462 1592 1591
1463 1464 1593
1463 1593 1592
1464 1465 1594
1464 1594 1593
1465 1466 1595
1465 1595 1594
1466 1467 1596
1466 1596 1595
1467 1468 1597
1467 1597 1596
1468 1469 1598
1468 1598 1597
1469 1470 1599
1469 1599 1598
1470 1471 1600
1470 1600 1599
1471 1472 1601
1471 1601 1600
1472 1473 1602
1472 1602 1601
1473 1474 1603
1473 1603 1602
1474 1475 1604
1474 1604 1603
1475 1476 1605
1475 1605 1604
1476 1477 1606
1476 1606 1605
1477 1478 1607
1477 1607 1606
1478 1479 1608
1478 1608 1607
1479 1480 1609
1479 1609 1608
1480 1481 1610
1480 1610 1609
1481 1482 1611
1481 1611 1610
1482 1483 1612
1482 1612 1611
1483 1484 1613
1483 1613 1612
1484 1485 1614
1484 1614 1613
1485 1486 1615
1485 1615 1614
1486 1487 1616
1486 1616 1615
1487 1488 1617
1487 1617 1616
1488 1489 1618
1488 1618 1617
1489 1490 1619
1489 1619 1618
1490 1491 1620
1490 1620 1619
1491 1492 1621
1491 1621 1620
1492 1493 1622
1492 1622 1621
1493 1494 1623
1493 1623 1622
1494 1495 1624
1494 1624 1623
1495 1496 1625
1495 1625 1624
1496 1497 1626
1496 1626 1625
1497 1498 1627
1497 1627 1626
1498 1499 1628
1498 1628 1627
1499 1500 1629
1499 1629 1628
1500 1501 1630
1500 1630 1629
1501 1502 1631
1501 1631 1630
1502 1503 1632
1502 1632 1631
1503 1504 1633
1503 1633 1632
1504 1505 1634
1504 1634 1633
1505 1506 1635
1505 1635 1634
1506 1507 1636
1506 1636 1635
1507 1508 1637
1507 1637 1636
1508 1509 1638
1508 1638 1637
1509 1510 1639
1509 1639 1638
1510 1511 1640
1510 1640 1639
1511 1512 1641
1511 1641 1640
1512 1513 1642
1512 1642 1641
1513 1514 1643
1513 1643 1642
1514 1515 1644
1514 1644 1643
1515 1516 1645
1515 1645 1644
1516 1517 1646
1516 1646 1645
1517 1518 1647
1517 1647 1646
1518 1519 1648
1518 1648 1647
1519 1520 1649
1519 1649 1648
1520 1521 1650
1520 1650 1649
1521 1522 1651
1521 1651 1650
1522 1523 1652
1522 1652 1651
1523 1524 1653
1523 1653 1652
1524 1525 1654
1524 1654 1653
1525 1526 1655
1525 1655 1654
1526 1527 1656
1526 1656 1655
1527 1528 1657
1527 1657 1656
1528 1529 1658
1528 1658 1657
1529 1530 1659
1529 1659 1658
1530 1531 1660
1530 1660 1659
1531 1532 1661
1531 1661 1660
1532 1533 1662
1532 1662 1661
1533 1534 1663
1533 1663 1662
1534 1535 1664
1534 1664 1663
1535 1536 1665
1535 1665 1664
1536 1537 1666
1536 1666 1665
1537 1538 1667
1537 1667 1666
1538 1539 1668
1538 1668 1667
1539 1540 1669
1539 1669 1668
1540 1541 1670
1540 1670 1669
1541 1542 1671
1541 1671 1670
1542 1543 1672
1542 1672 1671
1543 1544 1673
1543 1673 1672
1544 1545 1674
1544 1674 1673
1545 1546 1675
1545 1675 1674
1546 1547 1676
1546 1676 1675
1547 1548 1677
1547 1677 1676
1549 1550 1679
1549 1679 1678
1550 1551 1680
1550 1680 1679
1551 1552 1681
1551 1681 1680
1552 1553 1682
1552 1682 1681
1553 1554 1683
1553 1683 1682
1554 1555 1684
1554 1684 1683
1555 1556 1685
1555 1685 1684
1556 1557 1686
1556 1686 1685
1557 1558 1687
1557 1687 1686
1558 1559 1688
1558 1688 1687
1559 1560 1689
1559 1689 1688
1560 1561 1690
1560 1690 1689
1561 1562 1691
1561 1691 1690
1562 1563 1692
1562 1692 1691
1563 1564 1693
1563 1693 1692
1564 1565 1694
1564 1694 1693
1565 1566 1695
1565 1695 1694
1566 1567 1696
1566 1696 1695
1567 1568 1697
1567 1697 1696
1568 1569 1698
1568 1698 1697
1569 1570 1699
1569 1699 1698
1570 1571 1700
1570 1700 1699
1571 1572 1701
1571 1701 1700
1572 1573 1702
1572 1702 1701
1573 1574 1703
1573 1703 1702
1574 1575 1704
1574 1704 1703
1575 1576 1705
1575 1705 1704
1576 1577 1706
1576 1706 1705
1577 1578 1707
1577 1707 1706
1578 1579 1708
1578 1708 1707
1579 1580 1709
1579 1709 1708
1580 1581 1710
1580 1710 1709
1581 1582 1711
1581 1711 1710
1582 1583 1712
1582 1712 1711
1583 1584 1713
1583 1713 1712
1584 1585 1714
1584 1714 1713
1585 1586 1715
1585 1715 1714
1586 1587 1716
1586 1716 1715
1587 1588 1717
1587 1717 1716
1588 1589 1718
1588 1718 1717
1589 1590 1719
1589 1719 1718
1590 1591 1720
1590 1720 1719
1591 1592 1721
1591 1721 1720
1592 1593 1722
1592 1722 1721
1593 1594 1723
1593 1723 1722
1594 1595 1724
1594 1724 1723
1595 1596 1725
1595 1725 1724
1596 1597 1726
1596 1726 1725
1597 1598 1727
1597 1727 1726
1598 1599 1728
1598 1728 1727
1599 1600 1729
1599 1729 1728
1600 1601 1730
1600 1730 1729
1601 1602 1731
1601 1731 1730
1602 1603 1732
1602 1732 1731
1603 1604 1733
1603 1733 1732
1604 1605 1734
1604 1734 1733
1605 1606 1735
1605 1735 1734
1606 1607 1736
1606 1736 1735
1607 1608 1737
1607 1737 1736
1608 1609 1738
1608 1738 1737
1609 1610 1739
1609 1739 1738
1610 1611 1740
1610 1740 1739
1611 1612 1741
1611 1741 1740
1612 1613 1742
1612 1742 1741
1613 1614 1743
1613 1743 1742
1614 1615 1744
1614 1744 1743
1615 1616 1745
1615 1745 1744
1616 1617 1746
1616 1746 1745
1617 1618 1747
1617 1747 1746
1618 1619 1748
1618 1748 1747
1619 1620 1749
1619 1749 1748
1620 1621 1750
1620 1750 1749
1621 1622 1751
1621 1751 1750
1622 1623 1752
1622 1752 1751
1623 1624 1753
1623 1753 1752
1624 1625 1754
1624 1754 1753
1625 1626 1755
1625 1755 1754
1626 1627 1756
1626 1756 1755
1627 1628 1757
1627 1757 1756
1628 1629 1758
1628 1758 1757
1629 1630 1759
1629 1759 1758
1630 1631 1760
1630 1760 1759
1631 1632 1761
1631 1761 1760
1632 1633 1762
1632 1762 1761
1633 1634 1763
1633 1763 1762
1634 1635 1764
1634 1764 1763
1635 1636 1765
1635 1765 1764
1636 1637 1766
1636 1766 1765
1637 1638 1767
1637 1767 1766
1638 1639 1768
1638 1768 1767
1639 1640 1769
1639 1769 1768
1640 1641 1770
1640 1770 1769
1641 1642 1771
1641 1771 1770
1642 1643 1772
1642 1772 1771
1643 1644 1773
1643 1773 1772
1644 1645 1774
1644 1774 1773
1645 1646 1775
1645 1775 1774
1646 1647 1776
1646 1776 1775
1647 1648 1777
1647 1777 1776
1648 1649 1778
1648 1778 1777
1649 1650 1779
1649 1779 1778
1650 1651 1780
1650 1780 1779
1651 1652 1781
1651 1781 1780
1652 1653 1782
1652 1782 1781
1653 1654 1783
1653 1783 1782
1654 1655 1784
1654 1784 1783
1655 1656 1785
1655 1785 1784
1656 1657 1786
1656 1786 1785
1657 1658 1787
1657 1787 1786
1658 1659 1788
1658 1788 1787
1659 1660 1789
1659 1789 1788
1660 1661 1790
1660 1790 1789
1661 1662 1791
1661 1791 1790
1662 1663 1792
1662 1792 1791
1663 1664 1793
1663 1793 1792
1664 1665 1794
1664 1794 1793
1665 1666 1795
1665 1795 1794
1666 1667 1796
1666 1796 1795
1667 1668 1797
1667 1797 1796
1668 1669 1798
1668 1798 1797
1669 1670 1799
1669 1799 1798
1670 1671 1800
1670 1800 1799
1671 1672 1801
1671 1801 1800
1672 1673 1802
1672 1802 1801
1673 1674 1803
1673 1803 1802
1674 1675 1804
1674 1804 1803
1675 1676 1805
1675 1805 1804
1676 1677 1806
1676 1806 1805
1678 1679 1808
1678 1808 1807
1679 1680 1809
1679 1809 1808
1680 1681 1810
1680 1810 1809
1681 1682 1811
1681 1811 1810
1682 1683 1812
1682 1812 1811
1683 1684 1813
1683 1813 1812
1684 1685 1814
1684 1814 1813
1685 1686 1815
1685 1815 1814
1686 1687 1816
1686 1816 1815
1687 1688 1817
1687 1817 1816
1688 1689 1818
1688 1818 1817
1689 1690 1819
1689 1819 1818
1690 1691 1820
1690 1820 1819
1691 1692 1821
1691 1821 1820
1692 1693 1822
1692 1822 1821
1693 1694 1823
1693 1823 1822
1694 1695 1824
1694 1824 1823
1695 1696 1825
1695 1825 1824
1696 1697 1826
1696 1826 1825
1697 1698 1827
1697 1827 1826
1698 1699 1828
1698 1828 1827
1699 1700 1829
1699 1829 1828
1700 1701 1830
1700 1830 1829
1701 1702 1831
1701 1831 1830
1702 1703 1832
1702 1832 1831
1703 1704 1833
1703 1833 1832
1704 1705 1834
1704 1834 1833
1705 1706 1835
1705 1835 1834
1706 1707 1836
1706 1836 1835
1707 1708 1837
1707 1837 1836
1708 1709 1838
1708 1838 1837
1709 1710 1839
1709 1839 1838
1710 1711 1840
1710 1840 1839
1711 1712 1841
1711 1841 1840
1712 1713 1842
1712 1842 1841
1713 1714 1843
1713 1843 1842
1714 1715 1844
1714 1844 1843
1715 1716 1845
1715 1845 1844
1716 1717 1846
1716 1846 1845
1717 1718 1847
1717 1847 1846
1718 1719 1848
1718 1848 1847
1719 1720 1849
1719 1849 1848
1720 1721 1850
1720 1850 1849
1721 1722 1851
1721 1851 1850
1722 1723 1852
1722 1852 1851
1723 1724 1853
1723 1853 1852
1724 1725 1854
1724 1854 1853
1725 1726 1855
1725 1855 1854
1726 1727 1856
1726 1856 1855
1727 1728 1857
1727 1857 1856
1728 1729 1858
1728 1858 1857
1729 1730 1859
1729 1859 1858
1730 1731 1860
1730 1860 1859
1731 1732 1861
1731 1861 1860
1732 1733 1862
1732 1862 1861
1733 1734 1863
1733 1863 1862
1734 1735 1864
1734 1864 1863
1735 1736 1865
1735 1865 1864
1736 1737 1866
1736 1866 1865
1737 1738 1867
1737 1867 1866
1738 1739 1868
1738 1868 1867
1739 1740 1869
1739 1869 1868
1740 1741 1870
1740 1870 1869
1741 1742 1871
1741 1871 1870
1742 1743 1872
1742 1872 1871
1743 1744 1873
1743 1873 1872
1744 1745 1874
1744 1874 1873
1745 1746 1875
1745 1875 1874
1746 1747 1876
1746 1876 1875
1747 1748 1877
1747 1877 1876
1748 1749 1878
1748 1878 1877
1749 1750 1879
1749 1879 1878
1750 1751 1880
1750 1880 1879
1751 1752 1881
1751 1881 1880
1752 1753 1882
1752 1882 1881
1753 1754 1883
1753 1883 1882
1754 1755 1884
1754 1884 1883
1755 1756 1885
1755 1885 1884
1756 1757 1886
1756 1886 1885
1757 1758 1887
1757 1887 1886
1758 1759 1888
1758 1888 1887
1759 1760 1889
1759 1889 1888
1760 1761 1890
1760 1890 1889
1761 1762 1891
1761 1891 1890
1762 1763 1892
1762 1892 1891
1763 1764 1893
1763 1893 1892
1764 1765 1894
1764 1894 1893
1765 1766 1895
1765 1895 1894
1766 1767 1896
1766 1896 1895
1767 1768 1897
1767 1897 1896
1768 1769 1898
1768 1898 1897
1769 1770 1899
1769 1899 1898
1770 1771 1900
1770 1900 1899
1771 1772 1901
1771 1901 1900
1772 1773 1902
1772 1902 1901
1773 1774 1903
1773 1903 1902
1774 1775 1904
1774 1904 1903
1775 1776 1905
1775 1905 1904
1776 1777 1906
1776 1906 1905
1777 1778 1907
1777 1907 1906
1778 1779 1908
1778 1908 1907
1779 1780 1909
1779 1909 1908
1780 1781 1910
1780 1910 1909
1781 1782 1911
1781 1911 1910
1782 1783 1912
1782 1912 1911
1783 1784 1913
1783 1913 1912
1784 1785 1914
1784 1914 1913
1785 1786 1915
1785 1915 1914
1786 1787 1916
1786 1916 1915
1787 1788 1917
1787 1917 1916
1788 1789 1918
1788 1918 1917
1789 1790 1919
1789 1919 1918
1790 1791 1920
1790 1920 1919
1791 1792 1921
1791 1921 1920
1792 1793 1922
1792 1922 1921
1793 1794 1923
1793 1923 1922
1794 1795 1924
1794 1924 1923
1795 1796 1925
1795 1925 1924
1796 1797 1926
1796 1926 1925
1797 1798 1927
1797 1927 1926
1798 1799 1928
1798 1928 1927
1799 1800 1929
1799 1929 1928
1800 1801 1930
1800 1930 1929
1801 1802 1931
1801 1931 1930
1802 1803 1932
1802 1932 1931
1803 1804 1933
1803 1933 1932
1804 1805 1934
1804 1934 1933
1805 1806 1935
1805 1935 1934
1807 1808 1937
1807 1937 1936
1808 1809 1938
1808 1938 1937
1809 1810 1939
1809 1939 1938
1810 1811 1940
1810 1940 1939
1811 1812 1941
1811 1941 1940
1812 1813 1942
1812 1942 1941
1813 1814 1943
1813 1943 1942
1814 1815 1944
1814 1944 1943
1815 1816 1945
1815 1945 1944
1816 1817 1946
1816 1946 1945
1817 1818 1947
1817 1947 1946
1818 1819 1948
1818 1948 1947
1819 1820 1949
1819 1949 1948
1820 1821 1950
1820 1950 1949
1821 1822 1951
1821 1951 1950
1822 1823 1952
1822 1952 1951
1823 1824 1953
1823 1953 1952
1824 1825 1954
1824 1954 1953
1825 1826 1955
1825 1955 1954
1826 1827 1956
1826 1956 1955
1827 1828 1957
1827 1957 1956
1828 1829 1958
1828 1958 1957
1829 1830 1959
1829 1959 1958
1830 1831 1960
1830 1960 1959
1831 1832 1961
1831 1961 1960
1832 1833 1962
1832 1962 1961
1833 1834 1963
1833 1963 1962
1834 1835 1964
1834 1964 1963
1835 1836 1965
1835 1965 1964
1836 1837 1966
1836 1966 1965
1837 1838 1967
1837 1967 1966
1838 1839 1968
1838 1968 1967
1839 1840 1969
1839 1969 1968
1840 1841 1970
1840 1970 1969
1841 1842 1971
1841 1971 1970
1842 1843 1972
1842 1972 1971
1843 1844 1973
1843 1973 1972
1844 1845 1974
1844 1974 1973
1845 1846 1975
1845 1975 1974
1846 1847 1976
1846 1976 1975
1847 1848 1977
1847 1977 1976
1848 1849 1978
1848 1978 1977
1849 1850 1979
1849 1979 1978
1850 1851 1980
1850 1980 1979
1851 1852 1981
1851 1981 1980
1852 1853 1982
1852 1982 1981
1853 1854 1983
1853 1983 1982
1854 1855 1984
1854 1984 1983
1855 1856 1985
1855 1985 1984
1856 1857 1986
1856 1986 1985
1857 1858 1987
1857 1987 1986
1858 1859 1988
1858 1988 1987
1859 1860 1989
1859 1989 1988
1860 1861 1990
1860 1990 1989
1861 1862 1991
1861 1991 1990
1862 1863 1992
1862 1992 1991
1863 1864 1993
1863 1993 1992
1864 1865 1994
1864 1994 1993
1865 1866 1995
1865 1995 1994
1866 1867 1996
1866 1996 1995
1867 1868 1997
1867 1997 1996
1868 1869 1998
1868 1998 1997
1869 1870 1999
1869 1999 1998
1870 1871 2000
1870 2000 1999
1871 1872 2001
1871 2001 2000
1872 1873 2002
1872 2002 2001
1873 1874 2003
1873 2003 2002
1874 1875 2004
1874 2004 2003
1875 1876 2005
1875 2005 2004
1876 1877 2006
1876 2006 2005
1877 1878 2007
1877 2007 2006
1878 1879 2008
1878 2008 2007
1879 1880 2009
1879 2009 2008
1880 1881 2010
1880 2010 2009
1881 1882 2011
1881 2011 2010
1882 1883 2012
1882 2012 2011
1883 1884 2013
1883 2013 2012
1884 1885 2014
1884 2014 2013
1885 1886 2015
1885 2015 2014
1886 1887 2016
1886 2016 2015
1887 1888 2017
1887 2017 2016
1888 1889 2018
1888 2018 2017
1889 1890 2019
1889 2019 2018
1890 1891 2020
1890 2020 2019
1891 1892 2021
1891 2021 2020
1892 1893 2022
1892 2022 2021
1893 1894 2023
1893 2023 2022
1894 1895 2024
1894 2024 2023
1895 1896 2025
1895 2025 2024
1896 1897 2026
1896 2026 2025
1897 1898 2027
1897 2027 2026
1898 1899 2028
1898 2028 2027
1899 1900 2029
1899 2029 2028
1900 1901 2030
1900 2030 2029
1901 1902 2031
1901 2031 2030
1902 1903 2032
1902 2032 2031
1903 1904 2033
1903 2033 2032
1904 1905 2034
1904 2034 2033
1905 1906 2035
1905 2035 2034
1906 1907 2036
1906 2036 2035
1907 1908 2037
1907 2037 2036
1908 1909 2038
1908 2038 2037
1909 1910 2039
1909 2039 2038
1910 1911 2040
1910 2040 2039
1911 1912 2041
1911 2041 2040
1912 1913 2042
1912 2042 2041
1913 1914 2043
1913 2043 2042
1914 1915 2044
1914 2044 2043
1915 1916 2045
1915 2045 2044
1916 1917 2046
1916 2046 2045
1917 1918 2047
1917 2047 2046
1918 1919 2048
1918 2048 2047
1919 1920 2049
1919 2049 2048
1920 1921 2050
1920 2050 2049
1921 1922 2051
1921 2051 2050
1922 1923 2052
1922 2052 2051
1923 1924 2053
1923 2053 2052
1924 1925 2054
1924 2054 2053
1925 1926 2055
1925 2055 2054
1926 1927 2056
1926 2056 2055
1927 1928 2057
1927 2057 2056
1928 1929 2058
1928 2058 2057
1929 1930 2059
1929 2059 2058
1930 1931 2060
1930 2060 2059
1931 1932 2061
1931 2061 2060
1932 1933 2062
1932 2062 2061
1933 1934 2063
1933 2063 2062
1934 1935 2064
1934 2064 2063
1936 1937 2066
1936 2066 2065
1937 1938 2067
1937 2067 2066
1938 1939 2068
1938 2068 2067
1939 1940 2069
1939 2069 2068
1940 1941 2070
1940 2070 2069
1941 1942 2071
1941 2071 2070
1942 1943 2072
1942 2072 2071
1943 1944 2073
1943 2073 2072
1944 1945 2074
1944 2074 2073
1945 1946 2075
1945 2075 2074
1946 1947 2076
1946 2076 2075
1947 1948 2077
1947 2077 2076
1948 1949 2078
1948 2078 2077
1949 1950 2079
1949 2079 2078
1950 1951 2080
1950 2080 2079
1951 1952 2081
1951 2081 2080
1952 1953 2082
1952 2082 2081
1953 1954 2083
1953 2083 2082
1954 1955 2084
1954 2084 2083
1955 1956 2085
1955 2085 2084
1956 1957 2086
1956 2086 2085
1957 1958 2087
1957 2087 2086
1958 1959 2088
1958 2088 2087
1959 1960 2089
1959 2089 2088
1960 1961 2090
1960 2090 2089
1961 1962 2091
1961 2091 2090
1962 1963 2092
1962 2092 2091
1963 1964 2093
1963 2093 2092
1964 1965 2094
1964 2094 2093
1965 1966 2095
1965 2095 2094
1966 1967 2096
1966 2096 2095
1967 1968 2097
1967 2097 2096
1968 1969 2098
1968 2098 2097
1969 1970 2099
1969 2099 2098
1970 1971 2100
1970 2100 2099
1971 1972 2101
1971 2101 2100
1972 1973 2102
1972 2102 2101
1973 1974 2103
1973 2103 2102
1974 1975 2104
1974 2104 2103
1975 1976 2105
1975 2105 2104
1976 1977 2106
1976 2106 2105
1977 1978 2107
1977 2107 2106
1978 1979 2108
1978 2108 2107
1979 1980 2109
1979 2109 2108
1980 1981 2110
1980 2110 2109
1981 1982 2111
1981 2111 2110
1982 1983 2112
1982 2112 2111
1983 1984 2113
1983 2113 2112
1984 1985 2114
1984 2114 2113
1985 1986 2115
1985 2115 2114
1986 1987 2116
1986 2116 2115
1987 1988 2117
1987 2117 2116
1988 1989 2118
1988 2118 2117
1989 1990 2119
1989 2119 2118
1990 1991 2120
1990 2120 2119
1991 1992 2121
1991 2121 2120
1992 1993 2122
1992 2122 2121
1993 1994 2123
1993 2123 2122
1994 1995 2124
1994 2124 2123
1995 1996 2125
1995 2125 2124
1996 1997 2126
1996 2126 2125
1997 1998 2127
1997 2127 2126
1998 1999 2128
1998 2128 2127
1999 2000 2129
1999 2129 2128
2000 2001 2130
2000 2130 2129
2001 2002 2131
2001 2131 2130
2002 2003 2132
2002 2132 2131
2003 2004 2133
2003 2133 2132
2004 2005 2134
2004 2134 2133
2005 2006 2135
2005 2135 2134
2006 2007 2136
2006 2136 2135
2007 2008 2137
2007 2137 2136
2008 2009 2138
2008 2138 2137
2009 2010 2139
2009 2139 2138
2010 2011 2140
2010 2140 2139
2011 2012 2141
2011 2141 2140
2012 2013 2142
2012 2142 2141
2013 2014 2143
2013 2143 2142
2014 2015 2144
2014 2144 2143
2015 2016 2145
2015 2145 2144
2016 2017 2146
2016 2146 2145
2017 2018 2147
2017 2147 2146
2018 2019 2148
2018 2148 2147
2019 2020 2149
2019 2149 2148
2020 2021 2150
2020 2150 2149
2021 2022 2151
2021 2151 2150
2022 2023 2152
2022 2152 2151
2023 2024 2153
2023 2153 2152
2024 2025 2154
2024 2154 2153
2025 2026 2155
2025 2155 2154
2026 2027 2156
2026 2156 2155
2027 2028 2157
2027 2157 2156
2028 2029 2158
2028 2158 2157
2029 2030 2159
2029 2159 2158
2030 2031 2160
2030 2160 2159
2031 2032 2161
2031 2161 2160
2032 2033 2162
2032 2162 2161
2033 2034 2163
2033 2163 2162
2034 2035 2164
2034 2164 2163
2035 2036 2165
2035 2165 2164
2036 2037 2166
2036 2166 2165
2037 2038 2167
2037 2167 2166
2038 2039 2168
2038 2168 2167
2039 2040 2169
2039 2169 2168
2040 2041 2170
2040 2170 2169
2041 2042 2171
2041 2171 2170
2042 2043 2172
2042 2172 2171
2043 2044 2173
2043 2173 2172
2044 2045 2174
2044 2174 2173
2045 2046 2175
2045 2175 2174
2046 2047 2176
2046 2176 2175
2047 2048 2177
2047 2177 2176
2048 2049 2178
2048 2178 2177
2049 2050 2179
2049 2179 2178
2050 2051 2180
2050 2180 2179
2051 2052 2181
2051 2181 2180
2052 2053 2182
2052 2182 2181
2053 2054 2183
2053 2183 2182
2054 2055 2184
2054 2184 2183
2055 2056 2185
2055 2185 2184
2056 2057 2186
2056 2186 2185
2057 2058 2187
2057 2187 2186
2058 2059 2188
2058 2188 2187
2059 2060 2189
2059 2189 2188
2060 2061 2190
2060 2190 2189
2061 2062 2191
2061 2191 2190
2062 2063 2192
2062 2192 2191
2063 2064 2193
2063 2193 2192
2065 2066 2195
2065 2195 2194
2066 2067 2196
2066 2196 2195
2067 2068 2197
2067 2197 2196
2068 2069 2198
2068 2198 2197
2069 2070 2199
2069 2199 2198
2070 2071 2200
2070 2200 2199
2071 2072 2201
2071 2201 2200
2072 2073 2202
2072 2202 2201
2073 2074 2203
2073 2203 2202
2074 2075 2204
2074 2204 2203
2075 2076 2205
2075 2205 2204
2076 2077 2206
2076 2206 2205
2077 2078 2207
2077 2207 2206
2078 2079 2208
2078 2208 2207
2079 2080 2209
2079 2209 2208
2080 2081 2210
2080 2210 2209
2081 2082 2211
2081 2211 2210
2082 2083 2212
2082 2212 2211
2083 2084 2213
2083 2213 2212
2084 2085 2214
2084 2214 2213
2085 2086 2215
2085 2215 2214
2086 2087 2216
2086 2216 2215
2087 2088 2217
2087 2217 2216
2088 2089 2218
2088 2218 2217
2089 2090 2219
2089 2219 2218
2090 2091 2220
2090 2220 2219
2091 2092 2221
2091 2221 2220
2092 2093 2222
2092 2222 2221
2093 2094 2223
2093 2223 2222
2094 2095 2224
2094 2224 2223
2095 2096 2225
2095 2225 2224
2096 2097 2226
2096 2226 2225
2097 2098 2227
2097 2227 2226
2098 2099 2228
2098 2228 2227
2099 2100 2229
2099 2229 2228
2100 2101 2230
2100 2230 2229
2101 2102 2231
2101 2231 2230
2102 2103 2232
2102 2232 2231
2103 2104 2233
2103 2233 2232
2104 2105 2234
2104 2234 2233
2105 2106 2235
2105 2235 2234
2106 2107 2236
2106 2236 2235
2107 2108 2237
2107 2237 2236
2108 2109 2238
2108 2238 2237
2109 2110 2239
2109 2239 2238
2110 2111 2240
2110 2240 2239
2111 2112 2241
2111 2241 2240
2112 2113 2242
2112 2242 2241
2113 2114 2243
2113 2243 2242
2114 2115 2244
2114 2244 2243
2115 2116 2245
2115 2245 2244
2116 2117 2246
2116 2246 2245
2117 2118 2247
2117 2247 2246
2118 2119 2248
2118 2248 2247
2119 2120 2249
2119 2249 2248
2120 2121 2250
2120 2250 2249
2121 2122 2251
2121 2251 2250
2122 2123 2252
2122 2252 2251
2123 2124 2253
2123 2253 2252
2124 2125 2254
2124 2254 2253
2125 2126 2255
2125 2255 2254
2126 2127 2256
2126 2256 2255
2127 2128 2257
2127 2257 2256
2128 2129 2258
2128 2258 2257
2129 2130 2259
2129 2259 2258
2130 2131 2260
2130 2260 2259
2131 2132 2261
2131 2261 2260
2132 2133 2262
2132 2262 2261
2133 2134 2263
2133 2263 2262
2134 2135 2264
2134 2264 2263
2135 2136 2265
2135 2265 2264
2136 2137 2266
2136 2266 2265
2137 2138 2267
2137 2267 2266
2138 2139 2268
2138 2268 2267
2139 2140 2269
2139 2269 2268
2140 2141 2270
2140 2270 2269
2141 2142 2271
2141 2271 2270
2142 2143 2272
2142 2272 2271
2143 2144 2273
2143 2273 2272
2144 2145 2274
2144 2274 2273
2145 2146 2275
2145 2275 2274
2146 2147 2276
2146 2276 2275
2147 2148 2277
2147 2277 2276
2148 2149 2278
2148 2278 2277
2149 2150 2279
2149 2279 2278
2150 2151 2280
2150 2280 2279
2151 2152 2281
2151 2281 2280
2152 2153 2282
2152 2282 2281
2153 2154 2283
2153 2283 2282
2154 2155 2284
2154 2284 2283
2155 2156 2285
2155 2285 2284
2156 2157 2286
2156 2286 2285
2157 2158 2287
2157 2287 2286
2158 2159 2288
2158 2288 2287
2159 2160 2289
2159 2289 2288
2160 2161 2290
2160 2290 2289
2161 2162 2291
2161 2291 2290
2162 2163 2292
2162 2292 2291
2163 2164 2293
2163 2293 2292
2164 2165 2294
2164 2294 2293
2165 2166 2295
2165 2295 2294
2166 2167 2296
2166 2296 2295
2167 2168 2297
2167 2297 2296
2168 2169 2298
2168 2298 2297
2169 2170 2299
2169 2299 2298
2170 2171 2300
2170 2300 2299
2171 2172 2301
2171 2301 2300
2172 2173 2302
2172 2302 2301
2173 2174 2303
2173 2303 2302
2174 2175 2304
2174 2304 2303
2175 2176 2305
2175 2305 2304
2176 2177 2306
2176 2306 2305
2177 2178 2307
2177 2307 2306
2178 2179 2308
2178 2308 2307
2179 2180 2309
2179 2309 2308
2180 2181 2310
2180 2310 2309
2181 2182 2311
2181 2311 2310
2182 2183 2312
2182 2312 2311
2183 2184 2313
2183 2313 2312
2184 2185 2314
2184 2314 2313
2185 2186 2315
2185 2315 2314
2186 2187 2316
2186 2316 2315
2187 2188 2317
2187 2317 2316
2188 2189 2318
2188 2318 2317
2189 2190 2319
2189 2319 2318
2190 2191 2320
2190 2320 2319
2191 2192 2321
2191 2321 2320
2192 2193 2322
2192 2322 2321
2194 2195 2324
2194 2324 2323
2195 2196 2325
2195 2325 2324
2196 2197 2326
2196 2326 2325
2197 2198 2327
2197 2327 2326
2198 2199 2328
2198 2328 2327
2199 2200 2329
2199 2329 2328
2200 2201 2330
2200 2330 2329
2201 2202 2331
2201 2331 2330
2202 2203 2332
2202 2332 2331
2203 2204 2333
2203 2333 2332
2204 2205 2334
2204 2334 2333
2205 2206 2335
2205 2335 2334
2206 2207 2336
2206 2336 2335
2207 2208 2337
2207 2337 2336
2208 2209 2338
2208 2338 2337
2209 2210 2339
2209 2339 2338
2210 2211 2340
2210 2340 2339
2211 2212 2341
2211 2341 2340
2212 2213 2342
2212 2342 2341
2213 2214 2343
2213 2343 2342
2214 2215 2344
2214 2344 2343
2215 2216 2345
2215 2345 2344
2216 2217 2346
2216 2346 2345
2217 2218 2347
2217 2347 2346
2218 2219 2348
2218 2348 2347
2219 2220 2349
2219 2349 2348
2220 2221 2350
2220 2350 2349
2221 2222 2351
2221 2351 2350
2222 2223 2352
2222 2352 2351
2223 2224 2353
2223 2353 2352
2224 2225 2354
2224 2354 2353
2225 2226 2355
2225 2355 2354
2226 2227 2356
2226 2356 2355
2227 2228 2357
2227 2357 2356
2228 2229 2358
2228 2358 2357
2229 2230 2359
2229 2359 2358
2230 2231 2360
2230 2360 2359
2231 2232 2361
2231 2361 2360
2232 2233 2362
2232 2362 2361
2233 2234 2363
2233 2363 2362
2234 2235 2364
2234 2364 2363
2235 2236 2365
2235 2365 2364
2236 2237 2366
2236 2366 2365
2237 2238 2367
2237 2367 2366
2238 2239 2368
2238 2368 2367
2239 2240 2369
2239 2369 2368
2240 2241 2370
2240 2370 2369
2241 2242 2371
2241 2371 2370
2242 2243 2372
2242 2372 2371
2243 2244 2373
2243 2373 2372
2244 2245 2374
2244 2374 2373
2245 2246 2375
2245 2375 2374
2246 2247 2376
2246 2376 2375
2247 2248 2377
2247 2377 2376
2248 2249 2378
2248 2378 2377
2249 2250 2379
2249 2379 2378
2250 2251 2380
2250 2380 2379
2251 2252 2381
2251 2381 2380
2252 2253 2382
2252 2382 2381
2253 2254 2383
2253 2383 2382
2254 2255 2384
2254 2384 2383
2255 2256 2385
2255 2385 2384
2256 2257 2386
2256 2386 2385
2257 2258 2387
2257 2387 2386
2258 2259 2388
2258 2388 2387
2259 2260 2389
2259 2389 2388
2260 2261 2390
2260 2390 2389
2261 2262 2391
2261 2391 2390
2262 2263 2392
2262 2392 2391
2263 2264 2393
2263 2393 2392
2264 2265 2394
2264 2394 2393
2265 2266 2395
2265 2395 2394
2266 2267 2396
2266 2396 2395
2267 2268 2397
2267 2397 2396
2268 2269 2398
2268 2398 2397
2269 2270 2399
2269 2399 2398
2270 2271 2400
2270 2400 2399
2271 2272 2401
2271 2401 2400
2272 2273 2402
2272 2402 2401
2273 2274 2403
2273 2403 2402
2274 2275 2404
2274 2404 2403
2275 2276 2405
2275 2405 2404
2276 2277 2406
2276 2406 2405
2277 2278 2407
2277 2407 2406
2278 2279 2408
2278 2408 2407
2279 2280 2409
2279 2409 2408
2280 2281 2410
2280 2410 2409
2281 2282 2411
2281 2411 2410
2282 2283 2412
2282 2412 2411
2283 2284 2413
2283 2413 2412
2284 2285 2414
2284 2414 2413
2285 2286 2415
2285 2415 2414
2286 2287 2416
2286 2416 2415
2287 2288 2417
2287 2417 2416
2288 2289 2418
2288 2418 2417
2289 2290 2419
2289 2419 2418
2290 2291 2420
2290 2420 2419
2291 2292 2421
2291 2421 2420
2292 2293 2422
2292 2422 2421
2293 2294 2423
2293 2423 2422
2294 2295 2424
2294 2424 2423
2295 2296 2425
2295 2425 2424
2296 2297 2426
2296 2426 2425
2297 2298 2427
2297 2427 2426
2298 2299 2428
2298 2428 2427
2299 2300 2429
2299 2429 2428
2300 2301 2430
2300 2430 2429
2301 2302 2431
2301 2431 2430
2302 2303 2432
2302 2432 2431
2303 2304 2433
2303 2433 2432
2304 2305 2434
2304 2434 2433
2305 2306 2435
2305 2435 2434
2306 2307 2436
2306 2436 2435
2307 2308 2437
2307 2437 2436
2308 2309 2438
2308 2438 2437
2309 2310 2439
2309 2439 2438
2310 2311 2440
2310 2440 2439
2311 2312 2441
2311 2441 2440
2312 2313 2442
2312 2442 2441
2313 2314 2443
2313 2443 2442
2314 2315 2444
2314 2444 2443
2315 2316 2445
2315 2445 2444
2316 2317 2446
2316 2446 2445
2317 2318 2447
2317 2447 2446
2318 2319 2448
2318 2448 2447
2319 2320 2449
2319 2449 2448
2320 2321 2450
2320 2450 2449
2321 2322 2451
2321 2451 2450
2323 2324 2453
2323 2453 2452
2324 2325 2454
2324 2454 2453
2325 2326 2455
2325 2455 2454
2326 2327 2456
2326 2456 2455
2327 2328 2457
2327 2457 2456
2328 2329 2458
2328 2458 2457
2329 2330 2459
2329 2459 2458
2330 2331 2460
2330 2460 2459
2331 2332 2461
2331 2461 2460
2332 2333 2462
2332 2462 2461
2333 2334 2463
2333 2463 2462
2334 2335 2464
2334 2464 2463
2335 2336 2465
2335 2465 2464
2336 2337 2466
2336 2466 2465
2337 2338 2467
2337 2467 2466
2338 2339 2468
2338 2468 2467
2339 2340 2469
2339 2469 2468
2340 2341 2470
2340 2470 2469
2341 2342 2471
2341 2471 2470
2342 2343 2472
2342 2472 2471
2343 2344 2473
2343 2473 2472
2344 2345 2474
2344 2474 2473
2345 2346 2475
2345 2475 2474
2346 2347 2476
2346 2476 2475
2347 2348 2477
2347 2477 2476
2348 2349 2478
2348 2478 2477
2349 2350 2479
2349 2479 2478
2350 2351 2480
2350 2480 2479
2351 2352 2481
2351 2481 2480
2352 2353 2482
2352 2482 2481
2353 2354 2483
2353 2483 2482
2354 2355 2484
2354 2484 2483
2355 2356 2485
2355 2485 2484
2356 2357 2486
2356 2486 2485
2357 2358 2487
2357 2487 2486
2358 2359 2488
2358 2488 2487
2359 2360 2489
2359 2489 2488
2360 2361 2490
2360 2490 2489
2361 2362 2491
2361 2491 2490
2362 2363 2492
2362 2492 2491
2363 2364 2493
2363 2493 2492
2364 2365 2494
2364 2494 2493
2365 2366 2495
2365 2495 2494
2366 2367 2496
2366 2496 2495
2367 2368 2497
2367 2497 2496
2368 2369 2498
2368 2498 2497
2369 2370 2499
2369 2499 2498
2370 2371 2500
2370 2500 2499
2371 2372 2501
2371 2501 2500
2372 2373 2502
2372 2502 2501
2373 2374 2503
2373 2503 2502
2374 2375 2504
2374 2504 2503
2375 2376 2505
2375 2505 2504
2376 2377 2506
2376 2506 2505
2377 2378 2507
2377 2507 2506
2378 2379 2508
2378 2508 2507
2379 2380 2509
2379 2509 2508
2380 2381 2510
2380 2510 2509
2381 2382 2511
2381 2511 2510
2382 2383 2512
2382 2512 2511
2383 2384 2513
2383 2513 2512
2384 2385 2514
2384 2514 2513
2385 2386 2515
2385 2515 2514
2386 2387 2516
2386 2516 2515
2387 2388 2517
2387 2517 2516
2388 2389 2518
2388 2518 2517
2389 2390 2519
2389 2519 2518
2390 2391 2520
2390 2520 2519
2391 2392 2521
2391 2521 2520
2392 2393 2522
2392 2522 2521
2393 2394 2523
2393 2523 2522
2394 2395 2524
2394 2524 2523
2395 2396 2525
2395 2525 2524
2396 2397 2526
2396 2526 2525
2397 2398 2527
2397 2527 2526
2398 2399 2528
2398 2528 2527
2399 2400 2529
2399 2529 2528
2400 2401 2530
2400 2530 2529
2401 2402 2531
2401 2531 2530
2402 2403 2532
2402 2532 2531
2403 2404 2533
2403 2533 2532
2404 2405 2534
2404 2534 2533
2405 2406 2535
2405 2535 2534
2406 2407 2536
2406 2536 2535
2407 2408 2537
2407 2537 2536
2408 2409 2538
2408 2538 2537
2409 2410 2539
2409 2539 2538
2410 2411 2540
2410 2540 2539
2411 2412 2541
2411 2541 2540
2412 2413 2542
2412 2542 2541
2413 2414 2543
2413 2543 2542
2414 2415 2544
2414 2544 2543
2415 2416 2545
2415 2545 2544
2416 2417 2546
2416 2546 2545
2417 2418 2547
2417 2547 2546
2418 2419 2548
2418 2548 2547
2419 2420 2549
2419 2549 2548
2420 2421 2550
2420 2550 2549
2421 2422 2551
2421 2551 2550
2422 2423 2552
2422 2552 2551
2423 2424 2553
2423 2553 2552
2424 2425 2554
2424 2554 2553
2425 2426 2555
2425 2555 2554
2426 2427 2556
2426 2556 2555
2427 2428 2557
2427 2557 2556
2428 2429 2558
2428 2558 2557
2429 2430 2559
2429 2559 2558
2430 2431 2560
2430 2560 2559
2431 2432 2561
2431 2561 2560
2432 2433 2562
2432 2562 2561
2433 2434 2563
2433 2563 2562
2434 2435 2564
2434 2564 2563
2435 2436 2565
2435 2565 2564
2436 2437 2566
2436 2566 2565
2437 2438 2567
2437 2567 2566
2438 2439 2568
2438 2568 2567
2439 2440 2569
2439 2569 2568
2440 2441 2570
2440 2570 2569
2441 2442 2571
2441 2571 2570
2442 2443 2572
2442 2572 2571
2443 2444 2573
2443 2573 2572
2444 2445 2574
2444 2574 2573
2445 2446 2575
2445 2575 2574
2446 2447 2576
2446 2576 2575
2447 2448 2577
2447 2577 2576
2448 2449 2578
2448 2578 2577
2449 2450 2579
2449 2579 2578
2450 2451 2580
2450 2580 2579
2452 2453 2582
2452 2582 2581
2453 2454 2583
2453 2583 2582
2454 2455 2584
2454 2584 2583
2455 2456 2585
2455 2585 2584
2456 2457 2586
2456 2586 2585
2457 2458 2587
2457 2587 2586
2458 2459 2588
2458 2588 2587
2459 2460 2589
2459 2589 2588
2460 2461 2590
2460 2590 2589
2461 2462 2591
2461 2591 2590
2462 2463 2592
2462 2592 2591
2463 2464 2593
2463 2593 2592
2464 2465 2594
2464 2594 2593
2465 2466 2595
2465 2595 2594
2466 2467 2596
2466 2596 2595
2467 2468 2597
2467 2597 2596
2468 2469 2598
2468 2598 2597
2469 2470 2599
2469 2599 2598
2470 2471 2600
2470 2600 2599
2471 2472 2601
2471 2601 2600
2472 2473 2602
2472 2602 2601
2473 2474 2603
2473 2603 2602
2474 2475 2604
2474 2604 2603
2475 2476 2605
2475 2605 2604
2476 2477 2606
2476 2606 2605
2477 2478 2607
2477 2607 2606
2478 2479 2608
2478 2608 2607
2479 2480 2609
2479 2609 2608
2480 2481 2610
2480 2610 2609
2481 2482 2611
2481 2611 2610
2482 2483 2612
2482 2612 2611
2483 2484 2613
2483 2613 2612
2484 2485 2614
2484 2614 2613
2485 2486 2615
2485 2615 2614
2486 2487 2616
2486 2616 2615
2487 2488 2617
2487 2617 2616
2488 2489 2618
2488 2618 2617
2489 2490 2619
2489 2619 2618
2490 2491 2620
2490 2620 2619
2491 2492 2621
2491 2621 2620
2492 2493 2622
2492 2622 2621
2493 2494 2623
2493 2623 2622
2494 2495 2624
2494 2624 2623
2495 2496 2625
2495 2625 2624
2496 2497 2626
2496 2626 2625
2497 2498 2627
2497 2627 2626
2498 2499 2628
2498 2628 2627
2499 2500 2629
2499 2629 2628
2500 2501 2630
2500 2630 2629
2501 2502 2631
2501 2631 2630
2502 2503 2632
2502 2632 2631
2503 2504 2633
2503 2633 2632
2504 2505 2634
2504 2634 2633
2505 2506 2635
2505 2635 2634
2506 2507 2636
2506 2636 2635
2507 2508 2637
2507 2637 2636
2508 2509 2638
2508 2638 2637
2509 2510 2639
2509 2639 2638
2510 2511 2640
2510 2640 2639
2511 2512 2641
2511 2641 2640
2512 2513 2642
2512 2642 2641
2513 2514 2643
2513 2643 2642
2514 2515 2644
2514 2644 2643
2515 2516 2645
2515 2645 2644
2516 2517 2646
2516 2646 2645
2517 2518 2647
2517 2647 2646
2518 2519 2648
2518 2648 2647
2519 2520 2649
2519 2649 2648
2520 2521 2650
2520 2650 2649
2521 2522 2651
2521 2651 2650
2522 2523 2652
2522 2652 2651
2523 2524 2653
2523 2653 2652
2524 2525 2654
2524 2654 2653
2525 2526 2655
2525 2655 2654
2526 2527 2656
2526 2656 2655
2527 2528 2657
2527 2657 2656
2528 2529 2658
2528 2658 2657
2529 2530 2659
2529 2659 2658
2530 2531 2660
2530 2660 2659
2531 2532 2661
2531 2661 2660
2532 2533 2662
2532 2662 2661
2533 2534 2663
2533 2663 2662
2534 2535 2664
2534 2664 2663
2535 2536 2665
2535 2665 2664
2536 2537 2666
2536 2666 2665
2537 2538 2667
2537 2667 2666
2538 2539 2668
2538 2668 2667
2539 2540 2669
2539 2669 2668
2540 2541 2670
2540 2670 2669
2541 2542 2671
2541 2671 2670
2542 2543 2672
2542 2672 2671
2543 2544 2673
2543 2673 2672
2544 2545 2674
2544 2674 2673
2545 2546 2675
2545 2675 2674
2546 2547 2676
2546 2676 2675
2547 2548 2677
2547 2677 2676
2548 2549 2678
2548 2678 2677
2549 2550 2679
2549 2679 2678
2550 2551 2680
2550 2680 2679
2551 2552 2681
2551 2681 2680
2552 2553 2682
2552 2682 2681
2553 2554 2683
2553 2683 2682
2554 2555 2684
2554 2684 2683
2555 2556 2685
2555 2685 2684
2556 2557 2686
2556 2686 2685
2557 2558 2687
2557 2687 2686
2558 2559 2688
2558 2688 2687
2559 2560 2689
2559 2689 2688
2560 2561 2690
2560 2690 2689
2561 2562 2691
2561 2691 2690
2562 2563 2692
2562 2692 2691
2563 2564 2693
2563 2693 2692
2564 2565 2694
2564 2694 2693
2565 2566 2695
2565 2695 2694
2566 2567 2696
2566 2696 2695
2567 2568 2697
2567 2697 2696
2568 2569 2698
2568 2698 2697
2569 2570 2699
2569 2699 2698
2570 2571 2700
2570 2700 2699
2571 2572 2701
2571 2701 2700
2572 2573 2702
2572 2702 2701
2573 2574 2703
2573 2703 2702
2574 2575 2704
2574 2704 2703
2575 2576 2705
2575 2705 2704
2576 2577 2706
2576 2706 2705
2577 2578 2707
2577 2707 2706
2578 2579 2708
2578 2708 2707
2579 2580 2709
2579 2709 2708
2581 2582 2711
2581 2711 2710
2582 2583 2712
2582 2712 2711
2583 2584 2713
2583 2713 2712
2584 2585 2714
2584 2714 2713
2585 2586 2715
2585 2715 2714
2586 2587 2716
2586 2716 2715
2587 2588 2717
2587 2717 2716
2588 2589 2718
2588 2718 2717
2589 2590 2719
2589 2719 2718
2590 2591 2720
2590 2720 2719
2591 2592 2721
2591 2721 2720
2592 2593 2722
2592 2722 2721
2593 2594 2723
2593 2723 2722
2594 2595 2724
2594 2724 2723
2595 2596 2725
2595 2725 2724
2596 2597 2726
2596 2726 2725
2597 2598 2727
2597 2727 2726
2598 2599 2728
2598 2728 2727
2599 2600 2729
2599 2729 2728
2600 2601 2730
2600 2730 2729
2601 2602 2731
2601 2731 2730
2602 2603 2732
2602 2732 2731
2603 2604 2733
2603 2733 2732
2604 2605 2734
2604 2734 2733
2605 2606 2735
2605 2735 2734
2606 2607 2736
2606 2736 2735
2607 2608 2737
2607 2737 2736
2608 2609 2738
2608 2738 2737
2609 2610 2739
2609 2739 2738
2610 2611 2740
2610 2740 2739
2611 2612 2741
2611 2741 2740
2612 2613 2742
2612 2742 2741
2613 2614 2743
2613 2743 2742
2614 2615 2744
2614 2744 2743
2615 2616 2745
2615 2745 2744
2616 2617 2746
2616 2746 2745
2617 2618 2747
2617 2747 2746
2618 2619 2748
2618 2748 2747
2619 2620 2749
2619 2749 2748
2620 2621 2750
2620 2750 2749
2621 2622 2751
2621 2751 2750
2622 2623 2752
2622 2752 2751
2623 2624 2753
2623 2753 2752
2624 2625 2754
2624 2754 2753
2625 2626 2755
2625 2755 2754
2626 2627 2756
2626 2756 2755
2627 2628 2757
2627 2757 2756
2628 2629 2758
2628 2758 2757
2629 2630 2759
2629 2759 2758
2630 2631 2760
2630 2760 2759
2631 2632 2761
2631 2761 2760
2632 2633 2762
2632 2762 2761
2633 2634 2763
2633 2763 2762
2634 2635 2764
2634 2764 2763
2635 2636 2765
2635 2765 2764
2636 2637 2766
2636 2766 2765
2637 2638 2767
2637 2767 2766
2638 2639 2768
2638 2768 2767
2639 2640 2769
2639 2769 2768
2640 2641 2770
2640 2770 2769
2641 2642 2771
2641 2771 2770
2642 2643 2772
2642 2772 2771
2643 2644 2773
2643 2773 2772
2644 2645 2774
2644 2774 2773
2645 2646 2775
2645 2775 2774
2646 2647 2776
2646 2776 2775
2647 2648 2777
2647 2777 2776
2648 2649 2778
2648 2778 2777
2649 2650 2779
2649 2779 2778
2650 2651 2780
2650 2780 2779
2651 2652 2781
2651 2781 2780
2652 2653 2782
2652 2782 2781
2653 2654 2783
2653 2783 2782
2654 2655 2784
2654 2784 2783
2655 2656 2785
2655 2785 2784
2656 2657 2786
2656 2786 2785
2657 2658 2787
2657 2787 2786
2658 2659 2788
2658 2788 2787
2659 2660 2789
2659 2789 2788
2660 2661 2790
2660 2790 2789
2661 2662 2791
2661 2791 2790
2662 2663 2792
2662 2792 2791
2663 2664 2793
2663 2793 2792
2664 2665 2794
2664 2794 2793
2665 2666 2795
2665 2795 2794
2666 2667 2796
2666 2796 2795
2667 2668 2797
2667 2797 2796
2668 2669 2798
2668 2798 2797
2669 2670 2799
2669 2799 2798
2670 2671 2800
2670 2800 2799
2671 2672 2801
2671 2801 2800
2672 2673 2802
2672 2802 2801
2673 2674 2803
2673 2803 2802
2674 2675 2804
2674 2804 2803
2675 2676 2805
2675 2805 2804
2676 2677 2806
2676 2806 2805
2677 2678 2807
2677 2807 2806
2678 2679 2808
2678 2808 2807
2679 2680 2809
2679 2809 2808
2680 2681 2810
2680 2810 2809
2681 2682 2811
2681 2811 2810
2682 2683 2812
2682 2812 2811
2683 2684 2813
2683 2813 2812
2684 2685 2814
2684 2814 2813
2685 2686 2815
2685 2815 2814
2686 2687 2816
2686 2816 2815
2687 2688 2817
2687 2817 2816
2688 2689 2818
2688 2818 2817
2689 2690 2819
2689 2819 2818
2690 2691 2820
2690 2820 2819
2691 2692 2821
2691 2821 2820
2692 2693 2822
2692 2822 2821
2693 2694 2823
2693 2823 2822
2694 2695 2824
2694 2824 2823
2695 2696 2825
2695 2825 2824
2696 2697 2826
2696 2826 2825
2697 2698 2827
2697 2827 2826
2698 2699 2828
2698 2828 2827
2699 2700 2829
2699 2829 2828
2700 2701 2830
2700 2830 2829
2701 2702 2831
2701 2831 2830
2702 2703 2832
2702 2832 2831
2703 2704 2833
2703 2833 2832
2704 2705 2834
2704 2834 2833
2705 2706 2835
2705 2835 2834
2706 2707 2836
2706 2836 2835
2707 2708 2837
2707 2837 2836
2708 2709 2838
2708 2838 2837
2710 2711 2840
2710 2840 2839
2711 2712 2841
2711 2841 2840
2712 2713 2842
2712 2842 2841
2713 2714 2843
2713 2843 2842
2714 2715 2844
2714 2844 2843
2715 2716 2845
2715 2845 2844
2716 2717 2846
2716 2846 2845
2717 2718 2847
2717 2847 2846
2718 2719 2848
2718 2848 2847
2719 2720 2849
2719 2849 2848
2720 2721 2850
2720 2850 2849
2721 2722 2851
2721 2851 2850
2722 2723 2852
2722 2852 2851
2723 2724 2853
2723 2853 2852
2724 2725 2854
2724 2854 2853
2725 2726 2855
2725 2855 2854
2726 2727 2856
2726 2856 2855
2727 2728 2857
2727 2857 2856
2728 2729 2858
2728 2858 2857
2729 2730 2859
2729 2859 2858
2730 2731 2860
2730 2860 2859
2731 2732 2861
2731 2861 2860
2732 2733 2862
2732 2862 2861
2733 2734 2863
2733 2863 2862
2734 2735 2864
2734 2864 2863
2735 2736 2865
2735 2865 2864
2736 2737 2866
2736 2866 2865
2737 2738 2867
2737 2867 2866
2738 2739 2868
2738 2868 2867
2739 2740 2869
2739 2869 2868
2740 2741 2870
2740 2870 2869
2741 2742 2871
2741 2871 2870
2742 2743 2872
2742 2872 2871
2743 2744 2873
2743 2873 2872
2744 2745 2874
2744 2874 2873
2745 2746 2875
2745 2875 2874
2746 2747 2876
2746 2876 2875
2747 2748 2877
2747 2877 2876
2748 2749 2878
2748 2878 2877
2749 2750 2879
2749 2879 2878
2750 2751 2880
2750 2880 2879
2751 2752 2881
2751 2881 2880
2752 2753 2882
2752 2882 2881
2753 2754 2883
2753 2883 2882
2754 2755 2884
2754 2884 2883
2755 2756 2885
2755 2885 2884
2756 2757 2886
2756 2886 2885
2757 2758 2887
2757 2887 2886
2758 2759 2888
2758 2888 2887
2759 2760 2889
2759 2889 2888
2760 2761 2890
2760 2890 2889
2761 2762 2891
2761 2891 2890
2762 2763 2892
2762 2892 2891
2763 2764 2893
2763 2893 2892
2764 2765 2894
2764 2894 2893
2765 2766 2895
2765 2895 2894
2766 2767 2896
2766 2896 2895
2767 2768 2897
2767 2897 2896
2768 2769 2898
2768 2898 2897
2769 2770 2899
2769 2899 2898
2770 2771 2900
2770 2900 2899
2771 2772 2901
2771 2901 2900
2772 2773 2902
2772 2902 2901
2773 2774 2903
2773 2903 2902
2774 2775 2904
2774 2904 2903
2775 2776 2905
2775 2905 2904
2776 2777 2906
2776 2906 2905
2777 2778 2907
2777 2907 2906
2778 2779 2908
2778 2908 2907
2779 2780 2909
2779 2909 2908
2780 2781 2910
2780 2910 2909
2781 2782 2911
2781 2911 2910
2782 2783 2912
2782 2912 2911
2783 2784 2913
2783 2913 2912
2784 2785 2914
2784 2914 2913
2785 2786 2915
2785 2915 2914
2786 2787 2916
2786 2916 2915
2787 2788 2917
2787 2917 2916
2788 2789 2918
2788 2918 2917
2789 2790 2919
2789 2919 2918
2790 2791 2920
2790 2920 2919
2791 2792 2921
2791 2921 2920
2792 2793 2922
2792 2922 2921
2793 2794 2923
2793 2923 2922
2794 2795 2924
2794 2924 2923
2795 2796 2925
2795 2925 2924
2796 2797 2926
2796 2926 2925
2797 2798 2927
2797 2927 2926
2798 2799 2928
2798 2928 2927
2799 2800 2929
2799 2929 2928
2800 2801 2930
2800 2930 2929
2801 2802 2931
2801 2931 2930
2802 2803 2932
2802 2932 2931
2803 2804 2933
2803 2933 2932
2804 2805 2934
2804 2934 2933
2805 2806 2935
2805 2935 2934
2806 2807 2936
2806 2936 2935
2807 2808 2937
2807 2937 2936
2808 2809 2938
2808 2938 2937
2809 2810 2939
2809 2939 2938
2810 2811 2940
2810 2940 2939
2811 2812 2941
2811 2941 2940
2812 2813 2942
2812 2942 2941
2813 2814 2943
2813 2943 2942
2814 2815 2944
2814 2944 2943
2815 2816 2945
2815 2945 2944
2816 2817 2946
2816 2946 2945
2817 2818 2947
2817 2947 2946
2818 2819 2948
2818 2948 2947
2819 2820 2949
2819 2949 2948
2820 2821 2950
2820 2950 2949
2821 2822 2951
2821 2951 2950
2822 2823 2952
2822 2952 2951
2823 2824 2953
2823 2953 2952
2824 2825 2954
2824 2954 2953
2825 2826 2955
2825 2955 2954
2826 2827 2956
2826 2956 2955
2827 2828 2957
2827 2957 2956
2828 2829 2958
2828 2958 2957
2829 2830 2959
2829 2959 2958
2830 2831 2960
2830 2960 2959
2831 2832 2961
2831 2961 2960
2832 2833 2962
2832 2962 2961
2833 2834 2963
2833 2963 2962
2834 2835 2964
2834 2964 2963
2835 2836 2965
2835 2965 2964
2836 2837 2966
2836 2966 2965
2837 2838 2967
2837 2967 2966
2839 2840 2969
2839 2969 2968
2840 2841 2970
2840 2970 2969
2841 2842 2971
2841 2971 2970
2842 2843 2972
2842 2972 2971
2843 2844 2973
2843 2973 2972
2844 2845 2974
2844 2974 2973
2845 2846 2975
2845 2975 2974
2846 2847 2976
2846 2976 2975
2847 2848 2977
2847 2977 2976
2848 2849 2978
2848 2978 2977
2849 2850 2979
2849 2979 2978
2850 2851 2980
2850 2980 2979
2851 2852 2981
2851 2981 2980
2852 2853 2982
2852 2982 2981
2853 2854 2983
2853 2983 2982
2854 2855 2984
2854 2984 2983
2855 2856 2985
2855 2985 2984
2856 2857 2986
2856 2986 2985
2857 2858 2987
2857 2987 2986
2858 2859 2988
2858 2988 2987
2859 2860 2989
2859 2989 2988
2860 2861 2990
2860 2990 2989
2861 2862 2991
2861 2991 2990
2862 2863 2992
2862 2992 2991
2863 2864 2993
2863 2993 2992
2864 2865 2994
2864 2994 2993
2865 2866 2995
2865 2995 2994
2866 2867 2996
2866 2996 2995
2867 2868 2997
2867 2997 2996
2868 2869 2998
2868 2998 2997
2869 2870 2999
2869 2999 2998
2870 2871 3000
2870 3000 2999
2871 2872 3001
2871 3001 3000
2872 2873 3002
2872 3002 3001
2873 2874 3003
2873 3003 3002
2874 2875 3004
2874 3004 3003
2875 2876 3005
2875 3005 3004
2876 2877 3006
2876 3006 3005
2877 2878 3007
2877 3007 3006
2878 2879 3008
2878 3008 3007
2879 2880 3009
2879 3009 3008
2880 2881 3010
2880 3010 3009
2881 2882 3011
2881 3011 3010
2882 2883 3012
2882 3012 3011
2883 2884 3013
2883 3013 3012
2884 2885 3014
2884 3014 3013
2885 2886 3015
2885 3015 3014
2886 2887 3016
2886 3016 3015
2887 2888 3017
2887 3017 3016
2888 2889 3018
2888 3018 3017
2889 2890 3019
2889 3019 3018
2890 2891 3020
2890 3020 3019
2891 2892 3021
2891 3021 3020
2892 2893 3022
2892 3022 3021
2893 2894 3023
2893 3023 3022
2894 2895 3024
2894 3024 3023
2895 2896 3025
2895 3025 3024
2896 2897 3026
2896 3026 3025
2897 2898 3027
2897 3027 3026
2898 2899 3028
2898 3028 3027
2899 2900 3029
2899 3029 3028
2900 2901 3030
2900 3030 3029
2901 2902 3031
2901 3031 3030
2902 2903 3032
2902 3032 3031
2903 2904 3033
2903 3033 3032
2904 2905 3034
2904 3034 3033
2905 2906 3035
2905 3035 3034
2906 2907 3036
2906 3036 3035
2907 2908 3037
2907 3037 3036
2908 2909 3038
2908 3038 3037
2909 2910 3039
2909 3039 3038
2910 2911 3040
2910 3040 3039
2911 2912 3041
2911 3041 3040
2912 2913 3042
2912 3042 3041
2913 2914 3043
2913 3043 3042
2914 2915 3044
2914 3044 3043
2915 2916 3045
2915 3045 3044
2916 2917 3046
2916 3046 3045
2917 2918 3047
2917 3047 3046
2918 2919 3048
2918 3048 3047
2919 2920 3049
2919 3049 3048
2920 2921 3050
2920 3050 3049
2921 2922 3051
2921 3051 3050
2922 2923 3052
2922 3052 3051
2923 2924 3053
2923 3053 3052
2924 2925 3054
2924 3054 3053
2925 2926 3055
2925 3055 3054
2926 2927 3056
2926 3056 3055
2927 2928 3057
2927 3057 3056
2928 2929 3058
2928 3058 3057
2929 2930 3059
2929 3059 3058
2930 2931 3060
2930 3060 3059
2931 2932 3061
2931 3061 3060
2932 2933 3062
2932 3062 3061
2933 2934 3063
2933 3063 3062
2934 2935 3064
2934 3064 3063
2935 2936 3065
2935 3065 3064
2936 2937 3066
2936 3066 3065
2937 2938 3067
2937 3067 3066
2938 2939 3068
2938 3068 3067
2939 2940 3069
2939 3069 3068
2940 2941 3070
2940 3070 3069
2941 2942 3071
2941 3071 3070
2942 2943 3072
2942 3072 3071
2943 2944 3073
2943 3073 3072
2944 2945 3074
2944 3074 3073
2945 2946 3075
2945 3075 3074
2946 2947 3076
2946 3076 3075
2947 2948 3077
2947 3077 3076
2948 2949 3078
2948 3078 3077
2949 2950 3079
2949 3079 3078
2950 2951 3080
2950 3080 3079
2951 2952 3081
2951 3081 3080
2952 2953 3082
2952 3082 3081
2953 2954 3083
2953 3083 3082
2954 2955 3084
2954 3084 3083
2955 2956 3085
2955 3085 3084
2956 2957 3086
2956 3086 3085
2957 2958 3087
2957 3087 3086
2958 2959 3088
2958 3088 3087
2959 2960 3089
2959 3089 3088
2960 2961 3090
2960 3090 3089
2961 2962 3091
2961 3091 3090
2962 2963 3092
2962 3092 3091
2963 2964 3093
2963 3093 3092
2964 2965 3094
2964 3094 3093
2965 2966 3095
2965 3095 3094
2966 2967 3096
2966 3096 3095
2968 2969 3098
2968 3098 3097
2969 2970 3099
2969 3099 3098
2970 2971 3100
2970 3100 3099
2971 2972 3101
2971 3101 3100
2972 2973 3102
2972 3102 3101
2973 2974 3103
2973 3103 3102
2974 2975 3104
2974 3104 3103
2975 2976 3105
2975 3105 3104
2976 2977 3106
2976 3106 3105
2977 2978 3107
2977 3107 3106
2978 2979 3108
2978 3108 3107
2979 2980 3109
2979 3109 3108
2980 2981 3110
2980 3110 3109
2981 2982 3111
2981 3111 3110
2982 2983 3112
2982 3112 3111
2983 2984 3113
2983 3113 3112
2984 2985 3114
2984 3114 3113
2985 2986 3115
2985 3115 3114
2986 2987 3116
2986 3116 3115
2987 2988 3117
2987 3117 3116
2988 2989 3118
2988 3118 3117
2989 2990 3119
2989 3119 3118
2990 2991 3120
2990 3120 3119
2991 2992 3121
2991 3121 3120
2992 2993 3122
2992 3122 3121
2993 2994 3123
2993 3123 3122
2994 2995 3124
2994 3124 3123
2995 2996 3125
2995 3125 3124
2996 2997 3126
2996 3126 3125
2997 2998 3127
2997 3127 3126
2998 2999 3128
2998 3128 3127
2999 3000 3129
2999 3129 3128
3000 3001 3130
3000 3130 3129
3001 3002 3131
3001 3131 3130
3002 3003 3132
3002 3132 3131
3003 3004 3133
3003 3133 3132
3004 3005 3134
3004 3134 3133
3005 3006 3135
3005 3135 3134
3006 3007 3136
3006 3136 3135
3007 3008 3137
3007 3137 3136
3008 3009 3138
3008 3138 3137
3009 3010 3139
3009 3139 3138
3010 3011 3140
3010 3140 3139
3011 3012 3141
3011 3141 3140
3012 3013 3142
3012 3142 3141
3013 3014 3143
3013 3143 3142
3014 3015 3144
3014 3144 3143
3015 3016 3145
3015 3145 3144
3016 3017 3146
3016 3146 3145
3017 3018 3147
3017 3147 3146
3018 3019 3148
3018 3148 3147
3019 3020 3149
3019 3149 3148
3020 3021 3150
3020 3150 3149
3021 3022 3151
3021 3151 3150
3022 3023 3152
3022 3152 3151
3023 3024 3153
3023 3153 3152
3024 3025 3154
3024 3154 3153
3025 3026 3155
3025 3155 3154
3026 3027 3156
3026 3156 3155
3027 3028 3157
3027 3157 3156
3028 3029 3158
3028 3158 3157
3029 3030 3159
3029 3159 3158
3030 3031 3160
3030 3160 3159
3031 3032 3161
3031 3161 3160
3032 3033 3162
3032 3162 3161
3033 3034 3163
3033 3163 3162
3034 3035 3164
3034 3164 3163
3035 3036 3165
3035 3165 3164
3036 3037 3166
3036 3166 3165
3037 3038 3167
3037 3167 3166
3038 3039 3168
3038 3168 3167
3039 3040 3169
3039 3169 3168
3040 3041 3170
3040 3170 3169
3041 3042 3171
3041 3171 3170
3042 3043 3172
3042 3172 3171
3043 3044 3173
3043 3173 3172
3044 3045 3174
3044 3174 3173
3045 3046 3175
3045 3175 3174
3046 3047 3176
3046 3176 3175
3047 3048 3177
3047 3177 3176
3048 3049 3178
3048 3178 3177
3049 3050 3179
3049 3179 3178
3050 3051 3180
3050 3180 3179
3051 3052 3181
3051 3181 3180
3052 3053 3182
3052 3182 3181
3053 3054 3183
3053 3183 3182
3054 3055 3184
3054 3184 3183
3055 3056 3185
3055 3185 3184
3056 3057 3186
3056 3186 3185
3057 3058 3187
3057 3187 3186
3058 3059 3188
3058 3188 3187
3059 3060 3189
3059 3189 3188
3060 3061 3190
3060 3190 3189
3061 3062 3191
3061 3191 3190
3062 3063 3192
3062 3192 3191
3063 3064 3193
3063 3193 3192
3064 3065 3194
3064 3194 3193
3065 3066 3195
3065 3195 3194
3066 3067 3196
3066 3196 3195
3067 3068 3197
3067 3197 3196
3068 3069 3198
3068 3198 3197
3069 3070 3199
3069 3199 3198
3070 3071 3200
3070 3200 3199
3071 3072 3201
3071 3201 3200
3072 3073 3202
3072 3202 3201
3073 3074 3203
3073 3203 3202
3074 3075 3204
3074 3204 3203
3075 3076 3205
3075 3205 3204
3076 3077 3206
3076 3206 3205
3077 3078 3207
3077 3207 3206
3078 3079 3208
3078 3208 3207
3079 3080 3209
3079 3209 3208
3080 3081 3210
3080 3210 3209
3081 3082 3211
3081 3211 3210
3082 3083 3212
3082 3212 3211
3083 3084 3213
3083 3213 3212
3084 3085 3214
3084 3214 3213
3085 3086 3215
3085 3215 3214
3086 3087 3216
3086 3216 3215
3087 3088 3217
3087 3217 3216
3088 3089 3218
3088 3218 3217
3089 3090 3219
3089 3219 3218
3090 3091 3220
3090 3220 3219
3091 3092 3221
3091 3221 3220
3092 3093 3222
3092 3222 3221
3093 3094 3223
3093 3223 3222
3094 3095 3224
3094 3224 3223
3095 3096 3225
3095 3225 3224
3097 3098 3227
3097 3227 3226
3098 3099 3228
3098 3228 3227
3099 3100 3229
3099 3229 3228
3100 3101 3230
3100 3230 3229
3101 3102 3231
3101 3231 3230
3102 3103 3232
3102 3232 3231
3103 3104 3233
3103 3233 3232
3104 3105 3234
3104 3234 3233
3105 3106 3235
3105 3235 3234
3106 3107 3236
3106 3236 3235
3107 3108 3237
3107 3237 3236
3108 3109 3238
3108 3238 3237
3109 3110 3239
3109 3239 3238
3110 3111 3240
3110 3240 3239
3111 3112 3241
3111 3241 3240
3112 3113 3242
3112 3242 3241
3113 3114 3243
3113 3243 3242
3114 3115 3244
3114 3244 3243
3115 3116 3245
3115 3245 3244
3116 3117 3246
3116 3246 3245
3117 3118 3247
3117 3247 3246
3118 3119 3248
3118 3248 3247
3119 3120 3249
3119 3249 3248
3120 3121 3250
3120 3250 3249
3121 3122 3251
3121 3251 3250
3122 3123 3252
3122 3252 3251
3123 3124 3253
3123 3253 3252
3124 3125 3254
3124 3254 3253
3125 3126 3255
3125 3255 3254
3126 3127 3256
3126 3256 3255
3127 3128 3257
3127 3257 3256
3128 3129 3258
3128 3258 3257
3129 3130 3259
3129 3259 3258
3130 3131 3260
3130 3260 3259
3131 3132 3261
3131 3261 3260
3132 3133 3262
3132 3262 3261
3133 3134 3263
3133 3263 3262
3134 3135 3264
3134 3264 3263
3135 3136 3265
3135 3265 3264
3136 3137 3266
3136 3266 3265
3137 3138 3267
3137 3267 3266
3138 3139 3268
3138 3268 3267
3139 3140 3269
3139 3269 3268
3140 3141 3270
3140 3270 3269
3141 3142 3271
3141 3271 3270
3142 3143 3272
3142 3272 3271
3143 3144 3273
3143 3273 3272
3144 3145 3274
3144 3274 3273
3145 3146 3275
3145 3275 3274
3146 3147 3276
3146 3276 3275
3147 3148 3277
3147 3277 3276
3148 3149 3278
3148 3278 3277
3149 3150 3279
3149 3279 3278
3150 3151 3280
3150 3280 3279
3151 3152 3281
3151 3281 3280
3152 3153 3282
3152 3282 3281
3153 3154 3283
3153 3283 3282
3154 3155 3284
3154 3284 3283
3155 3156 3285
3155 3285 3284
3156 3157 3286
3156 3286 3285
3157 3158 3287
3157 3287 3286
3158 3159 3288
3158 3288 3287
3159 3160 3289
3159 3289 3288
3160 3161 3290
3160 3290 3289
3161 3162 3291
3161 3291 3290
3162 3163 3292
3162 3292 3291
3163 3164 3293
3163 3293 3292
3164 3165 3294
3164 3294 3293
3165 3166 3295
3165 3295 3294
3166 3167 3296
3166 3296 3295
3167 3168 3297
3167 3297 3296
3168 3169 3298
3168 3298 3297
3169 3170 3299
3169 3299 3298
3170 3171 3300
3170 3300 3299
3171 3172 3301
3171 3301 3300
3172 3173 3302
3172 3302 3301
3173 3174 3303
3173 3303 3302
3174 3175 3304
3174 3304 3303
3175 3176 3305
3175 3305 3304
3176 3177 3306
3176 3306 3305
3177 3178 3307
3177 3307 3306
3178 3179 3308
3178 3308 3307
3179 3180 3309
3179 3309 3308
3180 3181 3310
3180 3310 3309
3181 3182 3311
3181 3311 3310
3182 3183 3312
3182 3312 3311
3183 3184 3313
3183 3313 3312
3184 3185 3314
3184 3314 3313
3185 3186 3315
3185 3315 3314
3186 3187 3316
3186 3316 3315
3187 3188 3317
3187 3317 3316
3188 3189 3318
3188 3318 3317
3189 3190 3319
3189 3319 3318
3190 3191 3320
3190 3320 3319
3191 3192 3321
3191 3321 3320
3192 3193 3322
3192 3322 3321
3193 3194 3323
3193 3323 3322
3194 3195 3324
3194 3324 3323
3195 3196 3325
3195 3325 3324
3196 3197 3326
3196 3326 3325
3197 3198 3327
3197 3327 3326
3198 3199 3328
3198 3328 3327
3199 3200 3329
3199 3329 3328
3200 3201 3330
3200 3330 3329
3201 3202 3331
3201 3331 3330
3202 3203 3332
3202 3332 3331
3203 3204 3333
3203 3333 3332
3204 3205 3334
3204 3334 3333
3205 3206 3335
3205 3335 3334
3206 3207 3336
3206 3336 3335
3207 3208 3337
3207 3337 3336
3208 3209 3338
3208 3338 3337
3209 3210 3339
3209 3339 3338
3210 3211 3340
3210 3340 3339
3211 3212 3341
3211 3341 3340
3212 3213 3342
3212 3342 3341
3213 3214 3343
3213 3343 3342
3214 3215 3344
3214 3344 3343
3215 3216 3345
3215 3345 3344
3216 3217 3346
3216 3346 3345
3217 3218 3347
3217 3347 3346
3218 3219 3348
3218 3348 3347
3219 3220 3349
3219 3349 3348
3220 3221 3350
3220 3350 3349
3221 3222 3351
3221 3351 3350
3222 3223 3352
3222 3352 3351
3223 3224 3353
3223 3353 3352
3224 3225 3354
3224 3354 3353
3226 3227 3356
3226 3356 3355
3227 3228 3357
3227 3357 3356
3228 3229 3358
3228 3358 3357
3229 3230 3359
3229 3359 3358
3230 3231 3360
3230 3360 3359
3231 3232 3361
3231 3361 3360
3232 3233 3362
3232 3362 3361
3233 3234 3363
3233 3363 3362
3234 3235 3364
3234 3364 3363
3235 3236 3365
3235 3365 3364
3236 3237 3366
3236 3366 3365
3237 3238 3367
3237 3367 3366
3238 3239 3368
3238 3368 3367
3239 3240 3369
3239 3369 3368
3240 3241 3370
3240 3370 3369
3241 3242 3371
3241 3371 3370
3242 3243 3372
3242 3372 3371
3243 3244 3373
3243 3373 3372
3244 3245 3374
3244 3374 3373
3245 3246 3375
3245 3375 3374
3246 3247 3376
3246 3376 3375
3247 3248 3377
3247 3377 3376
3248 3249 3378
3248 3378 3377
3249 3250 3379
3249 3379 3378
3250 3251 3380
3250 3380 3379
3251 3252 3381
3251 3381 3380
3252 3253 3382
3252 3382 3381
3253 3254 3383
3253 3383 3382
3254 3255 3384
3254 3384 3383
3255 3256 3385
3255 3385 3384
3256 3257 3386
3256 3386 3385
3257 3258 3387
3257 3387 3386
3258 3259 3388
3258 3388 3387
3259 3260 3389
3259 3389 3388
3260 3261 3390
3260 3390 3389
3261 3262 3391
3261 3391 3390
3262 3263 3392
3262 3392 3391
3263 3264 3393
3263 3393 3392
3264 3265 3394
3264 3394 3393
3265 3266 3395
3265 3395 3394
3266 3267 3396
3266 3396 3395
3267 3268 3397
3267 3397 3396
3268 3269 3398
3268 3398 3397
3269 3270 3399
3269 3399 3398
3270 3271 3400
3270 3400 3399
3271 3272 3401
3271 3401 3400
3272 3273 3402
3272 3402 3401
3273 3274 3403
3273 3403 3402
3274 3275 3404
3274 3404 3403
3275 3276 3405
3275 3405 3404
3276 3277 3406
3276 3406 3405
3277 3278 3407
3277 3407 3406
3278 3279 3408
3278 3408 3407
3279 3280 3409
3279 3409 3408
3280 3281 3410
3280 3410 3409
3281 3282 3411
3281 3411 3410
3282 3283 3412
3282 3412 3411
3283 3284 3413
3283 3413 3412
3284 3285 3414
3284 3414 3413
3285 3286 3415
3285 3415 3414
3286 3287 3416
3286 3416 3415
3287 3288 3417
3287 3417 3416
3288 3289 3418
3288 3418 3417
3289 3290 3419
3289 3419 3418
3290 3291 3420
3290 3420 3419
3291 3292 3421
3291 3421 3420
3292 3293 3422
3292 3422 3421
3293 3294 3423
3293 3423 3422
3294 3295 3424
3294 3424 3423
3295 3296 3425
3295 3425 3424
3296 3297 3426
3296 3426 3425
3297 3298 3427
3297 3427 3426
3298 3299 3428
3298 3428 3427
3299 3300 3429
3299 3429 3428
3300 3301 3430
3300 3430 3429
3301 3302 3431
3301 3431 3430
3302 3303 3432
3302 3432 3431
3303 3304 3433
3303 3433 3432
3304 3305 3434
3304 3434 3433
3305 3306 3435
3305 3435 3434
3306 3307 3436
3306 3436 3435
3307 3308 3437
3307 3437 3436
3308 3309 3438
3308 3438 3437
3309 3310 3439
3309 3439 3438
3310 3311 3440
3310 3440 3439
3311 3312 3441
3311 3441 3440
3312 3313 3442
3312 3442 3441
3313 3314 3443
3313 3443 3442
3314 3315 3444
3314 3444 3443
3315 3316 3445
3315 3445 3444
3316 3317 3446
3316 3446 3445
3317 3318 3447
3317 3447 3446
3318 3319 3448
3318 3448 3447
3319 3320 3449
3319 3449 3448
3320 3321 3450
3320 3450 3449
3321 3322 3451
3321 3451 3450
3322 3323 3452
3322 3452 3451
3323 3324 3453
3323 3453 3452
3324 3325 3454
3324 3454 3453
3325 3326 3455
3325 3455 3454
3326 3327 3456
3326 3456 3455
3327 3328 3457
3327 3457 3456
3328 3329 3458
3328 3458 3457
3329 3330 3459
3329 3459 3458
3330 3331 3460
3330 3460 3459
3331 3332 3461
3331 3461 3460
3332 3333 3462
3332 3462 3461
3333 3334 3463
3333 3463 3462
3334 3335 3464
3334 3464 3463
3335 3336 3465
3335 3465 3464
3336 3337 3466
3336 3466 3465
3337 3338 3467
3337 3467 3466
3338 3339 3468
3338 3468 3467
3339 3340 3469
3339 3469 3468
3340 3341 3470
3340 3470 3469
3341 3342 3471
3341 3471 3470
3342 3343 3472
3342 3472 3471
3343 3344 3473
3343 3473 3472
3344 3345 3474
3344 3474 3473
3345 3346 3475
3345 3475 3474
3346 3347 3476
3346 3476 3475
3347 3348 3477
3347 3477 3476
3348 3349 3478
3348 3478 3477
3349 3350 3479
3349 3479 3478
3350 3351 3480
3350 3480 3479
3351 3352 3481
3351 3481 3480
3352 3353 3482
3352 3482 3481
3353 3354 3483
3353 3483 3482
3355 3356 3485
3355 3485 3484
3356 3357 3486
3356 3486 3485
3357 3358 3487
3357 3487 3486
3358 3359 3488
3358 3488 3487
3359 3360 3489
3359 3489 3488
3360 3361 3490
3360 3490 3489
3361 3362 3491
3361 3491 3490
3362 3363 3492
3362 3492 3491
3363 3364 3493
3363 3493 3492
3364 3365 3494
3364 3494 3493
3365 3366 3495
3365 3495 3494
3366 3367 3496
3366 3496 3495
3367 3368 3497
3367 3497 3496
3368 3369 3498
3368 3498 3497
3369 3370 3499
3369 3499 3498
3370 3371 3500
3370 3500 3499
3371 3372 3501
3371 3501 3500
3372 3373 3502
3372 3502 3501
3373 3374 3503
3373 3503 3502
3374 3375 3504
3374 3504 3503
3375 3376 3505
3375 3505 3504
3376 3377 3506
3376 3506 3505
3377 3378 3507
3377 3507 3506
3378 3379 3508
3378 3508 3507
3379 3380 3509
3379 3509 3508
3380 3381 3510
3380 3510 3509
3381 3382 3511
3381 3511 3510
3382 3383 3512
3382 3512 3511
3383 3384 3513
3383 3513 3512
3384 3385 3514
3384 3514 3513
3385 3386 3515
3385 3515 3514
3386 3387 3516
3386 3516 3515
3387 3388 3517
3387 3517 3516
3388 3389 3518
3388 3518 3517
3389 3390 3519
3389 3519 3518
3390 3391 3520
3390 3520 3519
3391 3392 3521
3391 3521 3520
3392 3393 3522
3392 3522 3521
3393 3394 3523
3393 3523 3522
3394 3395 3524
3394 3524 3523
3395 3396 3525
3395 3525 3524
3396 3397 3526
3396 3526 3525
3397 3398 3527
3397 3527 3526
3398 3399 3528
3398 3528 3527
3399 3400 3529
3399 3529 3528
3400 3401 3530
3400 3530 3529
3401 3402 3531
3401 3531 3530
3402 3403 3532
3402 3532 3531
3403 3404 3533
3403 3533 3532
3404 3405 3534
3404 3534 3533
3405 3406 3535
3405 3535 3534
3406 3407 3536
3406 3536 3535
3407 3408 3537
3407 3537 3536
3408 3409 3538
3408 3538 3537
3409 3410 3539
3409 3539 3538
3410 3411 3540
3410 3540 3539
3411 3412 3541
3411 3541 3540
3412 3413 3542
3412 3542 3541
3413 3414 3543
3413 3543 3542
3414 3415 3544
3414 3544 3543
3415 3416 3545
3415 3545 3544
3416 3417 3546
3416 3546 3545
3417 3418 3547
3417 3547 3546
3418 3419 3548
3418 3548 3547
3419 3420 3549
3419 3549 3548
3420 3421 3550
3420 3550 3549
3421 3422 3551
3421 3551 3550
3422 3423 3552
3422 3552 3551
3423 3424 3553
3423 3553 3552
3424 3425 3554
3424 3554 3553
3425 3426 3555
3425 3555 3554
3426 3427 3556
3426 3556 3555
3427 3428 3557
3427 3557 3556
3428 3429 3558
3428 3558 3557
3429 3430 3559
3429 3559 3558
3430 3431 3560
3430 3560 3559
3431 3432 3561
3431 3561 3560
3432 3433 3562
3432 3562 3561
3433 3434 3563
3433 3563 3562
3434 3435 3564
3434 3564 3563
3435 3436 3565
3435 3565 3564
3436 3437 3566
3436 3566 3565
3437 3438 3567
3437 3567 3566
3438 3439 3568
3438 3568 3567
3439 3440 3569
3439 3569 3568
3440 3441 3570
3440 3570 3569
3441 3442 3571
3441 3571 3570
3442 3443 3572
3442 3572 3571
3443 3444 3573
3443 3573 3572
3444 3445 3574
3444 3574 3573
3445 3446 3575
3445 3575 3574
3446 3447 3576
3446 3576 3575
3447 3448 3577
3447 3577 3576
3448 3449 3578
3448 3578 3577
3449 3450 3579
3449 3579 3578
3450 3451 3580
3450 3580 3579
3451 3452 3581
3451 3581 3580
3452 3453 3582
3452 3582 3581
3453 3454 3583
3453 3583 3582
3454 3455 3584
3454 3584 3583
3455 3456 3585
3455 3585 3584
3456 3457 3586
3456 3586 3585
3457 3458 3587
3457 3587 3586
3458 3459 3588
3458 3588 3587
3459 3460 3589
3459 3589 3588
3460 3461 3590
3460 3590 3589
3461 3462 3591
3461 3591 3590
3462 3463 3592
3462 3592 3591
3463 3464 3593
3463 3593 3592
3464 3465 3594
3464 3594 3593
3465 3466 3595
3465 3595 3594
3466 3467 3596
3466 3596 3595
3467 3468 3597
3467 3597 3596
3468 3469 3598
3468 3598 3597
3469 3470 3599
3469 3599 3598
3470 3471 3600
3470 3600 3599
3471 3472 3601
3471 3601 3600
3472 3473 3602
3472 3602 3601
3473 3474 3603
3473 3603 3602
3474 3475 3604
3474 3604 3603
3475 3476 3605
3475 3605 3604
3476 3477 3606
3476 3606 3605
3477 3478 3607
3477 3607 3606
3478 3479 3608
3478 3608 3607
3479 3480 3609
3479 3609 3608
3480 3481 3610
3480 3610 3609
3481 3482 3611
3481 3611 3610
3482 3483 3612
3482 3612 3611
3484 3485 3614
3484 3614 3613
3485 3486 3615
3485 3615 3614
3486 3487 3616
3486 3616 3615
3487 3488 3617
3487 3617 3616
3488 3489 3618
3488 3618 3617
3489 3490 3619
3489 3619 3618
3490 3491 3620
3490 3620 3619
3491 3492 3621
3491 3621 3620
3492 3493 3622
3492 3622 3621
3493 3494 3623
3493 3623 3622
3494 3495 3624
3494 3624 3623
3495 3496 3625
3495 3625 3624
3496 3497 3626
3496 3626 3625
3497 3498 3627
3497 3627 3626
3498 3499 3628
3498 3628 3627
3499 3500 3629
3499 3629 3628
3500 3501 3630
3500 3630 3629
3501 3502 3631
3501 3631 3630
3502 3503 3632
3502 3632 3631
3503 3504 3633
3503 3633 3632
3504 3505 3634
3504 3634 3633
3505 3506 3635
3505 3635 3634
3506 3507 3636
3506 3636 3635
3507 3508 3637
3507 3637 3636
3508 3509 3638
3508 3638 3637
3509 3510 3639
3509 3639 3638
3510 3511 3640
3510 3640 3639
3511 3512 3641
3511 3641 3640
3512 3513 3642
3512 3642 3641
3513 3514 3643
3513 3643 3642
3514 3515 3644
3514 3644 3643
3515 3516 3645
3515 3645 3644
3516 3517 3646
3516 3646 3645
3517 3518 3647
3517 3647 3646
3518 3519 3648
3518 3648 3647
3519 3520 3649
3519 3649 3648
3520 3521 3650
3520 3650 3649
3521 3522 3651
3521 3651 3650
3522 3523 3652
3522 3652 3651
3523 3524 3653
3523 3653 3652
3524 3525 3654
3524 3654 3653
3525 3526 3655
3525 3655 3654
3526 3527 3656
3526 3656 3655
3527 3528 3657
3527 3657 3656
3528 3529 3658
3528 3658 3657
3529 3530 3659
3529 3659 3658
3530 3531 3660
3530 3660 3659
3531 3532 3661
3531 3661 3660
3532 3533 3662
3532 3662 3661
3533 3534 3663
3533 3663 3662
3534 3535 3664
3534 3664 3663
3535 3536 3665
3535 3665 3664
3536 3537 3666
3536 3666 3665
3537 3538 3667
3537 3667 3666
3538 3539 3668
3538 3668 3667
3539 3540 3669
3539 3669 3668
3540 3541 3670
3540 3670 3669
3541 3542 3671
3541 3671 3670
3542 3543 3672
3542 3672 3671
3543 3544 3673
3543 3673 3672
3544 3545 3674
3544 3674 3673
3545 3546 3675
3545 3675 3674
3546 3547 3676
3546 3676 3675
3547 3548 3677
3547 3677 3676
3548 3549 3678
3548 3678 3677
3549 3550 3679
3549 3679 3678
3550 3551 3680
3550 3680 3679
3551 3552 3681
3551 3681 3680
3552 3553 3682
3552 3682 3681
3553 3554 3683
3553 3683 3682
3554 3555 3684
3554 3684 3683
3555 3556 3685
3555 3685 3684
3556 3557 3686
3556 3686 3685
3557 3558 3687
3557 3687 3686
3558 3559 3688
3558 3688 3687
3559 3560 3689
3559 3689 3688
3560 3561 3690
3560 3690 3689
3561 3562 3691
3561 3691 3690
3562 3563 3692
3562 3692 3691
3563 3564 3693
3563 3693 3692
3564 3565 3694
3564 3694 3693
3565 3566 3695
3565 3695 3694
3566 3567 3696
3566 3696 3695
3567 3568 3697
3567 3697 3696
3568 3569 3698
3568 3698 3697
3569 3570 3699
3569 3699 3698
3570 3571 3700
3570 3700 3699
3571 3572 3701
3571 3701 3700
3572 3573 3702
3572 3702 3701
3573 3574 3703
3573 3703 3702
3574 3575 3704
3574 3704 3703
3575 3576 3705
3575 3705 3704
3576 3577 3706
3576 3706 3705
3577 3578 3707
3577 3707 3706
3578 3579 3708
3578 3708 3707
3579 3580 3709
3579 3709 3708
3580 3581 3710
3580 3710 3709
3581 3582 3711
3581 3711 3710
3582 3583 3712
3582 3712 3711
3583 3584 3713
3583 3713 3712
3584 3585 3714
3584 3714 3713
3585 3586 3715
3585 3715 3714
3586 3587 3716
3586 3716 3715
3587 3588 3717
3587 3717 3716
3588 3589 3718
3588 3718 3717
3589 3590 3719
3589 3719 3718
3590 3591 3720
3590 3720 3719
3591 3592 3721
3591 3721 3720
3592 3593 3722
3592 3722 3721
3593 3594 3723
3593 3723 3722
3594 3595 3724
3594 3724 3723
3595 3596 3725
3595 3725 3724
3596 3597 3726
3596 3726 3725
3597 3598 3727
3597 3727 3726
3598 3599 3728
3598 3728 3727
3599 3600 3729
3599 3729 3728
3600 3601 3730
3600 3730 3729
3601 3602 3731
3601 3731 3730
3602 3603 3732
3602 3732 3731
3603 3604 3733
3603 3733 3732
3604 3605 3734
3604 3734 3733
3605 3606 3735
3605 3735 3734
3606 3607 3736
3606 3736 3735
3607 3608 3737
3607 3737 3736
3608 3609 3738
3608 3738 3737
3609 3610 3739
3609 3739 3738
3610 3611 3740
3610 3740 3739
3611 3612 3741
3611 3741 3740
3613 3614 3743
3613 3743 3742
3614 3615 3744
3614 3744 3743
3615 3616 3745
3615 3745 3744
3616 3617 3746
3616 3746 3745
3617 3618 3747
3617 3747 3746
3618 3619 3748
3618 3748 3747
3619 3620 3749
3619 3749 3748
3620 3621 3750
3620 3750 3749
3621 3622 3751
3621 3751 3750
3622 3623 3752
3622 3752 3751
3623 3624 3753
3623 3753 3752
3624 3625 3754
3624 3754 3753
3625 3626 3755
3625 3755 3754
3626 3627 3756
3626 3756 3755
3627 3628 3757
3627 3757 3756
3628 3629 3758
3628 3758 3757
3629 3630 3759
3629 3759 3758
3630 3631 3760
3630 3760 3759
3631 3632 3761
3631 3761 3760
3632 3633 3762
3632 3762 3761
3633 3634 3763
3633 3763 3762
3634 3635 3764
3634 3764 3763
3635 3636 3765
3635 3765 3764
3636 3637 3766
3636 3766 3765
3637 3638 3767
3637 3767 3766
3638 3639 3768
3638 3768 3767
3639 3640 3769
3639 3769 3768
3640 3641 3770
3640 3770 3769
3641 3642 3771
3641 3771 3770
3642 3643 3772
3642 3772 3771
3643 3644 3773
3643 3773 3772
3644 3645 3774
3644 3774 3773
3645 3646 3775
3645 3775 3774
3646 3647 3776
3646 3776 3775
3647 3648 3777
3647 3777 3776
3648 3649 3778
3648 3778 3777
3649 3650 3779
3649 3779 3778
3650 3651 3780
3650 3780 3779
3651 3652 3781
3651 3781 3780
3652 3653 3782
3652 3782 3781
3653 3654 3783
3653 3783 3782
3654 3655 3784
3654 3784 3783
3655 3656 3785
3655 3785 3784
3656 3657 3786
3656 3786 3785
3657 3658 3787
3657 3787 3786
3658 3659 3788
3658 3788 3787
3659 3660 3789
3659 3789 3788
3660 3661 3790
3660 3790 3789
3661 3662 3791
3661 3791 3790
3662 3663 3792
3662 3792 3791
3663 3664 3793
3663 3793 3792
3664 3665 3794
3664 3794 3793
3665 3666 3795
3665 3795 3794
3666 3667 3796
3666 3796 3795
3667 3668 3797
3667 3797 3796
3668 3669 3798
3668 3798 3797
3669 3670 3799
3669 3799 3798
3670 3671 3800
3670 3800 3799
3671 3672 3801
3671 3801 3800
3672 3673 3802
3672 3802 3801
3673 3674 3803
3673 3803 3802
3674 3675 3804
3674 3804 3803
3675 3676 3805
3675 3805 3804
3676 3677 3806
3676 3806 3805
3677 3678 3807
3677 3807 3806
3678 3679 3808
3678 3808 3807
3679 3680 3809
3679 3809 3808
3680 3681 3810
3680 3810 3809
3681 3682 3811
3681 3811 3810
3682 3683 3812
3682 3812 3811
3683 3684 3813
3683 3813 3812
3684 3685 3814
3684 3814 3813
3685 3686 3815
3685 3815 3814
3686 3687 3816
3686 3816 3815
3687 3688 3817
3687 3817 3816
3688 3689 3818
3688 3818 3817
3689 3690 3819
3689 3819 3818
3690 3691 3820
3690 3820 3819
3691 3692 3821
3691 3821 3820
3692 3693 3822
3692 3822 3821
3693 3694 3823
3693 3823 3822
3694 3695 3824
3694 3824 3823
3695 3696 3825
3695 3825 3824
3696 3697 3826
3696 3826 3825
3697 3698 3827
3697 3827 3826
3698 3699 3828
3698 3828 3827
3699 3700 3829
3699 3829 3828
3700 3701 3830
3700 3830 3829
3701 3702 3831
3701 3831 3830
3702 3703 3832
3702 3832 3831
3703 3704 3833
3703 3833 3832
3704 3705 3834
3704 3834 3833
3705 3706 3835
3705 3835 3834
3706 3707 3836
3706 3836 3835
3707 3708 3837
3707 3837 3836
3708 3709 3838
3708 3838 3837
3709 3710 3839
3709 3839 3838
3710 3711 3840
3710 3840 3839
3711 3712 3841
3711 3841 3840
3712 3713 3842
3712 3842 3841
3713 3714 3843
3713 3843 3842
3714 3715 3844
3714 3844 3843
3715 3716 3845
3715 3845 3844
3716 3717 3846
3716 3846 3845
3717 3718 3847
3717 3847 3846
3718 3719 3848
3718 3848 3847
3719 3720 3849
3719 3849 3848
3720 3721 3850
3720 3850 3849
3721 3722 3851
3721 3851 3850
3722 3723 3852
3722 3852 3851
3723 3724 3853
3723 3853 3852
3724 3725 3854
3724 3854 3853
3725 3726 3855
3725 3855 3854
3726 3727 3856
3726 3856 3855
3727 3728 3857
3727 3857 3856
3728 3729 3858
3728 3858 3857
3729 3730 3859
3729 3859 3858
3730 3731 3860
3730 3860 3859
3731 3732 3861
3731 3861 3860
3732 3733 3862
3732 3862 3861
3733 3734 3863
3733 3863 3862
3734 3735 3864
3734 3864 3863
3735 3736 3865
3735 3865 3864
3736 3737 3866
3736 3866 3865
3737 3738 3867
3737 3867 3866
3738 3739 3868
3738 3868 3867
3739 3740 3869
3739 3869 3868
3740 3741 3870
3740 3870 3869
3742 3743 3872
3742 3872 3871
3743 3744 3873
3743 3873 3872
3744 3745 3874
3744 3874 3873
3745 3746 3875
3745 3875 3874
3746 3747 3876
3746 3876 3875
3747 3748 3877
3747 3877 3876
3748 3749 3878
3748 3878 3877
3749 3750 3879
3749 3879 3878
3750 3751 3880
3750 3880 3879
3751 3752 3881
3751 3881 3880
3752 3753 3882
3752 3882 3881
3753 3754 3883
3753 3883 3882
3754 3755 3884
3754 3884 3883
3755 3756 3885
3755 3885 3884
3756 3757 3886
3756 3886 3885
3757 3758 3887
3757 3887 3886
3758 3759 3888
3758 3888 3887
3759 3760 3889
3759 3889 3888
3760 3761 3890
3760 3890 3889
3761 3762 3891
3761 3891 3890
3762 3763 3892
3762 3892 3891
3763 3764 3893
3763 3893 3892
3764 3765 3894
3764 3894 3893
3765 3766 3895
3765 3895 3894
3766 3767 3896
3766 3896 3895
3767 3768 3897
3767 3897 3896
3768 3769 3898
3768 3898 3897
3769 3770 3899
3769 3899 3898
3770 3771 3900
3770 3900 3899
3771 3772 3901
3771 3901 3900
3772 3773 3902
3772 3902 3901
3773 3774 3903
3773 3903 3902
3774 3775 3904
3774 3904 3903
3775 3776 3905
3775 3905 3904
3776 3777 3906
3776 3906 3905
3777 3778 3907
3777 3907 3906
3778 3779 3908
3778 3908 3907
3779 3780 3909
3779 3909 3908
3780 3781 3910
3780 3910 3909
3781 3782 3911
3781 3911 3910
3782 3783 3912
3782 3912 3911
3783 3784 3913
3783 3913 3912
3784 3785 3914
3784 3914 3913
3785 3786 3915
3785 3915 3914
3786 3787 3916
3786 3916 3915
3787 3788 3917
3787 3917 3916
3788 3789 3918
3788 3918 3917
3789 3790 3919
3789 3919 3918
3790 3791 3920
3790 3920 3919
3791 3792 3921
3791 3921 3920
3792 3793 3922
3792 3922 3921
3793 3794 3923
3793 3923 3922
3794 3795 3924
3794 3924 3923
3795 3796 3925
3795 3925 3924
3796 3797 3926
3796 3926 3925
3797 3798 3927
3797 3927 3926
3798 3799 3928
3798 3928 3927
3799 3800 3929
3799 3929 3928
3800 3801 3930
3800 3930 3929
3801 3802 3931
3801 3931 3930
3802 3803 3932
3802 3932 3931
3803 3804 3933
3803 3933 3932
3804 3805 3934
3804 3934 3933
3805 3806 3935
3805 3935 3934
3806 3807 3936
3806 3936 3935
3807 3808 3937
3807 3937 3936
3808 3809 3938
3808 3938 3937
3809 3810 3939
3809 3939 3938
3810 3811 3940
3810 3940 3939
3811 3812 3941
3811 3941 3940
3812 3813 3942
3812 3942 3941
3813 3814 3943
3813 3943 3942
3814 3815 3944
3814 3944 3943
3815 3816 3945
3815 3945 3944
3816 3817 3946
3816 3946 3945
3817 3818 3947
3817 3947 3946
3818 3819 3948
3818 3948 3947
3819 3820 3949
3819 3949 3948
3820 3821 3950
3820 3950 3949
3821 3822 3951
3821 3951 3950
3822 3823 3952
3822 3952 3951
3823 3824 3953
3823 3953 3952
3824 3825 3954
3824 3954 3953
3825 3826 3955
3825 3955 3954
3826 3827 3956
3826 3956 3955
3827 3828 3957
3827 3957 3956
3828 3829 3958
3828 3958 3957
3829 3830 3959
3829 3959 3958
3830 3831 3960
3830 3960 3959
3831 3832 3961
3831 3961 3960
3832 3833 3962
3832 3962 3961
3833 3834 3963
3833 3963 3962
3834 3835 3964
3834 3964 3963
3835 3836 3965
3835 3965 3964
3836 3837 3966
3836 3966 3965
3837 3838 3967
3837 3967 3966
3838 3839 3968
3838 3968 3967
3839 3840 3969
3839 3969 3968
3840 3841 3970
3840 3970 3969
3841 3842 3971
3841 3971 3970
3842 3843 3972
3842 3972 3971
3843 3844 3973
3843 3973 3972
3844 3845 3974
3844 3974 3973
3845 3846 3975
3845 3975 3974
3846 3847 3976
3846 3976 3975
3847 3848 3977
3847 3977 3976
3848 3849 3978
3848 3978 3977
3849 3850 3979
3849 3979 3978
3850 3851 3980
3850 3980 3979
3851 3852 3981
3851 3981 3980
3852 3853 3982
3852 3982 3981
3853 3854 3983
3853 3983 3982
3854 3855 3984
3854 3984 3983
3855 3856 3985
3855 3985 3984
3856 3857 3986
3856 3986 3985
3857 3858 3987
3857 3987 3986
3858 3859 3988
3858 3988 3987
3859 3860 3989
3859 3989 3988
3860 3861 3990
3860 3990 3989
3861 3862 3991
3861 3991 3990
3862 3863 3992
3862 3992 3991
3863 3864 3993
3863 3993 3992
3864 3865 3994
3864 3994 3993
3865 3866 3995
3865 3995 3994
3866 3867 3996
3866 3996 3995
3867 3868 3997
3867 3997 3996
3868 3869 3998
3868 3998 3997
3869 3870 3999
3869 3999 3998
3871 3872 4001
3871 4001 4000
3872 3873 4002
3872 4002 4001
3873 3874 4003
3873 4003 4002
3874 3875 4004
3874 4004 4003
3875 3876 4005
3875 4005 4004
3876 3877 4006
3876 4006 4005
3877 3878 4007
3877 4007 4006
3878 3879 4008
3878 4008 4007
3879 3880 4009
3879 4009 4008
3880 3881 4010
3880 4010 4009
3881 3882 4011
3881 4011 4010
3882 3883 4012
3882 4012 4011
3883 3884 4013
3883 4013 4012
3884 3885 4014
3884 4014 4013
3885 3886 4015
3885 4015 4014
3886 3887 4016
3886 4016 4015
3887 3888 4017
3887 4017 4016
3888 3889 4018
3888 4018 4017
3889 3890 4019
3889 4019 4018
3890 3891 4020
3890 4020 4019
3891 3892 4021
3891 4021 4020
3892 3893 4022
3892 4022 4021
3893 3894 4023
3893 4023 4022
3894 3895 4024
3894 4024 4023
3895 3896 4025
3895 4025 4024
3896 3897 4026
3896 4026 4025
3897 3898 4027
3897 4027 4026
3898 3899 4028
3898 4028 4027
3899 3900 4029
3899 4029 4028
3900 3901 4030
3900 4030 4029
3901 3902 4031
3901 4031 4030
3902 3903 4032
3902 4032 4031
3903 3904 4033
3903 4033 4032
3904 3905 4034
3904 4034 4033
3905 3906 4035
3905 4035 4034
3906 3907 4036
3906 4036 4035
3907 3908 4037
3907 4037 4036
3908 3909 4038
3908 4038 4037
3909 3910 4039
3909 4039 4038
3910 3911 4040
3910 4040 4039
3911 3912 4041
3911 4041 4040
3912 3913 4042
3912 4042 4041
3913 3914 4043
3913 4043 4042
3914 3915 4044
3914 4044 4043
3915 3916 4045
3915 4045 4044
3916 3917 4046
3916 4046 4045
3917 3918 4047
3917 4047 4046
3918 3919 4048
3918 4048 4047
3919 3920 4049
3919 4049 4048
3920 3921 4050
3920 4050 4049
3921 3922 4051
3921 4051 4050
3922 3923 4052
3922 4052 4051
3923 3924 4053
3923 4053 4052
3924 3925 4054
3924 4054 4053
3925 3926 4055
3925 4055 4054
3926 3927 4056
3926 4056 4055
3927 3928 4057
3927 4057 4056
3928 3929 4058
3928 4058 4057
3929 3930 4059
3929 4059 4058
3930 3931 4060
3930 4060 4059
3931 3932 4061
3931 4061 4060
3932 3933 4062
3932 4062 4061
3933 3934 4063
3933 4063 4062
3934 3935 4064
3934 4064 4063
3935 3936 4065
3935 4065 4064
3936 3937 4066
3936 4066 4065
3937 3938 4067
3937 4067 4066
3938 3939 4068
3938 4068 4067
3939 3940 4069
3939 4069 4068
3940 3941 4070
3940 4070 4069
3941 3942 4071
3941 4071 4070
3942 3943 4072
3942 4072 4071
3943 3944 4073
3943 4073 4072
3944 3945 4074
3944 4074 4073
3945 3946 4075
3945 4075 4074
3946 3947 4076
3946 4076 4075
3947 3948 4077
3947 4077 4076
3948 3949 4078
3948 4078 4077
3949 3950 4079
3949 4079 4078
3950 3951 4080
3950 4080 4079
3951 3952 4081
3951 4081 4080
3952 3953 4082
3952 4082 4081
3953 3954 4083
3953 4083 4082
3954 3955 4084
3954 4084 4083
3955 3956 4085
3955 4085 4084
3956 3957 4086
3956 4086 4085
3957 3958 4087
3957 4087 4086
3958 3959 4088
3958 4088 4087
3959 3960 4089
3959 4089 4088
3960 3961 4090
3960 4090 4089
3961 3962 4091
3961 4091 4090
3962 3963 4092
3962 4092 4091
3963 3964 4093
3963 4093 4092
3964 3965 4094
3964 4094 4093
3965 3966 4095
3965 4095 4094
3966 3967 4096
3966 4096 4095
3967 3968 4097
3967 4097 4096
3968 3969 4098
3968 4098 4097
3969 3970 4099
3969 4099 4098
3970 3971 4100
3970 4100 4099
3971 3972 4101
3971 4101 4100
3972 3973 4102
3972 4102 4101
3973 3974 4103
3973 4103 4102
3974 3975 4104
3974 4104 4103
3975 3976 4105
3975 4105 4104
3976 3977 4106
3976 4106 4105
3977 3978 4107
3977 4107 4106
3978 3979 4108
3978 4108 4107
3979 3980 4109
3979 4109 4108
3980 3981 4110
3980 4110 4109
3981 3982 4111
3981 4111 4110
3982 3983 4112
3982 4112 4111
3983 3984 4113
3983 4113 4112
3984 3985 4114
3984 4114 4113
3985 3986 4115
3985 4115 4114
3986 3987 4116
3986 4116 4115
3987 3988 4117
3987 4117 4116
3988 3989 4118
3988 4118 4117
3989 3990 4119
3989 4119 4118
3990 3991 4120
3990 4120 4119
3991 3992 4121
3991 4121 4120
3992 3993 4122
3992 4122 4121
3993 3994 4123
3993 4123 4122
3994 3995 4124
3994 4124 4123
3995 3996 4125
3995 4125 4124
3996 3997 4126
3996 4126 4125
3997 3998 4127
3997 4127 4126
3998 3999 4128
3998 4128 4127
4000 4001 4130
4000 4130 4129
4001 4002 4131
4001 4131 4130
4002 4003 4132
4002 4132 4131
4003 4004 4133
4003 4133 4132
4004 4005 4134
4004 4134 4133
4005 4006 4135
4005 4135 4134
4006 4007 4136
4006 4136 4135
4007 4008 4137
4007 4137 4136
4008 4009 4138
4008 4138 4137
4009 4010 4139
4009 4139 4138
4010 4011 4140
4010 4140 4139
4011 4012 4141
4011 4141 4140
4012 4013 4142
4012 4142 4141
4013 4014 4143
4013 4143 4142
4014 4015 4144
4014 4144 4143
4015 4016 4145
4015 4145 4144
4016 4017 4146
4016 4146 4145
4017 4018 4147
4017 4147 4146
4018 4019 4148
4018 4148 4147
4019 4020 4149
4019 4149 4148
4020 4021 4150
4020 4150 4149
4021 4022 4151
4021 4151 4150
4022 4023 4152
4022 4152 4151
4023 4024 4153
4023 4153 4152
4024 4025 4154
4024 4154 4153
4025 4026 4155
4025 4155 4154
4026 4027 4156
4026 4156 4155
4027 4028 4157
4027 4157 4156
4028 4029 4158
4028 4158 4157
4029 4030 4159
4029 4159 4158
4030 4031 4160
4030 4160 4159
4031 4032 4161
4031 4161 4160
4032 4033 4162
4032 4162 4161
4033 4034 4163
4033 4163 4162
4034 4035 4164
4034 4164 4163
4035 4036 4165
4035 4165 4164
4036 4037 4166
4036 4166 4165
4037 4038 4167
4037 4167 4166
4038 4039 4168
4038 4168 4167
4039 4040 4169
4039 4169 4168
4040 4041 4170
4040 4170 4169
4041 4042 4171
4041 4171 4170
4042 4043 4172
4042 4172 4171
4043 4044 4173
4043 4173 4172
4044 4045 4174
4044 4174 4173
4045 4046 4175
4045 4175 4174
4046 4047 4176
4046 4176 4175
4047 4048 4177
4047 4177 4176
4048 4049 4178
4048 4178 4177
4049 4050 4179
4049 4179 4178
4050 4051 4180
4050 4180 4179
4051 4052 4181
4051 4181 4180
4052 4053 4182
4052 4182 4181
4053 4054 4183
4053 4183 4182
4054 4055 4184
4054 4184 4183
4055 4056 4185
4055 4185 4184
4056 4057 4186
4056 4186 4185
4057 4058 4187
4057 4187 4186
4058 4059 4188
4058 4188 4187
4059 4060 4189
4059 4189 4188
4060 4061 4190
4060 4190 4189
4061 4062 4191
4061 4191 4190
4062 4063 4192
4062 4192 4191
4063 4064 4193
4063 4193 4192
4064 4065 4194
4064 4194 4193
4065 4066 4195
4065 4195 4194
4066 4067 4196
4066 4196 4195
4067 4068 4197
4067 4197 4196
4068 4069 4198
4068 4198 4197
4069 4070 4199
4069 4199 4198
4070 4071 4200
4070 4200 4199
4071 4072 4201
4071 4201 4200
4072 4073 4202
4072 4202 4201
4073 4074 4203
4073 4203 4202
4074 4075 4204
4074 4204 4203
4075 4076 4205
4075 4205 4204
4076 4077 4206
4076 4206 4205
4077 4078 4207
4077 4207 4206
4078 4079 4208
4078 4208 4207
4079 4080 4209
4079 4209 4208
4080 4081 4210
4080 4210 4209
4081 4082 4211
4081 4211 4210
4082 4083 4212
4082 4212 4211
4083 4084 4213
4083 4213 4212
4084 4085 4214
4084 4214 4213
4085 4086 4215
4085 4215 4214
4086 4087 4216
4086 4216 4215
4087 4088 4217
4087 4217 4216
4088 4089 4218
4088 4218 4217
4089 4090 4219
4089 4219 4218
4090 4091 4220
4090 4220 4219
4091 4092 4221
4091 4221 4220
4092 4093 4222
4092 4222 4221
4093 4094 4223
4093 4223 4222
4094 4095 4224
4094 4224 4223
4095 4096 4225
4095 4225 4224
4096 4097 4226
4096 4226 4225
4097 4098 4227
4097 4227 4226
4098 4099 4228
4098 4228 4227
4099 4100 4229
4099 4229 4228
4100 4101 4230
4100 4230 4229
4101 4102 4231
4101 4231 4230
4102 4103 4232
4102 4232 4231
4103 4104 4233
4103 4233 4232
4104 4105 4234
4104 4234 4233
4105 4106 4235
4105 4235 4234
4106 4107 4236
4106 4236 4235
4107 4108 4237
4107 4237 4236
4108 4109 4238
4108 4238 4237
4109 4110 4239
4109 4239 4238
4110 4111 4240
4110 4240 4239
4111 4112 4241
4111 4241 4240
4112 4113 4242
4112 4242 4241
4113 4114 4243
4113 4243 4242
4114 4115 4244
4114 4244 4243
4115 4116 4245
4115 4245 4244
4116 4117 4246
4116 4246 4245
4117 4118 4247
4117 4247 4246
4118 4119 4248
4118 4248 4247
4119 4120 4249
4119 4249 4248
4120 4121 4250
4120 4250 4249
4121 4122 4251
4121 4251 4250
4122 4123 4252
4122 4252 4251
4123 4124 4253
4123 4253 4252
4124 4125 4254
4124 4254 4253
4125 4126 4255
4125 4255 4254
4126 4127 4256
4126 4256 4255
4127 4128 4257
4127 4257 4256
4129 4130 4259
4129 4259 4258
4130 4131 4260
4130 4260 4259
4131 4132 4261
4131 4261 4260
4132 4133 4262
4132 4262 4261
4133 4134 4263
4133 4263 4262
4134 4135 4264
4134 4264 4263
4135 4136 4265
4135 4265 4264
4136 4137 4266
4136 4266 4265
4137 4138 4267
4137 4267 4266
4138 4139 4268
4138 4268 4267
4139 4140 4269
4139 4269 4268
4140 4141 4270
4140 4270 4269
4141 4142 4271
4141 4271 4270
4142 4143 4272
4142 4272 4271
4143 4144 4273
4143 4273 4272
4144 4145 4274
4144 4274 4273
4145 4146 4275
4145 4275 4274
4146 4147 4276
4146 4276 4275
4147 4148 4277
4147 4277 4276
4148 4149 4278
4148 4278 4277
4149 4150 4279
4149 4279 4278
4150 4151 4280
4150 4280 4279
4151 4152 4281
4151 4281 4280
4152 4153 4282
4152 4282 4281
4153 4154 4283
4153 4283 4282
4154 4155 4284
4154 4284 4283
4155 4156 4285
4155 4285 4284
4156 4157 4286
4156 4286 4285
4157 4158 4287
4157 4287 4286
4158 4159 4288
4158 4288 4287
4159 4160 4289
4159 4289 4288
4160 4161 4290
4160 4290 4289
4161 4162 4291
4161 4291 4290
4162 4163 4292
4162 4292 4291
4163 4164 4293
4163 4293 4292
4164 4165 4294
4164 4294 4293
4165 4166 4295
4165 4295 4294
4166 4167 4296
4166 4296 4295
4167 4168 4297
4167 4297 4296
4168 4169 4298
4168 4298 4297
4169 4170 4299
4169 4299 4298
4170 4171 4300
4170 4300 4299
4171 4172 4301
4171 4301 4300
4172 4173 4302
4172 4302 4301
4173 4174 4303
4173 4303 4302
4174 4175 4304
4174 4304 4303
4175 4176 4305
4175 4305 4304
4176 4177 4306
4176 4306 4305
4177 4178 4307
4177 4307 4306
4178 4179 4308
4178 4308 4307
4179 4180 4309
4179 4309 4308
4180 4181 4310
4180 4310 4309
4181 4182 4311
4181 4311 4310
4182 4183 4312
4182 4312 4311
4183 4184 4313
4183 4313 4312
4184 4185 4314
4184 4314 4313
4185 4186 4315
4185 4315 4314
4186 4187 4316
4186 4316 4315
4187 4188 4317
4187 4317 4316
4188 4189 4318
4188 4318 4317
4189 4190 4319
4189 4319 4318
4190 4191 4320
4190 4320 4319
4191 4192 4321
4191 4321 4320
4192 4193 4322
4192 4322 4321
4193 4194 4323
4193 4323 4322
4194 4195 4324
4194 4324 4323
4195 4196 4325
4195 4325 4324
4196 4197 4326
4196 4326 4325
4197 4198 4327
4197 4327 4326
4198 4199 4328
4198 4328 4327
4199 4200 4329
4199 4329 4328
4200 4201 4330
4200 4330 4329
4201 4202 4331
4201 4331 4330
4202 4203 4332
4202 4332 4331
4203 4204 4333
4203 4333 4332
4204 4205 4334
4204 4334 4333
4205 4206 4335
4205 4335 4334
4206 4207 4336
4206 4336 4335
4207 4208 4337
4207 4337 4336
4208 4209 4338
4208 4338 4337
4209 4210 4339
4209 4339 4338
4210 4211 4340
4210 4340 4339
4211 4212 4341
4211 4341 4340
4212 4213 4342
4212 4342 4341
4213 4214 4343
4213 4343 4342
4214 4215 4344
4214 4344 4343
4215 4216 4345
4215 4345 4344
4216 4217 4346
4216 4346 4345
4217 4218 4347
4217 4347 4346
4218 4219 4348
4218 4348 4347
4219 4220 4349
4219 4349 4348
4220 4221 4350
4220 4350 4349
4221 4222 4351
4221 4351 4350
4222 4223 4352
4222 4352 4351
4223 4224 4353
4223 4353 4352
4224 4225 4354
4224 4354 4353
4225 4226 4355
4225 4355 4354
4226 4227 4356
4226 4356 4355
4227 4228 4357
4227 4357 4356
4228 4229 4358
4228 4358 4357
4229 4230 4359
4229 4359 4358
4230 4231 4360
4230 4360 4359
4231 4232 4361
4231 4361 4360
4232 4233 4362
4232 4362 4361
4233 4234 4363
4233 4363 4362
4234 4235 4364
4234 4364 4363
4235 4236 4365
4235 4365 4364
4236 4237 4366
4236 4366 4365
4237 4238 4367
4237 4367 4366
4238 4239 4368
4238 4368 4367
4239 4240 4369
4239 4369 4368
4240 4241 4370
4240 4370 4369
4241 4242 4371
4241 4371 4370
4242 4243 4372
4242 4372 4371
4243 4244 4373
4243 4373 4372
4244 4245 4374
4244 4374 4373
4245 4246 4375
4245 4375 4374
4246 4247 4376
4246 4376 4375
4247 4248 4377
4247 4377 4376
4248 4249 4378
4248 4378 4377
4249 4250 4379
4249 4379 4378
4250 4251 4380
4250 4380 4379
4251 4252 4381
4251 4381 4380
4252 4253 4382
4252 4382 4381
4253 4254 4383
4253 4383 4382
4254 4255 4384
4254 4384 4383
4255 4256 4385
4255 4385 4384
4256 4257 4386
4256 4386 4385
4258 4259 4388
4258 4388 4387
4259 4260 4389
4259 4389 4388
4260 4261 4390
4260 4390 4389
4261 4262 4391
4261 4391 4390
4262 4263 4392
4262 4392 4391
4263 4264 4393
4263 4393 4392
4264 4265 4394
4264 4394 4393
4265 4266 4395
4265 4395 4394
4266 4267 4396
4266 4396 4395
4267 4268 4397
4267 4397 4396
4268 4269 4398
4268 4398 4397
4269 4270 4399
4269 4399 4398
4270 4271 4400
4270 4400 4399
4271 4272 4401
4271 4401 4400
4272 4273 4402
4272 4402 4401
4273 4274 4403
4273 4403 4402
4274 4275 4404
4274 4404 4403
4275 4276 4405
4275 4405 4404
4276 4277 4406
4276 4406 4405
4277 4278 4407
4277 4407 4406
4278 4279 4408
4278 4408 4407
4279 4280 4409
4279 4409 4408
4280 4281 4410
4280 4410 4409
4281 4282 4411
4281 4411 4410
4282 4283 4412
4282 4412 4411
4283 4284 4413
4283 4413 4412
4284 4285 4414
4284 4414 4413
4285 4286 4415
4285 4415 4414
4286 4287 4416
4286 4416 4415
4287 4288 4417
4287 4417 4416
4288 4289 4418
4288 4418 4417
4289 4290 4419
4289 4419 4418
4290 4291 4420
4290 4420 4419
4291 4292 4421
4291 4421 4420
4292 4293 4422
4292 4422 4421
4293 4294 4423
4293 4423 4422
4294 4295 4424
4294 4424 4423
4295 4296 4425
4295 4425 4424
4296 4297 4426
4296 4426 4425
4297 4298 4427
4297 4427 4426
4298 4299 4428
4298 4428 4427
4299 4300 4429
4299 4429 4428
4300 4301 4430
4300 4430 4429
4301 4302 4431
4301 4431 4430
4302 4303 4432
4302 4432 4431
4303 4304 4433
4303 4433 4432
4304 4305 4434
4304 4434 4433
4305 4306 4435
4305 4435 4434
4306 4307 4436
4306 4436 4435
4307 4308 4437
4307 4437 4436
4308 4309 4438
4308 4438 4437
4309 4310 4439
4309 4439 4438
4310 4311 4440
4310 4440 4439
4311 4312 4441
4311 4441 4440
4312 4313 4442
4312 4442 4441
4313 4314 4443
4313 4443 4442
4314 4315 4444
4314 4444 4443
4315 4316 4445
4315 4445 4444
4316 4317 4446
4316 4446 4445
4317 4318 4447
4317 4447 4446
4318 4319 4448
4318 4448 4447
4319 4320 4449
4319 4449 4448
4320 4321 4450
4320 4450 4449
4321 4322 4451
4321 4451 4450
4322 4323 4452
4322 4452 4451
4323 4324 4453
4323 4453 4452
4324 4325 4454
4324 4454 4453
4325 4326 4455
4325 4455 4454
4326 4327 4456
4326 4456 4455
4327 4328 4457
4327 4457 4456
4328 4329 4458
4328 4458 4457
4329 4330 4459
4329 4459 4458
4330 4331 4460
4330 4460 4459
4331 4332 4461
4331 4461 4460
4332 4333 4462
4332 4462 4461
4333 4334 4463
4333 4463 4462
4334 4335 4464
4334 4464 4463
4335 4336 4465
4335 4465 4464
4336 4337 4466
4336 4466 4465
4337 4338 4467
4337 4467 4466
4338 4339 4468
4338 4468 4467
4339 4340 4469
4339 4469 4468
4340 4341 4470
4340 4470 4469
4341 4342 4471
4341 4471 4470
4342 4343 4472
4342 4472 4471
4343 4344 4473
4343 4473 4472
4344 4345 4474
4344 4474 4473
4345 4346 4475
4345 4475 4474
4346 4347 4476
4346 4476 4475
4347 4348 4477
4347 4477 4476
4348 4349 4478
4348 4478 4477
4349 4350 4479
4349 4479 4478
4350 4351 4480
4350 4480 4479
4351 4352 4481
4351 4481 4480
4352 4353 4482
4352 4482 4481
4353 4354 4483
4353 4483 4482
4354 4355 4484
4354 4484 4483
4355 4356 4485
4355 4485 4484
4356 4357 4486
4356 4486 4485
4357 4358 4487
4357 4487 4486
4358 4359 4488
4358 4488 4487
4359 4360 4489
4359 4489 4488
4360 4361 4490
4360 4490 4489
4361 4362 4491
4361 4491 4490
4362 4363 4492
4362 4492 4491
4363 4364 4493
4363 4493 4492
4364 4365 4494
4364 4494 4493
4365 4366 4495
4365 4495 4494
4366 4367 4496
4366 4496 4495
4367 4368 4497
4367 4497 4496
4368 4369 4498
4368 4498 4497
4369 4370 4499
4369 4499 4498
4370 4371 4500
4370 4500 4499
4371 4372 4501
4371 4501 4500
4372 4373 4502
4372 4502 4501
4373 4374 4503
4373 4503 4502
4374 4375 4504
4374 4504 4503
4375 4376 4505
4375 4505 4504
4376 4377 4506
4376 4506 4505
4377 4378 4507
4377 4507 4506
4378 4379 4508
4378 4508 4507
4379 4380 4509
4379 4509 4508
4380 4381 4510
4380 4510 4509
4381 4382 4511
4381 4511 4510
4382 4383 4512
4382 4512 4511
4383 4384 4513
4383 4513 4512
4384 4385 4514
4384 4514 4513
4385 4386 4515
4385 4515 4514
4387 4388 4517
4387 4517 4516
4388 4389 4518
4388 4518 4517
4389 4390 4519
4389 4519 4518
4390 4391 4520
4390 4520 4519
4391 4392 4521
4391 4521 4520
4392 4393 4522
4392 4522 4521
4393 4394 4523
4393 4523 4522
4394 4395 4524
4394 4524 4523
4395 4396 4525
4395 4525 4524
4396 4397 4526
4396 4526 4525
4397 4398 4527
4397 4527 4526
4398 4399 4528
4398 4528 4527
4399 4400 4529
4399 4529 4528
4400 4401 4530
4400 4530 4529
4401 4402 4531
4401 4531 4530
4402 4403 4532
4402 4532 4531
4403 4404 4533
4403 4533 4532
4404 4405 4534
4404 4534 4533
4405 4406 4535
4405 4535 4534
4406 4407 4536
4406 4536 4535
4407 4408 4537
4407 4537 4536
4408 4409 4538
4408 4538 4537
4409 4410 4539
4409 4539 4538
4410 4411 4540
4410 4540 4539
4411 4412 4541
4411 4541 4540
4412 4413 4542
4412 4542 4541
4413 4414 4543
4413 4543 4542
4414 4415 4544
4414 4544 4543
4415 4416 4545
4415 4545 4544
4416 4417 4546
4416 4546 4545
4417 4418 4547
4417 4547 4546
4418 4419 4548
4418 4548 4547
4419 4420 4549
4419 4549 4548
4420 4421 4550
4420 4550 4549
4421 4422 4551
4421 4551 4550
4422 4423 4552
4422 4552 4551
4423 4424 4553
4423 4553 4552
4424 4425 4554
4424 4554 4553
4425 4426 4555
4425 4555 4554
4426 4427 4556
4426 4556 4555
4427 4428 4557
4427 4557 4556
4428 4429 4558
4428 4558 4557
4429 4430 4559
4429 4559 4558
4430 4431 4560
4430 4560 4559
4431 4432 4561
4431 4561 4560
4432 4433 4562
4432 4562 4561
4433 4434 4563
4433 4563 4562
4434 4435 4564
4434 4564 4563
4435 4436 4565
4435 4565 4564
4436 4437 4566
4436 4566 4565
4437 4438 4567
4437 4567 4566
4438 4439 4568
4438 4568 4567
4439 4440 4569
4439 4569 4568
4440 4441 4570
4440 4570 4569
4441 4442 4571
4441 4571 4570
4442 4443 4572
4442 4572 4571
4443 4444 4573
4443 4573 4572
4444 4445 4574
4444 4574 4573
4445 4446 4575
4445 4575 4574
4446 4447 4576
4446 4576 4575
4447 4448 4577
4447 4577 4576
4448 4449 4578
4448 4578 4577
4449 4450 4579
4449 4579 4578
4450 4451 4580
4450 4580 4579
4451 4452 4581
4451 4581 4580
4452 4453 4582
4452 4582 4581
4453 4454 4583
4453 4583 4582
4454 4455 4584
4454 4584 4583
4455 4456 4585
4455 4585 4584
4456 4457 4586
4456 4586 4585
4457 4458 4587
4457 4587 4586
4458 4459 4588
4458 4588 4587
4459 4460 4589
4459 4589 4588
4460 4461 4590
4460 4590 4589
4461 4462 4591
4461 4591 4590
4462 4463 4592
4462 4592 4591
4463 4464 4593
4463 4593 4592
4464 4465 4594
4464 4594 4593
4465 4466 4595
4465 4595 4594
4466 4467 4596
4466 4596 4595
4467 4468 4597
4467 4597 4596
4468 4469 4598
4468 4598 4597
4469 4470 4599
4469 4599 4598
4470 4471 4600
4470 4600 4599
4471 4472 4601
4471 4601 4600
4472 4473 4602
4472 4602 4601
4473 4474 4603
4473 4603 4602
4474 4475 4604
4474 4604 4603
4475 4476 4605
4475 4605 4604
4476 4477 4606
4476 4606 4605
4477 4478 4607
4477 4607 4606
4478 4479 4608
4478 4608 4607
4479 4480 4609
4479 4609 4608
4480 4481 4610
4480 4610 4609
4481 4482 4611
4481 4611 4610
4482 4483 4612
4482 4612 4611
4483 4484 4613
4483 4613 4612
4484 4485 4614
4484 4614 4613
4485 4486 4615
4485 4615 4614
4486 4487 4616
4486 4616 4615
4487 4488 4617
4487 4617 4616
4488 4489 4618
4488 4618 4617
4489 4490 4619
4489 4619 4618
4490 4491 4620
4490 4620 4619
4491 4492 4621
4491 4621 4620
4492 4493 4622
4492 4622 4621
4493 4494 4623
4493 4623 4622
4494 4495 4624
4494 4624 4623
4495 4496 4625
4495 4625 4624
4496 4497 4626
4496 4626 4625
4497 4498 4627
4497 4627 4626
4498 4499 4628
4498 4628 4627
4499 4500 4629
4499 4629 4628
4500 4501 4630
4500 4630 4629
4501 4502 4631
4501 4631 4630
4502 4503 4632
4502 4632 4631
4503 4504 4633
4503 4633 4632
4504 4505 4634
4504 4634 4633
4505 4506 4635
4505 4635 4634
4506 4507 4636
4506 4636 4635
4507 4508 4637
4507 4637 4636
4508 4509 4638
4508 4638 4637
4509 4510 4639
4509 4639 4638
4510 4511 4640
4510 4640 4639
4511 4512 4641
4511 4641 4640
4512 4513 4642
4512 4642 4641
4513 4514 4643
4513 4643 4642
4514 4515 4644
4514 4644 4643
4516 4517 4646
4516 4646 4645
4517 4518 4647
4517 4647 4646
4518 4519 4648
4518 4648 4647
4519 4520 4649
4519 4649 4648
4520 4521 4650
4520 4650 4649
4521 4522 4651
4521 4651 4650
4522 4523 4652
4522 4652 4651
4523 4524 4653
4523 4653 4652
4524 4525 4654
4524 4654 4653
4525 4526 4655
4525 4655 4654
4526 4527 4656
4526 4656 4655
4527 4528 4657
4527 4657 4656
4528 4529 4658
4528 4658 4657
4529 4530 4659
4529 4659 4658
4530 4531 4660
4530 4660 4659
4531 4532 4661
4531 4661 4660
4532 4533 4662
4532 4662 4661
4533 4534 4663
4533 4663 4662
4534 4535 4664
4534 4664 4663
4535 4536 4665
4535 4665 4664
4536 4537 4666
4536 4666 4665
4537 4538 4667
4537 4667 4666
4538 4539 4668
4538 4668 4667
4539 4540 4669
4539 4669 4668
4540 4541 4670
4540 4670 4669
4541 4542 4671
4541 4671 4670
4542 4543 4672
4542 4672 4671
4543 4544 4673
4543 4673 4672
4544 4545 4674
4544 4674 4673
4545 4546 4675
4545 4675 4674
4546 4547 4676
4546 4676 4675
4547 4548 4677
4547 4677 4676
4548 4549 4678
4548 4678 4677
4549 4550 4679
4549 4679 4678
4550 4551 4680
4550 4680 4679
4551 4552 4681
4551 4681 4680
4552 4553 4682
4552 4682 4681
4553 4554 4683
4553 4683 4682
4554 4555 4684
4554 4684 4683
4555 4556 4685
4555 4685 4684
4556 4557 4686
4556 4686 4685
4557 4558 4687
4557 4687 4686
4558 4559 4688
4558 4688 4687
4559 4560 4689
4559 4689 4688
4560 4561 4690
4560 4690 4689
4561 4562 4691
4561 4691 4690
4562 4563 4692
4562 4692 4691
4563 4564 4693
4563 4693 4692
4564 4565 4694
4564 4694 4693
4565 4566 4695
4565 4695 4694
4566 4567 4696
4566 4696 4695
4567 4568 4697
4567 4697 4696
4568 4569 4698
4568 4698 4697
4569 4570 4699
4569 4699 4698
4570 4571 4700
4570 4700 4699
4571 4572 4701
4571 4701 4700
4572 4573 4702
4572 4702 4701
4573 4574 4703
4573 4703 4702
4574 4575 4704
4574 4704 4703
4575 4576 4705
4575 4705 4704
4576 4577 4706
4576 4706 4705
4577 4578 4707
4577 4707 4706
4578 4579 4708
4578 4708 4707
4579 4580 4709
4579 4709 4708
4580 4581 4710
4580 4710 4709
4581 4582 4711
4581 4711 4710
4582 4583 4712
4582 4712 4711
4583 4584 4713
4583 4713 4712
4584 4585 4714
4584 4714 4713
4585 4586 4715
4585 4715 4714
4586 4587 4716
4586 4716 4715
4587 4588 4717
4587 4717 4716
4588 4589 4718
4588 4718 4717
4589 4590 4719
4589 4719 4718
4590 4591 4720
4590 4720 4719
4591 4592 4721
4591 4721 4720
4592 4593 4722
4592 4722 4721
4593 4594 4723
4593 4723 4722
4594 4595 4724
4594 4724 4723
4595 4596 4725
4595 4725 4724
4596 4597 4726
4596 4726 4725
4597 4598 4727
4597 4727 4726
4598 4599 4728
4598 4728 4727
4599 4600 4729
4599 4729 4728
4600 4601 4730
4600 4730 4729
4601 4602 4731
4601 4731 4730
4602 4603 4732
4602 4732 4731
4603 4604 4733
4603 4733 4732
4604 4605 4734
4604 4734 4733
4605 4606 4735
4605 4735 4734
4606 4607 4736
4606 4736 4735
4607 4608 4737
4607 4737 4736
4608 4609 4738
4608 4738 4737
4609 4610 4739
4609 4739 4738
4610 4611 4740
4610 4740 4739
4611 4612 4741
4611 4741 4740
4612 4613 4742
4612 4742 4741
4613 4614 4743
4613 4743 4742
4614 4615 4744
4614 4744 4743
4615 4616 4745
4615 4745 4744
4616 4617 4746
4616 4746 4745
4617 4618 4747
4617 4747 4746
4618 4619 4748
4618 4748 4747
4619 4620 4749
4619 4749 4748
4620 4621 4750
4620 4750 4749
4621 4622 4751
4621 4751 4750
4622 4623 4752
4622 4752 4751
4623 4624 4753
4623 4753 4752
4624 4625 4754
4624 4754 4753
4625 4626 4755
4625 4755 4754
4626 4627 4756
4626 4756 4755
4627 4628 4757
4627 4757 4756
4628 4629 4758
4628 4758 4757
4629 4630 4759
4629 4759 4758
4630 4631 4760
4630 4760 4759
4631 4632 4761
4631 4761 4760
4632 4633 4762
4632 4762 4761
4633 4634 4763
4633 4763 4762
4634 4635 4764
4634 4764 4763
4635 4636 4765
4635 4765 4764
4636 4637 4766
4636 4766 4765
4637 4638 4767
4637 4767 4766
4638 4639 4768
4638 4768 4767
4639 4640 4769
4639 4769 4768
4640 4641 4770
4640 4770 4769
4641 4642 4771
4641 4771 4770
4642 4643 4772
4642 4772 4771
4643 4644 4773
4643 4773 4772
4645 4646 4775
4645 4775 4774
4646 4647 4776
4646 4776 4775
4647 4648 4777
4647 4777 4776
4648 4649 4778
4648 4778 4777
4649 4650 4779
4649 4779 4778
4650 4651 4780
4650 4780 4779
4651 4652 4781
4651 4781 4780
4652 4653 4782
4652 4782 4781
4653 4654 4783
4653 4783 4782
4654 4655 4784
4654 4784 4783
4655 4656 4785
4655 4785 4784
4656 4657 4786
4656 4786 4785
4657 4658 4787
4657 4787 4786
4658 4659 4788
4658 4788 4787
4659 4660 4789
4659 4789 4788
4660 4661 4790
4660 4790 4789
4661 4662 4791
4661 4791 4790
4662 4663 4792
4662 4792 4791
4663 4664 4793
4663 4793 4792
4664 4665 4794
4664 4794 4793
4665 4666 4795
4665 4795 4794
4666 4667 4796
4666 4796 4795
4667 4668 4797
4667 4797 4796
4668 4669 4798
4668 4798 4797
4669 4670 4799
4669 4799 4798
4670 4671 4800
4670 4800 4799
4671 4672 4801
4671 4801 4800
4672 4673 4802
4672 4802 4801
4673 4674 4803
4673 4803 4802
4674 4675 4804
4674 4804 4803
4675 4676 4805
4675 4805 4804
4676 4677 4806
4676 4806 4805
4677 4678 4807
4677 4807 4806
4678 4679 4808
4678 4808 4807
4679 4680 4809
4679 4809 4808
4680 4681 4810
4680 4810 4809
4681 4682 4811
4681 4811 4810
4682 4683 4812
4682 4812 4811
4683 4684 4813
4683 4813 4812
4684 4685 4814
4684 4814 4813
4685 4686 4815
4685 4815 4814
4686 4687 4816
4686 4816 4815
4687 4688 4817
4687 4817 4816
4688 4689 4818
4688 4818 4817
4689 4690 4819
4689 4819 4818
4690 4691 4820
4690 4820 4819
4691 4692 4821
4691 4821 4820
4692 4693 4822
4692 4822 4821
4693 4694 4823
4693 4823 4822
4694 4695 4824
4694 4824 4823
4695 4696 4825
4695 4825 4824
4696 4697 4826
4696 4826 4825
4697 4698 4827
4697 4827 4826
4698 4699 4828
4698 4828 4827
4699 4700 4829
4699 4829 4828
4700 4701 4830
4700 4830 4829
4701 4702 4831
4701 4831 4830
4702 4703 4832
4702 4832 4831
4703 4704 4833
4703 4833 4832
4704 4705 4834
4704 4834 4833
4705 4706 4835
4705 4835 4834
4706 4707 4836
4706 4836 4835
4707 4708 4837
4707 4837 4836
4708 4709 4838
4708 4838 4837
4709 4710 4839
4709 4839 4838
4710 4711 4840
4710 4840 4839
4711 4712 4841
4711 4841 4840
4712 4713 4842
4712 4842 4841
4713 4714 4843
4713 4843 4842
4714 4715 4844
4714 4844 4843
4715 4716 4845
4715 4845 4844
4716 4717 4846
4716 4846 4845
4717 4718 4847
4717 4847 4846
4718 4719 4848
4718 4848 4847
4719 4720 4849
4719 4849 4848
4720 4721 4850
4720 4850 4849
4721 4722 4851
4721 4851 4850
4722 4723 4852
4722 4852 4851
4723 4724 4853
4723 4853 4852
4724 4725 4854
4724 4854 4853
4725 4726 4855
4725 4855 4854
4726 4727 4856
4726 4856 4855
4727 4728 4857
4727 4857 4856
4728 4729 4858
4728 4858 4857
4729 4730 4859
4729 4859 4858
4730 4731 4860
4730 4860 4859
4731 4732 4861
4731 4861 4860
4732 4733 4862
4732 4862 4861
4733 4734 4863
4733 4863 4862
4734 4735 4864
4734 4864 4863
4735 4736 4865
4735 4865 4864
4736 4737 4866
4736 4866 4865
4737 4738 4867
4737 4867 4866
4738 4739 4868
4738 4868 4867
4739 4740 4869
4739 4869 4868
4740 4741 4870
4740 4870 4869
4741 4742 4871
4741 4871 4870
4742 4743 4872
4742 4872 4871
4743 4744 4873
4743 4873 4872
4744 4745 4874
4744 4874 4873
4745 4746 4875
4745 4875 4874
4746 4747 4876
4746 4876 4875
4747 4748 4877
4747 4877 4876
4748 4749 4878
4748 4878 4877
4749 4750 4879
4749 4879 4878
4750 4751 4880
4750 4880 4879
4751 4752 4881
4751 4881 4880
4752 4753 4882
4752 4882 4881
4753 4754 4883
4753 4883 4882
4754 4755 4884
4754 4884 4883
4755 4756 4885
4755 4885 4884
4756 4757 4886
4756 4886 4885
4757 4758 4887
4757 4887 4886
4758 4759 4888
4758 4888 4887
4759 4760 4889
4759 4889 4888
4760 4761 4890
4760 4890 4889
4761 4762 4891
4761 4891 4890
4762 4763 4892
4762 4892 4891
4763 4764 4893
4763 4893 4892
4764 4765 4894
4764 4894 4893
4765 4766 4895
4765 4895 4894
4766 4767 4896
4766 4896 4895
4767 4768 4897
4767 4897 4896
4768 4769 4898
4768 4898 4897
4769 4770 4899
4769 4899 4898
4770 4771 4900
4770 4900 4899
4771 4772 4901
4771 4901 4900
4772 4773 4902
4772 4902 4901
4774 4775 4904
4774 4904 4903
4775 4776 4905
4775 4905 4904
4776 4777 4906
4776 4906 4905
4777 4778 4907
4777 4907 4906
4778 4779 4908
4778 4908 4907
4779 4780 4909
4779 4909 4908
4780 4781 4910
4780 4910 4909
4781 4782 4911
4781 4911 4910
4782 4783 4912
4782 4912 4911
4783 4784 4913
4783 4913 4912
4784 4785 4914
4784 4914 4913
4785 4786 4915
4785 4915 4914
4786 4787 4916
4786 4916 4915
4787 4788 4917
4787 4917 4916
4788 4789 4918
4788 4918 4917
4789 4790 4919
4789 4919 4918
4790 4791 4920
4790 4920 4919
4791 4792 4921
4791 4921 4920
4792 4793 4922
4792 4922 4921
4793 4794 4923
4793 4923 4922
4794 4795 4924
4794 4924 4923
4795 4796 4925
4795 4925 4924
4796 4797 4926
4796 4926 4925
4797 4798 4927
4797 4927 4926
4798 4799 4928
4798 4928 4927
4799 4800 4929
4799 4929 4928
4800 4801 4930
4800 4930 4929
4801 4802 4931
4801 4931 4930
4802 4803 4932
4802 4932 4931
4803 4804 4933
4803 4933 4932
4804 4805 4934
4804 4934 4933
4805 4806 4935
4805 4935 4934
4806 4807 4936
4806 4936 4935
4807 4808 4937
4807 4937 4936
4808 4809 4938
4808 4938 4937
4809 4810 4939
4809 4939 4938
4810 4811 4940
4810 4940 4939
4811 4812 4941
4811 4941 4940
4812 4813 4942
4812 4942 4941
4813 4814 4943
4813 4943 4942
4814 4815 4944
4814 4944 4943
4815 4816 4945
4815 4945 4944
4816 4817 4946
4816 4946 4945
4817 4818 4947
4817 4947 4946
4818 4819 4948
4818 4948 4947
4819 4820 4949
4819 4949 4948
4820 4821 4950
4820 4950 4949
4821 4822 4951
4821 4951 4950
4822 4823 4952
4822 4952 4951
4823 4824 4953
4823 4953 4952
4824 4825 4954
4824 4954 4953
4825 4826 4955
4825 4955 4954
4826 4827 4956
4826 4956 4955
4827 4828 4957
4827 4957 4956
4828 4829 4958
4828 4958 4957
4829 4830 4959
4829 4959 4958
4830 4831 4960
4830 4960 4959
4831 4832 4961
4831 4961 4960
4832 4833 4962
4832 4962 4961
4833 4834 4963
4833 4963 4962
4834 4835 4964
4834 4964 4963
4835 4836 4965
4835 4965 4964
4836 4837 4966
4836 4966 4965
4837 4838 4967
4837 4967 4966
4838 4839 4968
4838 4968 4967
4839 4840 4969
4839 4969 4968
4840 4841 4970
4840 4970 4969
4841 4842 4971
4841 4971 4970
4842 4843 4972
4842 4972 4971
4843 4844 4973
4843 4973 4972
4844 4845 4974
4844 4974 4973
4845 4846 4975
4845 4975 4974
4846 4847 4976
4846 4976 4975
4847 4848 4977
4847 4977 4976
4848 4849 4978
4848 4978 4977
4849 4850 4979
4849 4979 4978
4850 4851 4980
4850 4980 4979
4851 4852 4981
4851 4981 4980
4852 4853 4982
4852 4982 4981
4853 4854 4983
4853 4983 4982
4854 4855 4984
4854 4984 4983
4855 4856 4985
4855 4985 4984
4856 4857 4986
4856 4986 4985
4857 4858 4987
4857 4987 4986
4858 4859 4988
4858 4988 4987
4859 4860 4989
4859 4989 4988
4860 4861 4990
4860 4990 4989
4861 4862 4991
4861 4991 4990
4862 4863 4992
4862 4992 4991
4863 4864 4993
4863 4993 4992
4864 4865 4994
4864 4994 4993
4865 4866 4995
4865 4995 4994
4866 4867 4996
4866 4996 4995
4867 4868 4997
4867 4997 4996
4868 4869 4998
4868 4998 4997
4869 4870 4999
4869 4999 4998
4870 4871 5000
4870 5000 4999
4871 4872 5001
4871 5001 5000
4872 4873 5002
4872 5002 5001
4873 4874 5003
4873 5003 5002
4874 4875 5004
4874 5004 5003
4875 4876 5005
4875 5005 5004
4876 4877 5006
4876 5006 5005
4877 4878 5007
4877 5007 5006
4878 4879 5008
4878 5008 5007
4879 4880 5009
4879 5009 5008
4880 4881 5010
4880 5010 5009
4881 4882 5011
4881 5011 5010
4882 4883 5012
4882 5012 5011
4883 4884 5013
4883 5013 5012
4884 4885 5014
4884 5014 5013
4885 4886 5015
4885 5015 5014
4886 4887 5016
4886 5016 5015
4887 4888 5017
4887 5017 5016
4888 4889 5018
4888 5018 5017
4889 4890 5019
4889 5019 5018
4890 4891 5020
4890 5020 5019
4891 4892 5021
4891 5021 5020
4892 4893 5022
4892 5022 5021
4893 4894 5023
4893 5023 5022
4894 4895 5024
4894 5024 5023
4895 4896 5025
4895 5025 5024
4896 4897 5026
4896 5026 5025
4897 4898 5027
4897 5027 5026
4898 4899 5028
4898 5028 5027
4899 4900 5029
4899 5029 5028
4900 4901 5030
4900 5030 5029
4901 4902 5031
4901 5031 5030
4903 4904 5033
4903 5033 5032
4904 4905 5034
4904 5034 5033
4905 4906 5035
4905 5035 5034
4906 4907 5036
4906 5036 5035
4907 4908 5037
4907 5037 5036
4908 4909 5038
4908 5038 5037
4909 4910 5039
4909 5039 5038
4910 4911 5040
4910 5040 5039
4911 4912 5041
4911 5041 5040
4912 4913 5042
4912 5042 5041
4913 4914 5043
4913 5043 5042
4914 4915 5044
4914 5044 5043
4915 4916 5045
4915 5045 5044
4916 4917 5046
4916 5046 5045
4917 4918 5047
4917 5047 5046
4918 4919 5048
4918 5048 5047
4919 4920 5049
4919 5049 5048
4920 4921 5050
4920 5050 5049
4921 4922 5051
4921 5051 5050
4922 4923 5052
4922 5052 5051
4923 4924 5053
4923 5053 5052
4924 4925 5054
4924 5054 5053
4925 4926 5055
4925 5055 5054
4926 4927 5056
4926 5056 5055
4927 4928 5057
4927 5057 5056
4928 4929 5058
4928 5058 5057
4929 4930 5059
4929 5059 5058
4930 4931 5060
4930 5060 5059
4931 4932 5061
4931 5061 5060
4932 4933 5062
4932 5062 5061
4933 4934 5063
4933 5063 5062
4934 4935 5064
4934 5064 5063
4935 4936 5065
4935 5065 5064
4936 4937 5066
4936 5066 5065
4937 4938 5067
4937 5067 5066
4938 4939 5068
4938 5068 5067
4939 4940 5069
4939 5069 5068
4940 4941 5070
4940 5070 5069
4941 4942 5071
4941 5071 5070
4942 4943 5072
4942 5072 5071
4943 4944 5073
4943 5073 5072
4944 4945 5074
4944 5074 5073
4945 4946 5075
4945 5075 5074
4946 4947 5076
4946 5076 5075
4947 4948 5077
4947 5077 5076
4948 4949 5078
4948 5078 5077
4949 4950 5079
4949 5079 5078
4950 4951 5080
4950 5080 5079
4951 4952 5081
4951 5081 5080
4952 4953 5082
4952 5082 5081
4953 4954 5083
4953 5083 5082
4954 4955 5084
4954 5084 5083
4955 4956 5085
4955 5085 5084
4956 4957 5086
4956 5086 5085
4957 4958 5087
4957 5087 5086
4958 4959 5088
4958 5088 5087
4959 4960 5089
4959 5089 5088
4960 4961 5090
4960 5090 5089
4961 4962 5091
4961 5091 5090
4962 4963 5092
4962 5092 5091
4963 4964 5093
4963 5093 5092
4964 4965 5094
4964 5094 5093
4965 4966 5095
4965 5095 5094
4966 4967 5096
4966 5096 5095
4967 4968 5097
4967 5097 5096
4968 4969 5098
4968 5098 5097
4969 4970 5099
4969 5099 5098
4970 4971 5100
4970 5100 5099
4971 4972 5101
4971 5101 5100
4972 4973 5102
4972 5102 5101
4973 4974 5103
4973 5103 5102
4974 4975 5104
4974 5104 5103
4975 4976 5105
4975 5105 5104
4976 4977 5106
4976 5106 5105
4977 4978 5107
4977 5107 5106
4978 4979 5108
4978 5108 5107
4979 4980 5109
4979 5109 5108
4980 4981 5110
4980 5110 5109
4981 4982 5111
4981 5111 5110
4982 4983 5112
4982 5112 5111
4983 4984 5113
4983 5113 5112
4984 4985 5114
4984 5114 5113
4985 4986 5115
4985 5115 5114
4986 4987 5116
4986 5116 5115
4987 4988 5117
4987 5117 5116
4988 4989 5118
4988 5118 5117
4989 4990 5119
4989 5119 5118
4990 4991 5120
4990 5120 5119
4991 4992 5121
4991 5121 5120
4992 4993 5122
4992 5122 5121
4993 4994 5123
4993 5123 5122
4994 4995 5124
4994 5124 5123
4995 4996 5125
4995 5125 5124
4996 4997 5126
4996 5126 5125
4997 4998 5127
4997 5127 5126
4998 4999 5128
4998 5128 5127
4999 5000 5129
4999 5129 5128
5000 5001 5130
5000 5130 5129
5001 5002 5131
5001 5131 5130
5002 5003 5132
5002 5132 5131
5003 5004 5133
5003 5133 5132
5004 5005 5134
5004 5134 5133
5005 5006 5135
5005 5135 5134
5006 5007 5136
5006 5136 5135
5007 5008 5137
5007 5137 5136
5008 5009 5138
5008 5138 5137
5009 5010 5139
5009 5139 5138
5010 5011 5140
5010 5140 5139
5011 5012 5141
5011 5141 5140
5012 5013 5142
5012 5142 5141
5013 5014 5143
5013 5143 5142
5014 5015 5144
5014 5144 5143
5015 5016 5145
5015 5145 5144
5016 5017 5146
5016 5146 5145
5017 5018 5147
5017 5147 5146
5018 5019 5148
5018 5148 5147
5019 5020 5149
5019 5149 5148
5020 5021 5150
5020 5150 5149
5021 5022 5151
5021 5151 5150
5022 5023 5152
5022 5152 5151
5023 5024 5153
5023 5153 5152
5024 5025 5154
5024 5154 5153
5025 5026 5155
5025 5155 5154
5026 5027 5156
5026 5156 5155
5027 5028 5157
5027 5157 5156
5028 5029 5158
5028 5158 5157
5029 5030 5159
5029 5159 5158
5030 5031 5160
5030 5160 5159
5032 5033 5162
5032 5162 5161
5033 5034 5163
5033 5163 5162
5034 5035 5164
5034 5164 5163
5035 5036 5165
5035 5165 5164
5036 5037 5166
5036 5166 5165
5037 5038 5167
5037 5167 5166
5038 5039 5168
5038 5168 5167
5039 5040 5169
5039 5169 5168
5040 5041 5170
5040 5170 5169
5041 5042 5171
5041 5171 5170
5042 5043 5172
5042 5172 5171
5043 5044 5173
5043 5173 5172
5044 5045 5174
5044 5174 5173
5045 5046 5175
5045 5175 5174
5046 5047 5176
5046 5176 5175
5047 5048 5177
5047 5177 5176
5048 5049 5178
5048 5178 5177
5049 5050 5179
5049 5179 5178
5050 5051 5180
5050 5180 5179
5051 5052 5181
5051 5181 5180
5052 5053 5182
5052 5182 5181
5053 5054 5183
5053 5183 5182
5054 5055 5184
5054 5184 5183
5055 5056 5185
5055 5185 5184
5056 5057 5186
5056 5186 5185
5057 5058 5187
5057 5187 5186
5058 5059 5188
5058 5188 5187
5059 5060 5189
5059 5189 5188
5060 5061 5190
5060 5190 5189
5061 5062 5191
5061 5191 5190
5062 5063 5192
5062 5192 5191
5063 5064 5193
5063 5193 5192
5064 5065 5194
5064 5194 5193
5065 5066 5195
5065 5195 5194
5066 5067 5196
5066 5196 5195
5067 5068 5197
5067 5197 5196
5068 5069 5198
5068 5198 5197
5069 5070 5199
5069 5199 5198
5070 5071 5200
5070 5200 5199
5071 5072 5201
5071 5201 5200
5072 5073 5202
5072 5202 5201
5073 5074 5203
5073 5203 5202
5074 5075 5204
5074 5204 5203
5075 5076 5205
5075 5205 5204
5076 5077 5206
5076 5206 5205
5077 5078 5207
5077 5207 5206
5078 5079 5208
5078 5208 5207
5079 5080 5209
5079 5209 5208
5080 5081 5210
5080 5210 5209
5081 5082 5211
5081 5211 5210
5082 5083 5212
5082 5212 5211
5083 5084 5213
5083 5213 5212
5084 5085 5214
5084 5214 5213
5085 5086 5215
5085 5215 5214
5086 5087 5216
5086 5216 5215
5087 5088 5217
5087 5217 5216
5088 5089 5218
5088 5218 5217
5089 5090 5219
5089 5219 5218
5090 5091 5220
5090 5220 5219
5091 5092 5221
5091 5221 5220
5092 5093 5222
5092 5222 5221
5093 5094 5223
5093 5223 5222
5094 5095 5224
5094 5224 5223
5095 5096 5225
5095 5225 5224
5096 5097 5226
5096 5226 5225
5097 5098 5227
5097 5227 5226
5098 5099 5228
5098 5228 5227
5099 5100 5229
5099 5229 5228
5100 5101 5230
5100 5230 5229
5101 5102 5231
5101 5231 5230
5102 5103 5232
5102 5232 5231
5103 5104 5233
5103 5233 5232
5104 5105 5234
5104 5234 5233
5105 5106 5235
5105 5235 5234
5106 5107 5236
5106 5236 5235
5107 5108 5237
5107 5237 5236
5108 5109 5238
5108 5238 5237
5109 5110 5239
5109 5239 5238
5110 5111 5240
5110 5240 5239
5111 5112 5241
5111 5241 5240
5112 5113 5242
5112 5242 5241
5113 5114 5243
5113 5243 5242
5114 5115 5244
5114 5244 5243
5115 5116 5245
5115 5245 5244
5116 5117 5246
5116 5246 5245
5117 5118 5247
5117 5247 5246
5118 5119 5248
5118 5248 5247
5119 5120 5249
5119 5249 5248
5120 5121 5250
5120 5250 5249
5121 5122 5251
5121 5251 5250
5122 5123 5252
5122 5252 5251
5123 5124 5253
5123 5253 5252
5124 5125 5254
5124 5254 5253
5125 5126 5255
5125 5255 5254
5126 5127 5256
5126 5256 5255
5127 5128 5257
5127 5257 5256
5128 5129 5258
5128 5258 5257
5129 5130 5259
5129 5259 5258
5130 5131 5260
5130 5260 5259
5131 5132 5261
5131 5261 5260
5132 5133 5262
5132 5262 5261
5133 5134 5263
5133 5263 5262
5134 5135 5264
5134 5264 5263
5135 5136 5265
5135 5265 5264
5136 5137 5266
5136 5266 5265
5137 5138 5267
5137 5267 5266
5138 5139 5268
5138 5268 5267
5139 5140 5269
5139 5269 5268
5140 5141 5270
5140 5270 5269
5141 5142 5271
5141 5271 5270
5142 5143 5272
5142 5272 5271
5143 5144 5273
5143 5273 5272
5144 5145 5274
5144 5274 5273
5145 5146 5275
5145 5275 5274
5146 5147 5276
5146 5276 5275
5147 5148 5277
5147 5277 5276
5148 5149 5278
5148 5278 5277
5149 5150 5279
5149 5279 5278
5150 5151 5280
5150 5280 5279
5151 5152 5281
5151 5281 5280
5152 5153 5282
5152 5282 5281
5153 5154 5283
5153 5283 5282
5154 5155 5284
5154 5284 5283
5155 5156 5285
5155 5285 5284
5156 5157 5286
5156 5286 5285
5157 5158 5287
5157 5287 5286
5158 5159 5288
5158 5288 5287
5159 5160 5289
5159 5289 5288
5161 5162 5291
5161 5291 5290
5162 5163 5292
5162 5292 5291
5163 5164 5293
5163 5293 5292
5164 5165 5294
5164 5294 5293
5165 5166 5295
5165 5295 5294
5166 5167 5296
5166 5296 5295
5167 5168 5297
5167 5297 5296
5168 5169 5298
5168 5298 5297
5169 5170 5299
5169 5299 5298
5170 5171 5300
5170 5300 5299
5171 5172 5301
5171 5301 5300
5172 5173 5302
5172 5302 5301
5173 5174 5303
5173 5303 5302
5174 5175 5304
5174 5304 5303
5175 5176 5305
5175 5305 5304
5176 5177 5306
5176 5306 5305
5177 5178 5307
5177 5307 5306
5178 5179 5308
5178 5308 5307
5179 5180 5309
5179 5309 5308
5180 5181 5310
5180 5310 5309
5181 5182 5311
5181 5311 5310
5182 5183 5312
5182 5312 5311
5183 5184 5313
5183 5313 5312
5184 5185 5314
5184 5314 5313
5185 5186 5315
5185 5315 5314
5186 5187 5316
5186 5316 5315
5187 5188 5317
5187 5317 5316
5188 5189 5318
5188 5318 5317
5189 5190 5319
5189 5319 5318
5190 5191 5320
5190 5320 5319
5191 5192 5321
5191 5321 5320
5192 5193 5322
5192 5322 5321
5193 5194 5323
5193 5323 5322
5194 5195 5324
5194 5324 5323
5195 5196 5325
5195 5325 5324
5196 5197 5326
5196 5326 5325
5197 5198 5327
5197 5327 5326
5198 5199 5328
5198 5328 5327
5199 5200 5329
5199 5329 5328
5200 5201 5330
5200 5330 5329
5201 5202 5331
5201 5331 5330
5202 5203 5332
5202 5332 5331
5203 5204 5333
5203 5333 5332
5204 5205 5334
5204 5334 5333
5205 5206 5335
5205 5335 5334
5206 5207 5336
5206 5336 5335
5207 5208 5337
5207 5337 5336
5208 5209 5338
5208 5338 5337
5209 5210 5339
5209 5339 5338
5210 5211 5340
5210 5340 5339
5211 5212 5341
5211 5341 5340
5212 5213 5342
5212 5342 5341
5213 5214 5343
5213 5343 5342
5214 5215 5344
5214 5344 5343
5215 5216 5345
5215 5345 5344
5216 5217 5346
5216 5346 5345
5217 5218 5347
5217 5347 5346
5218 5219 5348
5218 5348 5347
5219 5220 5349
5219 5349 5348
5220 5221 5350
5220 5350 5349
5221 5222 5351
5221 5351 5350
5222 5223 5352
5222 5352 5351
5223 5224 5353
5223 5353 5352
5224 5225 5354
5224 5354 5353
5225 5226 5355
5225 5355 5354
5226 5227 5356
5226 5356 5355
5227 5228 5357
5227 5357 5356
5228 5229 5358
5228 5358 5357
5229 5230 5359
5229 5359 5358
5230 5231 5360
5230 5360 5359
5231 5232 5361
5231 5361 5360
5232 5233 5362
5232 5362 5361
5233 5234 5363
5233 5363 5362
5234 5235 5364
5234 5364 5363
5235 5236 5365
5235 5365 5364
5236 5237 5366
5236 5366 5365
5237 5238 5367
5237 5367 5366
5238 5239 5368
5238 5368 5367
5239 5240 5369
5239 5369 5368
5240 5241 5370
5240 5370 5369
5241 5242 5371
5241 5371 5370
5242 5243 5372
5242 5372 5371
5243 5244 5373
5243 5373 5372
5244 5245 5374
5244 5374 5373
5245 5246 5375
5245 5375 5374
5246 5247 5376
5246 5376 5375
5247 5248 5377
5247 5377 5376
5248 5249 5378
5248 5378 5377
5249 5250 5379
5249 5379 5378
5250 5251 5380
5250 5380 5379
5251 5252 5381
5251 5381 5380
5252 5253 5382
5252 5382 5381
5253 5254 5383
5253 5383 5382
5254 5255 5384
5254 5384 5383
5255 5256 5385
5255 5385 5384
5256 5257 5386
5256 5386 5385
5257 5258 5387
5257 5387 5386
5258 5259 5388
5258 5388 5387
5259 5260 5389
5259 5389 5388
5260 5261 5390
5260 5390 5389
5261 5262 5391
5261 5391 5390
5262 5263 5392
5262 5392 5391
5263 5264 5393
5263 5393 5392
5264 5265 5394
5264 5394 5393
5265 5266 5395
5265 5395 5394
5266 5267 5396
5266 5396 5395
5267 5268 5397
5267 5397 5396
5268 5269 5398
5268 5398 5397
5269 5270 5399
5269 5399 5398
5270 5271 5400
5270 5400 5399
5271 5272 5401
5271 5401 5400
5272 5273 5402
5272 5402 5401
5273 5274 5403
5273 5403 5402
5274 5275 5404
5274 5404 5403
5275 5276 5405
5275 5405 5404
5276 5277 5406
5276 5406 5405
5277 5278 5407
5277 5407 5406
5278 5279 5408
5278 5408 5407
5279 5280 5409
5279 5409 5408
5280 5281 5410
5280 5410 5409
5281 5282 5411
5281 5411 5410
5282 5283 5412
5282 5412 5411
5283 5284 5413
5283 5413 5412
5284 5285 5414
5284 5414 5413
5285 5286 5415
5285 5415 5414
5286 5287 5416
5286 5416 5415
5287 5288 5417
5287 5417 5416
5288 5289 5418
5288 5418 5417
5290 5291 5420
5290 5420 5419
5291 5292 5421
5291 5421 5420
5292 5293 5422
5292 5422 5421
5293 5294 5423
5293 5423 5422
5294 5295 5424
5294 5424 5423
5295 5296 5425
5295 5425 5424
5296 5297 5426
5296 5426 5425
5297 5298 5427
5297 5427 5426
5298 5299 5428
5298 5428 5427
5299 5300 5429
5299 5429 5428
5300 5301 5430
5300 5430 5429
5301 5302 5431
5301 5431 5430
5302 5303 5432
5302 5432 5431
5303 5304 5433
5303 5433 5432
5304 5305 5434
5304 5434 5433
5305 5306 5435
5305 5435 5434
5306 5307 5436
5306 5436 5435
5307 5308 5437
5307 5437 5436
5308 5309 5438
5308 5438 5437
5309 5310 5439
5309 5439 5438
5310 5311 5440
5310 5440 5439
5311 5312 5441
5311 5441 5440
5312 5313 5442
5312 5442 5441
5313 5314 5443
5313 5443 5442
5314 5315 5444
5314 5444 5443
5315 5316 5445
5315 5445 5444
5316 5317 5446
5316 5446 5445
5317 5318 5447
5317 5447 5446
5318 5319 5448
5318 5448 5447
5319 5320 5449
5319 5449 5448
5320 5321 5450
5320 5450 5449
5321 5322 5451
5321 5451 5450
5322 5323 5452
5322 5452 5451
5323 5324 5453
5323 5453 5452
5324 5325 5454
5324 5454 5453
5325 5326 5455
5325 5455 5454
5326 5327 5456
5326 5456 5455
5327 5328 5457
5327 5457 5456
5328 5329 5458
5328 5458 5457
5329 5330 5459
5329 5459 5458
5330 5331 5460
5330 5460 5459
5331 5332 5461
5331 5461 5460
5332 5333 5462
5332 5462 5461
5333 5334 5463
5333 5463 5462
5334 5335 5464
5334 5464 5463
5335 5336 5465
5335 5465 5464
5336 5337 5466
5336 5466 5465
5337 5338 5467
5337 5467 5466
5338 5339 5468
5338 5468 5467
5339 5340 5469
5339 5469 5468
5340 5341 5470
5340 5470 5469
5341 5342 5471
5341 5471 5470
5342 5343 5472
5342 5472 5471
5343 5344 5473
5343 5473 5472
5344 5345 5474
5344 5474 5473
5345 5346 5475
5345 5475 5474
5346 5347 5476
5346 5476 5475
5347 5348 5477
5347 5477 5476
5348 5349 5478
5348 5478 5477
5349 5350 5479
5349 5479 5478
5350 5351 5480
5350 5480 5479
5351 5352 5481
5351 5481 5480
5352 5353 5482
5352 5482 5481
5353 5354 5483
5353 5483 5482
5354 5355 5484
5354 5484 5483
5355 5356 5485
5355 5485 5484
5356 5357 5486
5356 5486 5485
5357 5358 5487
5357 5487 5486
5358 5359 5488
5358 5488 5487
5359 5360 5489
5359 5489 5488
5360 5361 5490
5360 5490 5489
5361 5362 5491
5361 5491 5490
5362 5363 5492
5362 5492 5491
5363 5364 5493
5363 5493 5492
5364 5365 5494
5364 5494 5493
5365 5366 5495
5365 5495 5494
5366 5367 5496
5366 5496 5495
5367 5368 5497
5367 5497 5496
5368 5369 5498
5368 5498 5497
5369 5370 5499
5369 5499 5498
5370 5371 5500
5370 5500 5499
5371 5372 5501
5371 5501 5500
5372 5373 5502
5372 5502 5501
5373 5374 5503
5373 5503 5502
5374 5375 5504
5374 5504 5503
5375 5376 5505
5375 5505 5504
5376 5377 5506
5376 5506 5505
5377 5378 5507
5377 5507 5506
5378 5379 5508
5378 5508 5507
5379 5380 5509
5379 5509 5508
5380 5381 5510
5380 5510 5509
5381 5382 5511
5381 5511 5510
5382 5383 5512
5382 5512 5511
5383 5384 5513
5383 5513 5512
5384 5385 5514
5384 5514 5513
5385 5386 5515
5385 5515 5514
5386 5387 5516
5386 5516 5515
5387 5388 5517
5387 5517 5516
5388 5389 5518
5388 5518 5517
5389 5390 5519
5389 5519 5518
5390 5391 5520
5390 5520 5519
5391 5392 5521
5391 5521 5520
5392 5393 5522
5392 5522 5521
5393 5394 5523
5393 5523 5522
5394 5395 5524
5394 5524 5523
5395 5396 5525
5395 5525 5524
5396 5397 5526
5396 5526 5525
5397 5398 5527
5397 5527 5526
5398 5399 5528
5398 5528 5527
5399 5400 5529
5399 5529 5528
5400 5401 5530
5400 5530 5529
5401 5402 5531
5401 5531 5530
5402 5403 5532
5402 5532 5531
5403 5404 5533
5403 5533 5532
5404 5405 5534
5404 5534 5533
5405 5406 5535
5405 5535 5534
5406 5407 5536
5406 5536 5535
5407 5408 5537
5407 5537 5536
5408 5409 5538
5408 5538 5537
5409 5410 5539
5409 5539 5538
5410 5411 5540
5410 5540 5539
5411 5412 5541
5411 5541 5540
5412 5413 5542
5412 5542 5541
5413 5414 5543
5413 5543 5542
5414 5415 5544
5414 5544 5543
5415 5416 5545
5415 5545 5544
5416 5417 5546
5416 5546 5545
5417 5418 5547
5417 5547 5546
5419 5420 5549
5419 5549 5548
5420 5421 5550
5420 5550 5549
5421 5422 5551
5421 5551 5550
5422 5423 5552
5422 5552 5551
5423 5424 5553
5423 5553 5552
5424 5425 5554
5424 5554 5553
5425 5426 5555
5425 5555 5554
5426 5427 5556
5426 5556 5555
5427 5428 5557
5427 5557 5556
5428 5429 5558
5428 5558 5557
5429 5430 5559
5429 5559 5558
5430 5431 5560
5430 5560 5559
5431 5432 5561
5431 5561 5560
5432 5433 5562
5432 5562 5561
5433 5434 5563
5433 5563 5562
5434 5435 5564
5434 5564 5563
5435 5436 5565
5435 5565 5564
5436 5437 5566
5436 5566 5565
5437 5438 5567
5437 5567 5566
5438 5439 5568
5438 5568 5567
5439 5440 5569
5439 5569 5568
5440 5441 5570
5440 5570 5569
5441 5442 5571
5441 5571 5570
5442 5443 5572
5442 5572 5571
5443 5444 5573
5443 5573 5572
5444 5445 5574
5444 5574 5573
5445 5446 5575
5445 5575 5574
5446 5447 5576
5446 5576 5575
5447 5448 5577
5447 5577 5576
5448 5449 5578
5448 5578 5577
5449 5450 5579
5449 5579 5578
5450 5451 5580
5450 5580 5579
5451 5452 5581
5451 5581 5580
5452 5453 5582
5452 5582 5581
5453 5454 5583
5453 5583 5582
5454 5455 5584
5454 5584 5583
5455 5456 5585
5455 5585 5584
5456 5457 5586
5456 5586 5585
5457 5458 5587
5457 5587 5586
5458 5459 5588
5458 5588 5587
5459 5460 5589
5459 5589 5588
5460 5461 5590
5460 5590 5589
5461 5462 5591
5461 5591 5590
5462 5463 5592
5462 5592 5591
5463 5464 5593
5463 5593 5592
5464 5465 5594
5464 5594 5593
5465 5466 5595
5465 5595 5594
5466 5467 5596
5466 5596 5595
5467 5468 5597
5467 5597 5596
5468 5469 5598
5468 5598 5597
5469 5470 5599
5469 5599 5598
5470 5471 5600
5470 5600 5599
5471 5472 5601
5471 5601 5600
5472 5473 5602
5472 5602 5601
5473 5474 5603
5473 5603 5602
5474 5475 5604
5474 5604 5603
5475 5476 5605
5475 5605 5604
5476 5477 5606
5476 5606 5605
5477 5478 5607
5477 5607 5606
5478 5479 5608
5478 5608 5607
5479 5480 5609
5479 5609 5608
5480 5481 5610
5480 5610 5609
5481 5482 5611
5481 5611 5610
5482 5483 5612
5482 5612 5611
5483 5484 5613
5483 5613 5612
5484 5485 5614
5484 5614 5613
5485 5486 5615
5485 5615 5614
5486 5487 5616
5486 5616 5615
5487 5488 5617
5487 5617 5616
5488 5489 5618
5488 5618 5617
5489 5490 5619
5489 5619 5618
5490 5491 5620
5490 5620 5619
5491 5492 5621
5491 5621 5620
5492 5493 5622
5492 5622 5621
5493 5494 5623
5493 5623 5622
5494 5495 5624
5494 5624 5623
5495 5496 5625
5495 5625 5624
5496 5497 5626
5496 5626 5625
5497 5498 5627
5497 5627 5626
5498 5499 5628
5498 5628 5627
5499 5500 5629
5499 5629 5628
5500 5501 5630
5500 5630 5629
5501 5502 5631
5501 5631 5630
5502 5503 5632
5502 5632 5631
5503 5504 5633
5503 5633 5632
5504 5505 5634
5504 5634 5633
5505 5506 5635
5505 5635 5634
5506 5507 5636
5506 5636 5635
5507 5508 5637
5507 5637 5636
5508 5509 5638
5508 5638 5637
5509 5510 5639
5509 5639 5638
5510 5511 5640
5510 5640 5639
5511 5512 5641
5511 5641 5640
5512 5513 5642
5512 5642 5641
5513 5514 5643
5513 5643 5642
5514 5515 5644
5514 5644 5643
5515 5516 5645
5515 5645 5644
5516 5517 5646
5516 5646 5645
5517 5518 5647
5517 5647 5646
5518 5519 5648
5518 5648 5647
5519 5520 5649
5519 5649 5648
5520 5521 5650
5520 5650 5649
5521 5522 5651
5521 5651 5650
5522 5523 5652
5522 5652 5651
5523 5524 5653
5523 5653 5652
5524 5525 5654
5524 5654 5653
5525 5526 5655
5525 5655 5654
5526 5527 5656
5526 5656 5655
5527 5528 5657
5527 5657 5656
5528 5529 5658
5528 5658 5657
5529 5530 5659
5529 5659 5658
5530 5531 5660
5530 5660 5659
5531 5532 5661
5531 5661 5660
5532 5533 5662
5532 5662 5661
5533 5534 5663
5533 5663 5662
5534 5535 5664
5534 5664 5663
5535 5536 5665
5535 5665 5664
5536 5537 5666
5536 5666 5665
5537 5538 5667
5537 5667 5666
5538 5539 5668
5538 5668 5667
5539 5540 5669
5539 5669 5668
5540 5541 5670
5540 5670 5669
5541 5542 5671
5541 5671 5670
5542 5543 5672
5542 5672 5671
5543 5544 5673
5543 5673 5672
5544 5545 5674
5544 5674 5673
5545 5546 5675
5545 5675 5674
5546 5547 5676
5546 5676 5675
5548 5549 5678
5548 5678 5677
5549 5550 5679
5549 5679 5678
5550 5551 5680
5550 5680 5679
5551 5552 5681
5551 5681 5680
5552 5553 5682
5552 5682 5681
5553 5554 5683
5553 5683 5682
5554 5555 5684
5554 5684 5683
5555 5556 5685
5555 5685 5684
5556 5557 5686
5556 5686 5685
5557 5558 5687
5557 5687 5686
5558 5559 5688
5558 5688 5687
5559 5560 5689
5559 5689 5688
5560 5561 5690
5560 5690 5689
5561 5562 5691
5561 5691 5690
5562 5563 5692
5562 5692 5691
5563 5564 5693
5563 5693 5692
5564 5565 5694
5564 5694 5693
5565 5566 5695
5565 5695 5694
5566 5567 5696
5566 5696 5695
5567 5568 5697
5567 5697 5696
5568 5569 5698
5568 5698 5697
5569 5570 5699
5569 5699 5698
5570 5571 5700
5570 5700 5699
5571 5572 5701
5571 5701 5700
5572 5573 5702
5572 5702 5701
5573 5574 5703
5573 5703 5702
5574 5575 5704
5574 5704 5703
5575 5576 5705
5575 5705 5704
5576 5577 5706
5576 5706 5705
5577 5578 5707
5577 5707 5706
5578 5579 5708
5578 5708 5707
5579 5580 5709
5579 5709 5708
5580 5581 5710
5580 5710 5709
5581 5582 5711
5581 5711 5710
5582 5583 5712
5582 5712 5711
5583 5584 5713
5583 5713 5712
5584 5585 5714
5584 5714 5713
5585 5586 5715
5585 5715 5714
5586 5587 5716
5586 5716 5715
5587 5588 5717
5587 5717 5716
5588 5589 5718
5588 5718 5717
5589 5590 5719
5589 5719 5718
5590 5591 5720
5590 5720 5719
5591 5592 5721
5591 5721 5720
5592 5593 5722
5592 5722 5721
5593 5594 5723
5593 5723 5722
5594 5595 5724
5594 5724 5723
5595 5596 5725
5595 5725 5724
5596 5597 5726
5596 5726 5725
5597 5598 5727
5597 5727 5726
5598 5599 5728
5598 5728 5727
5599 5600 5729
5599 5729 5728
5600 5601 5730
5600 5730 5729
5601 5602 5731
5601 5731 5730
5602 5603 5732
5602 5732 5731
5603 5604 5733
5603 5733 5732
5604 5605 5734
5604 5734 5733
5605 5606 5735
5605 5735 5734
5606 5607 5736
5606 5736 5735
5607 5608 5737
5607 5737 5736
5608 5609 5738
5608 5738 5737
5609 5610 5739
5609 5739 5738
5610 5611 5740
5610 5740 5739
5611 5612 5741
5611 5741 5740
5612 5613 5742
5612 5742 5741
5613 5614 5743
5613 5743 5742
5614 5615 5744
5614 5744 5743
5615 5616 5745
5615 5745 5744
5616 5617 5746
5616 5746 5745
5617 5618 5747
5617 5747 5746
5618 5619 5748
5618 5748 5747
5619 5620 5749
5619 5749 5748
5620 5621 5750
5620 5750 5749
5621 5622 5751
5621 5751 5750
5622 5623 5752
5622 5752 5751
5623 5624 5753
5623 5753 5752
5624 5625 5754
5624 5754 5753
5625 5626 5755
5625 5755 5754
5626 5627 5756
5626 5756 5755
5627 5628 5757
5627 5757 5756
5628 5629 5758
5628 5758 5757
5629 5630 5759
5629 5759 5758
5630 5631 5760
5630 5760 5759
5631 5632 5761
5631 5761 5760
5632 5633 5762
5632 5762 5761
5633 5634 5763
5633 5763 5762
5634 5635 5764
5634 5764 5763
5635 5636 5765
5635 5765 5764
5636 5637 5766
5636 5766 5765
5637 5638 5767
5637 5767 5766
5638 5639 5768
5638 5768 5767
5639 5640 5769
5639 5769 5768
5640 5641 5770
5640 5770 5769
5641 5642 5771
5641 5771 5770
5642 5643 5772
5642 5772 5771
5643 5644 5773
5643 5773 5772
5644 5645 5774
5644 5774 5773
5645 5646 5775
5645 5775 5774
5646 5647 5776
5646 5776 5775
5647 5648 5777
5647 5777 5776
5648 5649 5778
5648 5778 5777
5649 5650 5779
5649 5779 5778
5650 5651 5780
5650 5780 5779
5651 5652 5781
5651 5781 5780
5652 5653 5782
5652 5782 5781
5653 5654 5783
5653 5783 5782
5654 5655 5784
5654 5784 5783
5655 5656 5785
5655 5785 5784
5656 5657 5786
5656 5786 5785
5657 5658 5787
5657 5787 5786
5658 5659 5788
5658 5788 5787
5659 5660 5789
5659 5789 5788
5660 5661 5790
5660 5790 5789
5661 5662 5791
5661 5791 5790
5662 5663 5792
5662 5792 5791
5663 5664 5793
5663 5793 5792
5664 5665 5794
5664 5794 5793
5665 5666 5795
5665 5795 5794
5666 5667 5796
5666 5796 5795
5667 5668 5797
5667 5797 5796
5668 5669 5798
5668 5798 5797
5669 5670 5799
5669 5799 5798
5670 5671 5800
5670 5800 5799
5671 5672 5801
5671 5801 5800
5672 5673 5802
5672 5802 5801
5673 5674 5803
5673 5803 5802
5674 5675 5804
5674 5804 5803
5675 5676 5805
5675 5805 5804
5677 5678 5807
5677 5807 5806
5678 5679 5808
5678 5808 5807
5679 5680 5809
5679 5809 5808
5680 5681 5810
5680 5810 5809
5681 5682 5811
5681 5811 5810
5682 5683 5812
5682 5812 5811
5683 5684 5813
5683 5813 5812
5684 5685 5814
5684 5814 5813
5685 5686 5815
5685 5815 5814
5686 5687 5816
5686 5816 5815
5687 5688 5817
5687 5817 5816
5688 5689 5818
5688 5818 5817
5689 5690 5819
5689 5819 5818
5690 5691 5820
5690 5820 5819
5691 5692 5821
5691 5821 5820
5692 5693 5822
5692 5822 5821
5693 5694 5823
5693 5823 5822
5694 5695 5824
5694 5824 5823
5695 5696 5825
5695 5825 5824
5696 5697 5826
5696 5826 5825
5697 5698 5827
5697 5827 5826
5698 5699 5828
5698 5828 5827
5699 5700 5829
5699 5829 5828
5700 5701 5830
5700 5830 5829
5701 5702 5831
5701 5831 5830
5702 5703 5832
5702 5832 5831
5703 5704 5833
5703 5833 5832
5704 5705 5834
5704 5834 5833
5705 5706 5835
5705 5835 5834
5706 5707 5836
5706 5836 5835
5707 5708 5837
5707 5837 5836
5708 5709 5838
5708 5838 5837
5709 5710 5839
5709 5839 5838
5710 5711 5840
5710 5840 5839
5711 5712 5841
5711 5841 5840
5712 5713 5842
5712 5842 5841
5713 5714 5843
5713 5843 5842
5714 5715 5844
5714 5844 5843
5715 5716 5845
5715 5845 5844
5716 5717 5846
5716 5846 5845
5717 5718 5847
5717 5847 5846
5718 5719 5848
5718 5848 5847
5719 5720 5849
5719 5849 5848
5720 5721 5850
5720 5850 5849
5721 5722 5851
5721 5851 5850
5722 5723 5852
5722 5852 5851
5723 5724 5853
5723 5853 5852
5724 5725 5854
5724 5854 5853
5725 5726 5855
5725 5855 5854
5726 5727 5856
5726 5856 5855
5727 5728 5857
5727 5857 5856
5728 5729 5858
5728 5858 5857
5729 5730 5859
5729 5859 5858
5730 5731 5860
5730 5860 5859
5731 5732 5861
5731 5861 5860
5732 5733 5862
5732 5862 5861
5733 5734 5863
5733 5863 5862
5734 5735 5864
5734 5864 5863
5735 5736 5865
5735 5865 5864
5736 5737 5866
5736 5866 5865
5737 5738 5867
5737 5867 5866
5738 5739 5868
5738 5868 5867
5739 5740 5869
5739 5869 5868
5740 5741 5870
5740 5870 5869
5741 5742 5871
5741 5871 5870
5742 5743 5872
5742 5872 5871
5743 5744 5873
5743 5873 5872
5744 5745 5874
5744 5874 5873
5745 5746 5875
5745 5875 5874
5746 5747 5876
5746 5876 5875
5747 5748 5877
5747 5877 5876
5748 5749 5878
5748 5878 5877
5749 5750 5879
5749 5879 5878
5750 5751 5880
5750 5880 5879
5751 5752 5881
5751 5881 5880
5752 5753 5882
5752 5882 5881
5753 5754 5883
5753 5883 5882
5754 5755 5884
5754 5884 5883
5755 5756 5885
5755 5885 5884
5756 5757 5886
5756 5886 5885
5757 5758 5887
5757 5887 5886
5758 5759 5888
5758 5888 5887
5759 5760 5889
5759 5889 5888
5760 5761 5890
5760 5890 5889
5761 5762 5891
5761 5891 5890
5762 5763 5892
5762 5892 5891
5763 5764 5893
5763 5893 5892
5764 5765 5894
5764 5894 5893
5765 5766 5895
5765 5895 5894
5766 5767 5896
5766 5896 5895
5767 5768 5897
5767 5897 5896
5768 5769 5898
5768 5898 5897
5769 5770 5899
5769 5899 5898
5770 5771 5900
5770 5900 5899
5771 5772 5901
5771 5901 5900
5772 5773 5902
5772 5902 5901
5773 5774 5903
5773 5903 5902
5774 5775 5904
5774 5904 5903
5775 5776 5905
5775 5905 5904
5776 5777 5906
5776 5906 5905
5777 5778 5907
5777 5907 5906
5778 5779 5908
5778 5908 5907
5779 5780 5909
5779 5909 5908
5780 5781 5910
5780 5910 5909
5781 5782 5911
5781 5911 5910
5782 5783 5912
5782 5912 5911
5783 5784 5913
5783 5913 5912
5784 5785 5914
5784 5914 5913
5785 5786 5915
5785 5915 5914
5786 5787 5916
5786 5916 5915
5787 5788 5917
5787 5917 5916
5788 5789 5918
5788 5918 5917
5789 5790 5919
5789 5919 5918
5790 5791 5920
5790 5920 5919
5791 5792 5921
5791 5921 5920
5792 5793 5922
5792 5922 5921
5793 5794 5923
5793 5923 5922
5794 5795 5924
5794 5924 5923
5795 5796 5925
5795 5925 5924
5796 5797 5926
5796 5926 5925
5797 5798 5927
5797 5927 5926
5798 5799 5928
5798 5928 5927
5799 5800 5929
5799 5929 5928
5800 5801 5930
5800 5930 5929
5801 5802 5931
5801 5931 5930
5802 5803 5932
5802 5932 5931
5803 5804 5933
5803 5933 5932
5804 5805 5934
5804 5934 5933
5806 5807 5936
5806 5936 5935
5807 5808 5937
5807 5937 5936
5808 5809 5938
5808 5938 5937
5809 5810 5939
5809 5939 5938
5810 5811 5940
5810 5940 5939
5811 5812 5941
5811 5941 5940
5812 5813 5942
5812 5942 5941
5813 5814 5943
5813 5943 5942
5814 5815 5944
5814 5944 5943
5815 5816 5945
5815 5945 5944
5816 5817 5946
5816 5946 5945
5817 5818 5947
5817 5947 5946
5818 5819 5948
5818 5948 5947
5819 5820 5949
5819 5949 5948
5820 5821 5950
5820 5950 5949
5821 5822 5951
5821 5951 5950
5822 5823 5952
5822 5952 5951
5823 5824 5953
5823 5953 5952
5824 5825 5954
5824 5954 5953
5825 5826 5955
5825 5955 5954
5826 5827 5956
5826 5956 5955
5827 5828 5957
5827 5957 5956
5828 5829 5958
5828 5958 5957
5829 5830 5959
5829 5959 5958
5830 5831 5960
5830 5960 5959
5831 5832 5961
5831 5961 5960
5832 5833 5962
5832 5962 5961
5833 5834 5963
5833 5963 5962
5834 5835 5964
5834 5964 5963
5835 5836 5965
5835 5965 5964
5836 5837 5966
5836 5966 5965
5837 5838 5967
5837 5967 5966
5838 5839 5968
5838 5968 5967
5839 5840 5969
5839 5969 5968
5840 5841 5970
5840 5970 5969
5841 5842 5971
5841 5971 5970
5842 5843 5972
5842 5972 5971
5843 5844 5973
5843 5973 5972
5844 5845 5974
5844 5974 5973
5845 5846 5975
5845 5975 5974
5846 5847 5976
5846 5976 5975
5847 5848 5977
5847 5977 5976
5848 5849 5978
5848 5978 5977
5849 5850 5979
5849 5979 5978
5850 5851 5980
5850 5980 5979
5851 5852 5981
5851 5981 5980
5852 5853 5982
5852 5982 5981
5853 5854 5983
5853 5983 5982
5854 5855 5984
5854 5984 5983
5855 5856 5985
5855 5985 5984
5856 5857 5986
5856 5986 5985
5857 5858 5987
5857 5987 5986
5858 5859 5988
5858 5988 5987
5859 5860 5989
5859 5989 5988
5860 5861 5990
5860 5990 5989
5861 5862 5991
5861 5991 5990
5862 5863 5992
5862 5992 5991
5863 5864 5993
5863 5993 5992
5864 5865 5994
5864 5994 5993
5865 5866 5995
5865 5995 5994
5866 5867 5996
5866 5996 5995
5867 5868 5997
5867 5997 5996
5868 5869 5998
5868 5998 5997
5869 5870 5999
5869 5999 5998
5870 5871 6000
5870 6000 5999
5871 5872 6001
5871 6001 6000
5872 5873 6002
5872 6002 6001
5873 5874 6003
5873 6003 6002
5874 5875 6004
5874 6004 6003
5875 5876 6005
5875 6005 6004
5876 5877 6006
5876 6006 6005
5877 5878 6007
5877 6007 6006
5878 5879 6008
5878 6008 6007
5879 5880 6009
5879 6009 6008
5880 5881 6010
5880 6010 6009
5881 5882 6011
5881 6011 6010
5882 5883 6012
5882 6012 6011
5883 5884 6013
5883 6013 6012
5884 5885 6014
5884 6014 6013
5885 5886 6015
5885 6015 6014
5886 5887 6016
5886 6016 6015
5887 5888 6017
5887 6017 6016
5888 5889 6018
5888 6018 6017
5889 5890 6019
5889 6019 6018
5890 5891 6020
5890 6020 6019
5891 5892 6021
5891 6021 6020
5892 5893 6022
5892 6022 6021
5893 5894 6023
5893 6023 6022
5894 5895 6024
5894 6024 6023
5895 5896 6025
5895 6025 6024
5896 5897 6026
5896 6026 6025
5897 5898 6027
5897 6027 6026
5898 5899 6028
5898 6028 6027
5899 5900 6029
5899 6029 6028
5900 5901 6030
5900 6030 6029
5901 5902 6031
5901 6031 6030
5902 5903 6032
5902 6032 6031
5903 5904 6033
5903 6033 6032
5904 5905 6034
5904 6034 6033
5905 5906 6035
5905 6035 6034
5906 5907 6036
5906 6036 6035
5907 5908 6037
5907 6037 6036
5908 5909 6038
5908 6038 6037
5909 5910 6039
5909 6039 6038
5910 5911 6040
5910 6040 6039
5911 5912 6041
5911 6041 6040
5912 5913 6042
5912 6042 6041
5913 5914 6043
5913 6043 6042
5914 5915 6044
5914 6044 6043
5915 5916 6045
5915 6045 6044
5916 5917 6046
5916 6046 6045
5917 5918 6047
5917 6047 6046
5918 5919 6048
5918 6048 6047
5919 5920 6049
5919 6049 6048
5920 5921 6050
5920 6050 6049
5921 5922 6051
5921 6051 6050
5922 5923 6052
5922 6052 6051
5923 5924 6053
5923 6053 6052
5924 5925 6054
5924 6054 6053
5925 5926 6055
5925 6055 6054
5926 5927 6056
5926 6056 6055
5927 5928 6057
5927 6057 6056
5928 5929 6058
5928 6058 6057
5929 5930 6059
5929 6059 6058
5930 5931 6060
5930 6060 6059
5931 5932 6061
5931 6061 6060
5932 5933 6062
5932 6062 6061
5933 5934 6063
5933 6063 6062
5935 5936 6065
5935 6065 6064
5936 5937 6066
5936 6066 6065
5937 5938 6067
5937 6067 6066
5938 5939 6068
5938 6068 6067
5939 5940 6069
5939 6069 6068
5940 5941 6070
5940 6070 6069
5941 5942 6071
5941 6071 6070
5942 5943 6072
5942 6072 6071
5943 5944 6073
5943 6073 6072
5944 5945 6074
5944 6074 6073
5945 5946 6075
5945 6075 6074
5946 5947 6076
5946 6076 6075
5947 5948 6077
5947 6077 6076
5948 5949 6078
5948 6078 6077
5949 5950 6079
5949 6079 6078
5950 5951 6080
5950 6080 6079
5951 5952 6081
5951 6081 6080
5952 5953 6082
5952 6082 6081
5953 5954 6083
5953 6083 6082
5954 5955 6084
5954 6084 6083
5955 5956 6085
5955 6085 6084
5956 5957 6086
5956 6086 6085
5957 5958 6087
5957 6087 6086
5958 5959 6088
5958 6088 6087
5959 5960 6089
5959 6089 6088
5960 5961 6090
5960 6090 6089
5961 5962 6091
5961 6091 6090
5962 5963 6092
5962 6092 6091
5963 5964 6093
5963 6093 6092
5964 5965 6094
5964 6094 6093
5965 5966 6095
5965 6095 6094
5966 5967 6096
5966 6096 6095
5967 5968 6097
5967 6097 6096
5968 5969 6098
5968 6098 6097
5969 5970 6099
5969 6099 6098
5970 5971 6100
5970 6100 6099
5971 5972 6101
5971 6101 6100
5972 5973 6102
5972 6102 6101
5973 5974 6103
5973 6103 6102
5974 5975 6104
5974 6104 6103
5975 5976 6105
5975 6105 6104
5976 5977 6106
5976 6106 6105
5977 5978 6107
5977 6107 6106
5978 5979 6108
5978 6108 6107
5979 5980 6109
5979 6109 6108
5980 5981 6110
5980 6110 6109
5981 5982 6111
5981 6111 6110
5982 5983 6112
5982 6112 6111
5983 5984 6113
5983 6113 6112
5984 5985 6114
5984 6114 6113
5985 5986 6115
5985 6115 6114
5986 5987 6116
5986 6116 6115
5987 5988 6117
5987 6117 6116
5988 5989 6118
5988 6118 6117
5989 5990 6119
5989 6119 6118
5990 5991 6120
5990 6120 6119
5991 5992 6121
5991 6121 6120
5992 5993 6122
5992 6122 6121
5993 5994 6123
5993 6123 6122
5994 5995 6124
5994 6124 6123
5995 5996 6125
5995 6125 6124
5996 5997 6126
5996 6126 6125
5997 5998 6127
5997 6127 6126
5998 5999 6128
5998 6128 6127
5999 6000 6129
5999 6129 6128
6000 6001 6130
6000 6130 6129
6001 6002 6131
6001 6131 6130
6002 6003 6132
6002 6132 6131
6003 6004 6133
6003 6133 6132
6004 6005 6134
6004 6134 6133
6005 6006 6135
6005 6135 6134
6006 6007 6136
6006 6136 6135
6007 6008 6137
6007 6137 6136
6008 6009 6138
6008 6138 6137
6009 6010 6139
6009 6139 6138
6010 6011 6140
6010 6140 6139
6011 6012 6141
6011 6141 6140
6012 6013 6142
6012 6142 6141
6013 6014 6143
6013 6143 6142
6014 6015 6144
6014 6144 6143
6015 6016 6145
6015 6145 6144
6016 6017 6146
6016 6146 6145
6017 6018 6147
6017 6147 6146
6018 6019 6148
6018 6148 6147
6019 6020 6149
6019 6149 6148
6020 6021 6150
6020 6150 6149
6021 6022 6151
6021 6151 6150
6022 6023 6152
6022 6152 6151
6023 6024 6153
6023 6153 6152
6024 6025 6154
6024 6154 6153
6025 6026 6155
6025 6155 6154
6026 6027 6156
6026 6156 6155
6027 6028 6157
6027 6157 6156
6028 6029 6158
6028 6158 6157
6029 6030 6159
6029 6159 6158
6030 6031 6160
6030 6160 6159
6031 6032 6161
6031 6161 6160
6032 6033 6162
6032 6162 6161
6033 6034 6163
6033 6163 6162
6034 6035 6164
6034 6164 6163
6035 6036 6165
6035 6165 6164
6036 6037 6166
6036 6166 6165
6037 6038 6167
6037 6167 6166
6038 6039 6168
6038 6168 6167
6039 6040 6169
6039 6169 6168
6040 6041 6170
6040 6170 6169
6041 6042 6171
6041 6171 6170
6042 6043 6172
6042 6172 6171
6043 6044 6173
6043 6173 6172
6044 6045 6174
6044 6174 6173
6045 6046 6175
6045 6175 6174
6046 6047 6176
6046 6176 6175
6047 6048 6177
6047 6177 6176
6048 6049 6178
6048 6178 6177
6049 6050 6179
6049 6179 6178
6050 6051 6180
6050 6180 6179
6051 6052 6181
6051 6181 6180
6052 6053 6182
6052 6182 6181
6053 6054 6183
6053 6183 6182
6054 6055 6184
6054 6184 6183
6055 6056 6185
6055 6185 6184
6056 6057 6186
6056 6186 6185
6057 6058 6187
6057 6187 6186
6058 6059 6188
6058 6188 6187
6059 6060 6189
6059 6189 6188
6060 6061 6190
6060 6190 6189
6061 6062 6191
6061 6191 6190
6062 6063 6192
6062 6192 6191
6064 6065 6194
6064 6194 6193
6065 6066 6195
6065 6195 6194
6066 6067 6196
6066 6196 6195
6067 6068 6197
6067 6197 6196
6068 6069 6198
6068 6198 6197
6069 6070 6199
6069 6199 6198
6070 6071 6200
6070 6200 6199
6071 6072 6201
6071 6201 6200
6072 6073 6202
6072 6202 6201
6073 6074 6203
6073 6203 6202
6074 6075 6204
6074 6204 6203
6075 6076 6205
6075 6205 6204
6076 6077 6206
6076 6206 6205
6077 6078 6207
6077 6207 6206
6078 6079 6208
6078 6208 6207
6079 6080 6209
6079 6209 6208
6080 6081 6210
6080 6210 6209
6081 6082 6211
6081 6211 6210
6082 6083 6212
6082 6212 6211
6083 6084 6213
6083 6213 6212
6084 6085 6214
6084 6214 6213
6085 6086 6215
6085 6215 6214
6086 6087 6216
6086 6216 6215
6087 6088 6217
6087 6217 6216
6088 6089 6218
6088 6218 6217
6089 6090 6219
6089 6219 6218
6090 6091 6220
6090 6220 6219
6091 6092 6221
6091 6221 6220
6092 6093 6222
6092 6222 6221
6093 6094 6223
6093 6223 6222
6094 6095 6224
6094 6224 6223
6095 6096 6225
6095 6225 6224
6096 6097 6226
6096 6226 6225
6097 6098 6227
6097 6227 6226
6098 6099 6228
6098 6228 6227
6099 6100 6229
6099 6229 6228
6100 6101 6230
6100 6230 6229
6101 6102 6231
6101 6231 6230
6102 6103 6232
6102 6232 6231
6103 6104 6233
6103 6233 6232
6104 6105 6234
6104 6234 6233
6105 6106 6235
6105 6235 6234
6106 6107 6236
6106 6236 6235
6107 6108 6237
6107 6237 6236
6108 6109 6238
6108 6238 6237
6109 6110 6239
6109 6239 6238
6110 6111 6240
6110 6240 6239
6111 6112 6241
6111 6241 6240
6112 6113 6242
6112 6242 6241
6113 6114 6243
6113 6243 6242
6114 6115 6244
6114 6244 6243
6115 6116 6245
6115 6245 6244
6116 6117 6246
6116 6246 6245
6117 6118 6247
6117 6247 6246
6118 6119 6248
6118 6248 6247
6119 6120 6249
6119 6249 6248
6120 6121 6250
6120 6250 6249
6121 6122 6251
6121 6251 6250
6122 6123 6252
6122 6252 6251
6123 6124 6253
6123 6253 6252
6124 6125 6254
6124 6254 6253
6125 6126 6255
6125 6255 6254
6126 6127 6256
6126 6256 6255
6127 6128 6257
6127 6257 6256
6128 6129 6258
6128 6258 6257
6129 6130 6259
6129 6259 6258
6130 6131 6260
6130 6260 6259
6131 6132 6261
6131 6261 6260
6132 6133 6262
6132 6262 6261
6133 6134 6263
6133 6263 6262
6134 6135 6264
6134 6264 6263
6135 6136 6265
6135 6265 6264
6136 6137 6266
6136 6266 6265
6137 6138 6267
6137 6267 6266
6138 6139 6268
6138 6268 6267
6139 6140 6269
6139 6269 6268
6140 6141 6270
6140 6270 6269
6141 6142 6271
6141 6271 6270
6142 6143 6272
6142 6272 6271
6143 6144 6273
6143 6273 6272
6144 6145 6274
6144 6274 6273
6145 6146 6275
6145 6275 6274
6146 6147 6276
6146 6276 6275
6147 6148 6277
6147 6277 6276
6148 6149 6278
6148 6278 6277
6149 6150 6279
6149 6279 6278
6150 6151 6280
6150 6280 6279
6151 6152 6281
6151 6281 6280
6152 6153 6282
6152 6282 6281
6153 6154 6283
6153 6283 6282
6154 6155 6284
6154 6284 6283
6155 6156 6285
6155 6285 6284
6156 6157 6286
6156 6286 6285
6157 6158 6287
6157 6287 6286
6158 6159 6288
6158 6288 6287
6159 6160 6289
6159 6289 6288
6160 6161 6290
6160 6290 6289
6161 6162 6291
6161 6291 6290
6162 6163 6292
6162 6292 6291
6163 6164 6293
6163 6293 6292
6164 6165 6294
6164 6294 6293
6165 6166 6295
6165 6295 6294
6166 6167 6296
6166 6296 6295
6167 6168 6297
6167 6297 6296
6168 6169 6298
6168 6298 6297
6169 6170 6299
6169 6299 6298
6170 6171 6300
6170 6300 6299
6171 6172 6301
6171 6301 6300
6172 6173 6302
6172 6302 6301
6173 6174 6303
6173 6303 6302
6174 6175 6304
6174 6304 6303
6175 6176 6305
6175 6305 6304
6176 6177 6306
6176 6306 6305
6177 6178 6307
6177 6307 6306
6178 6179 6308
6178 6308 6307
6179 6180 6309
6179 6309 6308
6180 6181 6310
6180 6310 6309
6181 6182 6311
6181 6311 6310
6182 6183 6312
6182 6312 6311
6183 6184 6313
6183 6313 6312
6184 6185 6314
6184 6314 6313
6185 6186 6315
6185 6315 6314
6186 6187 6316
6186 6316 6315
6187 6188 6317
6187 6317 6316
6188 6189 6318
6188 6318 6317
6189 6190 6319
6189 6319 6318
6190 6191 6320
6190 6320 6319
6191 6192 6321
6191 6321 6320
6193 6194 6323
6193 6323 6322
6194 6195 6324
6194 6324 6323
6195 6196 6325
6195 6325 6324
6196 6197 6326
6196 6326 6325
6197 6198 6327
6197 6327 6326
6198 6199 6328
6198 6328 6327
6199 6200 6329
6199 6329 6328
6200 6201 6330
6200 6330 6329
6201 6202 6331
6201 6331 6330
6202 6203 6332
6202 6332 6331
6203 6204 6333
6203 6333 6332
6204 6205 6334
6204 6334 6333
6205 6206 6335
6205 6335 6334
6206 6207 6336
6206 6336 6335
6207 6208 6337
6207 6337 6336
6208 6209 6338
6208 6338 6337
6209 6210 6339
6209 6339 6338
6210 6211 6340
6210 6340 6339
6211 6212 6341
6211 6341 6340
6212 6213 6342
6212 6342 6341
6213 6214 6343
6213 6343 6342
6214 6215 6344
6214 6344 6343
6215 6216 6345
6215 6345 6344
6216 6217 6346
6216 6346 6345
6217 6218 6347
6217 6347 6346
6218 6219 6348
6218 6348 6347
6219 6220 6349
6219 6349 6348
6220 6221 6350
6220 6350 6349
6221 6222 6351
6221 6351 6350
6222 6223 6352
6222 6352 6351
6223 6224 6353
6223 6353 6352
6224 6225 6354
6224 6354 6353
6225 6226 6355
6225 6355 6354
6226 6227 6356
6226 6356 6355
6227 6228 6357
6227 6357 6356
6228 6229 6358
6228 6358 6357
6229 6230 6359
6229 6359 6358
6230 6231 6360
6230 6360 6359
6231 6232 6361
6231 6361 6360
6232 6233 6362
6232 6362 6361
6233 6234 6363
6233 6363 6362
6234 6235 6364
6234 6364 6363
6235 6236 6365
6235 6365 6364
6236 6237 6366
6236 6366 6365
6237 6238 6367
6237 6367 6366
6238 6239 6368
6238 6368 6367
6239 6240 6369
6239 6369 6368
6240 6241 6370
6240 6370 6369
6241 6242 6371
6241 6371 6370
6242 6243 6372
6242 6372 6371
6243 6244 6373
6243 6373 6372
6244 6245 6374
6244 6374 6373
6245 6246 6375
6245 6375 6374
6246 6247 6376
6246 6376 6375
6247 6248 6377
6247 6377 6376
6248 6249 6378
6248 6378 6377
6249 6250 6379
6249 6379 6378
6250 6251 6380
6250 6380 6379
6251 6252 6381
6251 6381 6380
6252 6253 6382
6252 6382 6381
6253 6254 6383
6253 6383 6382
6254 6255 6384
6254 6384 6383
6255 6256 6385
6255 6385 6384
6256 6257 6386
6256 6386 6385
6257 6258 6387
6257 6387 6386
6258 6259 6388
6258 6388 6387
6259 6260 6389
6259 6389 6388
6260 6261 6390
6260 6390 6389
6261 6262 6391
6261 6391 6390
6262 6263 6392
6262 6392 6391
6263 6264 6393
6263 6393 6392
6264 6265 6394
6264 6394 6393
6265 6266 6395
6265 6395 6394
6266 6267 6396
6266 6396 6395
6267 6268 6397
6267 6397 6396
6268 6269 6398
6268 6398 6397
6269 6270 6399
6269 6399 6398
6270 6271 6400
6270 6400 6399
6271 6272 6401
6271 6401 6400
6272 6273 6402
6272 6402 6401
6273 6274 6403
6273 6403 6402
6274 6275 6404
6274 6404 6403
6275 6276 6405
6275 6405 6404
6276 6277 6406
6276 6406 6405
6277 6278 6407
6277 6407 6406
6278 6279 6408
6278 6408 6407
6279 6280 6409
6279 6409 6408
6280 6281 6410
6280 6410 6409
6281 6282 6411
6281 6411 6410
6282 6283 6412
6282 6412 6411
6283 6284 6413
6283 6413 6412
6284 6285 6414
6284 6414 6413
6285 6286 6415
6285 6415 6414
6286 6287 6416
6286 6416 6415
6287 6288 6417
6287 6417 6416
6288 6289 6418
6288 6418 6417
6289 6290 6419
6289 6419 6418
6290 6291 6420
6290 6420 6419
6291 6292 6421
6291 6421 6420
6292 6293 6422
6292 6422 6421
6293 6294 6423
6293 6423 6422
6294 6295 6424
6294 6424 6423
6295 6296 6425
6295 6425 6424
6296 6297 6426
6296 6426 6425
6297 6298 6427
6297 6427 6426
6298 6299 6428
6298 6428 6427
6299 6300 6429
6299 6429 6428
6300 6301 6430
6300 6430 6429
6301 6302 6431
6301 6431 6430
6302 6303 6432
6302 6432 6431
6303 6304 6433
6303 6433 6432
6304 6305 6434
6304 6434 6433
6305 6306 6435
6305 6435 6434
6306 6307 6436
6306 6436 6435
6307 6308 6437
6307 6437 6436
6308 6309 6438
6308 6438 6437
6309 6310 6439
6309 6439 6438
6310 6311 6440
6310 6440 6439
6311 6312 6441
6311 6441 6440
6312 6313 6442
6312 6442 6441
6313 6314 6443
6313 6443 6442
6314 6315 6444
6314 6444 6443
6315 6316 6445
6315 6445 6444
6316 6317 6446
6316 6446 6445
6317 6318 6447
6317 6447 6446
6318 6319 6448
6318 6448 6447
6319 6320 6449
6319 6449 6448
6320 6321 6450
6320 6450 6449
6322 6323 6452
6322 6452 6451
6323 6324 6453
6323 6453 6452
6324 6325 6454
6324 6454 6453
6325 6326 6455
6325 6455 6454
6326 6327 6456
6326 6456 6455
6327 6328 6457
6327 6457 6456
6328 6329 6458
6328 6458 6457
6329 6330 6459
6329 6459 6458
6330 6331 6460
6330 6460 6459
6331 6332 6461
6331 6461 6460
6332 6333 6462
6332 6462 6461
6333 6334 6463
6333 6463 6462
6334 6335 6464
6334 6464 6463
6335 6336 6465
6335 6465 6464
6336 6337 6466
6336 6466 6465
6337 6338 6467
6337 6467 6466
6338 6339 6468
6338 6468 6467
6339 6340 6469
6339 6469 6468
6340 6341 6470
6340 6470 6469
6341 6342 6471
6341 6471 6470
6342 6343 6472
6342 6472 6471
6343 6344 6473
6343 6473 6472
6344 6345 6474
6344 6474 6473
6345 6346 6475
6345 6475 6474
6346 6347 6476
6346 6476 6475
6347 6348 6477
6347 6477 6476
6348 6349 6478
6348 6478 6477
6349 6350 6479
6349 6479 6478
6350 6351 6480
6350 6480 6479
6351 6352 6481
6351 6481 6480
6352 6353 6482
6352 6482 6481
6353 6354 6483
6353 6483 6482
6354 6355 6484
6354 6484 6483
6355 6356 6485
6355 6485 6484
6356 6357 6486
6356 6486 6485
6357 6358 6487
6357 6487 6486
6358 6359 6488
6358 6488 6487
6359 6360 6489
6359 6489 6488
6360 6361 6490
6360 6490 6489
6361 6362 6491
6361 6491 6490
6362 6363 6492
6362 6492 6491
6363 6364 6493
6363 6493 6492
6364 6365 6494
6364 6494 6493
6365 6366 6495
6365 6495 6494
6366 6367 6496
6366 6496 6495
6367 6368 6497
6367 6497 6496
6368 6369 6498
6368 6498 6497
6369 6370 6499
6369 6499 6498
6370 6371 6500
6370 6500 6499
6371 6372 6501
6371 6501 6500
6372 6373 6502
6372 6502 6501
6373 6374 6503
6373 6503 6502
6374 6375 6504
6374 6504 6503
6375 6376 6505
6375 6505 6504
6376 6377 6506
6376 6506 6505
6377 6378 6507
6377 6507 6506
6378 6379 6508
6378 6508 6507
6379 6380 6509
6379 6509 6508
6380 6381 6510
6380 6510 6509
6381 6382 6511
6381 6511 6510
6382 6383 6512
6382 6512 6511
6383 6384 6513
6383 6513 6512
6384 6385 6514
6384 6514 6513
6385 6386 6515
6385 6515 6514
6386 6387 6516
6386 6516 6515
6387 6388 6517
6387 6517 6516
6388 6389 6518
6388 6518 6517
6389 6390 6519
6389 6519 6518
6390 6391 6520
6390 6520 6519
6391 6392 6521
6391 6521 6520
6392 6393 6522
6392 6522 6521
6393 6394 6523
6393 6523 6522
6394 6395 6524
6394 6524 6523
6395 6396 6525
6395 6525 6524
6396 6397 6526
6396 6526 6525
6397 6398 6527
6397 6527 6526
6398 6399 6528
6398 6528 6527
6399 6400 6529
6399 6529 6528
6400 6401 6530
6400 6530 6529
6401 6402 6531
6401 6531 6530
6402 6403 6532
6402 6532 6531
6403 6404 6533
6403 6533 6532
6404 6405 6534
6404 6534 6533
6405 6406 6535
6405 6535 6534
6406 6407 6536
6406 6536 6535
6407 6408 6537
6407 6537 6536
6408 6409 6538
6408 6538 6537
6409 6410 6539
6409 6539 6538
6410 6411 6540
6410 6540 6539
6411 6412 6541
6411 6541 6540
6412 6413 6542
6412 6542 6541
6413 6414 6543
6413 6543 6542
6414 6415 6544
6414 6544 6543
6415 6416 6545
6415 6545 6544
6416 6417 6546
6416 6546 6545
6417 6418 6547
6417 6547 6546
6418 6419 6548
6418 6548 6547
6419 6420 6549
6419 6549 6548
6420 6421 6550
6420 6550 6549
6421 6422 6551
6421 6551 6550
6422 6423 6552
6422 6552 6551
6423 6424 6553
6423 6553 6552
6424 6425 6554
6424 6554 6553
6425 6426 6555
6425 6555 6554
6426 6427 6556
6426 6556 6555
6427 6428 6557
6427 6557 6556
6428 6429 6558
6428 6558 6557
6429 6430 6559
6429 6559 6558
6430 6431 6560
6430 6560 6559
6431 6432 6561
6431 6561 6560
6432 6433 6562
6432 6562 6561
6433 6434 6563
6433 6563 6562
6434 6435 6564
6434 6564 6563
6435 6436 6565
6435 6565 6564
6436 6437 6566
6436 6566 6565
6437 6438 6567
6437 6567 6566
6438 6439 6568
6438 6568 6567
6439 6440 6569
6439 6569 6568
6440 6441 6570
6440 6570 6569
6441 6442 6571
6441 6571 6570
6442 6443 6572
6442 6572 6571
6443 6444 6573
6443 6573 6572
6444 6445 6574
6444 6574 6573
6445 6446 6575
6445 6575 6574
6446 6447 6576
6446 6576 6575
6447 6448 6577
6447 6577 6576
6448 6449 6578
6448 6578 6577
6449 6450 6579
6449 6579 6578
6451 6452 6581
6451 6581 6580
6452 6453 6582
6452 6582 6581
6453 6454 6583
6453 6583 6582
6454 6455 6584
6454 6584 6583
6455 6456 6585
6455 6585 6584
6456 6457 6586
6456 6586 6585
6457 6458 6587
6457 6587 6586
6458 6459 6588
6458 6588 6587
6459 6460 6589
6459 6589 6588
6460 6461 6590
6460 6590 6589
6461 6462 6591
6461 6591 6590
6462 6463 6592
6462 6592 6591
6463 6464 6593
6463 6593 6592
6464 6465 6594
6464 6594 6593
6465 6466 6595
6465 6595 6594
6466 6467 6596
6466 6596 6595
6467 6468 6597
6467 6597 6596
6468 6469 6598
6468 6598 6597
6469 6470 6599
6469 6599 6598
6470 6471 6600
6470 6600 6599
6471 6472 6601
6471 6601 6600
6472 6473 6602
6472 6602 6601
6473 6474 6603
6473 6603 6602
6474 6475 6604
6474 6604 6603
6475 6476 6605
6475 6605 6604
6476 6477 6606
6476 6606 6605
6477 6478 6607
6477 6607 6606
6478 6479 6608
6478 6608 6607
6479 6480 6609
6479 6609 6608
6480 6481 6610
6480 6610 6609
6481 6482 6611
6481 6611 6610
6482 6483 6612
6482 6612 6611
6483 6484 6613
6483 6613 6612
6484 6485 6614
6484 6614 6613
6485 6486 6615
6485 6615 6614
6486 6487 6616
6486 6616 6615
6487 6488 6617
6487 6617 6616
6488 6489 6618
6488 6618 6617
6489 6490 6619
6489 6619 6618
6490 6491 6620
6490 6620 6619
6491 6492 6621
6491 6621 6620
6492 6493 6622
6492 6622 6621
6493 6494 6623
6493 6623 6622
6494 6495 6624
6494 6624 6623
6495 6496 6625
6495 6625 6624
6496 6497 6626
6496 6626 6625
6497 6498 6627
6497 6627 6626
6498 6499 6628
6498 6628 6627
6499 6500 6629
6499 6629 6628
6500 6501 6630
6500 6630 6629
6501 6502 6631
6501 6631 6630
6502 6503 6632
6502 6632 6631
6503 6504 6633
6503 6633 6632
6504 6505 6634
6504 6634 6633
6505 6506 6635
6505 6635 6634
6506 6507 6636
6506 6636 6635
6507 6508 6637
6507 6637 6636
6508 6509 6638
6508 6638 6637
6509 6510 6639
6509 6639 6638
6510 6511 6640
6510 6640 6639
6511 6512 6641
6511 6641 6640
6512 6513 6642
6512 6642 6641
6513 6514 6643
6513 6643 6642
6514 6515 6644
6514 6644 6643
6515 6516 6645
6515 6645 6644
6516 6517 6646
6516 6646 6645
6517 6518 6647
6517 6647 6646
6518 6519 6648
6518 6648 6647
6519 6520 6649
6519 6649 6648
6520 6521 6650
6520 6650 6649
6521 6522 6651
6521 6651 6650
6522 6523 6652
6522 6652 6651
6523 6524 6653
6523 6653 6652
6524 6525 6654
6524 6654 6653
6525 6526 6655
6525 6655 6654
6526 6527 6656
6526 6656 6655
6527 6528 6657
6527 6657 6656
6528 6529 6658
6528 6658 6657
6529 6530 6659
6529 6659 6658
6530 6531 6660
6530 6660 6659
6531 6532 6661
6531 6661 6660
6532 6533 6662
6532 6662 6661
6533 6534 6663
6533 6663 6662
6534 6535 6664
6534 6664 6663
6535 6536 6665
6535 6665 6664
6536 6537 6666
6536 6666 6665
6537 6538 6667
6537 6667 6666
6538 6539 6668
6538 6668 6667
6539 6540 6669
6539 6669 6668
6540 6541 6670
6540 6670 6669
6541 6542 6671
6541 6671 6670
6542 6543 6672
6542 6672 6671
6543 6544 6673
6543 6673 6672
6544 6545 6674
6544 6674 6673
6545 6546 6675
6545 6675 6674
6546 6547 6676
6546 6676 6675
6547 6548 6677
6547 6677 6676
6548 6549 6678
6548 6678 6677
6549 6550 6679
6549 6679 6678
6550 6551 6680
6550 6680 6679
6551 6552 6681
6551 6681 6680
6552 6553 6682
6552 6682 6681
6553 6554 6683
6553 6683 6682
6554 6555 6684
6554 6684 6683
6555 6556 6685
6555 6685 6684
6556 6557 6686
6556 6686 6685
6557 6558 6687
6557 6687 6686
6558 6559 6688
6558 6688 6687
6559 6560 6689
6559 6689 6688
6560 6561 6690
6560 6690 6689
6561 6562 6691
6561 6691 6690
6562 6563 6692
6562 6692 6691
6563 6564 6693
6563 6693 6692
6564 6565 6694
6564 6694 6693
6565 6566 6695
6565 6695 6694
6566 6567 6696
6566 6696 6695
6567 6568 6697
6567 6697 6696
6568 6569 6698
6568 6698 6697
6569 6570 6699
6569 6699 6698
6570 6571 6700
6570 6700 6699
6571 6572 6701
6571 6701 6700
6572 6573 6702
6572 6702 6701
6573 6574 6703
6573 6703 6702
6574 6575 6704
6574 6704 6703
6575 6576 6705
6575 6705 6704
6576 6577 6706
6576 6706 6705
6577 6578 6707
6577 6707 6706
6578 6579 6708
6578 6708 6707
6580 6581 6710
6580 6710 6709
6581 6582 6711
6581 6711 6710
6582 6583 6712
6582 6712 6711
6583 6584 6713
6583 6713 6712
6584 6585 6714
6584 6714 6713
6585 6586 6715
6585 6715 6714
6586 6587 6716
6586 6716 6715
6587 6588 6717
6587 6717 6716
6588 6589 6718
6588 6718 6717
6589 6590 6719
6589 6719 6718
6590 6591 6720
6590 6720 6719
6591 6592 6721
6591 6721 6720
6592 6593 6722
6592 6722 6721
6593 6594 6723
6593 6723 6722
6594 6595 6724
6594 6724 6723
6595 6596 6725
6595 6725 6724
6596 6597 6726
6596 6726 6725
6597 6598 6727
6597 6727 6726
6598 6599 6728
6598 6728 6727
6599 6600 6729
6599 6729 6728
6600 6601 6730
6600 6730 6729
6601 6602 6731
6601 6731 6730
6602 6603 6732
6602 6732 6731
6603 6604 6733
6603 6733 6732
6604 6605 6734
6604 6734 6733
6605 6606 6735
6605 6735 6734
6606 6607 6736
6606 6736 6735
6607 6608 6737
6607 6737 6736
6608 6609 6738
6608 6738 6737
6609 6610 6739
6609 6739 6738
6610 6611 6740
6610 6740 6739
6611 6612 6741
6611 6741 6740
6612 6613 6742
6612 6742 6741
6613 6614 6743
6613 6743 6742
6614 6615 6744
6614 6744 6743
6615 6616 6745
6615 6745 6744
6616 6617 6746
6616 6746 6745
6617 6618 6747
6617 6747 6746
6618 6619 6748
6618 6748 6747
6619 6620 6749
6619 6749 6748
6620 6621 6750
6620 6750 6749
6621 6622 6751
6621 6751 6750
6622 6623 6752
6622 6752 6751
6623 6624 6753
6623 6753 6752
6624 6625 6754
6624 6754 6753
6625 6626 6755
6625 6755 6754
6626 6627 6756
6626 6756 6755
6627 6628 6757
6627 6757 6756
6628 6629 6758
6628 6758 6757
6629 6630 6759
6629 6759 6758
6630 6631 6760
6630 6760 6759
6631 6632 6761
6631 6761 6760
6632 6633 6762
6632 6762 6761
6633 6634 6763
6633 6763 6762
6634 6635 6764
6634 6764 6763
6635 6636 6765
6635 6765 6764
6636 6637 6766
6636 6766 6765
6637 6638 6767
6637 6767 6766
6638 6639 6768
6638 6768 6767
6639 6640 6769
6639 6769 6768
6640 6641 6770
6640 6770 6769
6641 6642 6771
6641 6771 6770
6642 6643 6772
6642 6772 6771
6643 6644 6773
6643 6773 6772
6644 6645 6774
6644 6774 6773
6645 6646 6775
6645 6775 6774
6646 6647 6776
6646 6776 6775
6647 6648 6777
6647 6777 6776
6648 6649 6778
6648 6778 6777
6649 6650 6779
6649 6779 6778
6650 6651 6780
6650 6780 6779
6651 6652 6781
6651 6781 6780
6652 6653 6782
6652 6782 6781
6653 6654 6783
6653 6783 6782
6654 6655 6784
6654 6784 6783
6655 6656 6785
6655 6785 6784
6656 6657 6786
6656 6786 6785
6657 6658 6787
6657 6787 6786
6658 6659 6788
6658 6788 6787
6659 6660 6789
6659 6789 6788
6660 6661 6790
6660 6790 6789
6661 6662 6791
6661 6791 6790
6662 6663 6792
6662 6792 6791
6663 6664 6793
6663 6793 6792
6664 6665 6794
6664 6794 6793
6665 6666 6795
6665 6795 6794
6666 6667 6796
6666 6796 6795
6667 6668 6797
6667 6797 6796
6668 6669 6798
6668 6798 6797
6669 6670 6799
6669 6799 6798
6670 6671 6800
6670 6800 6799
6671 6672 6801
6671 6801 6800
6672 6673 6802
6672 6802 6801
6673 6674 6803
6673 6803 6802
6674 6675 6804
6674 6804 6803
6675 6676 6805
6675 6805 6804
6676 6677 6806
6676 6806 6805
6677 6678 6807
6677 6807 6806
6678 6679 6808
6678 6808 6807
6679 6680 6809
6679 6809 6808
6680 6681 6810
6680 6810 6809
6681 6682 6811
6681 6811 6810
6682 6683 6812
6682 6812 6811
6683 6684 6813
6683 6813 6812
6684 6685 6814
6684 6814 6813
6685 6686 6815
6685 6815 6814
6686 6687 6816
6686 6816 6815
6687 6688 6817
6687 6817 6816
6688 6689 6818
6688 6818 6817
6689 6690 6819
6689 6819 6818
6690 6691 6820
6690 6820 6819
6691 6692 6821
6691 6821 6820
6692 6693 6822
6692 6822 6821
6693 6694 6823
6693 6823 6822
6694 6695 6824
6694 6824 6823
6695 6696 6825
6695 6825 6824
6696 6697 6826
6696 6826 6825
6697 6698 6827
6697 6827 6826
6698 6699 6828
6698 6828 6827
6699 6700 6829
6699 6829 6828
6700 6701 6830
6700 6830 6829
6701 6702 6831
6701 6831 6830
6702 6703 6832
6702 6832 6831
6703 6704 6833
6703 6833 6832
6704 6705 6834
6704 6834 6833
6705 6706 6835
6705 6835 6834
6706 6707 6836
6706 6836 6835
6707 6708 6837
6707 6837 6836
6709 6710 6839
6709 6839 6838
6710 6711 6840
6710 6840 6839
6711 6712 6841
6711 6841 6840
6712 6713 6842
6712 6842 6841
6713 6714 6843
6713 6843 6842
6714 6715 6844
6714 6844 6843
6715 6716 6845
6715 6845 6844
6716 6717 6846
6716 6846 6845
6717 6718 6847
6717 6847 6846
6718 6719 6848
6718 6848 6847
6719 6720 6849
6719 6849 6848
6720 6721 6850
6720 6850 6849
6721 6722 6851
6721 6851 6850
6722 6723 6852
6722 6852 6851
6723 6724 6853
6723 6853 6852
6724 6725 6854
6724 6854 6853
6725 6726 6855
6725 6855 6854
6726 6727 6856
6726 6856 6855
6727 6728 6857
6727 6857 6856
6728 6729 6858
6728 6858 6857
6729 6730 6859
6729 6859 6858
6730 6731 6860
6730 6860 6859
6731 6732 6861
6731 6861 6860
6732 6733 6862
6732 6862 6861
6733 6734 6863
6733 6863 6862
6734 6735 6864
6734 6864 6863
6735 6736 6865
6735 6865 6864
6736 6737 6866
6736 6866 6865
6737 6738 6867
6737 6867 6866
6738 6739 6868
6738 6868 6867
6739 6740 6869
6739 6869 6868
6740 6741 6870
6740 6870 6869
6741 6742 6871
6741 6871 6870
6742 6743 6872
6742 6872 6871
6743 6744 6873
6743 6873 6872
6744 6745 6874
6744 6874 6873
6745 6746 6875
6745 6875 6874
6746 6747 6876
6746 6876 6875
6747 6748 6877
6747 6877 6876
6748 6749 6878
6748 6878 6877
6749 6750 6879
6749 6879 6878
6750 6751 6880
6750 6880 6879
6751 6752 6881
6751 6881 6880
6752 6753 6882
6752 6882 6881
6753 6754 6883
6753 6883 6882
6754 6755 6884
6754 6884 6883
6755 6756 6885
6755 6885 6884
6756 6757 6886
6756 6886 6885
6757 6758 6887
6757 6887 6886
6758 6759 6888
6758 6888 6887
6759 6760 6889
6759 6889 6888
6760 6761 6890
6760 6890 6889
6761 6762 6891
6761 6891 6890
6762 6763 6892
6762 6892 6891
6763 6764 6893
6763 6893 6892
6764 6765 6894
6764 6894 6893
6765 6766 6895
6765 6895 6894
6766 6767 6896
6766 6896 6895
6767 6768 6897
6767 6897 6896
6768 6769 6898
6768 6898 6897
6769 6770 6899
6769 6899 6898
6770 6771 6900
6770 6900 6899
6771 6772 6901
6771 6901 6900
6772 6773 6902
6772 6902 6901
6773 6774 6903
6773 6903 6902
6774 6775 6904
6774 6904 6903
6775 6776 6905
6775 6905 6904
6776 6777 6906
6776 6906 6905
6777 6778 6907
6777 6907 6906
6778 6779 6908
6778 6908 6907
6779 6780 6909
6779 6909 6908
6780 6781 6910
6780 6910 6909
6781 6782 6911
6781 6911 6910
6782 6783 6912
6782 6912 6911
6783 6784 6913
6783 6913 6912
6784 6785 6914
6784 6914 6913
6785 6786 6915
6785 6915 6914
6786 6787 6916
6786 6916 6915
6787 6788 6917
6787 6917 6916
6788 6789 6918
6788 6918 6917
6789 6790 6919
6789 6919 6918
6790 6791 6920
6790 6920 6919
6791 6792 6921
6791 6921 6920
6792 6793 6922
6792 6922 6921
6793 6794 6923
6793 6923 6922
6794 6795 6924
6794 6924 6923
6795 6796 6925
6795 6925 6924
6796 6797 6926
6796 6926 6925
6797 6798 6927
6797 6927 6926
6798 6799 6928
6798 6928 6927
6799 6800 6929
6799 6929 6928
6800 6801 6930
6800 6930 6929
6801 6802 6931
6801 6931 6930
6802 6803 6932
6802 6932 6931
6803 6804 6933
6803 6933 6932
6804 6805 6934
6804 6934 6933
6805 6806 6935
6805 6935 6934
6806 6807 6936
6806 6936 6935
6807 6808 6937
6807 6937 6936
6808 6809 6938
6808 6938 6937
6809 6810 6939
6809 6939 6938
6810 6811 6940
6810 6940 6939
6811 6812 6941
6811 6941 6940
6812 6813 6942
6812 6942 6941
6813 6814 6943
6813 6943 6942
6814 6815 6944
6814 6944 6943
6815 6816 6945
6815 6945 6944
6816 6817 6946
6816 6946 6945
6817 6818 6947
6817 6947 6946
6818 6819 6948
6818 6948 6947
6819 6820 6949
6819 6949 6948
6820 6821 6950
6820 6950 6949
6821 6822 6951
6821 6951 6950
6822 6823 6952
6822 6952 6951
6823 6824 6953
6823 6953 6952
6824 6825 6954
6824 6954 6953
6825 6826 6955
6825 6955 6954
6826 6827 6956
6826 6956 6955
6827 6828 6957
6827 6957 6956
6828 6829 6958
6828 6958 6957
6829 6830 6959
6829 6959 6958
6830 6831 6960
6830 6960 6959
6831 6832 6961
6831 6961 6960
6832 6833 6962
6832 6962 6961
6833 6834 6963
6833 6963 6962
6834 6835 6964
6834 6964 6963
6835 6836 6965
6835 6965 6964
6836 6837 6966
6836 6966 6965
6838 6839 6968
6838 6968 6967
6839 6840 6969
6839 6969 6968
6840 6841 6970
6840 6970 6969
6841 6842 6971
6841 6971 6970
6842 6843 6972
6842 6972 6971
6843 6844 6973
6843 6973 6972
6844 6845 6974
6844 6974 6973
6845 6846 6975
6845 6975 6974
6846 6847 6976
6846 6976 6975
6847 6848 6977
6847 6977 6976
6848 6849 6978
6848 6978 6977
6849 6850 6979
6849 6979 6978
6850 6851 6980
6850 6980 6979
6851 6852 6981
6851 6981 6980
6852 6853 6982
6852 6982 6981
6853 6854 6983
6853 6983 6982
6854 6855 6984
6854 6984 6983
6855 6856 6985
6855 6985 6984
6856 6857 6986
6856 6986 6985
6857 6858 6987
6857 6987 6986
6858 6859 6988
6858 6988 6987
6859 6860 6989
6859 6989 6988
6860 6861 6990
6860 6990 6989
6861 6862 6991
6861 6991 6990
6862 6863 6992
6862 6992 6991
6863 6864 6993
6863 6993 6992
6864 6865 6994
6864 6994 6993
6865 6866 6995
6865 6995 6994
6866 6867 6996
6866 6996 6995
6867 6868 6997
6867 6997 6996
6868 6869 6998
6868 6998 6997
6869 6870 6999
6869 6999 6998
6870 6871 7000
6870 7000 6999
6871 6872 7001
6871 7001 7000
6872 6873 7002
6872 7002 7001
6873 6874 7003
6873 7003 7002
6874 6875 7004
6874 7004 7003
6875 6876 7005
6875 7005 7004
6876 6877 7006
6876 7006 7005
6877 6878 7007
6877 7007 7006
6878 6879 7008
6878 7008 7007
6879 6880 7009
6879 7009 7008
6880 6881 7010
6880 7010 7009
6881 6882 7011
6881 7011 7010
6882 6883 7012
6882 7012 7011
6883 6884 7013
6883 7013 7012
6884 6885 7014
6884 7014 7013
6885 6886 7015
6885 7015 7014
6886 6887 7016
6886 7016 7015
6887 6888 7017
6887 7017 7016
6888 6889 7018
6888 7018 7017
6889 6890 7019
6889 7019 7018
6890 6891 7020
6890 7020 7019
6891 6892 7021
6891 7021 7020
6892 6893 7022
6892 7022 7021
6893 6894 7023
6893 7023 7022
6894 6895 7024
6894 7024 7023
6895 6896 7025
6895 7025 7024
6896 6897 7026
6896 7026 7025
6897 6898 7027
6897 7027 7026
6898 6899 7028
6898 7028 7027
6899 6900 7029
6899 7029 7028
6900 6901 7030
6900 7030 7029
6901 6902 7031
6901 7031 7030
6902 6903 7032
6902 7032 7031
6903 6904 7033
6903 7033 7032
6904 6905 7034
6904 7034 7033
6905 6906 7035
6905 7035 7034
6906 6907 7036
6906 7036 7035
6907 6908 7037
6907 7037 7036
6908 6909 7038
6908 7038 7037
6909 6910 7039
6909 7039 7038
6910 6911 7040
6910 7040 7039
6911 6912 7041
6911 7041 7040
6912 6913 7042
6912 7042 7041
6913 6914 7043
6913 7043 7042
6914 6915 7044
6914 7044 7043
6915 6916 7045
6915 7045 7044
6916 6917 7046
6916 7046 7045
6917 6918 7047
6917 7047 7046
6918 6919 7048
6918 7048 7047
6919 6920 7049
6919 7049 7048
6920 6921 7050
6920 7050 7049
6921 6922 7051
6921 7051 7050
6922 6923 7052
6922 7052 7051
6923 6924 7053
6923 7053 7052
6924 6925 7054
6924 7054 7053
6925 6926 7055
6925 7055 7054
6926 6927 7056
6926 7056 7055
6927 6928 7057
6927 7057 7056
6928 6929 7058
6928 7058 7057
6929 6930 7059
6929 7059 7058
6930 6931 7060
6930 7060 7059
6931 6932 7061
6931 7061 7060
6932 6933 7062
6932 7062 7061
6933 6934 7063
6933 7063 7062
6934 6935 7064
6934 7064 7063
6935 6936 7065
6935 7065 7064
6936 6937 7066
6936 7066 7065
6937 6938 7067
6937 7067 7066
6938 6939 7068
6938 7068 7067
6939 6940 7069
6939 7069 7068
6940 6941 7070
6940 7070 7069
6941 6942 7071
6941 7071 7070
6942 6943 7072
6942 7072 7071
6943 6944 7073
6943 7073 7072
6944 6945 7074
6944 7074 7073
6945 6946 7075
6945 7075 7074
6946 6947 7076
6946 7076 7075
6947 6948 7077
6947 7077 7076
6948 6949 7078
6948 7078 7077
6949 6950 7079
6949 7079 7078
6950 6951 7080
6950 7080 7079
6951 6952 7081
6951 7081 7080
6952 6953 7082
6952 7082 7081
6953 6954 7083
6953 7083 7082
6954 6955 7084
6954 7084 7083
6955 6956 7085
6955 7085 7084
6956 6957 7086
6956 7086 7085
6957 6958 7087
6957 7087 7086
6958 6959 7088
6958 7088 7087
6959 6960 7089
6959 7089 7088
6960 6961 7090
6960 7090 7089
6961 6962 7091
6961 7091 7090
6962 6963 7092
6962 7092 7091
6963 6964 7093
6963 7093 7092
6964 6965 7094
6964 7094 7093
6965 6966 7095
6965 7095 7094
6967 6968 7097
6967 7097 7096
6968 6969 7098
6968 7098 7097
6969 6970 7099
6969 7099 7098
6970 6971 7100
6970 7100 7099
6971 6972 7101
6971 7101 7100
6972 6973 7102
6972 7102 7101
6973 6974 7103
6973 7103 7102
6974 6975 7104
6974 7104 7103
6975 6976 7105
6975 7105 7104
6976 6977 7106
6976 7106 7105
6977 6978 7107
6977 7107 7106
6978 6979 7108
6978 7108 7107
6979 6980 7109
6979 7109 7108
6980 6981 7110
6980 7110 7109
6981 6982 7111
6981 7111 7110
6982 6983 7112
6982 7112 7111
6983 6984 7113
6983 7113 7112
6984 6985 7114
6984 7114 7113
6985 6986 7115
6985 7115 7114
6986 6987 7116
6986 7116 7115
6987 6988 7117
6987 7117 7116
6988 6989 7118
6988 7118 7117
6989 6990 7119
6989 7119 7118
6990 6991 7120
6990 7120 7119
6991 6992 7121
6991 7121 7120
6992 6993 7122
6992 7122 7121
6993 6994 7123
6993 7123 7122
6994 6995 7124
6994 7124 7123
6995 6996 7125
6995 7125 7124
6996 6997 7126
6996 7126 7125
6997 6998 7127
6997 7127 7126
6998 6999 7128
6998 7128 7127
6999 7000 7129
6999 7129 7128
7000 7001 7130
7000 7130 7129
7001 7002 7131
7001 7131 7130
7002 7003 7132
7002 7132 7131
7003 7004 7133
7003 7133 7132
7004 7005 7134
7004 7134 7133
7005 7006 7135
7005 7135 7134
7006 7007 7136
7006 7136 7135
7007 7008 7137
7007 7137 7136
7008 7009 7138
7008 7138 7137
7009 7010 7139
7009 7139 7138
7010 7011 7140
7010 7140 7139
7011 7012 7141
7011 7141 7140
7012 7013 7142
7012 7142 7141
7013 7014 7143
7013 7143 7142
7014 7015 7144
7014 7144 7143
7015 7016 7145
7015 7145 7144
7016 7017 7146
7016 7146 7145
7017 7018 7147
7017 7147 7146
7018 7019 7148
7018 7148 7147
7019 7020 7149
7019 7149 7148
7020 7021 7150
7020 7150 7149
7021 7022 7151
7021 7151 7150
7022 7023 7152
7022 7152 7151
7023 7024 7153
7023 7153 7152
7024 7025 7154
7024 7154 7153
7025 7026 7155
7025 7155 7154
7026 7027 7156
7026 7156 7155
7027 7028 7157
7027 7157 7156
7028 7029 7158
7028 7158 7157
7029 7030 7159
7029 7159 7158
7030 7031 7160
7030 7160 7159
7031 7032 7161
7031 7161 7160
7032 7033 7162
7032 7162 7161
7033 7034 7163
7033 7163 7162
7034 7035 7164
7034 7164 7163
7035 7036 7165
7035 7165 7164
7036 7037 7166
7036 7166 7165
7037 7038 7167
7037 7167 7166
7038 7039 7168
7038 7168 7167
7039 7040 7169
7039 7169 7168
7040 7041 7170
7040 7170 7169
7041 7042 7171
7041 7171 7170
7042 7043 7172
7042 7172 7171
7043 7044 7173
7043 7173 7172
7044 7045 7174
7044 7174 7173
7045 7046 7175
7045 7175 7174
7046 7047 7176
7046 7176 7175
7047 7048 7177
7047 7177 7176
7048 7049 7178
7048 7178 7177
7049 7050 7179
7049 7179 7178
7050 7051 7180
7050 7180 7179
7051 7052 7181
7051 7181 7180
7052 7053 7182
7052 7182 7181
7053 7054 7183
7053 7183 7182
7054 7055 7184
7054 7184 7183
7055 7056 7185
7055 7185 7184
7056 7057 7186
7056 7186 7185
7057 7058 7187
7057 7187 7186
7058 7059 7188
7058 7188 7187
7059 7060 7189
7059 7189 7188
7060 7061 7190
7060 7190 7189
7061 7062 7191
7061 7191 7190
7062 7063 7192
7062 7192 7191
7063 7064 7193
7063 7193 7192
7064 7065 7194
7064 7194 7193
7065 7066 7195
7065 7195 7194
7066 7067 7196
7066 7196 7195
7067 7068 7197
7067 7197 7196
7068 7069 7198
7068 7198 7197
7069 7070 7199
7069 7199 7198
7070 7071 7200
7070 7200 7199
7071 7072 7201
7071 7201 7200
7072 7073 7202
7072 7202 7201
7073 7074 7203
7073 7203 7202
7074 7075 7204
7074 7204 7203
7075 7076 7205
7075 7205 7204
7076 7077 7206
7076 7206 7205
7077 7078 7207
7077 7207 7206
7078 7079 7208
7078 7208 7207
7079 7080 7209
7079 7209 7208
7080 7081 7210
7080 7210 7209
7081 7082 7211
7081 7211 7210
7082 7083 7212
7082 7212 7211
7083 7084 7213
7083 7213 7212
7084 7085 7214
7084 7214 7213
7085 7086 7215
7085 7215 7214
7086 7087 7216
7086 7216 7215
7087 7088 7217
7087 7217 7216
7088 7089 7218
7088 7218 7217
7089 7090 7219
7089 7219 7218
7090 7091 7220
7090 7220 7219
7091 7092 7221
7091 7221 7220
7092 7093 7222
7092 7222 7221
7093 7094 7223
7093 7223 7222
7094 7095 7224
7094 7224 7223
7096 7097 7226
7096 7226 7225
7097 7098 7227
7097 7227 7226
7098 7099 7228
7098 7228 7227
7099 7100 7229
7099 7229 7228
7100 7101 7230
7100 7230 7229
7101 7102 7231
7101 7231 7230
7102 7103 7232
7102 7232 7231
7103 7104 7233
7103 7233 7232
7104 7105 7234
7104 7234 7233
7105 7106 7235
7105 7235 7234
7106 7107 7236
7106 7236 7235
7107 7108 7237
7107 7237 7236
7108 7109 7238
7108 7238 7237
7109 7110 7239
7109 7239 7238
7110 7111 7240
7110 7240 7239
7111 7112 7241
7111 7241 7240
7112 7113 7242
7112 7242 7241
7113 7114 7243
7113 7243 7242
7114 7115 7244
7114 7244 7243
7115 7116 7245
7115 7245 7244
7116 7117 7246
7116 7246 7245
7117 7118 7247
7117 7247 7246
7118 7119 7248
7118 7248 7247
7119 7120 7249
7119 7249 7248
7120 7121 7250
7120 7250 7249
7121 7122 7251
7121 7251 7250
7122 7123 7252
7122 7252 7251
7123 7124 7253
7123 7253 7252
7124 7125 7254
7124 7254 7253
7125 7126 7255
7125 7255 7254
7126 7127 7256
7126 7256 7255
7127 7128 7257
7127 7257 7256
7128 7129 7258
7128 7258 7257
7129 7130 7259
7129 7259 7258
7130 7131 7260
7130 7260 7259
7131 7132 7261
7131 7261 7260
7132 7133 7262
7132 7262 7261
7133 7134 7263
7133 7263 7262
7134 7135 7264
7134 7264 7263
7135 7136 7265
7135 7265 7264
7136 7137 7266
7136 7266 7265
7137 7138 7267
7137 7267 7266
7138 7139 7268
7138 7268 7267
7139 7140 7269
7139 7269 7268
7140 7141 7270
7140 7270 7269
7141 7142 7271
7141 7271 7270
7142 7143 7272
7142 7272 7271
7143 7144 7273
7143 7273 7272
7144 7145 7274
7144 7274 7273
7145 7146 7275
7145 7275 7274
7146 7147 7276
7146 7276 7275
7147 7148 7277
7147 7277 7276
7148 7149 7278
7148 7278 7277
7149 7150 7279
7149 7279 7278
7150 7151 7280
7150 7280 7279
7151 7152 7281
7151 7281 7280
7152 7153 7282
7152 7282 7281
7153 7154 7283
7153 7283 7282
7154 7155 7284
7154 7284 7283
7155 7156 7285
7155 7285 7284
7156 7157 7286
7156 7286 7285
7157 7158 7287
7157 7287 7286
7158 7159 7288
7158 7288 7287
7159 7160 7289
7159 7289 7288
7160 7161 7290
7160 7290 7289
7161 7162 7291
7161 7291 7290
7162 7163 7292
7162 7292 7291
7163 7164 7293
7163 7293 7292
7164 7165 7294
7164 7294 7293
7165 7166 7295
7165 7295 7294
7166 7167 7296
7166 7296 7295
7167 7168 7297
7167 7297 7296
7168 7169 7298
7168 7298 7297
7169 7170 7299
7169 7299 7298
7170 7171 7300
7170 7300 7299
7171 7172 7301
7171 7301 7300
7172 7173 7302
7172 7302 7301
7173 7174 7303
7173 7303 7302
7174 7175 7304
7174 7304 7303
7175 7176 7305
7175 7305 7304
7176 7177 7306
7176 7306 7305
7177 7178 7307
7177 7307 7306
7178 7179 7308
7178 7308 7307
7179 7180 7309
7179 7309 7308
7180 7181 7310
7180 7310 7309
7181 7182 7311
7181 7311 7310
7182 7183 7312
7182 7312 7311
7183 7184 7313
7183 7313 7312
7184 7185 7314
7184 7314 7313
7185 7186 7315
7185 7315 7314
7186 7187 7316
7186 7316 7315
7187 7188 7317
7187 7317 7316
7188 7189 7318
7188 7318 7317
7189 7190 7319
7189 7319 7318
7190 7191 7320
7190 7320 7319
7191 7192 7321
7191 7321 7320
7192 7193 7322
7192 7322 7321
7193 7194 7323
7193 7323 7322
7194 7195 7324
7194 7324 7323
7195 7196 7325
7195 7325 7324
7196 7197 7326
7196 7326 7325
7197 7198 7327
7197 7327 7326
7198 7199 7328
7198 7328 7327
7199 7200 7329
7199 7329 7328
7200 7201 7330
7200 7330 7329
7201 7202 7331
7201 7331 7330
7202 7203 7332
7202 7332 7331
7203 7204 7333
7203 7333 7332
7204 7205 7334
7204 7334 7333
7205 7206 7335
7205 7335 7334
7206 7207 7336
7206 7336 7335
7207 7208 7337
7207 7337 7336
7208 7209 7338
7208 7338 7337
7209 7210 7339
7209 7339 7338
7210 7211 7340
7210 7340 7339
7211 7212 7341
7211 7341 7340
7212 7213 7342
7212 7342 7341
7213 7214 7343
7213 7343 7342
7214 7215 7344
7214 7344 7343
7215 7216 7345
7215 7345 7344
7216 7217 7346
7216 7346 7345
7217 7218 7347
7217 7347 7346
7218 7219 7348
7218 7348 7347
7219 7220 7349
7219 7349 7348
7220 7221 7350
7220 7350 7349
7221 7222 7351
7221 7351 7350
7222 7223 7352
7222 7352 7351
7223 7224 7353
7223 7353 7352
7225 7226 7355
7225 7355 7354
7226 7227 7356
7226 7356 7355
7227 7228 7357
7227 7357 7356
7228 7229 7358
7228 7358 7357
7229 7230 7359
7229 7359 7358
7230 7231 7360
7230 7360 7359
7231 7232 7361
7231 7361 7360
7232 7233 7362
7232 7362 7361
7233 7234 7363
7233 7363 7362
7234 7235 7364
7234 7364 7363
7235 7236 7365
7235 7365 7364
7236 7237 7366
7236 7366 7365
7237 7238 7367
7237 7367 7366
7238 7239 7368
7238 7368 7367
7239 7240 7369
7239 7369 7368
7240 7241 7370
7240 7370 7369
7241 7242 7371
7241 7371 7370
7242 7243 7372
7242 7372 7371
7243 7244 7373
7243 7373 7372
7244 7245 7374
7244 7374 7373
7245 7246 7375
7245 7375 7374
7246 7247 7376
7246 7376 7375
7247 7248 7377
7247 7377 7376
7248 7249 7378
7248 7378 7377
7249 7250 7379
7249 7379 7378
7250 7251 7380
7250 7380 7379
7251 7252 7381
7251 7381 7380
7252 7253 7382
7252 7382 7381
7253 7254 7383
7253 7383 7382
7254 7255 7384
7254 7384 7383
7255 7256 7385
7255 7385 7384
7256 7257 7386
7256 7386 7385
7257 7258 7387
7257 7387 7386
7258 7259 7388
7258 7388 7387
7259 7260 7389
7259 7389 7388
7260 7261 7390
7260 7390 7389
7261 7262 7391
7261 7391 7390
7262 7263 7392
7262 7392 7391
7263 7264 7393
7263 7393 7392
7264 7265 7394
7264 7394 7393
7265 7266 7395
7265 7395 7394
7266 7267 7396
7266 7396 7395
7267 7268 7397
7267 7397 7396
7268 7269 7398
7268 7398 7397
7269 7270 7399
7269 7399 7398
7270 7271 7400
7270 7400 7399
7271 7272 7401
7271 7401 7400
7272 7273 7402
7272 7402 7401
7273 7274 7403
7273 7403 7402
7274 7275 7404
7274 7404 7403
7275 7276 7405
7275 7405 7404
7276 7277 7406
7276 7406 7405
7277 7278 7407
7277 7407 7406
7278 7279 7408
7278 7408 7407
7279 7280 7409
7279 7409 7408
7280 7281 7410
7280 7410 7409
7281 7282 7411
7281 7411 7410
7282 7283 7412
7282 7412 7411
7283 7284 7413
7283 7413 7412
7284 7285 7414
7284 7414 7413
7285 7286 7415
7285 7415 7414
7286 7287 7416
7286 7416 7415
7287 7288 7417
7287 7417 7416
7288 7289 7418
7288 7418 7417
7289 7290 7419
7289 7419 7418
7290 7291 7420
7290 7420 7419
7291 7292 7421
7291 7421 7420
7292 7293 7422
7292 7422 7421
7293 7294 7423
7293 7423 7422
7294 7295 7424
7294 7424 7423
7295 7296 7425
7295 7425 7424
7296 7297 7426
7296 7426 7425
7297 7298 7427
7297 7427 7426
7298 7299 7428
7298 7428 7427
7299 7300 7429
7299 7429 7428
7300 7301 7430
7300 7430 7429
7301 7302 7431
7301 7431 7430
7302 7303 7432
7302 7432 7431
7303 7304 7433
7303 7433 7432
7304 7305 7434
7304 7434 7433
7305 7306 7435
7305 7435 7434
7306 7307 7436
7306 7436 7435
7307 7308 7437
7307 7437 7436
7308 7309 7438
7308 7438 7437
7309 7310 7439
7309 7439 7438
7310 7311 7440
7310 7440 7439
7311 7312 7441
7311 7441 7440
7312 7313 7442
7312 7442 7441
7313 7314 7443
7313 7443 7442
7314 7315 7444
7314 7444 7443
7315 7316 7445
7315 7445 7444
7316 7317 7446
7316 7446 7445
7317 7318 7447
7317 7447 7446
7318 7319 7448
7318 7448 7447
7319 7320 7449
7319 7449 7448
7320 7321 7450
7320 7450 7449
7321 7322 7451
7321 7451 7450
7322 7323 7452
7322 7452 7451
7323 7324 7453
7323 7453 7452
7324 7325 7454
7324 7454 7453
7325 7326 7455
7325 7455 7454
7326 7327 7456
7326 7456 7455
7327 7328 7457
7327 7457 7456
7328 7329 7458
7328 7458 7457
7329 7330 7459
7329 7459 7458
7330 7331 7460
7330 7460 7459
7331 7332 7461
7331 7461 7460
7332 7333 7462
7332 7462 7461
7333 7334 7463
7333 7463 7462
7334 7335 7464
7334 7464 7463
7335 7336 7465
7335 7465 7464
7336 7337 7466
7336 7466 7465
7337 7338 7467
7337 7467 7466
7338 7339 7468
7338 7468 7467
7339 7340 7469
7339 7469 7468
7340 7341 7470
7340 7470 7469
7341 7342 7471
7341 7471 7470
7342 7343 7472
7342 7472 7471
7343 7344 7473
7343 7473 7472
7344 7345 7474
7344 7474 7473
7345 7346 7475
7345 7475 7474
7346 7347 7476
7346 7476 7475
7347 7348 7477
7347 7477 7476
7348 7349 7478
7348 7478 7477
7349 7350 7479
7349 7479 7478
7350 7351 7480
7350 7480 7479
7351 7352 7481
7351 7481 7480
7352 7353 7482
7352 7482 7481
7354 7355 7484
7354 7484 7483
7355 7356 7485
7355 7485 7484
7356 7357 7486
7356 7486 7485
7357 7358 7487
7357 7487 7486
7358 7359 7488
7358 7488 7487
7359 7360 7489
7359 7489 7488
7360 7361 7490
7360 7490 7489
7361 7362 7491
7361 7491 7490
7362 7363 7492
7362 7492 7491
7363 7364 7493
7363 7493 7492
7364 7365 7494
7364 7494 7493
7365 7366 7495
7365 7495 7494
7366 7367 7496
7366 7496 7495
7367 7368 7497
7367 7497 7496
7368 7369 7498
7368 7498 7497
7369 7370 7499
7369 7499 7498
7370 7371 7500
7370 7500 7499
7371 7372 7501
7371 7501 7500
7372 7373 7502
7372 7502 7501
7373 7374 7503
7373 7503 7502
7374 7375 7504
7374 7504 7503
7375 7376 7505
7375 7505 7504
7376 7377 7506
7376 7506 7505
7377 7378 7507
7377 7507 7506
7378 7379 7508
7378 7508 7507
7379 7380 7509
7379 7509 7508
7380 7381 7510
7380 7510 7509
7381 7382 7511
7381 7511 7510
7382 7383 7512
7382 7512 7511
7383 7384 7513
7383 7513 7512
7384 7385 7514
7384 7514 7513
7385 7386 7515
7385 7515 7514
7386 7387 7516
7386 7516 7515
7387 7388 7517
7387 7517 7516
7388 7389 7518
7388 7518 7517
7389 7390 7519
7389 7519 7518
7390 7391 7520
7390 7520 7519
7391 7392 7521
7391 7521 7520
7392 7393 7522
7392 7522 7521
7393 7394 7523
7393 7523 7522
7394 7395 7524
7394 7524 7523
7395 7396 7525
7395 7525 7524
7396 7397 7526
7396 7526 7525
7397 7398 7527
7397 7527 7526
7398 7399 7528
7398 7528 7527
7399 7400 7529
7399 7529 7528
7400 7401 7530
7400 7530 7529
7401 7402 7531
7401 7531 7530
7402 7403 7532
7402 7532 7531
7403 7404 7533
7403 7533 7532
7404 7405 7534
7404 7534 7533
7405 7406 7535
7405 7535 7534
7406 7407 7536
7406 7536 7535
7407 7408 7537
7407 7537 7536
7408 7409 7538
7408 7538 7537
7409 7410 7539
7409 7539 7538
7410 7411 7540
7410 7540 7539
7411 7412 7541
7411 7541 7540
7412 7413 7542
7412 7542 7541
7413 7414 7543
7413 7543 7542
7414 7415 7544
7414 7544 7543
7415 7416 7545
7415 7545 7544
7416 7417 7546
7416 7546 7545
7417 7418 7547
7417 7547 7546
7418 7419 7548
7418 7548 7547
7419 7420 7549
7419 7549 7548
7420 7421 7550
7420 7550 7549
7421 7422 7551
7421 7551 7550
7422 7423 7552
7422 7552 7551
7423 7424 7553
7423 7553 7552
7424 7425 7554
7424 7554 7553
7425 7426 7555
7425 7555 7554
7426 7427 7556
7426 7556 7555
7427 7428 7557
7427 7557 7556
7428 7429 7558
7428 7558 7557
7429 7430 7559
7429 7559 7558
7430 7431 7560
7430 7560 7559
7431 7432 7561
7431 7561 7560
7432 7433 7562
7432 7562 7561
7433 7434 7563
7433 7563 7562
7434 7435 7564
7434 7564 7563
7435 7436 7565
7435 7565 7564
7436 7437 7566
7436 7566 7565
7437 7438 7567
7437 7567 7566
7438 7439 7568
7438 7568 7567
7439 7440 7569
7439 7569 7568
7440 7441 7570
7440 7570 7569
7441 7442 7571
7441 7571 7570
7442 7443 7572
7442 7572 7571
7443 7444 7573
7443 7573 7572
7444 7445 7574
7444 7574 7573
7445 7446 7575
7445 7575 7574
7446 7447 7576
7446 7576 7575
7447 7448 7577
7447 7577 7576
7448 7449 7578
7448 7578 7577
7449 7450 7579
7449 7579 7578
7450 7451 7580
7450 7580 7579
7451 7452 7581
7451 7581 7580
7452 7453 7582
7452 7582 7581
7453 7454 7583
7453 7583 7582
7454 7455 7584
7454 7584 7583
7455 7456 7585
7455 7585 7584
7456 7457 7586
7456 7586 7585
7457 7458 7587
7457 7587 7586
7458 7459 7588
7458 7588 7587
7459 7460 7589
7459 7589 7588
7460 7461 7590
7460 7590 7589
7461 7462 7591
7461 7591 7590
7462 7463 7592
7462 7592 7591
7463 7464 7593
7463 7593 7592
7464 7465 7594
7464 7594 7593
7465 7466 7595
7465 7595 7594
7466 7467 7596
7466 7596 7595
7467 7468 7597
7467 7597 7596
7468 7469 7598
7468 7598 7597
7469 7470 7599
7469 7599 7598
7470 7471 7600
7470 7600 7599
7471 7472 7601
7471 7601 7600
7472 7473 7602
7472 7602 7601
7473 7474 7603
7473 7603 7602
7474 7475 7604
7474 7604 7603
7475 7476 7605
7475 7605 7604
7476 7477 7606
7476 7606 7605
7477 7478 7607
7477 7607 7606
7478 7479 7608
7478 7608 7607
7479 7480 7609
7479 7609 7608
7480 7481 7610
7480 7610 7609
7481 7482 7611
7481 7611 7610
7483 7484 7613
7483 7613 7612
7484 7485 7614
7484 7614 7613
7485 7486 7615
7485 7615 7614
7486 7487 7616
7486 7616 7615
7487 7488 7617
7487 7617 7616
7488 7489 7618
7488 7618 7617
7489 7490 7619
7489 7619 7618
7490 7491 7620
7490 7620 7619
7491 7492 7621
7491 7621 7620
7492 7493 7622
7492 7622 7621
7493 7494 7623
7493 7623 7622
7494 7495 7624
7494 7624 7623
7495 7496 7625
7495 7625 7624
7496 7497 7626
7496 7626 7625
7497 7498 7627
7497 7627 7626
7498 7499 7628
7498 7628 7627
7499 7500 7629
7499 7629 7628
7500 7501 7630
7500 7630 7629
7501 7502 7631
7501 7631 7630
7502 7503 7632
7502 7632 7631
7503 7504 7633
7503 7633 7632
7504 7505 7634
7504 7634 7633
7505 7506 7635
7505 7635 7634
7506 7507 7636
7506 7636 7635
7507 7508 7637
7507 7637 7636
7508 7509 7638
7508 7638 7637
7509 7510 7639
7509 7639 7638
7510 7511 7640
7510 7640 7639
7511 7512 7641
7511 7641 7640
7512 7513 7642
7512 7642 7641
7513 7514 7643
7513 7643 7642
7514 7515 7644
7514 7644 7643
7515 7516 7645
7515 7645 7644
7516 7517 7646
7516 7646 7645
7517 7518 7647
7517 7647 7646
7518 7519 7648
7518 7648 7647
7519 7520 7649
7519 7649 7648
7520 7521 7650
7520 7650 7649
7521 7522 7651
7521 7651 7650
7522 7523 7652
7522 7652 7651
7523 7524 7653
7523 7653 7652
7524 7525 7654
7524 7654 7653
7525 7526 7655
7525 7655 7654
7526 7527 7656
7526 7656 7655
7527 7528 7657
7527 7657 7656
7528 7529 7658
7528 7658 7657
7529 7530 7659
7529 7659 7658
7530 7531 7660
7530 7660 7659
7531 7532 7661
7531 7661 7660
7532 7533 7662
7532 7662 7661
7533 7534 7663
7533 7663 7662
7534 7535 7664
7534 7664 7663
7535 7536 7665
7535 7665 7664
7536 7537 7666
7536 7666 7665
7537 7538 7667
7537 7667 7666
7538 7539 7668
7538 7668 7667
7539 7540 7669
7539 7669 7668
7540 7541 7670
7540 7670 7669
7541 7542 7671
7541 7671 7670
7542 7543 7672
7542 7672 7671
7543 7544 7673
7543 7673 7672
7544 7545 7674
7544 7674 7673
7545 7546 7675
7545 7675 7674
7546 7547 7676
7546 7676 7675
7547 7548 7677
7547 7677 7676
7548 7549 7678
7548 7678 7677
7549 7550 7679
7549 7679 7678
7550 7551 7680
7550 7680 7679
7551 7552 7681
7551 7681 7680
7552 7553 7682
7552 7682 7681
7553 7554 7683
7553 7683 7682
7554 7555 7684
7554 7684 7683
7555 7556 7685
7555 7685 7684
7556 7557 7686
7556 7686 7685
7557 7558 7687
7557 7687 7686
7558 7559 7688
7558 7688 7687
7559 7560 7689
7559 7689 7688
7560 7561 7690
7560 7690 7689
7561 7562 7691
7561 7691 7690
7562 7563 7692
7562 7692 7691
7563 7564 7693
7563 7693 7692
7564 7565 7694
7564 7694 7693
7565 7566 7695
7565 7695 7694
7566 7567 7696
7566 7696 7695
7567 7568 7697
7567 7697 7696
7568 7569 7698
7568 7698 7697
7569 7570 7699
7569 7699 7698
7570 7571 7700
7570 7700 7699
7571 7572 7701
7571 7701 7700
7572 7573 7702
7572 7702 7701
7573 7574 7703
7573 7703 7702
7574 7575 7704
7574 7704 7703
7575 7576 7705
7575 7705 7704
7576 7577 7706
7576 7706 7705
7577 7578 7707
7577 7707 7706
7578 7579 7708
7578 7708 7707
7579 7580 7709
7579 7709 7708
7580 7581 7710
7580 7710 7709
7581 7582 7711
7581 7711 7710
7582 7583 7712
7582 7712 7711
7583 7584 7713
7583 7713 7712
7584 7585 7714
7584 7714 7713
7585 7586 7715
7585 7715 7714
7586 7587 7716
7586 7716 7715
7587 7588 7717
7587 7717 7716
7588 7589 7718
7588 7718 7717
7589 7590 7719
7589 7719 7718
7590 7591 7720
7590 7720 7719
7591 7592 7721
7591 7721 7720
7592 7593 7722
7592 7722 7721
7593 7594 7723
7593 7723 7722
7594 7595 7724
7594 7724 7723
7595 7596 7725
7595 7725 7724
7596 7597 7726
7596 7726 7725
7597 7598 7727
7597 7727 7726
7598 7599 7728
7598 7728 7727
7599 7600 7729
7599 7729 7728
7600 7601 7730
7600 7730 7729
7601 7602 7731
7601 7731 7730
7602 7603 7732
7602 7732 7731
7603 7604 7733
7603 7733 7732
7604 7605 7734
7604 7734 7733
7605 7606 7735
7605 7735 7734
7606 7607 7736
7606 7736 7735
7607 7608 7737
7607 7737 7736
7608 7609 7738
7608 7738 7737
7609 7610 7739
7609 7739 7738
7610 7611 7740
7610 7740 7739
7612 7613 7742
7612 7742 7741
7613 7614 7743
7613 7743 7742
7614 7615 7744
7614 7744 7743
7615 7616 7745
7615 7745 7744
7616 7617 7746
7616 7746 7745
7617 7618 7747
7617 7747 7746
7618 7619 7748
7618 7748 7747
7619 7620 7749
7619 7749 7748
7620 7621 7750
7620 7750 7749
7621 7622 7751
7621 7751 7750
7622 7623 7752
7622 7752 7751
7623 7624 7753
7623 7753 7752
7624 7625 7754
7624 7754 7753
7625 7626 7755
7625 7755 7754
7626 7627 7756
7626 7756 7755
7627 7628 7757
7627 7757 7756
7628 7629 7758
7628 7758 7757
7629 7630 7759
7629 7759 7758
7630 7631 7760
7630 7760 7759
7631 7632 7761
7631 7761 7760
7632 7633 7762
7632 7762 7761
7633 7634 7763
7633 7763 7762
7634 7635 7764
7634 7764 7763
7635 7636 7765
7635 7765 7764
7636 7637 7766
7636 7766 7765
7637 7638 7767
7637 7767 7766
7638 7639 7768
7638 7768 7767
7639 7640 7769
7639 7769 7768
7640 7641 7770
7640 7770 7769
7641 7642 7771
7641 7771 7770
7642 7643 7772
7642 7772 7771
7643 7644 7773
7643 7773 7772
7644 7645 7774
7644 7774 7773
7645 7646 7775
7645 7775 7774
7646 7647 7776
7646 7776 7775
7647 7648 7777
7647 7777 7776
7648 7649 7778
7648 7778 7777
7649 7650 7779
7649 7779 7778
7650 7651 7780
7650 7780 7779
7651 7652 7781
7651 7781 7780
7652 7653 7782
7652 7782 7781
7653 7654 7783
7653 7783 7782
7654 7655 7784
7654 7784 7783
7655 7656 7785
7655 7785 7784
7656 7657 7786
7656 7786 7785
7657 7658 7787
7657 7787 7786
7658 7659 7788
7658 7788 7787
7659 7660 7789
7659 7789 7788
7660 7661 7790
7660 7790 7789
7661 7662 7791
7661 7791 7790
7662 7663 7792
7662 7792 7791
7663 7664 7793
7663 7793 7792
7664 7665 7794
7664 7794 7793
7665 7666 7795
7665 7795 7794
7666 7667 7796
7666 7796 7795
7667 7668 7797
7667 7797 7796
7668 7669 7798
7668 7798 7797
7669 7670 7799
7669 7799 7798
7670 7671 7800
7670 7800 7799
7671 7672 7801
7671 7801 7800
7672 7673 7802
7672 7802 7801
7673 7674 7803
7673 7803 7802
7674 7675 7804
7674 7804 7803
7675 7676 7805
7675 7805 7804
7676 7677 7806
7676 7806 7805
7677 7678 7807
7677 7807 7806
7678 7679 7808
7678 7808 7807
7679 7680 7809
7679 7809 7808
7680 7681 7810
7680 7810 7809
7681 7682 7811
7681 7811 7810
7682 7683 7812
7682 7812 7811
7683 7684 7813
7683 7813 7812
7684 7685 7814
7684 7814 7813
7685 7686 7815
7685 7815 7814
7686 7687 7816
7686 7816 7815
7687 7688 7817
7687 7817 7816
7688 7689 7818
7688 7818 7817
7689 7690 7819
7689 7819 7818
7690 7691 7820
7690 7820 7819
7691 7692 7821
7691 7821 7820
7692 7693 7822
7692 7822 7821
7693 7694 7823
7693 7823 7822
7694 7695 7824
7694 7824 7823
7695 7696 7825
7695 7825 7824
7696 7697 7826
7696 7826 7825
7697 7698 7827
7697 7827 7826
7698 7699 7828
7698 7828 7827
7699 7700 7829
7699 7829 7828
7700 7701 7830
7700 7830 7829
7701 7702 7831
7701 7831 7830
7702 7703 7832
7702 7832 7831
7703 7704 7833
7703 7833 7832
7704 7705 7834
7704 7834 7833
7705 7706 7835
7705 7835 7834
7706 7707 7836
7706 7836 7835
7707 7708 7837
7707 7837 7836
7708 7709 7838
7708 7838 7837
7709 7710 7839
7709 7839 7838
7710 7711 7840
7710 7840 7839
7711 7712 7841
7711 7841 7840
7712 7713 7842
7712 7842 7841
7713 7714 7843
7713 7843 7842
7714 7715 7844
7714 7844 7843
7715 7716 7845
7715 7845 7844
7716 7717 7846
7716 7846 7845
7717 7718 7847
7717 7847 7846
7718 7719 7848
7718 7848 7847
7719 7720 7849
7719 7849 7848
7720 7721 7850
7720 7850 7849
7721 7722 7851
7721 7851 7850
7722 7723 7852
7722 7852 7851
7723 7724 7853
7723 7853 7852
7724 7725 7854
7724 7854 7853
7725 7726 7855
7725 7855 7854
7726 7727 7856
7726 7856 7855
7727 7728 7857
7727 7857 7856
7728 7729 7858
7728 7858 7857
7729 7730 7859
7729 7859 7858
7730 7731 7860
7730 7860 7859
7731 7732 7861
7731 7861 7860
7732 7733 7862
7732 7862 7861
7733 7734 7863
7733 7863 7862
7734 7735 7864
7734 7864 7863
7735 7736 7865
7735 7865 7864
7736 7737 7866
7736 7866 7865
7737 7738 7867
7737 7867 7866
7738 7739 7868
7738 7868 7867
7739 7740 7869
7739 7869 7868
7741 7742 7871
7741 7871 7870
7742 7743 7872
7742 7872 7871
7743 7744 7873
7743 7873 7872
7744 7745 7874
7744 7874 7873
7745 7746 7875
7745 7875 7874
7746 7747 7876
7746 7876 7875
7747 7748 7877
7747 7877 7876
7748 7749 7878
7748 7878 7877
7749 7750 7879
7749 7879 7878
7750 7751 7880
7750 7880 7879
7751 7752 7881
7751 7881 7880
7752 7753 7882
7752 7882 7881
7753 7754 7883
7753 7883 7882
7754 7755 7884
7754 7884 7883
7755 7756 7885
7755 7885 7884
7756 7757 7886
7756 7886 7885
7757 7758 7887
7757 7887 7886
7758 7759 7888
7758 7888 7887
7759 7760 7889
7759 7889 7888
7760 7761 7890
7760 7890 7889
7761 7762 7891
7761 7891 7890
7762 7763 7892
7762 7892 7891
7763 7764 7893
7763 7893 7892
7764 7765 7894
7764 7894 7893
7765 7766 7895
7765 7895 7894
7766 7767 7896
7766 7896 7895
7767 7768 7897
7767 7897 7896
7768 7769 7898
7768 7898 7897
7769 7770 7899
7769 7899 7898
7770 7771 7900
7770 7900 7899
7771 7772 7901
7771 7901 7900
7772 7773 7902
7772 7902 7901
7773 7774 7903
7773 7903 7902
7774 7775 7904
7774 7904 7903
7775 7776 7905
7775 7905 7904
7776 7777 7906
7776 7906 7905
7777 7778 7907
7777 7907 7906
7778 7779 7908
7778 7908 7907
7779 7780 7909
7779 7909 7908
7780 7781 7910
7780 7910 7909
7781 7782 7911
7781 7911 7910
7782 7783 7912
7782 7912 7911
7783 7784 7913
7783 7913 7912
7784 7785 7914
7784 7914 7913
7785 7786 7915
7785 7915 7914
7786 7787 7916
7786 7916 7915
7787 7788 7917
7787 7917 7916
7788 7789 7918
7788 7918 7917
7789 7790 7919
7789 7919 7918
7790 7791 7920
7790 7920 7919
7791 7792 7921
7791 7921 7920
7792 7793 7922
7792 7922 7921
7793 7794 7923
7793 7923 7922
7794 7795 7924
7794 7924 7923
7795 7796 7925
7795 7925 7924
7796 7797 7926
7796 7926 7925
7797 7798 7927
7797 7927 7926
7798 7799 7928
7798 7928 7927
7799 7800 7929
7799 7929 7928
7800 7801 7930
7800 7930 7929
7801 7802 7931
7801 7931 7930
7802 7803 7932
7802 7932 7931
7803 7804 7933
7803 7933 7932
7804 7805 7934
7804 7934 7933
7805 7806 7935
7805 7935 7934
7806 7807 7936
7806 7936 7935
7807 7808 7937
7807 7937 7936
7808 7809 7938
7808 7938 7937
7809 7810 7939
7809 7939 7938
7810 7811 7940
7810 7940 7939
7811 7812 7941
7811 7941 7940
7812 7813 7942
7812 7942 7941
7813 7814 7943
7813 7943 7942
7814 7815 7944
7814 7944 7943
7815 7816 7945
7815 7945 7944
7816 7817 7946
7816 7946 7945
7817 7818 7947
7817 7947 7946
7818 7819 7948
7818 7948 7947
7819 7820 7949
7819 7949 7948
7820 7821 7950
7820 7950 7949
7821 7822 7951
7821 7951 7950
7822 7823 7952
7822 7952 7951
7823 7824 7953
7823 7953 7952
7824 7825 7954
7824 7954 7953
7825 7826 7955
7825 7955 7954
7826 7827 7956
7826 7956 7955
7827 7828 7957
7827 7957 7956
7828 7829 7958
7828 7958 7957
7829 7830 7959
7829 7959 7958
7830 7831 7960
7830 7960 7959
7831 7832 7961
7831 7961 7960
7832 7833 7962
7832 7962 7961
7833 7834 7963
7833 7963 7962
7834 7835 7964
7834 7964 7963
7835 7836 7965
7835 7965 7964
7836 7837 7966
7836 7966 7965
7837 7838 7967
7837 7967 7966
7838 7839 7968
7838 7968 7967
7839 7840 7969
7839 7969 7968
7840 7841 7970
7840 7970 7969
7841 7842 7971
7841 7971 7970
7842 7843 7972
7842 7972 7971
7843 7844 7973
7843 7973 7972
7844 7845 7974
7844 7974 7973
7845 7846 7975
7845 7975 7974
7846 7847 7976
7846 7976 7975
7847 7848 7977
7847 7977 7976
7848 7849 7978
7848 7978 7977
7849 7850 7979
7849 7979 7978
7850 7851 7980
7850 7980 7979
7851 7852 7981
7851 7981 7980
7852 7853 7982
7852 7982 7981
7853 7854 7983
7853 7983 7982
7854 7855 7984
7854 7984 7983
7855 7856 7985
7855 7985 7984
7856 7857 7986
7856 7986 7985
7857 7858 7987
7857 7987 7986
7858 7859 7988
7858 7988 7987
7859 7860 7989
7859 7989 7988
7860 7861 7990
7860 7990 7989
7861 7862 7991
7861 7991 7990
7862 7863 7992
7862 7992 7991
7863 7864 7993
7863 7993 7992
7864 7865 7994
7864 7994 7993
7865 7866 7995
7865 7995 7994
7866 7867 7996
7866 7996 7995
7867 7868 7997
7867 7997 7996
7868 7869 7998
7868 7998 7997
7870 7871 8000
7870 8000 7999
7871 7872 8001
7871 8001 8000
7872 7873 8002
7872 8002 8001
7873 7874 8003
7873 8003 8002
7874 7875 8004
7874 8004 8003
7875 7876 8005
7875 8005 8004
7876 7877 8006
7876 8006 8005
7877 7878 8007
7877 8007 8006
7878 7879 8008
7878 8008 8007
7879 7880 8009
7879 8009 8008
7880 7881 8010
7880 8010 8009
7881 7882 8011
7881 8011 8010
7882 7883 8012
7882 8012 8011
7883 7884 8013
7883 8013 8012
7884 7885 8014
7884 8014 8013
7885 7886 8015
7885 8015 8014
7886 7887 8016
7886 8016 8015
7887 7888 8017
7887 8017 8016
7888 7889 8018
7888 8018 8017
7889 7890 8019
7889 8019 8018
7890 7891 8020
7890 8020 8019
7891 7892 8021
7891 8021 8020
7892 7893 8022
7892 8022 8021
7893 7894 8023
7893 8023 8022
7894 7895 8024
7894 8024 8023
7895 7896 8025
7895 8025 8024
7896 7897 8026
7896 8026 8025
7897 7898 8027
7897 8027 8026
7898 7899 8028
7898 8028 8027
7899 7900 8029
7899 8029 8028
7900 7901 8030
7900 8030 8029
7901 7902 8031
7901 8031 8030
7902 7903 8032
7902 8032 8031
7903 7904 8033
7903 8033 8032
7904 7905 8034
7904 8034 8033
7905 7906 8035
7905 8035 8034
7906 7907 8036
7906 8036 8035
7907 7908 8037
7907 8037 8036
7908 7909 8038
7908 8038 8037
7909 7910 8039
7909 8039 8038
7910 7911 8040
7910 8040 8039
7911 7912 8041
7911 8041 8040
7912 7913 8042
7912 8042 8041
7913 7914 8043
7913 8043 8042
7914 7915 8044
7914 8044 8043
7915 7916 8045
7915 8045 8044
7916 7917 8046
7916 8046 8045
7917 7918 8047
7917 8047 8046
7918 7919 8048
7918 8048 8047
7919 7920 8049
7919 8049 8048
7920 7921 8050
7920 8050 8049
7921 7922 8051
7921 8051 8050
7922 7923 8052
7922 8052 8051
7923 7924 8053
7923 8053 8052
7924 7925 8054
7924 8054 8053
7925 7926 8055
7925 8055 8054
7926 7927 8056
7926 8056 8055
7927 7928 8057
7927 8057 8056
7928 7929 8058
7928 8058 8057
7929 7930 8059
7929 8059 8058
7930 7931 8060
7930 8060 8059
7931 7932 8061
7931 8061 8060
7932 7933 8062
7932 8062 8061
7933 7934 8063
7933 8063 8062
7934 7935 8064
7934 8064 8063
7935 7936 8065
7935 8065 8064
7936 7937 8066
7936 8066 8065
7937 7938 8067
7937 8067 8066
7938 7939 8068
7938 8068 8067
7939 7940 8069
7939 8069 8068
7940 7941 8070
7940 8070 8069
7941 7942 8071
7941 8071 8070
7942 7943 8072
7942 8072 8071
7943 7944 8073
7943 8073 8072
7944 7945 8074
7944 8074 8073
7945 7946 8075
7945 8075 8074
7946 7947 8076
7946 8076 8075
7947 7948 8077
7947 8077 8076
7948 7949 8078
7948 8078 8077
7949 7950 8079
7949 8079 8078
7950 7951 8080
7950 8080 8079
7951 7952 8081
7951 8081 8080
7952 7953 8082
7952 8082 8081
7953 7954 8083
7953 8083 8082
7954 7955 8084
7954 8084 8083
7955 7956 8085
7955 8085 8084
7956 7957 8086
7956 8086 8085
7957 7958 8087
7957 8087 8086
7958 7959 8088
7958 8088 8087
7959 7960 8089
7959 8089 8088
7960 7961 8090
7960 8090 8089
7961 7962 8091
7961 8091 8090
7962 7963 8092
7962 8092 8091
7963 7964 8093
7963 8093 8092
7964 7965 8094
7964 8094 8093
7965 7966 8095
7965 8095 8094
7966 7967 8096
7966 8096 8095
7967 7968 8097
7967 8097 8096
7968 7969 8098
7968 8098 8097
7969 7970 8099
7969 8099 8098
7970 7971 8100
7970 8100 8099
7971 7972 8101
7971 8101 8100
7972 7973 8102
7972 8102 8101
7973 7974 8103
7973 8103 8102
7974 7975 8104
7974 8104 8103
7975 7976 8105
7975 8105 8104
7976 7977 8106
7976 8106 8105
7977 7978 8107
7977 8107 8106
7978 7979 8108
7978 8108 8107
7979 7980 8109
7979 8109 8108
7980 7981 8110
7980 8110 8109
7981 7982 8111
7981 8111 8110
7982 7983 8112
7982 8112 8111
7983 7984 8113
7983 8113 8112
7984 7985 8114
7984 8114 8113
7985 7986 8115
7985 8115 8114
7986 7987 8116
7986 8116 8115
7987 7988 8117
7987 8117 8116
7988 7989 8118
7988 8118 8117
7989 7990 8119
7989 8119 8118
7990 7991 8120
7990 8120 8119
7991 7992 8121
7991 8121 8120
7992 7993 8122
7992 8122 8121
7993 7994 8123
7993 8123 8122
7994 7995 8124
7994 8124 8123
7995 7996 8125
7995 8125 8124
7996 7997 8126
7996 8126 8125
7997 7998 8127
7997 8127 8126
7999 8000 8129
7999 8129 8128
8000 8001 8130
8000 8130 8129
8001 8002 8131
8001 8131 8130
8002 8003 8132
8002 8132 8131
8003 8004 8133
8003 8133 8132
8004 8005 8134
8004 8134 8133
8005 8006 8135
8005 8135 8134
8006 8007 8136
8006 8136 8135
8007 8008 8137
8007 8137 8136
8008 8009 8138
8008 8138 8137
8009 8010 8139
8009 8139 8138
8010 8011 8140
8010 8140 8139
8011 8012 8141
8011 8141 8140
8012 8013 8142
8012 8142 8141
8013 8014 8143
8013 8143 8142
8014 8015 8144
8014 8144 8143
8015 8016 8145
8015 8145 8144
8016 8017 8146
8016 8146 8145
8017 8018 8147
8017 8147 8146
8018 8019 8148
8018 8148 8147
8019 8020 8149
8019 8149 8148
8020 8021 8150
8020 8150 8149
8021 8022 8151
8021 8151 8150
8022 8023 8152
8022 8152 8151
8023 8024 8153
8023 8153 8152
8024 8025 8154
8024 8154 8153
8025 8026 8155
8025 8155 8154
8026 8027 8156
8026 8156 8155
8027 8028 8157
8027 8157 8156
8028 8029 8158
8028 8158 8157
8029 8030 8159
8029 8159 8158
8030 8031 8160
8030 8160 8159
8031 8032 8161
8031 8161 8160
8032 8033 8162
8032 8162 8161
8033 8034 8163
8033 8163 8162
8034 8035 8164
8034 8164 8163
8035 8036 8165
8035 8165 8164
8036 8037 8166
8036 8166 8165
8037 8038 8167
8037 8167 8166
8038 8039 8168
8038 8168 8167
8039 8040 8169
8039 8169 8168
8040 8041 8170
8040 8170 8169
8041 8042 8171
8041 8171 8170
8042 8043 8172
8042 8172 8171
8043 8044 8173
8043 8173 8172
8044 8045 8174
8044 8174 8173
8045 8046 8175
8045 8175 8174
8046 8047 8176
8046 8176 8175
8047 8048 8177
8047 8177 8176
8048 8049 8178
8048 8178 8177
8049 8050 8179
8049 8179 8178
8050 8051 8180
8050 8180 8179
8051 8052 8181
8051 8181 8180
8052 8053 8182
8052 8182 8181
8053 8054 8183
8053 8183 8182
8054 8055 8184
8054 8184 8183
8055 8056 8185
8055 8185 8184
8056 8057 8186
8056 8186 8185
8057 8058 8187
8057 8187 8186
8058 8059 8188
8058 8188 8187
8059 8060 8189
8059 8189 8188
8060 8061 8190
8060 8190 8189
8061 8062 8191
8061 8191 8190
8062 8063 8192
8062 8192 8191
8063 8064 8193
8063 8193 8192
8064 8065 8194
8064 8194 8193
8065 8066 8195
8065 8195 8194
8066 8067 8196
8066 8196 8195
8067 8068 8197
8067 8197 8196
8068 8069 8198
8068 8198 8197
8069 8070 8199
8069 8199 8198
8070 8071 8200
8070 8200 8199
8071 8072 8201
8071 8201 8200
8072 8073 8202
8072 8202 8201
8073 8074 8203
8073 8203 8202
8074 8075 8204
8074 8204 8203
8075 8076 8205
8075 8205 8204
8076 8077 8206
8076 8206 8205
8077 8078 8207
8077 8207 8206
8078 8079 8208
8078 8208 8207
8079 8080 8209
8079 8209 8208
8080 8081 8210
8080 8210 8209
8081 8082 8211
8081 8211 8210
8082 8083 8212
8082 8212 8211
8083 8084 8213
8083 8213 8212
8084 8085 8214
8084 8214 8213
8085 8086 8215
8085 8215 8214
8086 8087 8216
8086 8216 8215
8087 8088 8217
8087 8217 8216
8088 8089 8218
8088 8218 8217
8089 8090 8219
8089 8219 8218
8090 8091 8220
8090 8220 8219
8091 8092 8221
8091 8221 8220
8092 8093 8222
8092 8222 8221
8093 8094 8223
8093 8223 8222
8094 8095 8224
8094 8224 8223
8095 8096 8225
8095 8225 8224
8096 8097 8226
8096 8226 8225
8097 8098 8227
8097 8227 8226
8098 8099 8228
8098 8228 8227
8099 8100 8229
8099 8229 8228
8100 8101 8230
8100 8230 8229
8101 8102 8231
8101 8231 8230
8102 8103 8232
8102 8232 8231
8103 8104 8233
8103 8233 8232
8104 8105 8234
8104 8234 8233
8105 8106 8235
8105 8235 8234
8106 8107 8236
8106 8236 8235
8107 8108 8237
8107 8237 8236
8108 8109 8238
8108 8238 8237
8109 8110 8239
8109 8239 8238
8110 8111 8240
8110 8240 8239
8111 8112 8241
8111 8241 8240
8112 8113 8242
8112 8242 8241
8113 8114 8243
8113 8243 8242
8114 8115 8244
8114 8244 8243
8115 8116 8245
8115 8245 8244
8116 8117 8246
8116 8246 8245
8117 8118 8247
8117 8247 8246
8118 8119 8248
8118 8248 8247
8119 8120 8249
8119 8249 8248
8120 8121 8250
8120 8250 8249
8121 8122 8251
8121 8251 8250
8122 8123 8252
8122 8252 8251
8123 8124 8253
8123 8253 8252
8124 8125 8254
8124 8254 8253
8125 8126 8255
8125 8255 8254
8126 8127 8256
8126 8256 8255
8128 8129 8258
8128 8258 8257
8129 8130 8259
8129 8259 8258
8130 8131 8260
8130 8260 8259
8131 8132 8261
8131 8261 8260
8132 8133 8262
8132 8262 8261
8133 8134 8263
8133 8263 8262
8134 8135 8264
8134 8264 8263
8135 8136 8265
8135 8265 8264
8136 8137 8266
8136 8266 8265
8137 8138 8267
8137 8267 8266
8138 8139 8268
8138 8268 8267
8139 8140 8269
8139 8269 8268
8140 8141 8270
8140 8270 8269
8141 8142 8271
8141 8271 8270
8142 8143 8272
8142 8272 8271
8143 8144 8273
8143 8273 8272
8144 8145 8274
8144 8274 8273
8145 8146 8275
8145 8275 8274
8146 8147 8276
8146 8276 8275
8147 8148 8277
8147 8277 8276
8148 8149 8278
8148 8278 8277
8149 8150 8279
8149 8279 8278
8150 8151 8280
8150 8280 8279
8151 8152 8281
8151 8281 8280
8152 8153 8282
8152 8282 8281
8153 8154 8283
8153 8283 8282
8154 8155 8284
8154 8284 8283
8155 8156 8285
8155 8285 8284
8156 8157 8286
8156 8286 8285
8157 8158 8287
8157 8287 8286
8158 8159 8288
8158 8288 8287
8159 8160 8289
8159 8289 8288
8160 8161 8290
8160 8290 8289
8161 8162 8291
8161 8291 8290
8162 8163 8292
8162 8292 8291
8163 8164 8293
8163 8293 8292
8164 8165 8294
8164 8294 8293
8165 8166 8295
8165 8295 8294
8166 8167 8296
8166 8296 8295
8167 8168 8297
8167 8297 8296
8168 8169 8298
8168 8298 8297
8169 8170 8299
8169 8299 8298
8170 8171 8300
8170 8300 8299
8171 8172 8301
8171 8301 8300
8172 8173 8302
8172 8302 8301
8173 8174 8303
8173 8303 8302
8174 8175 8304
8174 8304 8303
8175 8176 8305
8175 8305 8304
8176 8177 8306
8176 8306 8305
8177 8178 8307
8177 8307 8306
8178 8179 8308
8178 8308 8307
8179 8180 8309
8179 8309 8308
8180 8181 8310
8180 8310 8309
8181 8182 8311
8181 8311 8310
8182 8183 8312
8182 8312 8311
8183 8184 8313
8183 8313 8312
8184 8185 8314
8184 8314 8313
8185 8186 8315
8185 8315 8314
8186 8187 8316
8186 8316 8315
8187 8188 8317
8187 8317 8316
8188 8189 8318
8188 8318 8317
8189 8190 8319
8189 8319 8318
8190 8191 8320
8190 8320 8319
8191 8192 8321
8191 8321 8320
8192 8193 8322
8192 8322 8321
8193 8194 8323
8193 8323 8322
8194 8195 8324
8194 8324 8323
8195 8196 8325
8195 8325 8324
8196 8197 8326
8196 8326 8325
8197 8198 8327
8197 8327 8326
8198 8199 8328
8198 8328 8327
8199 8200 8329
8199 8329 8328
8200 8201 8330
8200 8330 8329
8201 8202 8331
8201 8331 8330
8202 8203 8332
8202 8332 8331
8203 8204 8333
8203 8333 8332
8204 8205 8334
8204 8334 8333
8205 8206 8335
8205 8335 8334
8206 8207 8336
8206 8336 8335
8207 8208 8337
8207 8337 8336
8208 8209 8338
8208 8338 8337
8209 8210 8339
8209 8339 8338
8210 8211 8340
8210 8340 8339
8211 8212 8341
8211 8341 8340
8212 8213 8342
8212 8342 8341
8213 8214 8343
8213 8343 8342
8214 8215 8344
8214 8344 8343
8215 8216 8345
8215 8345 8344
8216 8217 8346
8216 8346 8345
8217 8218 8347
8217 8347 8346
8218 8219 8348
8218 8348 8347
8219 8220 8349
8219 8349 8348
8220 8221 8350
8220 8350 8349
8221 8222 8351
8221 8351 8350
8222 8223 8352
8222 8352 8351
8223 8224 8353
8223 8353 8352
8224 8225 8354
8224 8354 8353
8225 8226 8355
8225 8355 8354
8226 8227 8356
8226 8356 8355
8227 8228 8357
8227 8357 8356
8228 8229 8358
8228 8358 8357
8229 8230 8359
8229 8359 8358
8230 8231 8360
8230 8360 8359
8231 8232 8361
8231 8361 8360
8232 8233 8362
8232 8362 8361
8233 8234 8363
8233 8363 8362
8234 8235 8364
8234 8364 8363
8235 8236 8365
8235 8365 8364
8236 8237 8366
8236 8366 8365
8237 8238 8367
8237 8367 8366
8238 8239 8368
8238 8368 8367
8239 8240 8369
8239 8369 8368
8240 8241 8370
8240 8370 8369
8241 8242 8371
8241 8371 8370
8242 8243 8372
8242 8372 8371
8243 8244 8373
8243 8373 8372
8244 8245 8374
8244 8374 8373
8245 8246 8375
8245 8375 8374
8246 8247 8376
8246 8376 8375
8247 8248 8377
8247 8377 8376
8248 8249 8378
8248 8378 8377
8249 8250 8379
8249 8379 8378
8250 8251 8380
8250 8380 8379
8251 8252 8381
8251 8381 8380
8252 8253 8382
8252 8382 8381
8253 8254 8383
8253 8383 8382
8254 8255 8384
8254 8384 8383
8255 8256 8385
8255 8385 8384
4
1 2 3 4 5 6 7 8 9 10 11 12 13 14 15 16 17 18 19 20 21 22 23 24 25 26 27 28 29 30 31 32 33 34 35 36 37 38 39 40 41 42 43 44 45 46 47 48 49 50 51 52 53 54 55 56 57 58 59 60 61 62 63 64 65 66 67 68 69 70 71 72 73 74 75 76 77 78 79 80 81 82 83 84 85 86 87 88 89 90 91 92 93 94 95 96 97 98 99 100 101 102 103 104 105 106 107 108 109 110 111 112 113 114 115 116 117 118 119 120 121 122 123 124 125 126 127 128 129
129 258 387 516 645 774 903 1032 1161 1290 1419 1548 1677 1806 1935 2064 2193 2322 2451 2580 2709 2838 2967 3096 3225 3354 3483 3612 3741 3870 3999 4128 4257 4386 4515 4644 4773 4902 5031 5160 5289 5418 5547 5676 5805 5934 6063 6192 6321 6450 6579 6708 6837 6966 7095 7224 7353 7482 7611 7740 7869 7998 8127 8256 8385
8385 8384 8383 8382 8381 8380 8379 8378 8377 8376 8375 8374 8373 8372 8371 8370 8369 8368 8367 8366 8365 8364 8363 8362 8361 8360 8359 8358 8357 8356 8355 8354 8353 8352 8351 8350 8349 8348 8347 8346 8345 8344 8343 8342 8341 8340 8339 8338 8337 8336 8335 8334 8333 8332 8331 8330 8329 8328 8327 8326 8325 8324 8323 8322 8321 8320 8319 8318 8317 8316 8315 8314 8313 8312 8311 8310 8309 8308 8307 8306 8305 8304 8303 8302 8301 8300 8299 8298 8297 8296 8295 8294 8293 8292 8291 8290 8289 8288 8287 8286 8285 8284 8283 8282 8281 8280 8279 8278 8277 8276 8275 8274 8273 8272 8271 8270 8269 8268 8267 8266 8265 8264 8263 8262 8261 8260 8259 8258 8257
8257 8128 7999 7870 7741 7612 7483 7354 7225 7096 6967 6838 6709 6580 6451 6322 6193 6064 5935 5806 5677 5548 5419 5290 5161 5032 4903 4774 4645 4516 4387 4258 4129 4000 3871 3742 3613 3484 3355 3226 3097 2968 2839 2710 2581 2452 2323 2194 2065 1936 1807 1678 1549 1420 1291 1162 1033 904 775 646 517 388 259 130
