3110
# id x y ux uy ux_exact uy_exact err
0 0 0 0 0 0 0 0
1 1 0 0.001 0 0.001 0 0
2 1 1 0.001 0 0.001 0 0
3 0 1 0 0 0 0 0
4 0.025 0 6.250000000000001e-07 0 6.250000000000001e-07 0 0
5 0.05 0 2.5e-06 0 2.5e-06 0 0
6 0.075 0 5.625e-06 0 5.625e-06 0 0
7 0.1 0 1e-05 0 1e-05 0 0
8 0.125 0 1.5625e-05 0 1.5625e-05 0 0
9 0.15 0 2.25e-05 0 2.25e-05 0 0
10 0.175 0 3.0625e-05 0 3.0625e-05 0 0
11 0.2 0 4e-05 0 4e-05 0 0
12 0.225 0 5.0625e-05 0 5.0625e-05 0 0
13 0.25 0 6.25e-05 0 6.25e-05 0 0
14 0.275 0 7.562500000000001e-05 0 7.562500000000001e-05 0 0
15 0.3 0 8.999999999999999e-05 0 8.999999999999999e-05 0 0
16 0.325 0 0.000105625 0 0.000105625 0 0
17 0.35 0 0.0001225 0 0.0001225 0 0
18 0.375 0 0.000140625 0 0.000140625 0 0
19 0.4 0 0.00016 0 0.00016 0 0
20 0.425 0 0.000180625 0 0.000180625 0 0
21 0.45 0 0.0002025 0 0.0002025 0 0
22 0.475 0 0.000225625 0 0.000225625 0 0
23 0.5 0 0.00025 0 0.00025 0 0
24 0.525 0 0.000275625 0 0.000275625 0 0
25 0.55 0 0.0003025 0 0.0003025 0 0
26 0.575 0 0.000330625 0 0.000330625 0 0
27 0.6 0 0.00036 0 0.00036 0 0
28 0.625 0 0.000390625 0 0.000390625 0 0
29 0.65 0 0.0004225000000000001 0 0.0004225000000000001 0 0
30 0.675 0 0.000455625 0 0.000455625 0 0
31 0.7 0 0.00049 0 0.00049 0 0
32 0.725 0 0.0005256249999999999 0 0.0005256249999999999 0 0
33 0.75 0 0.0005625000000000001 0 0.0005625000000000001 0 0
34 0.775 0 0.000600625 0 0.000600625 0 0
35 0.8 0 0.0006400000000000001 0 0.0006400000000000001 0 0
36 0.825 0 0.0006806249999999999 0 0.0006806249999999999 0 0
37 0.85 0 0.0007224999999999999 0 0.0007224999999999999 0 0
38 0.875 0 0.000765625 0 0.000765625 0 0
39 0.9 0 0.0008100000000000001 0 0.0008100000000000001 0 0
40 0.925 0 0.000855625 0 0.000855625 0 0
41 0.95 0 0.0009025 0 0.0009025 0 0
42 0.975 0 0.000950625 0 0.000950625 0 0
43 1 0.025 0.001 0 0.001 0 0
44 1 0.05 0.001 0 0.001 0 0
45 1 0.075 0.001 0 0.001 0 0
46 1 0.1 0.001 0 0.001 0 0
47 1 0.125 0.001 0 0.001 0 0
48 1 0.15 0.001 0 0.001 0 0
49 1 0.175 0.001 0 0.001 0 0
50 1 0.2 0.001 0 0.001 0 0
51 1 0.225 0.001 0 0.001 0 0
52 1 0.25 0.001 0 0.001 0 0
53 1 0.275 0.001 0 0.001 0 0
54 1 0.3 0.001 0 0.001 0 0
55 1 0.325 0.001 0 0.001 0 0
56 1 0.35 0.001 0 0.001 0 0
57 1 0.375 0.001 0 0.001 0 0
58 1 0.4 0.001 0 0.001 0 0
59 1 0.425 0.001 0 0.001 0 0
60 1 0.45 0.001 0 0.001 0 0
61 1 0.475 0.001 0 0.001 0 0
62 1 0.5 0.001 0 0.001 0 0
63 1 0.525 0.001 0 0.001 0 0
64 1 0.55 0.001 0 0.001 0 0
65 1 0.575 0.001 0 0.001 0 0
66 1 0.6 0.001 0 0.001 0 0
67 1 0.625 0.001 0 0.001 0 0
68 1 0.65 0.001 0 0.001 0 0
69 1 0.675 0.001 0 0.001 0 0
70 1 0.7 0.001 0 0.001 0 0
71 1 0.725 0.001 0 0.001 0 0
72 1 0.75 0.001 0 0.001 0 0
73 1 0.775 0.001 0 0.001 0 0
74 1 0.8 0.001 0 0.001 0 0
75 1 0.825 0.001 0 0.001 0 0
76 1 0.85 0.001 0 0.001 0 0
77 1 0.875 0.001 0 0.001 0 0
78 1 0.9 0.001 0 0.001 0 0
79 1 0.925 0.001 0 0.001 0 0
80 1 0.95 0.001 0 0.001 0 0
81 1 0.975 0.001 0 0.001 0 0
82 0.975 1 0.000950625 0 0.000950625 0 0
83 0.95 1 0.0009025 0 0.0009025 0 0
84 0.925 1 0.000855625 0 0.000855625 0 0
85 0.9 1 0.0008100000000000001 0 0.0008100000000000001 0 0
86 0.875 1 0.000765625 0 0.000765625 0 0
87 0.85 1 0.0007224999999999999 0 0.0007224999999999999 0 0
88 0.825 1 0.0006806249999999999 0 0.0006806249999999999 0 0
89 0.8 1 0.0006400000000000001 0 0.0006400000000000001 0 0
90 0.775 1 0.000600625 0 0.000600625 0 0
91 0.75 1 0.0005625000000000001 0 0.0005625000000000001 0 0
92 0.725 1 0.0005256249999999999 0 0.0005256249999999999 0 0
93 0.7 1 0.00049 0 0.00049 0 0
94 0.675 1 0.000455625 0 0.000455625 0 0
95 0.65 1 0.0004225000000000001 0 0.0004225000000000001 0 0
96 0.625 1 0.000390625 0 0.000390625 0 0
97 0.6 1 0.00036 0 0.00036 0 0
98 0.575 1 0.000330625 0 0.000330625 0 0
99 0.55 1 0.0003025 0 0.0003025 0 0
100 0.525 1 0.000275625 0 0.000275625 0 0
101 0.5 1 0.00025 0 0.00025 0 0
102 0.475 1 0.000225625 0 0.000225625 0 0
103 0.45 1 0.0002025 0 0.0002025 0 0
104 0.425 1 0.000180625 0 0.000180625 0 0
105 0.4 1 0.00016 0 0.00016 0 0
106 0.375 1 0.000140625 0 0.000140625 0 0
107 0.35 1 0.0001225 0 0.0001225 0 0
108 0.325 1 0.000105625 0 0.000105625 0 0
109 0.3 1 8.999999999999999e-05 0 8.999999999999999e-05 0 0
110 0.275 1 7.562500000000001e-05 0 7.562500000000001e-05 0 0
111 0.25 1 6.25e-05 0 6.25e-05 0 0
112 0.225 1 5.0625e-05 0 5.0625e-05 0 0
113 0.2 1 4e-05 0 4e-05 0 0
114 0.175 1 3.0625e-05 0 3.0625e-05 0 0
115 0.15 1 2.25e-05 0 2.25e-05 0 0
116 0.125 1 1.5625e-05 0 1.5625e-05 0 0
117 0.1 1 1e-05 0 1e-05 0 0
118 0.075 1 5.625e-06 0 5.625e-06 0 0
119 0.05 1 2.5e-06 0 2.5e-06 0 0
120 0.025 1 6.250000000000001e-07 0 6.250000000000001e-07 0 0
121 0 0.975 0 0 0 0 0
122 0 0.95 0 0 0 0 0
123 0 0.925 0 0 0 0 0
124 0 0.9 0 0 0 0 0
125 0 0.875 0 0 0 0 0
126 0 0.85 0 0 0 0 0
127 0 0.825 0 0 0 0 0
128 0 0.8 0 0 0 0 0
129 0 0.775 0 0 0 0 0
130 0 0.75 0 0 0 0 0
131 0 0.725 0 0 0 0 0
132 0 0.7 0 0 0 0 0
133 0 0.675 0 0 0 0 0
134 0 0.65 0 0 0 0 0
135 0 0.625 0 0 0 0 0
136 0 0.6 0 0 0 0 0
137 0 0.575 0 0 0 0 0
138 0 0.55 0 0 0 0 0
139 0 0.525 0 0 0 0 0
140 0 0.5 0 0 0 0 0
141 0 0.475 0 0 0 0 0
142 0 0.45 0 0 0 0 0
143 0 0.425 0 0 0 0 0
144 0 0.4 0 0 0 0 0
145 0 0.375 0 0 0 0 0
146 0 0.35 0 0 0 0 0
147 0 0.325 0 0 0 0 0
148 0 0.3 0 0 0 0 0
149 0 0.275 0 0 0 0 0
150 0 0.25 0 0 0 0 0
151 0 0.225 0 0 0 0 0
152 0 0.2 0 0 0 0 0
153 0 0.175 0 0 0 0 0
154 0 0.15 0 0 0 0 0
155 0 0.125 0 0 0 0 0
156 0 0.1 0 0 0 0 0
157 0 0.075 0 0 0 0 0
158 0 0.05 0 0 0 0 0
159 0 0.025 0 0 0 0 0
160 0.0180195064432625 0.980815594498278 3.197425714106976e-07 -8.655116062610645e-09 3.247026124587788e-07 0 9.975622349302909e-09
161 0.980595672770754 0.982078350806855 0.0009615613575741482 -1.629942540434652e-09 0.0009615678734567276 0 6.716653815202146e-09
162 0.981972233499397 0.0192484552941793 0.000964264647417906 -8.63336329187084e-09 0.0009642694673637942 0 9.887711570136182e-09
163 0.0193656702380576 0.017908434799188 3.685358099719766e-07 -1.412651462743819e-09 3.750291837691899e-07 0 6.645260523525694e-09
164 0.0191165954954306 0.0369370254329073 3.557366009730402e-07 -1.07085004243671e-09 3.654442233359175e-07 0 9.766506629989138e-09
165 0.0388963232950016 0.0161217707191468 1.511568120217672e-06 -7.328093235795943e-09 1.512923965869284e-06 0 7.45246723599064e-09
166 0.0331757266971614 0.0293874005267404 1.102155755315454e-06 -4.388477508365044e-09 1.100628841884748e-06 0 4.646525526272059e-09
167 0.0371275740137833 0.981240173733163 1.375362318928524e-06 1.760997956877109e-10 1.378456752148957e-06 0 3.099439964535377e-09
168 0.983672600078653 0.038727449809081 0.0009675945378850554 -9.538702319114575e-09 0.0009676117841454977 0 1.970838251041876e-08
169 0.0163132343524052 0.961381516631855 2.488769526082307e-07 -9.816389124095947e-09 2.661216150364932e-07 0 1.984287977336952e-08
170 0.0296721923299908 0.9672751259533861 8.820353888518614e-07 -6.448060968099921e-09 8.804389976679649e-07 0 6.642737015745558e-09
171 0.962857848208997 0.0188753165833139 0.000927092253418284 1.281350257581688e-10 0.0009270952358576599 0 2.985190649783837e-09
172 0.9703069125613411 0.0328877531633193 0.0009414972725388297 -6.325706392913298e-09 0.0009414955045643219 0 6.568127223914811e-09
173 0.961034869403572 0.983856303095885 0.0009235865962765767 -7.341941086297391e-09 0.0009235880202095407 0 7.478748825871145e-09
174 0.980817057932857 0.963039355638634 0.0009619923093558558 -1.406174176670794e-09 0.0009620021011320654 0 9.892229635149216e-09
175 0.966725594326471 0.970579637206188 0.0009345598752300012 -4.639988509394315e-09 0.0009345583747258687 0 4.876577285248138e-09
176 0.024437886947297 0.0553437676077374 6.029696215732859e-07 5.683993100765969e-09 5.97210318448869e-07 0 8.091807588448498e-09
177 0.0148329939295233 0.0676571094550102 2.214402799297871e-07 -6.749597878707285e-09 2.200177089132751e-07 0 6.897882270760351e-09
178 0.0377114112390675 0.0439752681659573 1.407501165541683e-06 -2.47160546248525e-09 1.422150537642067e-06 0 1.485641061958382e-08
179 0.0179984481903892 0.0849450392269947 2.986371827907851e-07 -6.053148494907323e-09 3.239441372621244e-07 0 2.602080996656019e-08
180 0.0671517097243985 0.0124976729387054 4.530622435078503e-06 1.75143098616707e-08 4.509352118909877e-06 0 2.755317404300148e-08
181 0.0550471773438037 0.0174396518985603 3.058395874663269e-06 -4.484968104752425e-09 3.030191733520175e-06 0 2.855851040443531e-08
182 0.050781532342019 0.0319886076118821 2.566395336918855e-06 -1.320899639894225e-08 2.578764027003522e-06 0 1.809591335848543e-08
183 0.0873033915755187 0.0184569768011963 7.616854640186323e-06 8.583017328810888e-09 7.621882180588349e-06 0 9.947077407996308e-09
184 0.0556333914838098 0.976291721684155 3.114223529086295e-06 -1.08421330872431e-09 3.095074247990841e-06 0 1.917995007739896e-08
185 0.0677753586357086 0.9857593940439699 4.607031513612903e-06 -1.332582742064619e-08 4.593499238198922e-06 0 1.899210768515961e-08
186 0.0444337609180242 0.9630639516189931 1.973409527453779e-06 1.056564937014177e-08 1.974359109320135e-06 0 1.060823511870322e-08
187 0.0849569238931018 0.982897277297249 7.230264754833054e-06 8.803560861880921e-09 7.217678917378293e-06 0 1.535923137030378e-08
188 0.98724492486394 0.06700539443216701 0.0009746564932737277 1.905996574559979e-08 0.0009746525416696065 0 1.946528883304725e-08
189 0.982258522671924 0.0548397856904863 0.000964856907373722 1.992875270832677e-10 0.0009648318053616308 0 2.51028031611309e-08
190 0.967503813945443 0.0503884222115097 0.0009360616160475261 -9.790933491678285e-09 0.0009360636299989784 0 9.995918121453781e-09
191 0.981096235557374 0.0871095398217421 0.000962519805164393 1.728267793495312e-09 0.0009625498234248504 0 3.0067970840341e-08
192 0.0127362582113908 0.933141523742047 1.657178540561582e-07 1.87117510429459e-08 1.622122732272196e-07 0 1.903729823376756e-08
193 0.0177202084659669 0.945324425344406 3.38989119645223e-07 -6.883042787775286e-11 3.14005788077325e-07 0 2.498342638349129e-08
194 0.032461514722218 0.949878667950825 1.051671152987505e-06 -9.966579464289126e-09 1.053749938060776e-06 0 1.01810634807393e-08
195 0.0188696231472936 0.913163730404455 3.258046215598393e-07 1.289953778368124e-09 3.560626777208785e-07 0 3.028554017010302e-08
196 0.944341062198605 0.023916433620929 0.0008917993740983883 -1.116777619747368e-09 0.0008917800417543896 0 1.936457375565689e-08
197 0.93220701110596 0.0143903464740961 0.0008690234012318664 -1.339903051586876e-08 0.0008690099115551076 0 1.901329529103421e-08
198 0.955533338514251 0.0371988109120783 0.0009130432513589324 1.062866694100952e-08 0.0009130439610121903 0 1.065233160812181e-08
199 0.91501978125187 0.0173129976608489 0.0008372737673400993 8.546433733594506e-09 0.0008372612000822201 0 1.519794394532221e-08
200 0.93274480659056 0.987475766200816 0.0008700341919564596 1.751208671608615e-08 0.0008700128742216613 0 2.758838520253836e-08
201 0.944843702483305 0.982528793603429 0.0008927578585922244 -4.626904628037768e-09 0.0008927296221223601 0 2.861304731822934e-08
202 0.949049318388712 0.967958667101169 0.0009006819167210356 -1.339224028949797e-08 0.0009006946087340788 0 1.845099712916032e-08
203 0.912491843894088 0.981498522539533 0.0008326361554988573 8.985830562612211e-09 0.0008326413651732328 0 1.038681173404995e-08
204 0.975451208973257 0.944614266076689 0.0009515103577434177 5.436529805571304e-09 0.0009515050610873887 0 7.590152924462879e-09
205 0.985094759926836 0.932313347021176 0.0009704129964938391 -6.959091377329318e-09 0.0009704116860353107 0 7.081402004729686e-09
206 0.9621356742124531 0.955972369454953 0.000925689957964089 -2.709160161099922e-09 0.0009257050555922516 0 1.533877194939095e-08
207 0.981911565339318 0.915015581054633 0.0009641243599707224 -6.343895462600646e-09 0.0009641503221471097 0 2.672601003522202e-08
208 0.0224368133615187 0.101301818231185 5.332350771989607e-07 -2.114191496653576e-08 5.034105938196241e-07 0 3.655790444345182e-08
209 0.0187301944318657 0.116945321675575 3.404967610519309e-07 -2.445443026110474e-08 3.508201834554929e-07 0 2.65441558448861e-08
210 0.0197401793943515 0.136422918543245 3.737971141081486e-07 -1.166285336155801e-08 3.896746825211795e-07 0 1.970074433222471e-08
211 0.1010914101102 0.978872051241688 1.026292616776621e-05 -6.346463696076509e-09 1.021947319806865e-05 0 4.391398612040762e-08
212 0.116499304881684 0.982475618459536 1.35888132268304e-05 -1.612064238903131e-08 1.357208803791556e-05 0 2.322944371421411e-08
213 0.135548108403566 0.9813453883447329 1.839082629177795e-05 5.671158194026703e-09 1.837328969178488e-05 0 1.843079961853623e-08
214 0.977458710931551 0.8986489122429741 0.0009554546831219589 -2.124458075796853e-08 0.0009554255315759695 0 3.607138540657139e-08
215 0.981199657153863 0.88301951918882 0.0009627418079606801 -2.432300580246005e-08 0.0009627527671988585 0 2.667795930572046e-08
216 0.980214460637067 0.863555524330902 0.0009608036886614616 -1.114325813192324e-08 0.0009608203888420161 0 2.007655927564017e-08
217 0.898879232644756 0.0214246385708293 0.0008080276551688069 -6.596021640558637e-09 0.0008079838748800254 0 4.427438522754402e-08
218 0.883478755693989 0.0177980430404505 0.0007805516879524831 -1.649482248860765e-08 0.0007805347117625992 0 2.367002728986733e-08
219 0.864435215805913 0.0189745379091948 0.000747266092829418 4.908840185286376e-09 0.0007472482423254153 0 1.851316302294278e-08
220 0.845749069041708 0.0245866173449392 0.0007153275954789485 -8.580388911767233e-09 0.0007152914877849158 0 3.711318690482183e-08
221 0.8328056013947061 0.0150441516800586 0.0006935870422149363 -1.618514765156341e-08 0.0006935651697143981 0 2.720965424800314e-08
222 0.815270084350265 0.018349762067121 0.0006646861829372137 1.297486668147444e-08 0.0006646653104364883 0 2.457658340645375e-08
223 0.798491514156652 0.0227576780306662 0.000637640066417187 -8.322676167351771e-10 0.0006375886981801827 0 5.137497875732817e-08
224 0.782569643080797 0.0187265145811202 0.0006124409713014391 -1.758849624345299e-08 0.000612415246271606 0 3.116299664699422e-08
225 0.762799630554186 0.0193743196847393 0.0005818833518621478 1.835157718812835e-09 0.0005818632763736027 0 2.015919254774454e-08
226 0.743421420334872 0.0235562973982777 0.0005527104987033362 -6.902164405353957e-09 0.0005526754082127185 0 3.5762863493726e-08
227 0.731805751034015 0.013667225171639 0.000535559889452583 -1.36784855243058e-08 0.0005355396572464588 0 2.442218521941705e-08
228 0.714898584090492 0.0158993954495658 0.0005111035087978195 1.103852198048556e-08 0.0005110799855345904 0 2.598447383457918e-08
229 0.699099821351856 0.0198150166879667 0.0004887925527427774 -2.325305845607267e-09 0.000488740560214197 0 5.204450091470948e-08
230 0.683293391108539 0.0166824775295578 0.0004669022704961097 -1.189375371543573e-08 0.0004668898583326069 0 1.719078765686512e-08
231 0.666141052294236 0.0145411735381064 0.0004437651865965993 1.088061207263849e-08 0.0004437439015516722 0 2.390482914862143e-08
232 0.652427774195225 0.0237385084093592 0.0004256959505743979 9.748207868182264e-09 0.0004256620005413355 0 3.532183887590513e-08
233 0.634253837864075 0.0190449264133472 0.0004022940510817185 -1.195502468230899e-08 0.0004022779308453083 0 2.006949518732876e-08
234 0.614266290314467 0.0195951744757802 0.0003773392611590423 6.868254105202434e-09 0.0003773230754166971 0 1.758269517795116e-08
235 0.595335360006797 0.0237842251863986 0.0003544598279762783 -6.59618788641432e-09 0.0003544241908744225 0 3.624241607987966e-08
236 0.583034466547981 0.0139195871086014 0.0003399477803890516 -1.352174115333439e-08 0.0003399291891828887 0 2.29884847348847e-08
237 0.5663830725775501 0.0165940796130471 0.0003208104784509776 1.466059058702439e-08 0.0003207897849023863 0 2.536051792963883e-08
238 0.550555185725455 0.0216069477388625 0.0003031643858928405 6.586069268995807e-09 0.0003031110125291903 0 5.377817638922809e-08
239 0.534212330826799 0.018324133929149 0.000285407702368127 -1.646418658130852e-08 0.0002853828144074013 0 2.984091199795029e-08
240 0.514748925804878 0.0180160943848639 0.0002649857387107751 1.323647563160355e-08 0.0002649664566172757 0 2.338810417426172e-08
241 0.498362354453644 0.0205178213367737 0.0002484042904871616 -9.712727951902606e-09 0.0002483650363365795 0 4.043792059676742e-08
242 0.485413085216357 0.0143605063779035 0.0002356522266353056 -1.109437407331878e-08 0.0002356258632992623 0 2.86026331552226e-08
243 0.468930108452981 0.0182954823149744 0.0002198957165535811 2.754691084607015e-09 0.0002198954466137245 0 2.767885564432673e-09
244 0.451819355347968 0.0266655288143148 0.0002041882421750054 -9.463737870728343e-09 0.0002041407298670534 0 4.844565761149183e-08
245 0.433641850035088 0.0195126055822873 0.0001880420096728796 2.528138881709396e-09 0.0001880452541018538 0 4.113126009925337e-09
246 0.416246863771169 0.0165109026490676 0.0001732730617003108 6.284695507099698e-09 0.0001732614515993341 0 1.32019635776649e-08
247 0.402259280810834 0.0263848236002482 0.0001618384977200232 5.205034843683267e-09 0.0001618125289984494 0 2.648522017844356e-08
248 0.384091970531598 0.0203757922288032 0.000147532035272915 -8.852610396233655e-09 0.0001475266418268459 0 1.036619367593006e-08
249 0.364415573278924 0.0204939642794976 0.0001328094920026736 9.678965992366686e-09 0.0001327987100482068 0 1.448906224726135e-08
250 0.345719241393748 0.0250825091720603 0.000119551956545447 -6.490559397083898e-09 0.0001195217938698686 0 3.085310939495552e-08
251 0.333110105141211 0.0148194455131729 0.0001109772481909821 -1.431431569149839e-08 0.0001109623421471886 0 2.066615047093366e-08
252 0.316158379168444 0.0177530556119308 9.997223427006703e-05 1.363772592429608e-08 9.995612071841762e-05 0 2.111004772956629e-08
253 0.300276939446222 0.0220263960498869 9.020847728546212e-05 -2.91820362756975e-09 9.016624036319009e-05 0 4.2337613482874e-08
254 0.284498774967908 0.0183713850423212 8.095545855428859e-05 -1.264932592143631e-08 8.093955295824035e-05 0 2.032223983513169e-08
255 0.265173453158505 0.0195313996591538 7.033095981590542e-05 6.448204366923454e-09 7.031696026000584e-05 0 1.541320553756545e-08
256 0.246321087900797 0.0248623303212808 6.069947940282233e-05 -1.14335563838326e-08 6.067407834463215e-05 0 2.78556990356274e-08
257 0.233018631354415 0.0150834228965017 5.430994683071068e-05 -1.534476463763729e-08 5.429768255828475e-05 0 1.964368040673384e-08
258 0.215165383670918 0.0184226912724434 4.630380822901465e-05 9.41547186405488e-09 4.629614233025335e-05 0 1.214154496929357e-08
259 0.195835172712352 0.0233948784165368 3.837474728695352e-05 -9.257422336318962e-09 3.835141487127674e-05 0 2.510182243637111e-08
260 0.183109732621963 0.0137479478539343 3.353912066435271e-05 -9.097805577156652e-09 3.352917418088678e-05 0 1.34797106666974e-08
261 0.166302002612743 0.0163354636060102 2.766461544645535e-05 -1.783962197327423e-09 2.765635607300878e-05 0 8.44983851037361e-09
262 0.148295222417487 0.0232009406918909 2.202933651353912e-05 -1.530869652696403e-08 2.199147299185194e-05 0 4.084118587786338e-08
263 0.132853553212002 0.0147410210160768 1.767575985779116e-05 -6.002075134922424e-09 1.765006660105425e-05 0 2.638500232469151e-08
264 0.112912502318122 0.0169249079821189 1.275057936805534e-05 -3.582924761022178e-09 1.274923317973991e-05 0 3.827476038300973e-09
265 0.0248274490491548 0.155556958579864 6.243656364173776e-07 -3.577835197666472e-09 6.164022262883775e-07 0 8.730223684667064e-09
266 0.0149248224703794 0.167893883144905 2.281125543100872e-07 -1.0955133739037e-08 2.227503257723418e-07 0 1.219706727583306e-08
267 0.0179817575982861 0.185411875666007 2.966018997347449e-07 -9.223099023774001e-09 3.233436063235199e-07 0 2.82875312970657e-08
268 0.022200364281983 0.202105826253092 5.18615484607983e-07 -1.795225870644267e-08 4.928561742527466e-07 0 3.139786079720142e-08
269 0.0183001429271734 0.217748692264308 3.255018490634268e-07 -1.964103302076079e-08 3.348952311549746e-07 0 2.177167437843094e-08
270 0.019030234631747 0.237406471036669 3.466423348659924e-07 -6.064476125633967e-09 3.621498301393429e-07 0 1.665113450583384e-08
271 0.0232905009278032 0.256837312961481 5.466698695076497e-07 4.330518232624028e-09 5.424474334680018e-07 0 6.048334834647171e-09
272 0.0135359035537302 0.268408600577653 1.836727021388355e-07 -5.695584919809186e-09 1.832206850158859e-07 0 5.713493419808714e-09
273 0.0157137838172528 0.285427364118599 2.220841546434293e-07 9.062516164052352e-10 2.469230018553559e-07 0 2.485537412330926e-08
274 0.0194616045828379 0.301383137647293 4.022872567379043e-07 2.681639398267658e-09 3.787540529387371e-07 0 2.368549916964969e-08
275 0.0162922776102646 0.317147839320089 2.452750096250251e-07 -7.179671978235234e-09 2.654383097299292e-07 0 2.140341937250875e-08
276 0.0141642593246389 0.334273655299695 1.987718357963051e-07 -6.649902727588562e-09 2.0062624221562e-07 0 6.903624370892872e-09
277 0.0230828664682523 0.34832868937872 5.364096509710826e-07 -8.309863963413797e-09 5.328187243911663e-07 0 9.052546204952101e-09
278 0.0183680048963009 0.366447066402554 3.223708471929345e-07 -2.994595783416979e-09 3.373836038705338e-07 0 1.530850962591918e-08
279 0.018646233772447 0.386490003322876 3.338810739672417e-07 1.74458760946752e-09 3.476820338967431e-07 0 1.391079008909312e-08
280 0.0222901046356316 0.40552379567378 5.06952895676725e-07 4.334080181063004e-09 4.968487646674054e-07 0 1.099444016170792e-08
281 0.0128632736162641 0.417369326867123 1.648422469062393e-07 -6.161798655598524e-09 1.654638081268761e-07 0 6.19306878882637e-09
282 0.0150675404902996 0.433881798654246 2.0615878920741e-07 2.749039646408681e-09 2.270307764268179e-07 0 2.10522461857317e-08
283 0.0192035584591229 0.449167192479432 3.882708153914031e-07 3.352691551273515e-09 3.687766574929506e-07 0 1.978036230223753e-08
284 0.0166042855198518 0.46533605590479 2.466809122524107e-07 1.807965870395845e-09 2.757022976247602e-07 0 2.907764690477783e-08
285 0.0146612427621759 0.482860092306287 2.146260960237288e-07 1.280027528802496e-09 2.149520393314552e-07 0 1.320874526343763e-09
286 0.0238969538933565 0.496273341686947 5.843102700491089e-07 -2.30871803190103e-09 5.710644053812063e-07 0 1.344556096826069e-08
287 0.0189100523021996 0.5150919514549001 3.378705171188607e-07 -1.202297301071475e-09 3.575900780719244e-07 0 1.975617885578479e-08
288 0.0181674017826138 0.5347954480577169 3.179020635392603e-07 -6.200837405898875e-10 3.300544875309191e-07 0 1.216823375508489e-08
289 0.0226908665825646 0.552097835073308 5.333148477901152e-07 1.925252583172897e-09 5.148754262677469e-07 0 1.853965651215231e-08
290 0.0140184198272766 0.5654593872857619 1.96110001747198e-07 -4.514830483462057e-09 1.965160944537817e-07 0 4.533056979648363e-09
291 0.0172698423980027 0.582038704690539 2.756382558827978e-07 3.052731841639621e-09 2.982474564518516e-07 0 2.281436218851326e-08
292 0.0228634070813402 0.597885855375122 5.398786218443344e-07 -4.027549017663151e-09 5.227353833670773e-07 0 1.76099908170841e-08
293 0.0195589148437005 0.614946946166449 3.659494735368249e-07 -7.432438725478085e-09 3.825511498631277e-07 0 1.818946954287862e-08
294 0.0192080933800861 0.635051338495337 3.509238077077112e-07 3.629814052751567e-09 3.689508512981075e-07 0 1.838885126014131e-08
295 0.0214124837211053 0.651806790696741 4.730102728204298e-07 -5.766629285935449e-09 4.584944591065995e-07 0 1.561931051922695e-08
296 0.0146298158278083 0.664741707213013 2.122904095931979e-07 -9.037545013953576e-09 2.140315111555903e-07 0 9.2037304681201e-09
297 0.0183822816097094 0.681185900816222 3.126901675228913e-07 -1.930819709269733e-09 3.379082771786605e-07 0 2.529191806407935e-08
298 0.0266140591609597 0.698151103328945 7.226188824035576e-07 -2.707782411511362e-09 7.083081450230629e-07 0 1.456465893735858e-08
299 0.0194699070009934 0.7164017238103541 3.566557690802334e-07 8.228574326454959e-09 3.790772786273319e-07 0 2.388375024606946e-08
300 0.0164658360711933 0.733914536505897 2.675703670685202e-07 4.097977717973082e-09 2.711237575234104e-07 0 5.424021119235103e-09
301 0.0263007845730426 0.748308860585246 6.940027129847988e-07 4.238225453018661e-09 6.917312691575957e-07 0 4.808535333212624e-09
302 0.0200794130427708 0.76691328275749 3.943326407526309e-07 1.110102451943814e-08 4.031828281421942e-07 0 1.419713218264702e-08
303 0.0191661846071466 0.786978114401545 3.52131089096345e-07 9.336073045792601e-09 3.673426323952232e-07 0 1.784806178412718e-08
304 0.0210278259920558 0.804027937429417 4.591327696867694e-07 -2.093072897553404e-09 4.421694659521774e-07 0 1.709194628316201e-08
305 0.0142188313536689 0.816405254005761 2.01983963359458e-07 -1.136472570327609e-08 2.021751650640778e-07 0 1.136633399133396e-08
306 0.0174770424065831 0.8335889770866241 2.803660279295023e-07 -1.18946635192771e-08 3.05447011281504e-07 0 2.775857968521096e-08
307 0.0241209925954505 0.852523196449482 5.97301172670013e-07 -1.16379535844407e-08 5.818222837897778e-07 0 1.936589694799252e-08
308 0.0151804950243624 0.8676230376337 2.399901693842583e-07 -3.711199440280153e-09 2.304474291846916e-07 0 1.023898880759049e-08
309 0.0173555279062992 0.887573525285495 2.921821452630281e-07 -6.458176619620784e-09 3.012143489063304e-07 0 1.110354663629142e-08
310 0.154246342575693 0.975858533333732 2.38276692433454e-05 -7.435106297675501e-09 2.379193419797804e-05 0 3.650033250622389e-08
311 0.167205254035267 0.985237702561534 2.798013362039371e-05 -1.567401014248379e-08 2.795759697699818e-05 0 2.745131853817148e-08
312 0.184765156106933 0.982004992992846 3.416002710667216e-05 1.337321896195199e-08 3.413816291121932e-05 0 2.56297879079081e-08
313 0.201593443331828 0.97769241004298 4.069235843949931e-05 -2.927283349766564e-10 4.063991639438295e-05 0 5.244286210596133e-08
314 0.217547235376937 0.981650415484661 4.735368134713777e-05 -1.768781904632996e-08 4.732679962014843e-05 0 3.217897121639085e-08
315 0.237385522639633 0.981026131924407 5.637265278741208e-05 1.212372050901771e-09 5.635188635889171e-05 0 2.080178837219166e-08
316 0.256895202111325 0.976950673894873 6.603062299627031e-05 -6.90731865265385e-09 6.599514486781851e-05 0 3.61442754722174e-08
317 0.268420599824004 0.986637576344539 7.207134747331535e-05 -1.39680230680483e-08 7.20496184098781e-05 0 2.583133496916734e-08
318 0.285419099752456 0.984470503019461 8.148960422988533e-05 9.65660426147237e-09 8.146406250350243e-05 0 2.730622259635006e-08
319 0.301377749324835 0.980668587843942 9.088260463145051e-05 -2.482162498229005e-09 9.082854778810309e-05 0 5.411380085851781e-08
320 0.317193542536129 0.9837449863066789 0.0001006262023578679 -1.449246947875586e-08 0.0001006117434266191 0 2.047174551550038e-08
321 0.334362376309829 0.985849504228534 0.0001118219008972821 8.966624688452499e-09 0.0001117981986915557 0 2.534156495954237e-08
322 0.348539876043407 0.976935690288836 0.0001215167463697007 9.847598305206421e-09 0.0001214800451923535 0 3.799936329796638e-08
323 0.366722590610115 0.981564163644745 0.0001345043001793705 -1.446411671669132e-08 0.000134485458463794 0 2.375333488708716e-08
324 0.387003438731451 0.981147419674438 0.0001497883363578987 4.131982755835273e-09 0.0001497716615899679 0 1.717909098403941e-08
325 0.406655038336146 0.977342922798407 0.0001654029027327944 -2.377585993491359e-09 0.0001653683202041724 0 3.466416306577493e-08
326 0.418289361056555 0.987007986093753 0.0001749878417995551 -1.065575169010189e-08 0.0001749659895731011 0 2.431182521083742e-08
327 0.435210044715885 0.985092202649725 0.0001894349835269521 1.222540469569918e-08 0.0001894077830216026 0 2.982160309642884e-08
328 0.450907639008632 0.981667214489755 0.000203372990229495 8.289838985658543e-10 0.0002033176989163388 0 5.529752729405315e-08
329 0.466556657372157 0.9846385903903671 0.0002176968680027537 -1.001950548790616e-08 0.0002176751145382803 0 2.395002519446838e-08
330 0.483678557197975 0.9866536561939691 0.0002339774461859948 5.008644209182236e-09 0.0002339449466931148 0 3.288318041601788e-08
331 0.497368520496416 0.978458571972753 0.0002474233571046699 1.220566588059588e-09 0.0002473754451807938 0 4.792746845288871e-08
332 0.51504563684299 0.983180322180619 0.0002652885701611509 -3.017607422805468e-09 0.0002652720080310011 0 1.683478867273348e-08
333 0.534472829730591 0.982882731836602 0.0002856738540669265 3.483746739696365e-09 0.0002856612057202253 0 1.311934318551428e-08
334 0.552222780536321 0.978785559779849 0.0003049912103900094 -5.841784224915196e-09 0.0003049499993432657 0 4.162303228548707e-08
335 0.56546127447862 0.986855030366248 0.0003197730497930676 -1.358932841350917e-08 0.0003197464529349852 0 2.986741881353675e-08
336 0.582105511121163 0.983560773513683 0.0003388722945454343 1.769373002485816e-08 0.0003388468260776305 0 3.101146456502732e-08
337 0.59789621275184 0.978924440312785 0.0003575288413275056 -1.264192567575365e-09 0.0003574798812229935 0 4.897642306946804e-08
338 0.6144430912537719 0.982107033231733 0.0003775657343294947 -1.109850350709265e-08 0.0003775403123894912 0 2.773899445981973e-08
339 0.634289002066076 0.980972693634906 0.0004023484236612855 7.482945883468705e-09 0.0004023225381419785 0 2.694540014343757e-08
340 0.653375298300627 0.976496669165196 0.0004269384166117443 -1.436593663683108e-08 0.0004268992804294333 0 4.168957785026178e-08
341 0.666440058926856 0.986295835662365 0.0004441605200205413 -1.184438442724871e-08 0.0004441423521424313 0 2.168781310960778e-08
342 0.683132664427714 0.983937877205643 0.0004666885824553139 1.386151621855191e-08 0.0004666702372081078 0 2.299325394393695e-08
343 0.698614425187894 0.979490459060966 0.0004881086087669507 -3.451113697398905e-09 0.0004880621150806115 0 4.662159430095204e-08
344 0.714698838119354 0.982403380666838 0.0005108113380766828 -1.461614422091822e-08 0.0005107944292091546 0 2.235042444722542e-08
345 0.734030417389581 0.981634410084713 0.0005388153682893352 8.192819211851071e-09 0.0005388006536531225 0 1.684169841527601e-08
346 0.752405557098425 0.9764192934489559 0.0005661444024891482 -8.42996154283436e-09 0.0005661141223525913 0 3.143168658404785e-08
347 0.766165551701519 0.9854774261490979 0.0005870267069791183 -1.450371838266007e-08 0.0005870096526140931 0 2.238770227909117e-08
348 0.783857300171015 0.982010084717604 0.000614443506468874 1.147873804675776e-08 0.0006144322670313927 0 1.606506713469121e-08
349 0.803075266836844 0.9768716233047779 0.0006449548145991645 -1.08534981829111e-08 0.0006449298842050682 0 2.71904941588073e-08
350 0.816335429825128 0.986335967864004 0.000666414135904441 -7.448679524514869e-09 0.0006664035339877765 0 1.2956985128454e-08
351 0.833140144333077 0.9836980699996209 0.0006941303915530869 -5.451389541450962e-10 0.0006941225000993404 0 7.910260344100373e-09
352 0.851084041173964 0.9767778484752589 0.000724381874534171 -1.648630146317016e-08 0.0007243440451410057 0 4.126573788494839e-08
353 0.86683347686686 0.985230040188062 0.0007514260854483675 -5.341884697678834e-09 0.0007514002766170891 0 2.635586280279339e-08
354 0.886809927541037 0.983033687937763 0.0007864327626506474 -2.824576519886794e-09 0.0007864318475853393 0 2.969103742657006e-09
355 0.975162655831379 0.844451004821965 0.0009509494335645642 -2.684856884239585e-09 0.0009509422053281086 0 7.710762527008856e-09
356 0.985094150363341 0.8321349112179121 0.0009704154065298927 -1.028061418195669e-08 0.0009704104850800728 0 1.139788121926249e-08
357 0.982072268478353 0.81465878681196 0.0009644388126021388 -8.25955466229673e-09 0.0009644659405142184 0 2.835743036705654e-08
358 0.97790702433638 0.798041945360712 0.0009563274991454454 -1.692527443709442e-08 0.0009563021482464333 0 3.048168295052496e-08
359 0.981817852715393 0.7824363532795779 0.0009639565601183974 -1.871152756347796e-08 0.0009639662959106651 0 2.109281666443798e-08
360 0.9811102499705791 0.762865630808 0.000962562139512522 -5.382141229414106e-09 0.0009625773225973321 0 1.610880220764822e-08
361 0.976857858799369 0.743584877412286 0.0009542564698085808 3.502075905591909e-09 0.0009542512762980881 0 6.263951379672164e-09
362 0.9865198256329371 0.731856221322066 0.0009732216065268576 -6.095072544615888e-09 0.0009732213663668406 0 6.099802140880233e-09
363 0.98431007836319 0.714886340843551 0.000968840447132536 1.267536576418959e-10 0.0009688663303673492 0 2.588354517619752e-08
364 0.9805429618982719 0.698999429114921 0.0009614852552351359 1.73739228314395e-09 0.000961464500128236 0 2.082769776930933e-08
365 0.983747327229571 0.683185670733348 0.0009677372882093763 -6.050334882949128e-09 0.0009677588038313247 0 2.235013512319442e-08
366 0.985908421249292 0.666048313675063 0.0009720137786985829 -5.446520843801761e-09 0.0009720154150902713 0 5.68703499723586e-09
367 0.97706164479777 0.6522677708376839 0.0009546563668820742 -9.933999256288631e-09 0.0009546494577349238 0 1.210044030482161e-08
368 0.981698884567303 0.634066368851235 0.0009637180945557458 -4.758178461756182e-09 0.0009637326999606871 0 1.536092821972689e-08
369 0.981360311729303 0.613982310103398 0.0009630533488412327 1.639264480209851e-09 0.0009630680614374349 0 1.480363722351245e-08
370 0.977751174694038 0.594938803284235 0.0009560084872169351 5.065731943603662e-09 0.0009559973596155714 0 1.222641207532907e-08
371 0.987186420394856 0.582875615019615 0.0009745371048083299 -5.251185243806462e-09 0.0009745370286120094 0 5.251738030788626e-09
372 0.984979038530159 0.566383700876899 0.0009701649963234754 2.9666567669713e-09 0.0009701837063437965 0 1.894375656490919e-08
373 0.980788289192132 0.55111166984947 0.0009619665573156659 2.491640445434498e-09 0.0009619456682164292 0 2.1037175167561e-08
374 0.983361022288653 0.534783558260187 0.0009669684940882447 5.899783230045785e-10 0.0009669989001565846 0 3.041179156696877e-08
375 0.985356342707856 0.517129251877385 0.0009709254842185 7.419145749135995e-10 0.0009709271221146018 0 1.798093678466792e-09
376 0.976312237830298 0.503537604320891 0.0009531952389694665 -7.217710873195112e-10 0.0009531855857372043 0 9.680178025715676e-09
377 0.981545100221647 0.48465817027089 0.0009634106740408769 1.143922846055091e-09 0.0009634307837691231 0 2.014223745304459e-08
378 0.982553187510764 0.464958396116571 0.0009653993007513363 2.613556679775289e-09 0.0009654107662875626 0 1.175964282937608e-08
379 0.9785443570553219 0.44768627295259 0.0009575683973378419 5.754795687052943e-09 0.0009575490587248135 0 2.017671002079336e-08
380 0.986874344684497 0.434506792307893 0.0009739192868274005 -3.088468132455178e-09 0.0009739209721964555 0 3.518395125124362e-09
381 0.9839692208984681 0.418077606162037 0.0009681752545770355 4.304845552884928e-09 0.0009681954276755382 0 2.062730225783123e-08
382 0.978899935682743 0.402559181026214 0.0009582629666215637 -4.205978461435349e-09 0.0009582450840796784 0 1.837050786174668e-08
383 0.98194591551805 0.385694652488967 0.0009642012066957033 -7.090160059988925e-09 0.0009642177810025814 0 1.802714670054907e-08
384 0.982166528184909 0.365838030747923 0.0009646352059677335 5.602999624532609e-09 0.0009646510890867977 0 1.684241894743249e-08
385 0.979964931026733 0.349373961220562 0.0009603441621054337 -3.652459485295687e-09 0.0009603312660422295 0 1.340331699461308e-08
386 0.986210879461102 0.336132850315679 0.000972609200380638 -6.151869854480996e-09 0.0009726118987674402 0 6.717647954510711e-09
387 0.982530094474281 0.319976081756324 0.0009653413274074241 1.614523667726629e-09 0.0009653653865476394 0 2.411325184572538e-08
388 0.974425255364671 0.303597214845633 0.000949520591649703 -5.440729875623102e-09 0.0009495045782925042 0 1.691239635170957e-08
389 0.9810886515274621 0.284853703343011 0.0009625158216568778 9.907387925437187e-09 0.0009625349421559739 0 2.153485131572549e-08
390 0.983881134135258 0.267107273575974 0.0009680184153729958 4.868843511518321e-09 0.0009680220861072816 0 6.097534529324598e-09
391 0.974075417900357 0.253232924245538 0.0009488252161089669 1.394751892178299e-09 0.0009488229197577552 0 2.686738120531082e-09
392 0.980073661337556 0.234143540068733 0.0009605351835673003 1.125966905901092e-08 0.0009605443816476024 0 1.453907935744423e-08
393 0.9808895712225359 0.213906824693067 0.0009621300300711074 1.024721569123506e-08 0.0009621443509331305 0 1.760944401466893e-08
394 0.978977169512835 0.196824582786153 0.0009584124776340071 -1.984868201315703e-09 0.0009583962984273621 0 1.630050396270767e-08
395 0.985766892752171 0.184111306808689 0.0009717356652440102 -1.035494377934221e-08 0.0009717363668462701 0 1.037868519632624e-08
396 0.982490667492631 0.166972123508914 0.0009652615128387153 -1.045866422608843e-08 0.0009652879117101156 0 2.839514163731781e-08
397 0.9758210190775231 0.148121240917926 0.0009522412686874042 -1.152804348294956e-08 0.0009522266612734956 0 1.860839401025367e-08
398 0.984783194427081 0.132722899651164 0.0009698075914673889 -2.495105724726842e-09 0.0009697979400260059 0 9.968744823016131e-09
399 0.982605927919898 0.112757804497887 0.0009655052180993636 -5.334955599486218e-09 0.0009655144095833237 0 1.062756456756167e-08
400 0.956554022749358 0.939431420371115 0.0009149994916887125 -1.04519212230617e-08 0.0009149955984379793 0 1.115347741848246e-08
401 0.968116455182805 0.92694440505141 0.0009372517291975553 -9.336079787044559e-09 0.00093724947079572 0 9.605350833749474e-09
402 0.944224142692759 0.950221505258922 0.0008915559787646227 -8.334290012046387e-09 0.0008915592316438757 0 8.946597869577442e-09
403 0.960810884579102 0.907202292118759 0.0009231583511950147 -8.685249250412105e-09 0.0009231575559256764 0 8.721582875952797e-09
404 0.948886439268581 0.923103509601569 0.0009003890895235318 -1.209123900539644e-08 0.0009003854746278064 0 1.262004484109673e-08
405 0.940527312650691 0.935756913488588 0.0008845968298478214 -1.170461059719219e-08 0.0008845916258419307 0 1.280935543040499e-08
406 0.931394141000966 0.973360239610415 0.000867492532176916 -3.698082441626414e-09 0.0008674950458909273 0 4.471529031037694e-09
407 0.932999042512987 0.959209643481502 0.0008704985880393711 -1.005128688345022e-08 0.0008704872133301506 0 1.517934049506275e-08
408 0.916243530576157 0.961501283077032 0.0008395193640275858 1.750073625365364e-08 0.0008395022073226612 0 2.450771905521357e-08
409 0.8952628135803991 0.965137953221215 0.0008015061425735668 7.749585001556246e-09 0.0008014955053798924 0 1.31607734181119e-08
410 0.924093276169074 0.943020342774385 0.0008539290435188254 4.628569282024887e-09 0.0008539483830608925 0 1.98857119802766e-08
411 0.901235347487483 0.946804343562804 0.0008122396367596983 1.033940188657328e-08 0.0008122251515608843 0 1.779674734481804e-08
412 0.87127977141321 0.966349130804513 0.0007591274931705648 -1.40531890583859e-08 0.0007591284400738555 0 1.408505408412285e-08
413 0.883532620936036 0.95166635684329 0.0007806541305081164 1.396696116776599e-09 0.0007806298922581011 0 2.427845802043234e-08
414 0.938779935895017 0.042311428732556 0.0008813147510836384 -5.079766510607412e-09 0.0008813077680390522 0 8.635215081047633e-09
415 0.9266798164037831 0.0307216508461695 0.0008587429906784184 -1.123144374483787e-08 0.0008587354821301491 0 1.3510130484447e-08
416 0.949418636087214 0.0548128851756876 0.0009014074830419975 1.254067516975711e-08 0.0009013957465497057 0 1.717596533033795e-08
417 0.907364112086109 0.0373397927328901 0.0008233125461294343 1.082213779167606e-08 0.000823309631901813 0 1.120764868340205e-08
418 0.922377485105862 0.049057609540239 0.0008508037517362759 6.93398911272371e-09 0.0008507802250302148 0 2.45272522533505e-08
419 0.934348017575113 0.0581594324830775 0.0008730257003417336 -4.981112728078567e-09 0.0008730062179465437 0 2.010908268289411e-08
420 0.9728767310324981 0.0680774175379702 0.0009464882481855907 -1.392924721708973e-08 0.0009464891337844796 0 1.395737129358072e-08
421 0.958473807873182 0.0661740524315316 0.0009186835703403422 1.730098804403109e-09 0.0009186720403789175 0 1.16590416556888e-08
422 0.96069195300774 0.0829468832614505 0.0009229118578530455 1.797129450729651e-08 0.0009229290285738258 0 2.485560456678842e-08
423 0.964269578551934 0.103978822715296 0.0009298042059142278 1.270934848992648e-08 0.0009298158201207244 0 1.721677471491302e-08
424 0.941888844685504 0.07464400903779431 0.0008871457499722592 1.748304517686763e-08 0.0008871545957429936 0 1.959348178710928e-08
425 0.945565274050534 0.0976965171897114 0.0008940756899687436 2.246085890585821e-08 0.0008940936874902615 0 2.878195552037021e-08
426 0.965497656447145 0.127735422032106 0.0009321751375989996 -2.710619305486614e-09 0.0009321857246049293 0 1.092850179918342e-08
427 0.9501814569040929 0.115626143073942 0.0009028371661027288 1.074823817678202e-08 0.0009028448010443847 0 1.318396594328716e-08
428 0.0432295860768703 0.0604897571673159 1.87327463097529e-06 -9.978923876737402e-09 1.868797112377539e-06 0 1.093741717824314e-08
429 0.0317205484602311 0.0729901657958251 1.008896157451258e-06 -8.967042420328942e-09 1.006193194617869e-06 0 9.365567673486829e-09
430 0.0555125537009252 0.0496928865266382 3.078996989245259e-06 -7.903532220273685e-09 3.081643618398104e-06 0 8.334894566195321e-09
431 0.0389835027777793 0.092707451874605 1.521928671999029e-06 -8.616172400850268e-09 1.519713488825127e-06 0 8.896373605863901e-09
432 0.0508258271352445 0.0767854620513114 2.587986447507126e-06 -1.166272111067308e-08 2.583264703981756e-06 0 1.258228618434317e-08
433 0.0591435329325709 0.06412951648855091 3.503989242530535e-06 -1.120269766520713e-08 3.497957487746099e-06 0 1.272330541791738e-08
434 0.0683991730703758 0.0265841575319932 4.676116097579077e-06 -3.706121197016223e-09 4.678446876711222e-06 0 4.378112114806338e-09
435 0.0667136323601622 0.0407066152063727 4.462267080090867e-06 -9.726350676065597e-09 4.450708742686881e-06 0 1.510619280355489e-08
436 0.0833861743239936 0.0384055489777805 6.970265141201989e-06 1.711560597938308e-08 6.953254068391449e-06 0 2.413131919740357e-08
437 0.104254960391275 0.0347694608071447 1.08799022708584e-05 6.899679383087575e-09 1.086909676618632e-05 0 1.282047217569375e-08
438 0.0754746213001883 0.0568496231857781 5.678207672632241e-06 4.620005117999505e-09 5.696418460406837e-06 0 1.878768848639218e-08
439 0.0981477108333311 0.0530455455815745 9.647818672591188e-06 9.45028616516763e-09 9.632973141823179e-06 0 1.759822980834897e-08
440 0.128049937378144 0.03356975086824 1.639718187155454e-05 -1.487101923029012e-08 1.63967864625466e-05 0 1.487627511278344e-08
441 0.115704808257159 0.0481907718169387 1.341188349086552e-05 -1.10283198513968e-10 1.338760265382593e-05 0 2.428108749061967e-08
442 0.0611710831732529 0.958083727770385 3.748549937507659e-06 -5.183557899052175e-09 3.741901416589024e-06 0 8.430427207345354e-09
443 0.07328075055557309 0.969612780719563 5.377233447589611e-06 -1.103532529034636e-08 5.370068401988126e-06 0 1.315736610173607e-08
444 0.0505258083493062 0.945623052930389 2.56416989501563e-06 1.240865053445512e-08 2.55285730935082e-06 0 1.679134308237123e-08
445 0.0925822813801397 0.963149385431337 8.573545917327839e-06 1.112096725253622e-08 8.571478825551362e-06 0 1.131144469306904e-08
446 0.07755475091841189 0.951504057610263 6.03736983816242e-06 6.928659169367094e-09 6.01473939001691e-06 0 2.36673509534099e-08
447 0.0655789257120612 0.942422197487873 4.319476579770597e-06 -5.385497637530052e-09 4.300595497548041e-06 0 1.963412464814154e-08
448 0.0270844911078083 0.932224696491407 7.327412678159553e-07 -1.431784929330348e-08 7.335696585689468e-07 0 1.434179345916657e-08
449 0.041469514872162 0.934266714693605 1.731050925425545e-06 1.283610712833237e-09 1.719720663732465e-06 0 1.140274030642491e-08
450 0.0392408164433016 0.917579896764473 1.521882187228935e-06 1.697888147550016e-08 1.539841675136889e-06 0 2.471488664904305e-08
451 0.0356545932246835 0.8966377215771441 1.258911113735352e-06 1.150006920397759e-08 1.271250018017647e-06 0 1.686713225725991e-08
452 0.0580238283258937 0.9260356171845689 3.356708791002054e-06 1.656980024943926e-08 3.366764653592784e-06 0 1.938243154895588e-08
453 0.0543238176728435 0.903164724249799 2.931987064323977e-06 2.077181333892609e-08 2.951077166552344e-06 0 2.821170382087333e-08
454 0.034417235692548 0.87302417476106 1.174649527591889e-06 -3.822615765765739e-09 1.1845461127164e-06 0 1.060918415427751e-08
455 0.0496992458315889 0.885334811506777 2.46214147404029e-06 8.799319140502175e-09 2.470015036228706e-06 0 1.180766695292839e-08
456 0.956181272233213 0.148456831796366 0.0009142955544604772 1.188995477225504e-08 0.0009142826253695259 0 1.756509087117895e-08
457 0.94466698208711 0.132483878104033 0.0008923886179299276 -1.996316133962005e-09 0.0008923957070455682 0 7.364837993580488e-09
458 0.96599748709888 0.162840550975924 0.000933157012133857 -6.153542659094186e-10 0.0009331511450813508 0 5.899234355619041e-09
459 0.967377846810111 0.181760482450804 0.000935799885017802 1.826587456410306e-08 0.0009358198984989666 0 2.709578568557637e-08
460 0.149552321408904 0.0424872491581192 2.238090874852743e-05 4.70489707853548e-10 2.236589683879213e-05 0 1.501928075728194e-08
461 0.13274632012474 0.0546451622193963 1.7639885534191e-05 -1.549698327020401e-08 1.762158550665995e-05 0 2.398014800025347e-08
462 0.162986922643383 0.0320457793640109 2.659594966473592e-05 -5.267231272608804e-09 2.656473695276011e-05 0 3.165402208510096e-08
463 0.178400925698237 0.02899812087983 3.185586480665752e-05 3.427782820551004e-09 3.182689028998788e-05 0 2.917657127395225e-08
464 0.0437017619040469 0.852716784335844 1.923188237758134e-06 1.073494954772535e-08 1.909843993518005e-06 0 1.712623706867412e-08
465 0.0551819270715281 0.868776764455863 3.039176738492633e-06 -3.943236955228591e-09 3.045045075327446e-06 0 7.070112792021276e-09
466 0.0339250627137647 0.838200759780761 1.158532491830755e-06 -1.962843894779731e-09 1.150909880132868e-06 0 7.871274690419521e-09
467 0.0325780129213751 0.819415017147174 1.0417024668355e-06 1.682808103005556e-08 1.061326925905283e-06 0 2.585157064736509e-08
468 0.849302326187457 0.957444438923535 0.000721327932802682 1.850466350422786e-10 0.0007213144412674257 0 1.349280422405023e-08
469 0.866152083442114 0.945184631917722 0.0007502370062828806 -1.444535433746408e-08 0.0007502194316511149 0 2.27494163361545e-08
470 0.835964959910857 0.967973782913685 0.0006988677753372041 -4.853145689410489e-09 0.0006988374141987607 0 3.074657299053655e-08
471 0.820467994873049 0.9711219703671951 0.0006731972914700956 3.457193964263797e-09 0.0006731677306110016 0 2.976233492993855e-08
472 0.888546742605466 0.0346701374503363 0.0007895400445246979 -1.801554200144909e-08 0.0007895153137947842 0 3.059687493307445e-08
473 0.874025545730589 0.031716003275263 0.0007639472270987583 -6.127321710715581e-09 0.0007639206545896539 0 2.726980585641593e-08
474 0.858375507681463 0.0397421496297123 0.0007368244395895608 1.707434580003224e-08 0.0007368085121874094 0 2.334984847470378e-08
475 0.840883909098751 0.0414706700770062 0.0007071147440508113 -7.441114492572512e-09 0.0007070857485811965 0 2.993505375102508e-08
476 0.8280197224157539 0.0322804568579307 0.0006856532431029424 -1.903887729559633e-08 0.0006856166607094623 0 4.124015472101221e-08
477 0.807324705407514 0.0400079000954779 0.0006517927139898107 1.076203591171268e-08 0.0006517731799613293 0 2.230245918456946e-08
478 0.826105179459505 0.0542161185531555 0.000682467056692813 4.535660809293892e-09 0.000682449767529821 0 1.787420979905873e-08
479 0.0364520134139433 0.111895161162845 1.334886728034992e-06 -9.626910234021593e-09 1.328749281930302e-06 0 1.14169017400466e-08
480 0.0337301791959251 0.127034385197123 1.131287496243186e-06 -1.782724124895039e-08 1.137724988589219e-06 0 1.895393991373584e-08
481 0.041125823911117 0.143978942940619 1.6591422771172e-06 5.516525395475392e-09 1.691333392368203e-06 0 3.266037283226118e-08
482 0.0413362938111748 0.161527276374292 1.735743921451041e-06 -1.822736280146983e-09 1.708689186043768e-06 0 2.711606674104012e-08
483 0.031798091498864 0.173487369416066 1.019756303942791e-06 -1.139499997628588e-08 1.011118622970127e-06 0 1.429879565016144e-08
484 0.0389346289618246 0.193958503066981 1.505977795265314e-06 -4.309981025176558e-09 1.515905332394951e-06 0 1.082275056987345e-08
485 0.052752768537748 0.176551134997302 2.77968686482387e-06 -9.052467421755653e-11 2.782854588397215e-06 0 3.169016780292038e-09
486 0.111404998293263 0.965849681527482 1.243486351064225e-05 -1.748691097684924e-08 1.241107364472193e-05 0 2.952540898986757e-08
487 0.125936747561182 0.968799530726334 1.588596276663669e-05 -5.361075366461616e-09 1.586006438628888e-05 0 2.644744285794933e-08
488 0.14158818564778 0.960955103237941 2.006199197709069e-05 1.851790763340067e-08 2.004721431503021e-05 0 2.369160608934949e-08
489 0.159106649104947 0.959301719567191 2.534294720062517e-05 -5.770113351747601e-09 2.531492578940474e-05 0 2.860932880856893e-08
490 0.172003538222581 0.968335932554499 2.962133437008556e-05 -1.761467736665032e-08 2.958521716108688e-05 0 4.018369874197057e-08
491 0.1927669078049 0.960785491746918 3.717831961911038e-05 1.211709979174624e-08 3.715908074466282e-05 0 2.273671914266405e-08
492 0.173909999672522 0.946847213772628 3.026017377829153e-05 7.02089319715492e-09 3.02446879860966e-05 0 1.700302035494233e-08
493 0.963385167181672 0.888025095662846 0.0009281156170491108 -9.516125675626876e-09 0.0009281109803456582 0 1.058563492577462e-08
494 0.9661550124388329 0.872906868377502 0.0009334478008706224 -1.732148114930515e-08 0.0009334555080606814 0 1.895875754925517e-08
495 0.958789002045653 0.855979134387135 0.0009192423345457067 6.393583531702561e-09 0.0009192763504436991 0 3.461154759049531e-08
496 0.95865874947145 0.838490886351188 0.0009190524072100981 -3.45654429993432e-10 0.0009190265979381643 0 2.581158644356018e-08
497 0.968248235249733 0.826578112695579 0.0009375123842997669 -9.945301718874803e-09 0.0009375046450642223 0 1.260177737833381e-08
498 0.96120852036435 0.806223073360151 0.0009239111444745066 -2.811865380270647e-09 0.000923921819621023 0 1.103926356529664e-08
499 0.947315922713159 0.823534346216068 0.0008974028888369483 1.723104024955353e-09 0.0008974074574258839 0 4.882734105274581e-09
500 0.787315293207197 0.03669399065894 0.0006198908316535033 -7.067682207284657e-09 0.0006198653709179345 0 2.642349688227118e-08
501 0.771833120417013 0.0335215360303717 0.0005957656712691912 -1.861803466067903e-08 0.0005957263657726633 0 4.349199089407079e-08
502 0.753997878319409 0.040426814333484 0.0005685220785585055 4.127454505299184e-09 0.0005685128005101703 0 1.01547063770789e-08
503 0.736235908473953 0.0389765627909451 0.0005420798772253353 4.813353861747125e-09 0.0005420433129264669 0 3.687975497662727e-08
504 0.7257202712830511 0.0288715886030611 0.0005267129387786504 -1.111190468583681e-09 0.0005266699121511452 0 4.304097371961016e-08
505 0.707786616044789 0.0330254858967912 0.0005009979387537005 1.143381440631876e-08 0.0005009618938521335 0 3.78149050091482e-08
506 0.720193978419283 0.0480881894964384 0.0005186932000458512 7.924442839140037e-09 0.0005186793665513947 0 1.594247042301196e-08
507 0.0357504631215418 0.213382746680319 1.28110119311532e-06 -3.714246010391966e-09 1.27809561340472e-06 0 4.777984179806226e-09
508 0.0327848860223761 0.228569878452522 1.071794300419786e-06 -1.437608036043842e-08 1.074848751500192e-06 0 1.469698465442411e-08
509 0.0397658305600011 0.246251745821398 1.548072212561524e-06 4.563537038471987e-09 1.581321280126718e-06 0 3.356078610903347e-08
510 0.0387034573607179 0.264153450188091 1.510430263660969e-06 5.612950132630811e-09 1.497957611672909e-06 0 1.367743604652104e-08
511 0.0286550775962277 0.274762784777158 8.203829982433951e-07 5.711513640515872e-09 8.211134720458306e-07 0 5.758036127174223e-09
512 0.0325930769112501 0.292981067974804 1.051618856101011e-06 1.87933735368619e-09 1.062308662542665e-06 0 1.085374915174358e-08
513 0.0480575963975243 0.280740661079086 2.298789486908171e-06 2.867038911897434e-09 2.309532571507341e-06 0 1.111907275033498e-08
514 0.212864881000015 0.964044718523816 4.533754137369282e-05 -6.805745747116676e-09 4.531145756315054e-05 0 2.695706489178238e-08
515 0.228416909104621 0.967163335386018 5.221488034058874e-05 -1.937577548033129e-08 5.217428436490869e-05 0 4.498281801843036e-08
516 0.246428319539215 0.960420381773637 6.073710668199926e-05 2.810636394404308e-09 6.072691667092146e-05 0 1.057052518597354e-08
517 0.264327674814279 0.961875892016264 6.990636615071382e-05 4.033190242089424e-09 6.986911967272323e-05 0 3.746420620048575e-08
518 0.274776493453514 0.97178116261418 7.554537093978737e-05 -1.211858327868185e-09 7.550212135460903e-05 0 4.326656005167955e-08
519 0.292917472023571 0.967762416663023 8.583735085864975e-05 1.029143960097509e-08 8.58006454166795e-05 0 3.812090239345751e-08
520 0.280656977265858 0.953015618879432 7.878197722061613e-05 7.197879549753019e-09 7.876833888800832e-05 0 1.542120573542017e-08
521 0.964462806890507 0.7869175053224849 0.0009301911855112734 -1.993371621199889e-09 0.0009301885058751154 0 3.339757529985215e-09
522 0.967453798634776 0.771817971787276 0.0009359635446446074 -1.262598046056262e-08 0.0009359668524928577 0 1.305209725053944e-08
523 0.960563115960148 0.754381918081432 0.0009226510362534639 5.507479248933863e-09 0.0009226814997430688 0 3.0957333970907e-08
524 0.96154805220661 0.736617236526267 0.0009245887824034035 4.060925750242942e-09 0.0009245746567023256 0 1.469784164057984e-08
525 0.971447312035277 0.725822433199246 0.0009437090276689505 3.572787724848768e-09 0.0009437098800605648 0 3.673061882271915e-09
526 0.967380229088686 0.707662425009821 0.0009358096410489968 3.066847413020884e-11 0.0009358245076316787 0 1.486661431508989e-08
527 0.952096890965087 0.720349626815596 0.0009064771915408775 -2.124317239082566e-09 0.0009064884897853848 0 1.149621906013276e-08
528 0.639648417098074 0.0370451367602481 0.0004091687628798224 -1.469966933459151e-08 0.0004091500974960716 0 2.375872111692461e-08
529 0.624201420246706 0.033863148989515 0.0003896570568698782 -1.425815760368858e-08 0.0003896274130380049 0 3.28945561816027e-08
530 0.606828694027193 0.0408469013058853 0.0003682464485908136 1.714969380785105e-08 0.0003682410638947485 0 1.797517592168732e-08
531 0.589445306082141 0.0390985003625409 0.0003474864804148449 6.087767328331244e-09 0.0003474457688622688 0 4.116420075990582e-08
532 0.5784627499994049 0.029203247314232 0.0003346615545446088 -6.591789831583913e-09 0.0003346191531368741 0 4.291073375121848e-08
533 0.561261746861098 0.0348035124594267 0.0003150583366811513 1.694982751158438e-08 0.0003150147484895712 0 4.676779979742029e-08
534 0.5753317990704589 0.0469902763336985 0.0003310323674036607 4.523561644743261e-09 0.000331006679021651 0 2.608362666944779e-08
535 0.669997968818275 0.0322699271206631 0.0004489223505542995 1.725197870949561e-08 0.0004488972782206142 0 3.04343997118211e-08
536 0.654556259994687 0.0394941662835814 0.0004284778453913571 4.487467495928191e-10 0.0004284438974982323 0 3.395085891783506e-08
537 0.689541693356419 0.0334487679798944 0.0004755084071907735 -2.299614581196705e-08 0.0004754677468768378 0 4.671278038777974e-08
538 0.679798046778029 0.0468755204424117 0.0004621704018353508 -3.742437776898817e-09 0.0004621253844032234 0 4.517272446803696e-08
539 0.66426975786621 0.0510655115550151 0.0004412800546519235 9.944998584748016e-09 0.0004412543112156333 0 2.759759969418633e-08
540 0.69729905021866 0.0520012890224494 0.0004862275452751065 -1.104959542991247e-08 0.0004862259654358454 0 1.116196448909456e-08
541 0.0359466029279433 0.361693658543115 1.265131555535851e-06 -1.662311646048403e-08 1.292158262059222e-06 0 3.172965279291981e-08
542 0.0324896275286882 0.377137788225385 1.054027612374374e-06 -1.467622211143638e-08 1.055575896952894e-06 0 1.475766514731575e-08
543 0.0386837987764016 0.394797056099467 1.468360076141001e-06 -1.11064729082301e-09 1.49643628777313e-06 0 2.809817070587846e-08
544 0.0365528957032833 0.412018706173822 1.353987304709002e-06 5.455139980825007e-09 1.336114184295107e-06 0 1.868708071208517e-08
545 0.0269380045049686 0.422426045821765 7.247567627290998e-07 1.259233307168013e-09 7.256560867097086e-07 0 1.547401739684748e-09
546 0.031362499384263 0.439301021241922 9.746471182648032e-07 4.067497511010594e-09 9.836063676278972e-07 0 9.839343735848261e-09
547 0.0434555480995245 0.426435384928599 1.88038743690944e-06 -1.958365114476447e-09 1.888384660630088e-06 0 8.233515722927196e-09
548 0.0314196916059508 0.330871559022407 9.760052712455782e-07 -3.518561855753279e-09 9.871970206130554e-07 0 1.1731817056074e-08
549 0.0385383572277208 0.346640188674068 1.491250739208766e-06 -9.433501769918777e-09 1.48520497781142e-06 0 1.120456096938619e-08
550 0.0326707200030542 0.311329990925969 1.09021498754698e-06 -6.278941725921842e-09 1.067375945517966e-06 0 2.368642965920785e-08
551 0.0452733281380083 0.321365912626249 2.068297257621022e-06 8.938056772819545e-09 2.049674240691774e-06 0 2.065685403010819e-08
552 0.0498375556818337 0.336953867729351 2.485708006083879e-06 1.331792088370731e-08 2.483781956339875e-06 0 1.345647369413944e-08
553 0.0509401082122242 0.30419582237485 2.596827321221221e-06 -3.597132705576287e-09 2.594894624673112e-06 0 4.083464172562211e-09
554 0.964259516110709 0.639367183067734 0.0009297724644099687 -2.075363571825006e-08 0.0009297964144100588 0 3.169094349870308e-08
555 0.967548031773944 0.623801041520433 0.0009361443262709828 -1.779804124679487e-08 0.0009361491937896329 0 1.845163976541179e-08
556 0.961203224589532 0.606108046428958 0.000923879848248165 -6.835417091664639e-10 0.0009239116389613142 0 3.179806081827741e-08
557 0.96358605546691 0.588626660472734 0.0009285205044647897 7.392851318524257e-09 0.000928498086290279 0 2.360569420729763e-08
558 0.9732200202411559 0.578063860560436 0.0009471593437264063 1.17001680746432e-09 0.000947157207798196 0 2.435390861747834e-09
559 0.968712922241013 0.56126579114249 0.0009384000514546941 3.936001002565176e-09 0.0009384047257167229 0 6.110714312313918e-09
560 0.957136168145951 0.574306576264916 0.0009161087440671542 -1.429049906359544e-09 0.0009161096443731143 0 1.689003983612176e-09
561 0.968755024800413 0.669801999577332 0.0009384761582453562 -3.27543956162244e-09 0.0009384862980760487 0 1.06557341743863e-08
562 0.961798256713862 0.65435315499084 0.0009250695726094457 -1.230183276048317e-08 0.000925055886617824 0 1.840221334338609e-08
563 0.967308281055944 0.689284817875195 0.0009357026465644432 -7.552222285072538e-09 0.0009356853105994053 0 1.890956755826192e-08
564 0.954836189642416 0.67941726498202 0.0009117261512282952 7.60505303680639e-09 0.0009117121490508479 0 1.593417098429599e-08
565 0.950689679072665 0.664099006661393 0.0009038194500676542 7.231471146199821e-09 0.0009038108658952867 0 1.122417881955651e-08
566 0.948624262682669 0.696667242220752 0.0008998774733120831 -6.540278452336975e-09 0.0008998879917502374 0 1.238599141936129e-08
567 0.362075516853822 0.964059484256283 0.000131120606983402 -1.769895357768389e-08 0.0001310986799049623 0 2.817888795969514e-08
568 0.377693566834433 0.967274695706149 0.0001426883017197577 -1.709744870767686e-08 0.0001426524304281163 0 3.973754290754462e-08
569 0.395925285971137 0.960737902189462 0.0001567670754809606 1.173049887881085e-08 0.0001567568320713266 0 1.557344036732152e-08
570 0.414111736408965 0.962587118225757 0.0001715269787334706 1.024135100868477e-08 0.0001714885302316481 0 3.978910105645962e-08
571 0.424571809555633 0.972620876643742 0.0001803034348300846 5.789579742215165e-09 0.0001802612214693447 0 4.260853269649024e-08
572 0.442474141096906 0.969285986784044 0.0001958185855620413 1.260608501464518e-08 0.0001957833655394447 0 3.74080655889121e-08
573 0.430673243285405 0.954437236151638 0.0001854916738534008 1.536245655094587e-08 0.0001854794424819697 0 1.96369936183193e-08
574 0.331063385850916 0.968586554148125 0.0001096286014444401 1.512189706884231e-08 0.0001096029654510725 0 2.976366790069884e-08
575 0.346981565857204 0.961599388021701 0.000120431957133353 4.070798728369199e-10 0.0001203962070447172 0 3.575240623351684e-08
576 0.311335961449512 0.967392898923838 9.697232952038386e-05 -2.492392764619429e-08 9.693008089169202e-05 0 4.905251059480486e-08
577 0.321534483060965 0.954338585732834 0.0001034312848613107 -6.791783709238611e-09 0.000103384423797282 0 4.735068793438318e-08
578 0.337450146568094 0.950302531018737 0.0001138989685615148 6.981330819112081e-09 0.0001138726014188281 0 2.727572535178231e-08
579 0.303902538290675 0.949288464080528 9.235856446718876e-05 -1.360555050693401e-08 9.235675277951518e-05 0 1.372564085291937e-08
580 0.509396106823737 0.969140810560107 0.0002595265993907013 -9.99694146877637e-09 0.0002594843936471802 0 4.337353599721792e-08
581 0.524024620635172 0.9686282597665959 0.0002746281820487554 -1.200549910129895e-08 0.0002746018030318359 0 2.898248682072012e-08
582 0.540532913759514 0.966732633880528 0.0002922105624064128 1.640311225681301e-08 0.0002921758308573501 0 3.84101886483281e-08
583 0.554883657062188 0.964337121614518 0.0003079309065585582 -5.618579798129054e-09 0.0003078958728747079 0 3.548136754793591e-08
584 0.567974187294651 0.971944367688134 0.0003226285169612788 -1.60135106495164e-08 0.0003225946774330193 0 3.743723008117893e-08
585 0.586295083748411 0.963670319505659 0.0003437731276030735 1.021965720919501e-08 0.0003437419252275562 0 3.283336156093785e-08
586 0.566870243160727 0.95448523486986 0.0003213662039371655 7.657778983402509e-09 0.0003213418725811018 0 2.550796869330918e-08
587 0.479458138813736 0.970190057581798 0.0002299059443131373 8.107909932045167e-09 0.0002298801068747317 0 2.707972353675319e-08
588 0.496612884456742 0.9616285452202989 0.0002466556692813349 -1.602811929315883e-08 0.0002466243570084454 0 3.517611464592217e-08
589 0.46028098828694 0.969348009829529 0.0002118969798115226 -1.437995093953291e-08 0.0002118585881784022 0 4.099634718698393e-08
590 0.469096684770457 0.957743099196442 0.0002200848158253943 2.622703305920706e-09 0.0002200516996626335 0 3.321985563827534e-08
591 0.482582759107378 0.952917040386609 0.0002329130629373758 7.539229433219657e-09 0.0002328861193876896 0 2.797847119014325e-08
592 0.453174325892331 0.952595549068127 0.0002053743195214865 -6.61860432824285e-09 0.0002053669696479686 0 9.890731215774418e-09
593 0.606632746943311 0.9653144872203691 0.0003680302253297389 3.917173428880646e-10 0.0003680032896639873 0 2.693851391519901e-08
594 0.622838121664558 0.96745996378123 0.0003879650967659774 -1.078111658054597e-08 0.0003879273257986347 0 3.927949145192187e-08
595 0.640077037903967 0.959805021061765 0.0004097081343769936 1.136900629880105e-08 0.0004096986144519164 0 1.48284617441487e-08
596 0.658753863996003 0.960887617316824 0.000433997152264513 -1.048950163822991e-08 0.0004339566533296644 0 4.183531245842603e-08
597 0.670694067880039 0.97105982657767 0.0004498704725378335 -7.919305107249485e-09 0.0004498305326894744 0 4.07174026716453e-08
598 0.688051538268168 0.966808803305092 0.0004734427723601894 7.242360996302928e-09 0.0004734149193131923 0 2.877922896503478e-08
599 0.674414788289643 0.95195895381342 0.0004548518923132586 -4.674911654467621e-09 0.0004548353066637639 0 1.723190552835506e-08
600 0.707194953428702 0.9643307844753271 0.0005001405638693616 -2.25494210311393e-08 0.0005001247021550239 0 2.756937377908062e-08
601 0.723360458307157 0.968992305092093 0.0005232697670867211 -4.125671684305241e-09 0.0005232503526423402 0 1.984796759031776e-08
602 0.738727014450533 0.96202088603083 0.0005457293570071796 2.071386635997692e-08 0.000545717601878998 0 2.381695400644899e-08
603 0.755953421744188 0.96044850491519 0.0005714911501171971 -6.993140274219487e-09 0.0005714655758467462 0 2.651315371644494e-08
604 0.769571079982278 0.968972358222227 0.0005922593579934608 -1.910061072407923e-08 0.0005922396471450897 0 2.744723799471205e-08
605 0.789344105940289 0.960766073243823 0.0006230612814471144 1.386667075409173e-08 0.0006230641175826743 0 1.41537352920198e-08
606 0.808463235667271 0.96102873076921 0.0006536365968509892 -5.530588915647506e-09 0.0006536128034255933 0 2.442774049766751e-08
607 0.769712179423475 0.94873897984101 0.0005924732416081086 -3.074825264599196e-09 0.0005924568391528359 0 1.668817214019571e-08
608 0.825841142742431 0.950846710244095 0.0006819962810648559 1.277098410895949e-08 0.0006820135930461243 0 2.151285035857759e-08
609 0.8455190222703191 0.937581165177195 0.000714903358237384 -9.648547427879643e-09 0.0007149024170209563 0 9.69434659127888e-09
610 0.7871546825953351 0.942232719715368 0.0006196558813633934 6.918399996264717e-09 0.0006196124943317627 0 4.39351655537361e-08
611 0.803602016365928 0.945564433413411 0.0006457913425025642 4.014028675704988e-09 0.0006457762007073852 0 1.566481367437613e-08
612 0.814623014203372 0.9343239569484521 0.0006636220465141082 5.897735266063183e-09 0.0006636106552697873 0 1.282745993741896e-08
613 0.828821521553293 0.931797995842652 0.0006869657060141529 2.073629613393476e-08 0.0006869451145899158 0 2.922329087335614e-08
614 0.796205624668416 0.924225445531917 0.0006339323132715526 7.756162126868752e-10 0.0006339433967536227 0 1.111058753202502e-08
615 0.960063705967419 0.239595186748743 0.0009216948625433712 -1.909849223277831e-08 0.0009217223195158948 0 3.344604230290991e-08
616 0.965438673458578 0.223129298428093 0.000932084968203894 2.023490798738828e-09 0.0009320718322094589 0 1.329093167583116e-08
617 0.960871984952878 0.204345771754921 0.0009232651052482829 1.831684917303884e-08 0.0009232749714672838 0 2.080502922374173e-08
618 0.964260330824362 0.272452855695208 0.0009297735168877327 5.150146146530523e-09 0.0009297979856015081 0 2.500483871481653e-08
619 0.956214354990379 0.256104609543615 0.0009143577415863995 -1.121829708447816e-08 0.0009143458926896665 0 1.631706294843004e-08
620 0.96399288748467 0.290969880223994 0.0009292939140896647 5.234288447689356e-09 0.0009292822871210317 0 1.275084997740859e-08
621 0.947236740281366 0.286973959883797 0.0008972549093786996 -1.116579165584769e-08 0.000897257442138868 0 1.144944441325769e-08
622 0.943391243961774 0.267936800808255 0.0008899981206157433 -1.092874469815352e-08 0.0008899870391837433 0 1.556391968135868e-08
623 0.965999236445946 0.318815153478096 0.0009331636409629143 4.566032287130987e-09 0.0009331545248141506 0 1.019572553226067e-08
624 0.968576687603612 0.336318226067283 0.0009381249037275196 1.980199937250598e-08 0.0009381407997691851 0 2.539297776510612e-08
625 0.952985668370063 0.306977352485535 0.0009081894087705564 -2.291986400612539e-09 0.0009081816841187357 0 8.057508759587323e-09
626 0.0402737964771666 0.762614412967584 1.599911130195163e-06 -1.985263631791812e-08 1.621978682684237e-06 0 2.968339673335133e-08
627 0.0347101235895602 0.778586258331416 1.219027980761688e-06 1.649934261775759e-09 1.204792679602544e-06 0 1.433059950454648e-08
628 0.039155547926334 0.797350512401192 1.522506430004954e-06 1.749570269602652e-08 1.533156933411439e-06 0 2.048250071742482e-08
629 0.0365394362593821 0.729864966331818 1.306785620095656e-06 5.117292891287983e-09 1.335130402153447e-06 0 2.880300950315664e-08
630 0.0444049827916174 0.7465544612603801 1.985034393457239e-06 -1.149677421115328e-08 1.971802496723837e-06 0 1.752880225302467e-08
631 0.0371717348077135 0.711482100716988 1.390560988646479e-06 6.622830240603055e-09 1.381737868614979e-06 0 1.103219504387506e-08
632 0.0542689623591278 0.716663328245032 2.940693129270092e-06 -1.141413738152056e-08 2.94512027553643e-06 0 1.22426368167881e-08
633 0.0576343347401017 0.73573634624282 3.331134696487928e-06 -8.532985180068811e-09 3.321716540934093e-06 0 1.270879577770888e-08
634 0.0356807286243093 0.683506062836715 1.283071154465339e-06 3.445167173751709e-09 1.273114395161605e-06 0 1.053594953896374e-08
635 0.0333359740402926 0.665713086565353 1.0913565144548e-06 1.974161082194434e-08 1.111287165215062e-06 0 2.805284366285654e-08
636 0.0489329391535192 0.696329914000517 2.397067506667779e-06 5.300119240041601e-10 2.394432534202012e-06 0 2.687748599652517e-09
637 0.0369073579521983 0.508571154040068 1.353783277101481e-06 -7.360983992273606e-09 1.362153071011695e-06 0 1.114618927858142e-08
638 0.0344478543827188 0.525886858160021 1.157895280772933e-06 -4.846560531416333e-09 1.186654671572999e-06 0 2.916490542030952e-08
639 0.0329155189497949 0.540672918446143 1.090302650858874e-06 -2.292651888413985e-09 1.083431387734307e-06 0 7.243653056881977e-09
640 0.0408813973013059 0.553481265115779 1.67765699601662e-06 1.138457569623513e-09 1.671288645307221e-06 0 6.469310349313381e-09
641 0.0301112804962236 0.568150472620338 9.007660363782499e-07 6.030471596051982e-10 9.066892131222558e-07 0 5.953796151821158e-09
642 0.0365886840726716 0.585719206118394 1.337363276728373e-06 -6.850499942682534e-09 1.338731802169772e-06 0 6.985857953641119e-09
643 0.0491827676323542 0.570089256805679 2.414283335692743e-06 -2.641941828011974e-09 2.418944631978148e-06 0 5.357941739411417e-09
644 0.0327781408553465 0.477673161214151 1.060100799966494e-06 2.385603832513617e-09 1.074406517932935e-06 0 1.450326419055635e-08
645 0.0400649978427203 0.493404700792271 1.623967192627564e-06 -9.259224949255867e-09 1.605204052137182e-06 0 2.092340048182237e-08
646 0.0329443628624371 0.457289522281807 1.088885904685024e-06 -1.636647457503519e-09 1.085331044411925e-06 0 3.913520980065061e-09
647 0.0471662381815461 0.46566446325091 2.236690280610474e-06 1.450075387155127e-09 2.224654024198337e-06 0 1.212329109801292e-08
648 0.0540273507331478 0.482828291157096 2.917057768398441e-06 1.020750978919006e-08 2.918954627242566e-06 0 1.038226033053234e-08
649 0.0505054290514015 0.446562659416719 2.521359755544487e-06 -8.223818534360926e-11 2.550798363666151e-06 0 2.943872298962759e-08
650 0.963756191475811 0.490904450124971 0.0009288148858362068 -5.386694914457572e-09 0.0009288259966079602 0 1.23477014483323e-08
651 0.966685876286593 0.4735609438899 0.0009344538067414277 -3.053373125633836e-09 0.0009344815834119782 0 2.794398887619468e-08
652 0.968579991154388 0.45885664755513 0.0009381545082629533 1.069034970410058e-09 0.0009381471992646343 0 7.386764663591878e-09
653 0.961428427134761 0.446034455104848 0.0009243508094629968 5.666888220899995e-09 0.0009243446205028204 0 8.391474850959929e-09
654 0.971876214881545 0.431775521726664 0.0009445375295505384 4.027992580546207e-09 0.0009445433770524789 0 7.100563581418666e-09
655 0.96619830948334 0.414633887392909 0.0009335416863788373 -5.146823951992523e-09 0.0009335391732484639 0 5.727619144680983e-09
656 0.9542745821340129 0.429723212485159 0.0009106380038501092 -4.439472692272165e-10 0.000910639978107045 0 2.023556183137172e-09
657 0.967132811868934 0.522334184478605 0.0009353273462472536 1.293384771428326e-09 0.0009353458757935108 0 1.857463131972234e-08
658 0.960137401837954 0.5062190012640509 0.0009218760714183312 -7.399842723712634e-09 0.0009218638304081369 0 1.430384573856776e-08
659 0.966923389193148 0.543139798143648 0.0009349445316253157 -1.591124912286138e-09 0.000934940840568764 0 4.019400073894785e-09
660 0.952302453347706 0.53474830059194 0.0009068928933691295 -9.837907478373558e-11 0.0009068799626520598 0 1.293109130655881e-08
661 0.945610927472519 0.516809427298206 0.0008941656494101477 1.611003984978924e-08 0.0008941800261554376 0 2.159222520012551e-08
662 0.949284295562102 0.554611772868875 0.0009011125925739782 -2.731267423751302e-09 0.0009011406738008362 0 2.821373997882276e-08
663 0.962421421047433 0.394399471040513 0.0009262409567958608 -1.029399384310843e-08 0.0009262549916909603 0 1.74053034933658e-08
664 0.968221060034401 0.376380054402429 0.0009374533317954425 -6.511608630919587e-10 0.0009374520210941392 0 1.463539673512609e-09
665 0.962900360381283 0.358587773364392 0.0009271662552596924 8.561547809919587e-09 0.0009271771040224047 0 1.382012131962281e-08
666 0.0408605427110671 0.606708394410898 1.651643319221901e-06 -1.290084688328878e-08 1.669583950642939e-06 0 2.209746831860172e-08
667 0.0343846506207706 0.6250232936721219 1.189474625905066e-06 -1.241184704595961e-09 1.18230419831246e-06 0 7.277057876073796e-09
668 0.0398565759631886 0.643521092490924 1.572898031373685e-06 8.871997459841745e-09 1.588546647509423e-06 0 1.798864991852149e-08
669 0.388875589266918 0.0401519666724392 0.0001512441200373834 -2.659947093854029e-08 0.0001512242239276927 0 3.321727013216017e-08
670 0.373994845390317 0.0351855923665364 0.0001398895916184022 1.714861567472664e-09 0.0001398721443785272 0 1.753131282747257e-08
671 0.357677616826533 0.0422794803380068 0.0001279368092822349 2.023393986274811e-08 0.0001279332775787081 0 2.053984547580403e-08
672 0.340430656298131 0.0416088538497058 0.0001159276309998663 1.886150702462088e-09 0.0001158930317475762 0 3.465062515311877e-08
673 0.328665730853497 0.0312431476479908 0.0001080519703365264 -1.196314178536225e-08 0.0001080211626374633 0 3.304891954267168e-08
674 0.309882957007544 0.0383953014672809 9.604950120828629e-05 5.430764763358525e-09 9.602744704373936e-05 0 2.271297822343273e-08
675 0.326679722357733 0.0497667997969381 0.000106728640569415 2.715305499161591e-09 0.0001067196409997255 0 9.400273323100642e-09
676 0.420332357517147 0.0366312936911507 0.0001766886183030238 1.027944321436773e-08 0.0001766792907759227 0 1.388055166841682e-08
677 0.404004301426735 0.0445814254403709 0.0001632424132690584 -3.417269219547755e-09 0.0001632194755713041 0 2.319085395551561e-08
678 0.438453366011213 0.037230818738466 0.0001922804312471374 -9.565027564544242e-09 0.0001922413541665627 0 4.023068453995386e-08
679 0.433157156723172 0.0541457841110455 0.0001876474113777909 -1.512409259616313e-08 0.0001876251224205026 0 2.693577164024628e-08
680 0.414563603825541 0.0579736785443003 0.0001718889253781059 -3.751261694864932e-09 0.0001718629816168201 0 2.621355973451405e-08
681 0.46657757597637 0.0357395613358483 0.0002177309697855206 4.904177720998636e-10 0.0002176946344039853 0 3.633869096302101e-08
682 0.48477743045482 0.0329684109364737 0.0002350155257492663 -8.192820495711614e-09 0.0002350091570783779 0 1.03770071099714e-08
683 0.453319336594762 0.0491567428784401 0.00020552171546679 -8.864482487699519e-09 0.0002054984209307151 0 2.492417422342438e-08
684 0.290828150584587 0.0355789367898187 8.460007397190987e-05 -6.04621516342684e-09 8.45810131724512e-05 0 1.999676958425545e-08
685 0.275696778475078 0.0330608978326325 7.603245211045952e-05 -8.942184378170307e-09 7.600871366153623e-05 0 2.536684092938701e-08
686 0.259503205446711 0.0408608469453636 6.734087933842613e-05 1.424156658181346e-08 6.734191363711791e-05 0 1.427907533729126e-08
687 0.241607398164523 0.0415402882938498 5.839550139191974e-05 -8.990650576981857e-09 5.837413484783036e-05 0 2.318104838269161e-08
688 0.228594937983242 0.0321169621814142 5.227290777884792e-05 -1.710793908263872e-08 5.225564567156226e-05 0 2.430353734740969e-08
689 0.208521243660683 0.0399134258529523 4.347684657695261e-05 1.250146161054607e-08 4.348110905779793e-05 0 1.320815223097829e-08
690 0.189785149603017 0.0392544823960474 3.604166369291704e-05 -2.113884948153162e-09 3.601840300983955e-05 0 2.335653841658603e-08
691 0.226914424207894 0.0528523484851734 5.150434105955716e-05 1.18084897792193e-09 5.149015591360007e-05 0 1.423421125782415e-08
692 0.172366063995805 0.0491877217967509 2.969466763181879e-05 1.233381846730094e-08 2.971006001740595e-05 0 1.972431524915972e-08
693 0.152825903178052 0.0622298803454459 2.335822356736525e-05 -1.052082087008564e-08 2.335575668218733e-05 0 1.080616464160634e-08
694 0.209527675152758 0.0585435106750529 4.394462176385674e-05 1.18558932321009e-08 4.390184665491968e-05 0 4.43877477341255e-08
695 0.19377828252348 0.054751530069579 3.756799842784741e-05 6.719287727845573e-09 3.755002277774963e-05 0 1.919043574302828e-08
696 0.182639875161057 0.06566194519199289 3.337111101979541e-05 3.711061278168747e-09 3.335732399884649e-05 0 1.427774220443557e-08
697 0.168902110748016 0.06801126326049189 2.854991737013007e-05 1.976179103305318e-08 2.852792301513506e-05 0 2.956822680649616e-08
698 0.1997970223858 0.07591069024885951 3.991505818342073e-05 5.156345329993169e-09 3.991885015423186e-05 0 6.40054214849404e-09
699 0.540933994241616 0.0382787109140058 0.0002926182650219014 -2.429532796632073e-08 0.0002926095861261887 0 2.579895718401136e-08
700 0.524048932771306 0.0320089698433456 0.0002746515093043031 -2.890890410340053e-09 0.0002746272839387449 0 2.439724541408702e-08
701 0.50688128507857 0.0372101927470411 0.0002569300041522221 1.23667889870478e-08 0.0002569286371629026 0 1.244211114119095e-08
702 0.0504801858888514 0.813577729071091 2.554711533030298e-06 -6.919953260610791e-09 2.548249167372992e-06 0 9.46825871096511e-09
703 0.0517289566105865 0.832769388166025 2.648515019777427e-06 8.874259810148777e-09 2.675884952019941e-06 0 2.877265504151144e-08
704 0.06279627313180219 0.851029740320917 3.959131797416474e-06 -4.753157857196634e-09 3.943371919243902e-06 0 1.646105311423752e-08
705 0.06766321453359291 0.8185720563530861 4.553128445847918e-06 4.14757243140315e-09 4.578310601019018e-06 0 2.552142817585022e-08
706 0.0709159488751686 0.835896550671948 5.029779170427571e-06 -8.84389850438177e-09 5.029071804865527e-06 0 8.872142176169839e-09
707 0.0548513807055502 0.779083823055934 2.990602476986843e-06 -2.870660531523764e-09 3.008673965305205e-06 0 1.829807044275255e-08
708 0.0612338660887196 0.7998014292793379 3.769842752977371e-06 -4.940922299006529e-09 3.749586356171244e-06 0 2.0850283564789e-08
709 0.0612419185968067 0.756254503666867 3.739537097051751e-06 -5.052293750880629e-09 3.750572593417898e-06 0 1.213704462348387e-08
710 0.0749168759032008 0.771603733167711 5.593149589094879e-06 -1.546655579006233e-08 5.612538295095588e-06 0 2.480194081899758e-08
711 0.07235681107264599 0.78739960693092 5.246285981726021e-06 -3.58736417906981e-09 5.235508108602586e-06 0 1.135921347709083e-08
712 0.0828579812039396 0.8028404596161151 6.864897283405425e-06 7.443979247497194e-09 6.865445049192408e-06 0 7.46410573307735e-09
713 0.0886939604385102 0.8265799413885589 7.857152036088779e-06 6.496472119840736e-09 7.866618618268013e-06 0 1.14813034172977e-08
714 0.0763335545946076 0.74153814565956 5.818600569089395e-06 1.266241966032819e-08 5.826811557047939e-06 0 1.509162664889461e-08
715 0.08021380215672939 0.756666565788461 6.446292143614702e-06 -2.125598967991441e-09 6.434254056438925e-06 0 1.222430831680598e-08
716 0.0729551971209226 0.7235531651909241 5.333673387614963e-06 8.167282517718697e-09 5.322460786952674e-06 0 1.387180295910374e-08
717 0.0723010543885709 0.703017960885854 5.206314767201427e-06 1.523616638954083e-09 5.227442465699088e-06 0 2.118256479915852e-08
718 0.0928675274433727 0.7665605851509401 8.623276586540165e-06 -9.394254839001844e-10 8.624377653445583e-06 0 1.447366080163671e-09
719 0.08788193513284311 0.783685469231431 7.733509879269205e-06 2.290100566483727e-09 7.723234522693243e-06 0 1.052746471700426e-08
720 0.0989093520945124 0.794140467493413 9.798832148874771e-06 -7.773880485769915e-10 9.783059931756226e-06 0 1.579136362106186e-08
721 0.103178131488674 0.809743585483687 1.062737892259987e-05 1.997528252601842e-08 1.06457268174941e-05 0 2.712300055384801e-08
722 0.105332523050085 0.779587466630555 1.109925489329112e-05 3.181689352351731e-10 1.109494041209669e-05 0 4.32619688045195e-09
723 0.0510925894525679 0.6761456487686039 2.61257586301141e-06 3.572191623998571e-10 2.610452696968653e-06 0 2.153007100570061e-09
724 0.0522462332608117 0.659074932893852 2.711183919348508e-06 8.926014886546965e-10 2.729668889943147e-06 0 1.85065089982475e-08
725 0.0653386534331709 0.685339586188303 4.284652502996149e-06 -1.811704324574104e-08 4.269139632460015e-06 0 2.385113012498381e-08
726 0.0709558424410003 0.66690136153797 5.012746837280055e-06 -3.154293452609262e-08 5.034731576512059e-06 0 3.844847822237666e-08
727 0.0524043762230629 0.624878449338276 2.73682680734272e-06 -1.783013758974076e-08 2.74621864732832e-06 0 2.015243074133242e-08
728 0.065941581592524 0.643083704704404 4.325646696969774e-06 -1.259693177213446e-08 4.3482921829235e-06 0 2.591333101228442e-08
729 0.0591836248868955 0.589415392680028 3.467450060009799e-06 4.495587231027522e-09 3.502701454752756e-06 0 3.553689823093124e-08
730 0.0609593950405363 0.609059316532428 3.746891830474585e-06 -1.631033997277949e-09 3.716047843708162e-06 0 3.088708130509531e-08
731 0.07234851179173971 0.621850849195993 5.254936116129531e-06 1.325910370325749e-08 5.234307158479499e-06 0 2.4522596207183e-08
732 0.0863408589218078 0.633512793475501 7.453980511967864e-06 -1.433845207163256e-08 7.454743919355518e-06 0 1.435876034517007e-08
733 0.08734924849955709 0.651822044503767 7.614403973264075e-06 6.844652110074336e-09 7.629891213437378e-06 0 1.693233211030088e-08
734 0.09125074622876229 0.668527602536813 8.319844930976008e-06 1.035661582425886e-09 8.326698687305977e-06 0 6.931563369392169e-09
735 0.0833587187551609 0.68429733048979 6.931066942024599e-06 -1.59421998749417e-08 6.948675992502015e-06 0 2.375357647952763e-08
736 0.0942306743094148 0.700218393092085 8.855529497120933e-06 -1.268695915388906e-08 8.879419980807007e-06 0 2.70502152177586e-08
737 0.0869161912132828 0.714722316472171 7.548016685724754e-06 2.668005264880006e-09 7.554424295023939e-06 0 6.940872353272397e-09
738 0.106011206968312 0.681776676567075 1.122143903794102e-05 1.341957753926344e-08 1.123837600287828e-05 0 2.160892969627273e-08
739 0.0902002998448454 0.729646483110769 8.135210183266903e-06 3.814105985377438e-09 8.136094092100017e-06 0 3.915188283205319e-09
740 0.09565738063993 0.747389129230761 9.147559664873396e-06 5.021853628420561e-09 9.150334470892455e-06 0 5.73747002682281e-09
741 0.113096823338682 0.760463215341039 1.276184132703289e-05 -3.180744501691565e-10 1.279089144930104e-05 0 2.905186354006406e-08
742 0.104415372679162 0.733507602528735 1.092176304386752e-05 4.77346119086025e-09 1.090257005172829e-05 0 1.977768639141408e-08
743 0.11238273484253 0.743361099483376 1.265372100653965e-05 -1.12570191964884e-10 1.262987909068641e-05 0 2.384218160322808e-08
744 0.104835462380964 0.717181917751656 1.095705083246243e-05 -1.398687489162916e-08 1.099047417263052e-05 0 3.623192428267909e-08
745 0.111834212534887 0.700316586490407 1.250648228649972e-05 2.099553707671254e-09 1.250689109329828e-05 0 2.138983115862492e-09
746 0.127241188943458 0.711896670504595 1.6171514781472e-05 5.904283933416922e-09 1.619032016374478e-05 0 1.971047871543964e-08
747 0.118904195733705 0.729973715736314 1.41328951872061e-05 -4.988989086889264e-09 1.413820776307923e-05 0 7.287899184052307e-09
748 0.101023036372936 0.641057550488232 1.02125577567884e-05 -4.326139184263819e-09 1.020565387800755e-05 0 8.147332229774001e-09
749 0.10848013665444 0.657829575321629 1.175674063650208e-05 2.225725014488673e-08 1.176794004856597e-05 0 2.491609950591992e-08
750 0.125997066046405 0.670724518030974 1.585199542673695e-05 3.964918481417911e-09 1.587526065230215e-05 0 2.360066310855745e-08
751 0.126775822192873 0.6905110819139439 1.607430586790163e-05 1.849441435668055e-08 1.607210909267895e-05 0 1.862442438776494e-08
752 0.119991044870527 0.636986155069322 1.438611162819219e-05 2.552504961382165e-08 1.439785084912083e-05 0 2.809515021848823e-08
753 0.127614115517052 0.6538891183086371 1.630461117903314e-05 1.904384268062199e-10 1.62853624791995e-05 0 1.924964186887581e-08
754 0.142906057649214 0.660881342004117 2.042391333388208e-05 2.922846560767445e-09 2.042214131284047e-05 0 3.418053625921563e-09
755 0.144023522233432 0.679440630287212 2.072749111147971e-05 1.887328854192234e-09 2.074277495652388e-05 0 1.539993277706791e-08
756 0.145460514753459 0.698909480277598 2.114792716184286e-05 8.674981176748936e-09 2.115876135234126e-05 0 1.38793004929133e-08
757 0.147975927407257 0.717975782613604 2.190522863833305e-05 1.239392549056748e-08 2.18968750920378e-05 0 1.494627461184722e-08
758 0.134706749626503 0.728423805988571 1.81565331348468e-05 9.303625608371414e-10 1.814590839493737e-05 0 1.066539603754748e-08
759 0.129770916607104 0.745484874289671 1.681092309321606e-05 -7.445815474112977e-09 1.684049079704794e-05 0 3.04908064498847e-08
760 0.131603366116651 0.763066568735197 1.733071663471487e-05 -8.429725624278262e-09 1.731944597323328e-05 0 1.407437687192808e-08
761 0.123932623314606 0.7778285846865109 1.53609935813545e-05 -1.60843110263726e-08 1.535929512164002e-05 0 1.617373879456375e-08
762 0.115219060217559 0.794877644717037 1.327638160157327e-05 -5.41238855511058e-09 1.327543183741749e-05 0 5.495088882183244e-09
763 0.949438096122026 0.188337890745834 0.0009014365234793173 -4.967718076274644e-09 0.0009014326983678175 0 6.269744880867111e-09
764 0.9481350571098141 0.16889277285844 0.0008989306334735209 1.159661755169161e-08 0.0008989600865206304 0 3.165380739618986e-08
765 0.937009201084174 0.150667287917905 0.0008780006723613804 -2.746834431009642e-09 0.0008779862429164019 0 1.468856636227105e-08
766 0.9321416796863951 0.183885020185905 0.0008688590983129718 6.081864329164617e-09 0.0008688881110085739 0 2.96433058179632e-08
767 0.928841661590909 0.166301355231881 0.0008627436689522257 -6.762332355104481e-09 0.0008627468323069607 0 7.465651482671576e-09
768 0.945318563654559 0.223657232145261 0.0008936061121345441 -3.082303888095738e-09 0.0008936271867899185 0 2.129886608273221e-08
769 0.938704923284658 0.202806704038357 0.0008811847682139069 -6.029725194904396e-09 0.0008811669329988558 0 1.882690845164357e-08
770 0.939315134922928 0.247309513344427 0.0008822983861211476 -6.51120235535017e-09 0.0008823129226952784 0 1.59282059118532e-08
771 0.925283397537195 0.232401379647635 0.0008561222496798883 -1.495401481963328e-08 0.0008561493657579749 0 3.096617913181594e-08
772 0.92762211647827 0.216017715076871 0.0008604905594413832 -2.884356369474974e-09 0.0008604827909796251 0 8.28664647207383e-09
773 0.916874816604243 0.200597774147011 0.0008406550577550003 8.243105579944831e-09 0.0008406594293230642 0 9.330562520000285e-09
774 0.910923245103291 0.176373933813638 0.0008297662106807021 8.651931962649412e-09 0.0008297811584695104 0 1.727114115934934e-08
775 0.924684833619856 0.26336521953975 0.0008550366485657153 1.142378544599772e-08 0.0008550420415265808 0 1.263277090792751e-08
776 0.92031355271411 0.248111578724649 0.0008469843918916288 -3.629162027448875e-09 0.000846977035309267 0 8.20305559337432e-09
777 0.928696730963806 0.281421640083243 0.0008624935693653951 4.036195900950241e-09 0.0008624776181028599 0 1.645398595534787e-08
778 0.93017010382428 0.302096706084293 0.0008652052242742296 -2.453109703055711e-10 0.0008652164220484718 0 1.120046094821973e-08
779 0.907247347811809 0.238690175910333 0.0008230895347704992 -2.897418582049854e-09 0.0008230977501115617 0 8.711306630618101e-09
780 0.911970461919149 0.22062634051938 0.0008316960270937106 1.080595039903248e-09 0.0008316901234130259 0 6.001760680513907e-09
781 0.900622210404467 0.210270228304715 0.0008111291654384499 1.384023930363317e-09 0.000811120365873828 0 8.907741564199436e-09
782 0.896226650546374 0.19420339515153 0.0008031975991492667 2.447398681719335e-08 0.0008032222091495724 0 3.470775339562629e-08
783 0.894222807960749 0.225780396979731 0.0007996317656600593 2.173223940188678e-09 0.0007996344302772067 0 3.438471584335283e-09
784 0.951521931382419 0.327215832990726 0.0009053968738296249 2.070072745590809e-09 0.000905393985901729 0 3.553213855690411e-09
785 0.950957122172606 0.344136377491236 0.0009043041937551214 5.823829124520674e-09 0.0009043194482108047 0 1.632836194681128e-08
786 0.937613321575823 0.31918317569053 0.0008791352718626159 -1.678275370196357e-08 0.0008791187407964478 0 2.355710021368424e-08
787 0.933060765068509 0.33787642964071 0.0008705814766597716 -2.503321224635352e-08 0.0008706023913102313 0 3.262030532083165e-08
788 0.951702854933516 0.377388035820045 0.0009057244321831483 -9.689564231121285e-09 0.000905738324088605 0 1.69373165586242e-08
789 0.9387709116342769 0.360692578910542 0.0008812718644440759 -8.597469149899114e-09 0.0008812908245306514 0 2.081829384783234e-08
790 0.945802689681619 0.411283009153291 0.0008945215408945568 4.728772432138414e-09 0.0008945427278089848 0 2.170821576482688e-08
791 0.94425182818824 0.392875790832147 0.0008916358721663787 3.362596685661379e-09 0.0008916115150368337 0 2.458814381252659e-08
792 0.933719393309101 0.381407962625741 0.0008718462587955539 1.422061450720494e-08 0.0008718319054415157 0 2.020506493700051e-08
793 0.920594737408327 0.371428362145285 0.0008474902136819921 -6.913010611634428e-09 0.0008474946705439065 0 8.225164669489169e-09
794 0.918542486599835 0.354039190694626 0.0008437131946687959 1.10340067203203e-08 0.0008437202996890079 0 1.312366627576087e-08
795 0.913747605227048 0.338128030473109 0.0008349353863933454 3.62867636747667e-09 0.0008349346860581652 0 3.695640884127704e-09
796 0.920377198708571 0.32175768951772 0.0008470834438613401 -1.430396977812879e-08 0.0008470941879026365 0 1.788960521622273e-08
797 0.909011184961624 0.30683715335878 0.0008262864510473057 -1.248352686174256e-08 0.0008263013343853359 0 1.942555517429755e-08
798 0.915371090726368 0.291539707750352 0.0008379062902270433 3.859210044834436e-09 0.0008379042337375807 0 4.372945355220379e-09
799 0.898721027611164 0.326431393317599 0.0008076994123889506 5.712839607803233e-09 0.0008076994854704666 0 5.71330703642513e-09
800 0.911400589274751 0.276626124042336 0.0008306550916562363 6.53933898706527e-09 0.0008306510341303633 0 7.695873608496595e-09
801 0.905087932762028 0.258794124004841 0.0008191828141172271 5.536970296742022e-09 0.0008191841660314413 0 5.699623856862155e-09
802 0.8867101443336 0.246429100852815 0.0007862199479828536 6.476607252256868e-09 0.0007862548800641136 0 3.552740833016232e-08
803 0.8970158636830911 0.273919941826827 0.0008046629758777681 5.181363684074365e-09 0.0008046374596991218 0 2.603693342797514e-08
804 0.88833274463874 0.264418989466626 0.0007891639419032913 6.576336456367681e-10 0.0007891350651973969 0 2.888419334730066e-08
805 0.897633255060464 0.290721503576583 0.0008057170864662858 -9.638152217835373e-09 0.000805745460590444 0 2.996639617837272e-08
806 0.891915930683274 0.308486989956386 0.0007955236120459609 5.326522622848362e-09 0.0007955140274066108 0 1.096527038987622e-08
807 0.876101224073177 0.29860211227673 0.0007675467545268811 1.111449353776197e-08 0.0007675533548225192 0 1.292655673838415e-08
808 0.882718712688031 0.279042524814773 0.0007791937976308135 4.259216113503975e-09 0.0007791923257296148 0 4.506374933384222e-09
809 0.90704718810742 0.365576697065587 0.0008227364721696348 -5.012692938269777e-09 0.0008227346014535775 0 5.350389617635568e-09
810 0.898128872027909 0.35054715195669 0.0008066351187468802 7.029181245870643e-09 0.0008066354707701243 0 7.03799043418572e-09
811 0.879822355434935 0.339428744222549 0.000774081589444545 1.137239354190243e-08 0.0007740873771230771 0 1.276042936831454e-08
812 0.878185839416755 0.319845446215539 0.0007712301558710496 2.242195303484208e-08 0.0007712103685521106 0 2.990454762555499e-08
813 0.891878797175623 0.371176724290238 0.0007954527698488416 1.242162033584197e-08 0.0007954477888514361 0 1.338308585195592e-08
814 0.877257375781088 0.359060543550714 0.0007695859375151638 -9.508005999910324e-09 0.000769580503362321 0 1.095135586190563e-08
815 0.864252885057648 0.348453124299247 0.0007469324958524728 6.318291552319095e-09 0.0007469330493304681 0 6.342487369431998e-09
816 0.862548486915627 0.332242494537293 0.0007439807195406759 3.229778453887176e-09 0.0007439898922804376 0 9.724742855019411e-09
817 0.860087809660282 0.31388132616058 0.0007397622314180573 1.039590776423152e-08 0.0007397510403262215 0 1.527466643561338e-08
818 0.855252104102716 0.295554785768431 0.0007314639347557134 1.865100914711389e-08 0.000731456161572123 0 2.020600221062377e-08
819 0.867101676525361 0.282681908752513 0.0007518828162476989 1.722211101925733e-08 0.0007518653174330917 0 2.455218158567982e-08
820 0.870198275367815 0.26390883629673 0.0007572156379522457 1.33627507081368e-08 0.0007572450384531196 0 3.229477601911706e-08
821 0.867029457452937 0.244884399195161 0.0007517512073671025 -1.340727552957213e-09 0.0007517400800911343 0 1.120775717271859e-08
822 0.874980762117938 0.228522631720035 0.0007655832783884391 -1.300212239740784e-08 0.0007655913340764875 0 1.529540116412907e-08
823 0.883892443525963 0.210140691265307 0.000781256138170808 -1.734837751974593e-09 0.0007812658517222977 0 9.867256182311494e-09
824 0.493240457658861 0.0530411375568528 0.0002433026136359661 -1.093714467781464e-08 0.0002432861490715227 0 1.976620894395558e-08
825 0.474050961160161 0.0515574548759244 0.0002247486520345426 4.104288746048813e-09 0.0002247243137768725 0 2.468189564288459e-08
826 0.523479335113853 0.0481823350264211 0.0002740551470598702 -4.481757077713068e-09 0.0002740306142912416 0 2.49387827106139e-08
827 0.509530433986633 0.0556749672515958 0.0002596556965333742 -1.922068062831444e-09 0.0002596212631586066 0 3.448697788336509e-08
828 0.555928414110032 0.0560962697103667 0.0003090454850839864 5.084570844675989e-09 0.0003090564016148952 0 1.204257064580648e-08
829 0.537081566048466 0.0568557665658818 0.0002884874803897664 -9.710232229098288e-09 0.0002884566085890728 0 3.236289060035215e-08
830 0.522424483004038 0.0689957125435107 0.000272945219112048 -3.707415015099525e-09 0.0002729273404420364 0 1.825901879837044e-08
831 0.463817615021541 0.0685371131787999 0.0002151501300729199 -1.551261578859628e-08 0.0002151267800042704 0 2.80333186501578e-08
832 0.445369656908453 0.07014408171488599 0.0001983797132354902 -2.575142524858435e-09 0.0001983541312947531 0 2.57112242201917e-08
833 0.482583402495785 0.0698462783239054 0.0002329090158138266 -5.62375802338625e-09 0.0002328867403644089 0 2.297438358409892e-08
834 0.5016435858753659 0.0708912843435255 0.0002516681525747794 -1.459434398426405e-08 0.0002516462872498956 0 2.628853949167231e-08
835 0.426908914262547 0.0736363817531599 0.0001822663190702486 -7.344673690166909e-09 0.0001822512210768267 0 1.678968841227827e-08
836 0.310412967863841 0.061684897506627 9.637375345430712e-05 -1.083092697860697e-08 9.635621061803797e-05 0 2.061698531750269e-08
837 0.296126190117538 0.0506417244294059 8.770570650425994e-05 -3.859470109061494e-09 8.769072047352826e-05 0 1.547503236227698e-08
838 0.278461646125657 0.0509307837429919 7.75406759990663e-05 4.298192240054976e-10 7.754088836301063e-05 0 4.794194511856869e-10
839 0.262546614443757 0.0590666273321543 6.895917186484918e-05 -3.670573495231053e-10 6.893072475587878e-05 0 2.844947697008155e-08
840 0.246671356989489 0.0569651214961037 6.085349654592147e-05 5.539947607846867e-09 6.084675835903592e-05 0 8.723197922908626e-09
841 0.234839101811513 0.0715761644595225 5.516728679176725e-05 1.160055157906993e-08 5.514940373963817e-05 0 2.131610542266481e-08
842 0.218581342803041 0.06923413745125311 4.782262182747743e-05 3.687563201941242e-09 4.777780342158053e-05 0 4.496985245147682e-08
843 0.254585306490138 0.0758479982984355 6.48432433751318e-05 -6.340676909049374e-09 6.481367828067751e-05 0 3.023737742854964e-08
844 0.291023137778849 0.0665776548037374 8.471404135415112e-05 -6.75296753690991e-09 8.469446672264691e-05 0 2.070673245782616e-08
845 0.273468989430816 0.0706617885185057 7.481996947083787e-05 -5.763356777210179e-09 7.478528818031175e-05 0 3.515690819594856e-08
846 0.240402695080193 0.0871977967279975 5.782034033270224e-05 -2.623993415535796e-09 5.779345580182025e-05 0 2.70122813214589e-08
847 0.221808847340151 0.08726253224909 4.919747243037119e-05 1.877050476085866e-08 4.919916475836641e-05 0 1.884663956839004e-08
848 0.269069392866077 0.08681663656319891 7.24278262632165e-05 -9.243333867741183e-09 7.239833817731928e-05 0 3.090285473661125e-08
849 0.255027946118601 0.09854058011107771 6.506166936259688e-05 -2.706763888728486e-09 6.503925330147207e-05 0 2.257889206981917e-08
850 0.285094698609449 0.0846729197595741 8.130676559156882e-05 9.930513982800846e-09 8.127898717521258e-05 0 2.950009361380409e-08
851 0.302530955281805 0.080791798741811 9.155710526782132e-05 -3.09507921178619e-10 9.152497890372151e-05 0 3.212785497705712e-08
852 0.327267300476611 0.0659795728199799 0.0001071385327537139 -1.159371051639562e-09 0.0001071038859612484 0 3.466618481148049e-08
853 0.31932465421243 0.0795169491333475 0.0001020016561918205 -2.073496887166406e-08 0.000101968234787888 0 3.933102051724147e-08
854 0.343392462332808 0.0596188265507648 0.0001179191390394793 1.161805232069551e-08 0.000117918383186989 0 1.164261365473868e-08
855 0.374905468537499 0.0525892582177251 0.000140573393004048 1.421623960231398e-08 0.0001405541103393217 0 2.395668231160069e-08
856 0.360863293496935 0.0612935891965941 0.0001302483944587081 9.165910511993777e-09 0.0001302223165934551 0 2.764179754770195e-08
857 0.393987227456714 0.0617170864778996 0.0001552304457411683 -1.777979480301176e-08 0.0001552259353990285 0 1.834296294101971e-08
858 0.374020196595104 0.07482968692007499 0.0001399106625925776 -5.106476750539647e-10 0.0001398911074610402 0 1.956179773156415e-08
859 0.408987638274689 0.0770446472321473 0.0001672824576824805 -6.055899064789261e-09 0.0001672708882615078 0 1.305853801635941e-08
860 0.392542507262871 0.08475495144322211 0.0001541337484700644 3.074464120513094e-09 0.0001540896200082211 0 4.423543233975231e-08
861 0.354307200915967 0.07709155495342961 0.0001255624774738147 5.29614021641657e-09 0.0001255335926209074 0 2.936637241241277e-08
862 0.336497706791301 0.07922842393261929 0.0001132639160065266 1.002291159706342e-08 0.0001132307066758044 0 3.468888011888296e-08
863 0.377913309715349 0.09589570686393301 0.0001428498772603754 -9.243938489603298e-09 0.0001428184696600093 0 3.273969699860284e-08
864 0.363595627447177 0.0903300198913886 0.0001322273898967741 2.592368892296978e-09 0.0001322017802987063 0 2.574047182290697e-08
865 0.347444828044593 0.0971473427536626 0.0001207293320165708 2.087240272426929e-08 0.0001207179085349368 0 2.379397251674276e-08
866 0.327225632199897 0.0959442587580894 0.0001070949124876672 -7.327160382551877e-09 0.0001070766143686222 0 1.97106174397295e-08
867 0.311975372790381 0.09337391755111921 9.737172785183649e-05 -1.36061588902754e-08 9.732863322769721e-05 0 4.51915278503971e-08
868 0.297311367955359 0.0988269312995302 8.841267252464573e-05 2.920593321260474e-09 8.839404951548688e-05 0 1.88506322302196e-08
869 0.277113774356795 0.104264316043229 7.679327418244902e-05 7.284496585887455e-09 7.679204393826871e-05 0 7.38765126769075e-09
870 0.405783647578918 0.0930295868660285 0.0001646961759107059 8.773253557738803e-09 0.0001646603686424515 0 3.686638628651771e-08
871 0.420132706279902 0.0910491665913179 0.0001765373930173814 4.329425903220444e-09 0.0001765114908860744 0 2.626146101984751e-08
872 0.394548899435017 0.105897092663647 0.0001556998747601312 1.506481254514448e-08 0.0001556688340453831 0 3.450325418117578e-08
873 0.439242394603031 0.09135702830834259 0.0001929426423864774 -2.929426444411736e-09 0.0001929338812166048 0 9.237945487427572e-09
874 0.455778753692981 0.0839314993372582 0.0002077669785828821 -1.881584672862292e-08 0.0002077342723179271 0 3.77324244572533e-08
875 0.471821575368155 0.08646238683923881 0.0002226278933461512 -8.023917919768523e-09 0.0002226155989828876 0 1.46810976034518e-08
876 0.490948026027281 0.088491505460808 0.0002410421580614156 -1.00501627942996e-08 0.0002410299642600838 0 1.580172658644684e-08
877 0.511153366792842 0.0892292400289911 0.0002612840320968843 -4.426197344499535e-09 0.0002612777643836576 0 7.673034082010505e-09
878 0.583002676773823 0.940887395815393 0.0003399045877543066 -4.281343343191867e-09 0.0003398921211254427 0 1.318130251728312e-08
879 0.599572117746302 0.950638592269442 0.0003595039763722575 2.180177106860951e-09 0.0003594867243787855 0 1.738920501278123e-08
880 0.618747484341133 0.9491308435572819 0.0003828356886664583 8.924962800511459e-09 0.0003828484493784807 0 1.557211393191097e-08
881 0.637324048443311 0.938594057271529 0.0004061873449374259 -4.907233199352313e-09 0.0004061819427241719 0 7.298276900367441e-09
882 0.655212307957261 0.945160981582159 0.0004292952943113054 2.291921296111272e-09 0.0004293031684986807 0 8.200959093307487e-09
883 0.603178777009175 0.934227873498412 0.0003638275069012624 -8.292583490238622e-09 0.0003638246370342841 0 8.775139737687132e-09
884 0.6216059373408011 0.927939809419989 0.0003864201198122116 1.566763323930255e-08 0.0003863939413373358 0 3.050880656702951e-08
885 0.63672854519065 0.922384515104111 0.000405449397839984 -1.124218030894751e-08 0.0004054232402606016 0 2.847113586148198e-08
886 0.651574978324215 0.927231165885129 0.0004245656275830528 -1.160645735908587e-08 0.0004245499523782012 0 1.95044071831769e-08
887 0.669133401280157 0.932533442808409 0.0004477461036007105 -1.853157408080205e-09 0.0004477395087087516 0 6.850313301467471e-09
888 0.684802791806837 0.937218890191265 0.0004689813305341537 6.671051157689471e-09 0.0004689548636664381 0 2.729465167803583e-08
889 0.694266190097255 0.9501184683970469 0.0004820341871991361 9.026377034275309e-09 0.0004820055427121578 0 3.003301710807009e-08
890 0.709228317342208 0.947960823394726 0.0005030528234474802 -1.897033179968482e-08 0.0005030048061200597 0 5.16288409824386e-08
891 0.722159102608996 0.954598478923772 0.0005215442325911356 -7.800623073308904e-09 0.0005215137694810304 0 3.144599811762765e-08
892 0.701913957648276 0.932470217616673 0.0004926773010117478 1.064926253128875e-08 0.0004926832039414659 0 1.217585199140381e-08
893 0.733832801342942 0.945981169366804 0.0005385590074501092 6.001725182038042e-09 0.0005385105803268299 0 4.879761238291559e-08
894 0.749367647979012 0.946131608109085 0.0005615681633529646 8.72789768383444e-09 0.0005615518718375965 0 1.848214465292429e-08
895 0.72062222655903 0.938340727934759 0.0005193364271110833 -1.350284941012013e-08 0.000519296393410894 0 4.224954547732704e-08
896 0.759689148756341 0.930770668061172 0.0005771440127472925 1.126396178037362e-08 0.000577127602738134 0 1.990390000908441e-08
897 0.7769363605187189 0.931922456196549 0.0006036755822910611 -6.777225375247105e-09 0.0006036301082960728 0 4.597624390901507e-08
898 0.738307467465288 0.928870638020546 0.0005451127592648262 -9.566789410967076e-09 0.0005450979165150073 0 1.765872820509162e-08
899 0.751917814507317 0.915380098676941 0.0005653948619336924 2.405555263347581e-10 0.00056538039977346 0 1.446416072742432e-08
900 0.77193148456855 0.913668012374409 0.0005958635053611571 1.468695258440988e-08 0.0005958782168682056 0 2.078785741374913e-08
901 0.718306861174935 0.920208030102687 0.0005159643437959339 6.178197017048459e-10 0.0005159647468109873 0 7.376464716143293e-10
902 0.734443816293856 0.9053569221521039 0.0005394116633350537 -1.837954363993181e-08 0.0005394077192922834 0 1.879795461709417e-08
903 0.195187988146524 0.938308062128794 3.811896077939889e-05 -1.895562456917048e-08 3.809835071668759e-05 0 2.800161402081813e-08
904 0.208995552556923 0.948311858823955 4.369557658820686e-05 -2.728758692092865e-09 4.367914098857356e-05 0 1.666058400253989e-08
905 0.227834855119813 0.948700281754041 5.189962048254008e-05 -1.569739570727275e-08 5.190872120746618e-05 0 1.814473549466539e-08
906 0.247238033967202 0.940033019296704 6.116597077550588e-05 -4.259375489909342e-09 6.112664543996734e-05 0 3.955533206513378e-08
907 0.262846354758152 0.947251463954823 6.910631823054613e-05 8.806908812364651e-09 6.908820620964829e-05 0 2.013968579281533e-08
908 0.216292730255531 0.929751238333704 4.678191016207523e-05 -1.46817549527172e-08 4.678254516139189e-05 0 1.469548068706162e-08
909 0.234556864005525 0.931229004359539 5.505755188514013e-05 1.304670959683158e-08 5.501692245210635e-05 0 4.267279531447121e-08
910 0.248596798551642 0.922264014072661 6.182748943843232e-05 4.522697486635765e-10 6.180036825012566e-05 0 2.712495904311377e-08
911 0.26309437872038 0.930407141580424 6.925593165506577e-05 -8.925448648495569e-09 6.921865211426274e-05 0 3.833311617990488e-08
912 0.275297330500764 0.937795254429505 7.582284250060066e-05 8.768890769501798e-10 7.578862018084688e-05 0 3.423355231032362e-08
913 0.290468282222893 0.935425642995994 8.438949316596557e-05 3.861954821727634e-09 8.437182297751821e-05 0 1.808729539787406e-08
914 0.306475360377921 0.930969453469617 9.395565644913944e-05 -2.76063778933493e-09 9.392714651877655e-05 0 2.864327583047548e-08
915 0.323875535614539 0.936176959731738 0.0001048988535630172 -2.299208235053215e-08 0.0001048953625696045 0 2.325559902089929e-08
916 0.93942016653037 0.803375484674603 0.0008825147271126546 -4.822792955723505e-09 0.0008825102492839481 0 6.581054764941208e-09
917 0.949086197606447 0.790509378456844 0.0009007705990194483 1.319885646138715e-09 0.0009007646104870636 0 6.132260451121699e-09
918 0.949343191968085 0.772513919558119 0.0009012246827503379 5.973386103897725e-09 0.0009012524961361524 0 2.844759694621325e-08
919 0.9408738031282911 0.7543468367539991 0.0008852463933848626 -2.86741705827389e-09 0.0008852435134130941 0 4.064027309592795e-09
920 0.946820120902007 0.738983326483995 0.0008964662790948194 1.603067478378839e-09 0.000896468341344891 0 2.612029995677625e-09
921 0.931030806531848 0.783549737067626 0.0008667859505574077 3.169374514631193e-09 0.0008668183627113434 0 3.256674158658091e-08
922 0.931990202993905 0.766127804926387 0.0008686167449418888 7.399103962050469e-09 0.0008686057384766203 0 1.326231567817997e-08
923 0.924259498995086 0.752592705999529 0.0008542643660928326 4.876178991640921e-09 0.0008542556214826474 0 1.001225892837994e-08
924 0.93235020835177 0.741553560815007 0.0008692865270336009 1.222343837067114e-09 0.0008692769110135889 0 9.693398027947069e-09
925 0.933532978400053 0.726686957957366 0.0008714623836626506 -1.226984746340634e-08 0.0008714838217604738 0 2.470103631536543e-08
926 0.935407054094046 0.710070681313783 0.0008749782095927586 -1.243855020069617e-08 0.0008749863568489016 0 1.486927415021035e-08
927 0.924548764168786 0.692662615019971 0.0008547697151293686 -4.608368818745124e-09 0.0008547904173260293 0 2.120891345045566e-08
928 0.938864819751643 0.677274019532199 0.000881469838380284 -1.891395400864959e-08 0.0008814671497672852 0 1.910409108276538e-08
929 0.804917266190889 0.0629775165366472 0.0006479135904627158 -2.216267842410825e-08 0.0006478918054122145 0 3.107688433987344e-08
930 0.791199903483196 0.0527603510495881 0.0006260132436287097 -3.882231041024659e-09 0.0006259972872718187 0 1.642184651880062e-08
931 0.77250580051887 0.0523730766560991 0.0005967555363816726 -1.475023442264861e-08 0.0005967652118353001 0 1.764040301187805e-08
932 0.753361200068092 0.0612380442657712 0.00056759251933935 -2.326089817476148e-09 0.0005675530977680358 0 3.949013773991205e-08
933 0.737879073452658 0.0539158079127806 0.0005444835531322544 1.048118790730492e-08 0.0005444655270393531 0 2.08517463354058e-08
934 0.783965538282716 0.0717345670040981 0.0006146024273013258 -1.570067826269342e-08 0.0006146019652149086 0 1.570747661992763e-08
935 0.765916010692288 0.07020976110862311 0.00058666834326112 1.515920113638669e-08 0.000586627335434789 0 4.372005488882718e-08
936 0.7521222147878051 0.0793511488067401 0.0005657156512618806 3.830003290678253e-09 0.0005656878259773132 0 2.808763760921357e-08
937 0.737813177046756 0.07110962912372019 0.0005444062553610867 -6.997376817546958e-09 0.0005443682842238277 0 3.86104978868005e-08
938 0.725705710053079 0.06363209480338131 0.0005266824623144096 1.852584886992481e-09 0.0005266487776036436 0 3.373561634467397e-08
939 0.7107901330808 0.0661488255924824 0.0005052399622475725 6.348321714786859e-09 0.0005052226132850213 0 1.847397331915097e-08
940 0.695109612477792 0.0708261202171621 0.0004832053676522285 -9.629495116560118e-10 0.0004831773733590263 0 2.80108501059444e-08
941 0.6779232376443221 0.06555153860994541 0.0004595813098881786 -1.73339785976402e-08 0.00045957991613816 0 1.738992102160961e-08
942 0.0607988316021471 0.196872649107254 3.701667181412065e-06 -6.707088500502069e-09 3.696497924186241e-06 0 8.467954677506425e-09
943 0.0511895350202455 0.209841493232762 2.627125280601736e-06 -1.900745683985505e-10 2.62036849558894e-06 0 6.759457970184975e-09
944 0.051041231473608 0.228030909439707 2.576390474971447e-06 4.617934891452114e-09 2.605207310342432e-06 0 2.918450485206392e-08
945 0.0597352669279794 0.246567774023901 3.569140800657934e-06 -4.92756382529628e-09 3.568302114956949e-06 0 4.998427648511544e-09
946 0.0536915612168215 0.262130144885889 2.873999782273376e-06 -6.587969217493286e-10 2.88278374589969e-06 0 8.80863385392515e-09
947 0.0693773897137714 0.216926291133497 4.780898519855458e-06 2.335078095497935e-09 4.813222203496513e-06 0 3.240791745606436e-08
948 0.06860942907670969 0.234615180047144 4.718178683387807e-06 4.825129081212163e-09 4.707253758232057e-06 0 1.194302559275047e-08
949 0.0766592792876513 0.248487008947197 5.883975320547035e-06 7.982333397938034e-10 5.876645100902123e-06 0 7.373553858717578e-09
950 0.0685371018110605 0.259805077616099 4.700934424007504e-06 -7.970991447058238e-10 4.697334324659673e-06 0 3.687286585111188e-09
951 0.0672937823154167 0.275216705309557 4.491940395033391e-06 -1.416721048765081e-08 4.52845313831469e-06 0 3.916491127179294e-08
952 0.0644240856367731 0.291663276395197 4.153525774376954e-06 -2.968806585808178e-09 4.150462810134274e-06 0 4.265625686329494e-09
953 0.0720502869231084 0.307800032422676 5.195915158179626e-06 8.032132209637297e-09 5.191243845702245e-06 0 9.291733320238093e-09
954 0.0614242096934972 0.323419857273743 3.778116434996536e-06 -5.791897194916947e-09 3.772933536470715e-06 0 7.772291183778206e-09
955 0.938438326251843 0.906287648216352 0.0008806704193416071 -1.205111577492981e-08 0.0008806664921783606 0 1.267485710315823e-08
956 0.928890796841253 0.923025343738928 0.0008628503849837149 -2.755405720411605e-09 0.0008628381124563779 0 1.257804388299295e-08
957 0.947505240608892 0.892425421262291 0.0008977827566935241 4.907227170197806e-09 0.0008977661809813142 0 1.728684799974466e-08
958 0.9472037192366159 0.873975861746162 0.0008971516648221635 8.022246123257898e-09 0.000897194885735678 0 4.395911507173921e-08
959 0.904553734116712 0.924654216294049 0.0008181905735378438 4.608154051366472e-09 0.0008182174579044874 0 2.727644136590899e-08
960 0.883748255341024 0.934879700292339 0.0007809827641844647 -2.260124553945062e-09 0.0007810109788183037 0 2.830501237713643e-08
961 0.863557341831713 0.923229814802482 0.0007457147347219537 -4.930232894794042e-09 0.000745731282631454 0 1.72667456466278e-08
962 0.83947127591869 0.917035253426566 0.0007047201651846814 6.014147731864688e-09 0.0007047120230925533 0 1.012243237386605e-08
963 0.940359591477274 0.8565750670873 0.0008842793070538982 -1.710577730677787e-08 0.0008842761612833056 0 1.739262745792721e-08
964 0.943809989899358 0.841947614440993 0.0008907900450571161 -1.198599428872887e-08 0.0008907772970338264 0 1.749789006946523e-08
965 0.932290857727454 0.831422431016126 0.0008691774325675876 -9.521917713274984e-09 0.0008691662434021919 0 1.469232245731207e-08
966 0.927634489137305 0.816768045342959 0.0008604987781254499 5.31667323377892e-09 0.0008605057454370287 0 8.764156828293556e-09
967 0.925475358254969 0.845717992458467 0.0008565061828755971 -1.749248366486117e-08 0.0008565046387371632 0 1.756050535344564e-08
968 0.920315759040034 0.799740192513803 0.0008469744410564206 2.420450500365889e-08 0.000846981096337434 0 2.510280517871122e-08
969 0.912656618228431 0.784987135891774 0.0008329552881008856 1.423784091222111e-08 0.0008329421027961562 0 1.940536973752682e-08
970 0.914491488108648 0.767678790461624 0.0008362717093130446 2.923870185261573e-09 0.0008362946818231696 0 2.315783319531543e-08
971 0.927707185442354 0.886660827917469 0.0008606174038514968 2.232158593665925e-09 0.0008606406219213742 0 2.332512166783596e-08
972 0.92655889547722 0.865301373295409 0.0008585156949244471 -1.87488170990187e-09 0.000858511386787966 0 4.69842754186546e-09
973 0.91686338108768 0.905354639650973 0.0008406337911610658 2.1858164578299e-08 0.0008406384595795322 0 2.23511406802672e-08
974 0.908008370594984 0.889750333506238 0.0008244958376540651 -9.371942667571831e-09 0.0008244792010705578 0 1.909474325984801e-08
975 0.909420008974392 0.87359323850683 0.0008270316931228987 -8.301294645983871e-09 0.0008270447527229833 0 1.547464530028635e-08
976 0.909217118000164 0.855322615772949 0.0008266693924862119 -3.215636824087306e-09 0.0008266757676645242 0 7.140253405766276e-09
977 0.8936055280002539 0.9017822399897339 0.0007985380794024242 -1.279185050756485e-08 0.0007985308396726127 0 1.469847363340035e-08
978 0.8834788162944029 0.917770032735565 0.0007805443801284867 -7.330724064753857e-10 0.0007805348188409594 0 9.589349004682808e-09
979 0.908886926923257 0.840332964528365 0.0008260924031857999 -3.327595971407103e-09 0.0008260754459320019 0 1.728066408786201e-08
980 0.917267931637395 0.829199991711717 0.0008413814001867225 -1.256423437192656e-08 0.0008413804584103447 0 1.259948126307146e-08
981 0.909254789957431 0.813398946028861 0.0008267207565655408 8.082169216796667e-09 0.000826744273060532 0 2.486658392143472e-08
982 0.900106322120843 0.827605314478332 0.0008101828345649414 1.165045373097066e-08 0.0008101913911219107 0 1.445502470795136e-08
983 0.901965412416141 0.796431498365073 0.0008135399381874381 -4.452339580358373e-11 0.0008135416051950194 0 1.66760205355916e-09
984 0.888307322380761 0.810722796027463 0.0007890452594723542 5.229916236022516e-09 0.0007890898989952773 0 4.494484431648803e-08
985 0.854637628892703 0.905907962158467 0.0007304308395335275 -1.411018621164192e-08 0.0007304054767193416 0 2.902360588132951e-08
986 0.871941782314453 0.904322704316619 0.0007602952354837807 -7.153929200701054e-09 0.0007602824717457049 0 1.463187317728218e-08
987 0.877958581371346 0.88928259578307 0.0007708309349083292 -6.177683967298897e-09 0.0007708112706035863 0 2.061185727240069e-08
988 0.892485500111648 0.881414402151244 0.0007965417442666062 -4.165471531785283e-09 0.0007965303679095384 0 1.211497640185994e-08
989 0.892589984960965 0.863170287785696 0.0007967153504248328 -4.036051236724598e-09 0.0007967168812526156 0 4.316612478091979e-09
990 0.892425329426799 0.8438855814606731 0.0007964214739633297 1.889640588232374e-08 0.0007964229686025306 0 1.895542406833626e-08
991 0.873364540177198 0.870952398570722 0.0007627373057799147 7.85166450589164e-10 0.0007627656200389285 0 2.83251434216102e-08
992 0.87868328519242 0.853924500604574 0.0007720894129494969 1.364983708904599e-08 0.0007720843156765437 0 1.457052655589628e-08
993 0.85844271389017 0.888006292948411 0.0007369108870328333 -1.041231664486336e-08 0.0007369238930311203 0 1.666050207392323e-08
994 0.85138278916631 0.86805420181645 0.0007248524083864812 -3.32108223296995e-10 0.0007248526536886055 0 4.128789219318108e-10
995 0.862083434394553 0.852914406927245 0.0007431764468631498 -1.559013012829288e-08 0.0007431878478575076 0 1.931410960317653e-08
996 0.872995835792201 0.838753272399429 0.0007621234730997048 1.755351933636024e-08 0.0007621217293105235 0 1.763992181957739e-08
997 0.8845613614094719 0.8281670052233711 0.0007824551611695669 1.909948862853698e-08 0.0007824488020985785 0 2.013028190829486e-08
998 0.839817858342039 0.897009529935298 0.000705304525698918 3.036366848989856e-09 0.0007052940351902091 0 1.09210941124522e-08
999 0.840046785499323 0.880589061357725 0.0007056810793529544 -1.962576285597165e-10 0.0007056786018277456 0 2.485286345132797e-09
1000 0.818676321826871 0.919241970745166 0.0006702404776772452 -8.442042570797352e-09 0.0006702309199199745 0 1.275220791916292e-08
1001 0.825322206219024 0.904563566437647 0.0006811822078682837 4.056964735699545e-09 0.0006811567440782372 0 2.57849484466748e-08
1002 0.8076418332034691 0.903551920897785 0.0006522818434509288 6.474725911625834e-09 0.0006522853307402602 0 7.35413234255645e-09
1003 0.789138243428788 0.903409355178256 0.0006227560864873348 -1.352415282602902e-08 0.0006227391672418731 0 2.166018413251796e-08
1004 0.8210342070661359 0.886029050290697 0.0006740841429750382 2.631620662198654e-08 0.0006740971691727186 0 2.936366048332709e-08
1005 0.795521230131956 0.8839213110295639 0.0006328566519504826 -1.944925579428563e-08 0.0006328540275906605 0 1.962551439905508e-08
1006 0.82959323911982 0.86390110676363 0.0006882198851292569 1.532117170356765e-08 0.0006882249423933148 0 1.613425616884584e-08
1007 0.844846010437443 0.852071720042631 0.0007137671523565834 9.594290959697353e-10 0.0007137647813520641 0 2.557765943349093e-09
1008 0.851296187956852 0.833815717418266 0.0007246828945458224 -1.810869820182647e-08 0.0007247051996298679 0 2.873050164619205e-08
1009 0.809352719556655 0.868753573965994 0.0006550706514399969 -3.971135092727089e-09 0.0006550518246537534 0 1.924104451901085e-08
1010 0.868997038008957 0.81989667551044 0.0007551465247005236 -1.732015186803066e-09 0.0007551558520683407 0 9.486815429920354e-09
1011 0.8106553285313129 0.850197763186639 0.0006571605591425455 -1.194302860739011e-08 0.0006571620616762109 0 1.203717324510356e-08
1012 0.829922636584398 0.841734425723589 0.0006887799635696125 -1.567731090666345e-08 0.0006887715827151988 0 1.777686130809739e-08
1013 0.755251660308093 0.898312228400748 0.00057040961613524 -9.353475786668317e-09 0.0005704050703981311 0 1.03995786046792e-08
1014 0.7744225010132491 0.8917362373350191 0.0005997354692908891 -6.044351865460894e-09 0.0005997302100756158 0 8.012086792148493e-09
1015 0.7771287141262579 0.874306858296663 0.0006039424986622628 1.313451589075135e-09 0.0006039290383195312 0 1.352427378943309e-08
1016 0.790002896678404 0.859783123386039 0.0006241198340370687 -9.034173529437537e-09 0.000624104576760269 0 1.773135039141025e-08
1017 0.75759755199345 0.876862153850981 0.0005739437667679491 9.982589306105007e-09 0.0005739540507864682 0 1.433224079327887e-08
1018 0.741241199206817 0.886959689962537 0.000549450195813752 -1.231135944365451e-08 0.0005494385154015602 0 1.697060989834348e-08
1019 0.712682695635743 0.901827802086923 0.0005079381275649085 1.578849707232167e-08 0.0005079166246586292 0 2.667679925067685e-08
1020 0.72344649553075 0.886057194140886 0.0005233692962458485 -1.041756413303757e-08 0.0005233748318957235 0 1.179699376979855e-08
1021 0.701897338494062 0.914462573288683 0.0004926794434361664 5.810972214414958e-09 0.0004926598737850479 0 2.041417749934864e-08
1022 0.684298785362083 0.919075233770157 0.0004682577295231784 1.38574531937534e-08 0.0004682648276480222 0 1.556959811027173e-08
1023 0.664508580927869 0.914626198124822 0.0004415965069981505 -3.210039156213378e-09 0.0004415716541267703 0 2.505932096499992e-08
1024 0.646550911327834 0.910162470067289 0.0004180458308843062 -8.964806039988261e-09 0.0004180280809388527 0 1.988537932589857e-08
1025 0.675554844910056 0.903513656057166 0.0004563936592364618 -9.03631238388888e-09 0.0004563743484814499 0 2.132041745913355e-08
1026 0.692296816786594 0.898785531131903 0.0004792917750968601 1.298449390204874e-08 0.000479274882532851 0 2.130623853932385e-08
1027 0.705741653051135 0.886213869222613 0.0004980888658309977 1.925312791325347e-08 0.0004980712808513487 0 2.607516910201931e-08
1028 0.6599499380177331 0.895327331406531 0.0004355464076956613 1.257732777664996e-10 0.0004355339206896097 0 1.248763945069139e-08
1029 0.676738576711257 0.889844799171324 0.0004579839994654989 -6.438808182468685e-09 0.0004579751012091779 0 1.098349745595993e-08
1030 0.689190496368818 0.8766568919834959 0.0004749890106966615 2.553710425154299e-09 0.0004749835402850978 0 6.037121798732615e-09
1031 0.86758795964698 0.797460991542805 0.0007526975295311615 3.8349383859411e-10 0.0007527088677244098 0 1.134467688656065e-08
1032 0.8857812406465581 0.792211274547632 0.0007846277013774583 -1.260072563193868e-08 0.0007846084062813557 0 2.304515176906747e-08
1033 0.895555000303663 0.7776086657758901 0.0008020218201835598 -9.199602558930304e-09 0.0008020187585688937 0 9.695677985886354e-09
1034 0.896394043341167 0.758223488143838 0.000803536678538512 7.633694741206701e-09 0.000803522280937526 0 1.629614094053533e-08
1035 0.909637576919197 0.750737886210375 0.0008274576919843563 -1.307124532092737e-09 0.0008274405213434281 0 1.722032184447924e-08
1036 0.9163135795785921 0.735197546745688 0.0008396208271549966 5.240717888455439e-10 0.0008396305761201327 0 9.763041148307099e-09
1037 0.918286566737041 0.714026390027827 0.0008432471951098815 6.707461904592642e-09 0.0008432502186497021 0 7.357434216393114e-09
1038 0.875547830987219 0.778888161754706 0.0007665964653974504 -8.363224713985274e-09 0.0007665840043464238 0 1.500737553022926e-08
1039 0.882138708454834 0.764924768985358 0.0007781853712880883 -3.464308410963015e-09 0.0007781687009543627 0 1.702649286524091e-08
1040 0.87987690875685 0.748453257677328 0.0007741822911049144 -6.240875968187474e-09 0.0007741833745635101 0 6.334225712664008e-09
1041 0.896786560729967 0.740044430029298 0.0008042254661582373 -5.166606924691352e-09 0.0008042261355058828 0 5.209784389467693e-09
1042 0.899431541009601 0.720812028569919 0.0008089800848876352 -8.93897808370424e-09 0.0008089770969629055 0 9.425127233687917e-09
1043 0.879133161158815 0.726895489143254 0.000772860932971489 -7.448295594995187e-09 0.000772875115049091 0 1.601900222798589e-08
1044 0.831042621460137 0.820942275106929 0.0006906164188375206 -1.023035264981872e-08 0.0006906318386833365 0 1.850491178919355e-08
1045 0.849290356626763 0.8105223396424081 0.0007212850406587651 -1.97332236381189e-08 0.0007212941098592143 0 2.171751624703462e-08
1046 0.812156244813007 0.829545461837299 0.000659588957568032 -1.054306975598052e-08 0.0006595977659887649 0 1.373843497950009e-08
1047 0.792999674435276 0.837601535341693 0.0006288482991084561 4.449380626881844e-09 0.0006288484836544537 0 4.453206169504233e-09
1048 0.768155921351368 0.859328910152766 0.00059007963118025 3.096646605482052e-09 0.0005900635195071691 0 1.640656056777066e-08
1049 0.776273753614084 0.844475344435195 0.0006026201676480559 3.415442115542183e-09 0.0006026009405500996 0 1.952809618641187e-08
1050 0.735494393066528 0.868274680450223 0.0005409372647171943 -3.723773272805964e-09 0.0005409520022323003 0 1.520068547430486e-08
1051 0.751556122977406 0.859248496223569 0.0005648698003033689 -4.537891257354082e-09 0.0005648366059848299 0 3.350306314849015e-08
1052 0.756439835007778 0.841403106011356 0.000572185958013828 2.919508339780609e-09 0.0005722012239865944 0 1.554263341427424e-08
1053 0.711114741985329 0.867809674084317 0.0005056611722040918 -3.273628873495981e-09 0.000505684176268861 0 2.323582668866681e-08
1054 0.723439060299699 0.85068077252439 0.0005233655107871636 -1.663983629927345e-09 0.0005233640739673115 0 2.198475109729336e-09
1055 0.740133976290381 0.850445651205251 0.0005478271775306066 -7.76955930613498e-09 0.0005477983028594104 0 2.99017171497545e-08
1056 0.693329378131588 0.85697656133265 0.0004807255724671465 1.829773088766975e-08 0.0004807056265803345 0 2.706742241799893e-08
1057 0.707207147842959 0.8499170552287439 0.0005001707119367258 -9.517051496657481e-09 0.000500141949960173 0 3.029563606223334e-08
1058 0.666717247971724 0.875007787463383 0.0004445239102038579 -2.891880371537902e-09 0.0004445118887429894 0 1.236440429204058e-08
1059 0.67843776250131 0.862099943063941 0.0004602939278367729 -7.541044575071169e-09 0.000460277797587784 0 1.780596208375388e-08
1060 0.678888923923472 0.8464560250434801 0.0004609095452309415 -7.295569786377487e-09 0.0004608901710259697 0 2.070229834569855e-08
1061 0.695189750705112 0.839067165357202 0.0004833056726831478 6.782477526068867e-09 0.0004832887894854358 0 1.819462465603298e-08
1062 0.712996625477229 0.8351268174889001 0.000508352523635487 -2.520281637193728e-08 0.0005083641879419159 0 2.777117205927443e-08
1063 0.733761837068816 0.832658871023145 0.0005383841323202386 8.816345075580504e-09 0.0005384064335386037 0 2.39806647335352e-08
1064 0.846407015197095 0.790435288614303 0.0007164285311994591 -1.928933813596121e-08 0.0007164048353748555 0 3.055438870878808e-08
1065 0.858934127244553 0.779704649862313 0.0007378001660860909 -1.196012848756874e-08 0.0007377678349453619 0 3.447241410569073e-08
1066 0.863387107859474 0.761510636715337 0.0007454289139992647 -2.538239290278355e-08 0.0007454372980179471 0 2.673121094781916e-08
1067 0.8615595557256051 0.739237652103555 0.0007422787149992472 -2.152200078207624e-08 0.000742284868062102 0 2.238429583790491e-08
1068 0.83047406717482 0.8006510372700441 0.0006896819507733659 -1.038058125311255e-08 0.0006896871762498874 0 1.162162088650385e-08
1069 0.813231618937051 0.809520983563906 0.0006613466659121304 -7.970564015601254e-09 0.0006613456660389769 0 8.033034112326565e-09
1070 0.7951684400117121 0.817382625520129 0.000632276131497739 -4.645662262968618e-09 0.0006322928479906597 0 1.735002344174634e-08
1071 0.7738186249522 0.824333249659574 0.0005987576063673729 1.57895449409568e-08 0.0005987952643229135 0 4.083419333041973e-08
1072 0.7514706738922881 0.819479762934015 0.0005647095283928794 -2.729007170301244e-09 0.0005647081737201296 0 3.046738977123806e-09
1073 0.763719490331547 0.806935129443922 0.0005832764355948773 -1.062322970742563e-08 0.0005832674599122779 0 1.390740405474443e-08
1074 0.780743228189923 0.803169843298686 0.0006095529964135203 2.685663056129465e-08 0.0006095599883644223 0 2.775186448729134e-08
1075 0.798149437702232 0.800236756086572 0.0006370459750337404 -5.405250306892711e-09 0.0006370425249043892 0 6.412497440204702e-09
1076 0.812492419990069 0.788477955271116 0.0006601379057950883 7.056763719067939e-09 0.0006601439325413188 0 9.280063809737388e-09
1077 0.83047770255081 0.784114880710036 0.0006897159826948599 -1.238541077800096e-08 0.0006896932144340716 0 2.591895251472915e-08
1078 0.841809928349792 0.7702936951368921 0.0007086554830929129 -1.910160519280314e-08 0.0007086439554682819 0 2.231047849274309e-08
1079 0.843953109152955 0.749171392617914 0.0007122500014500134 1.572620535044587e-09 0.0007122568504489395 0 7.027227165660424e-09
1080 0.821276645069848 0.770786727905418 0.0006745015694220067 -2.747256443151738e-09 0.0006744953277371852 0 6.819534249205045e-09
1081 0.828346564500402 0.756437532614374 0.0006861668463627319 -4.576325920699526e-09 0.0006861580309196187 0 9.932512079779506e-09
1082 0.789179604796549 0.7827070849194711 0.0006227844716611516 1.271289693360788e-08 0.0006228044486268373 0 2.36790393904293e-08
1083 0.804799200188885 0.77147498375485 0.0006477124366908047 -2.535585990444425e-09 0.0006477017526246688 0 1.098082262444149e-08
1084 0.809848544552018 0.754030767324782 0.0006558408036934656 -9.191931389102716e-09 0.0006558546651130219 0 1.6632214367867e-08
1085 0.764522107541024 0.787538326728087 0.0005844654515339001 -5.931427386723394e-09 0.0005844940529189691 0 2.920994794091323e-08
1086 0.772418182461216 0.766757304858569 0.0005966279254382855 1.899679387591597e-08 0.0005966298485966882 0 1.909389210731939e-08
1087 0.791276560390557 0.761446885790157 0.0006261294902062392 -3.301389067513663e-09 0.0006261185950235109 0 1.138438300739353e-08
1088 0.718892343619855 0.820197407132642 0.0005168100165936158 -5.246898371858356e-09 0.0005168062017152477 0 6.487159585562597e-09
1089 0.733032374524623 0.811394299206876 0.0005373486631131921 1.541610653391095e-08 0.0005373364621012071 0 1.966013820197978e-08
1090 0.748134168792331 0.800270219453315 0.0005596952929635842 -6.49006739598979e-09 0.0005597047345145919 0 1.145704413169366e-08
1091 0.699551698569792 0.818354714636509 0.0004893433193335823 -1.494136898312414e-08 0.0004893725789718811 0 3.285378122026095e-08
1092 0.679216605677824 0.827686696623676 0.0004613340935088078 -9.230131499978595e-09 0.0004613351974285047 0 9.295911262701691e-09
1093 0.745290989686319 0.784044296170209 0.0005554542688631673 -1.294008681596037e-09 0.0005554586593076128 0 4.577167344229192e-09
1094 0.75230013126115 0.769039680733232 0.0005659443161302377 -1.330871299984679e-08 0.0005659554874955436 0 1.73758811146466e-08
1095 0.730828542188486 0.792307658996641 0.0005341096054123733 1.157743155471126e-08 0.0005341103580773477 0 1.160187165795728e-08
1096 0.7151869951600071 0.803568752778174 0.0005114820138634498 4.552104722955491e-09 0.000511492438046 0 1.137476326115526e-08
1097 0.7596118210562069 0.751752585504455 0.0005770218976611012 8.811881742856592e-09 0.0005770101186883269 0 1.471031812935703e-08
1098 0.777770213266173 0.748211260177797 0.0006049358821227043 2.395745901138927e-08 0.0006049265046441083 0 2.572735795027832e-08
1099 0.793724695699168 0.745574606930697 0.0006300096644739593 -6.664532464928634e-09 0.0006299988925627369 0 1.266688850345523e-08
1100 0.804753976945199 0.734663839212115 0.0006476368208953023 -8.612382846548548e-09 0.0006476289634091139 0 1.165818285567336e-08
1101 0.824925394424514 0.737976900354283 0.0006804765341498742 4.924266997321919e-09 0.0006805019063664399 0 2.58456529984665e-08
1102 0.8438104177871379 0.72967545412893 0.0007120097857905565 -4.982074903798275e-09 0.0007120160211661043 0 7.981289279893266e-09
1103 0.85931531685337 0.719817283931168 0.0007384339611645887 -1.621885115333142e-08 0.0007384228137788078 0 1.968032882050331e-08
1104 0.871490415571914 0.710011244570663 0.0007595002160865393 -8.762243250777912e-09 0.0007594955444337073 0 9.929816059120489e-09
1105 0.885623631322271 0.710010174555455 0.0007843271742057299 -2.571789533352925e-09 0.0007843292163564457 0 3.283973347918417e-09
1106 0.900550334408447 0.698776679245899 0.000810972253476308 1.088347089343846e-08 0.0008109909048031658 0 2.159448846921254e-08
1107 0.8147681519580789 0.723378750020209 0.0006638567483793611 -1.18307871795246e-08 0.0006638471414451832 0 1.524010202016323e-08
1108 0.829125528632068 0.718582395779078 0.0006874629035817191 1.459652761372374e-08 0.0006874491422294062 0 2.006074365166041e-08
1109 0.844109863616183 0.713363797218298 0.0007125319337760249 -8.831431789992956e-09 0.0007125214618541311 0 1.369873481786667e-08
1110 0.855912448441956 0.699810918455373 0.0007325748951980914 -2.646615083227664e-08 0.000732586119397904 0 2.874786603055865e-08
1111 0.9073962835769041 0.6786267440354879 0.0008233761116354782 2.225037409675609e-08 0.0008233680154491772 0 2.367757124509243e-08
1112 0.9228563057225 0.673295506861689 0.0008516842460925888 -7.59219073549491e-09 0.0008516637610117804 0 2.184673650436664e-08
1113 0.931688049480891 0.65753659481552 0.0008680440995122886 -1.38567022323189e-08 0.0008680426215455072 0 1.393529987341803e-08
1114 0.94826525629589 0.6462540790575489 0.0008992098679086058 -8.907508224719738e-09 0.0008992069962979099 0 9.35894495988047e-09
1115 0.9492551516740531 0.625500771388854 0.000901055538546111 -9.179216324041376e-09 0.0009010853429797295 0 3.118593073233569e-08
1116 0.9403329652733819 0.606207988627999 0.0008842173195991806 -1.106368958039604e-08 0.0008842260855798313 0 1.411551075587722e-08
1117 0.948670810253004 0.589739557941392 0.0008999754177916943 -4.559916372912047e-09 0.0008999763062260913 0 4.645659587803351e-09
1118 0.931948119643324 0.6366938281769911 0.0008685104766501274 1.275114978984585e-09 0.0008685272977067274 0 1.686931721649679e-08
1119 0.931307214581885 0.620114491550703 0.0008673268046261418 1.67776096550806e-10 0.0008673331279322692 0 6.325531534936746e-09
1120 0.921260286178429 0.606187002189544 0.000848716255325812 8.55219304042517e-09 0.000848720514889561 0 9.554260260837583e-09
1121 0.930409072826226 0.589650418377789 0.0008656520569413322 6.98204894394158e-09 0.0008656610427973576 0 1.137957011328212e-08
1122 0.939410573829989 0.573561471709656 0.0008824800380899467 1.041614537867899e-08 0.0008824922262235894 0 1.603267557959979e-08
1123 0.87758465347949 0.693605740678478 0.0007701477353313161 -4.215015625772194e-09 0.0007701548240227165 0 8.247175425264249e-09
1124 0.891089104371824 0.681765429833823 0.0007940554832051211 6.17353322604681e-10 0.0007940397919301794 0 1.570341473760965e-08
1125 0.862180495004822 0.682009013976088 0.0007433770751123348 -1.007065272840218e-08 0.0007433552059667598 0 2.407649423306688e-08
1126 0.8763664609205279 0.672934282520107 0.0007680410754235767 1.176607624305901e-09 0.0007680181738263712 0 2.293180237273026e-08
1127 0.893625530742676 0.6649318940885131 0.0007985725601325263 7.91908245867468e-09 0.0007985665891951294 0 9.917860675795898e-09
1128 0.911841813955764 0.660412943829961 0.0008314533344168152 -2.615346934302431e-09 0.0008314554936781382 0 3.391526064746222e-09
1129 0.917460741330303 0.644791004305258 0.0008417345871220511 2.888147474562764e-09 0.0008417342118823491 0 2.912421787574048e-09
1130 0.89809193032761 0.643334181342929 0.0008065327472311864 6.909473858589774e-09 0.0008065691153195727 0 3.701862614787011e-08
1131 0.913803478663143 0.626015182168981 0.0008350035578636004 1.124451495687618e-08 0.0008350367976168613 0 3.509017403001944e-08
1132 0.8770783441858651 0.652581571033422 0.0007692494554587638 -1.169865306587064e-09 0.0007692664218398187 0 1.700666548556418e-08
1133 0.8567646560964119 0.662784991540339 0.0007340321748837943 3.673330613915353e-09 0.000734045675936003 0 1.399184650221833e-08
1134 0.878398275578419 0.631282598400308 0.0007715841118925659 1.051828685720986e-08 0.0007715835305391401 0 1.053434052118291e-08
1135 0.894591101989704 0.623406266669969 0.0008002996377058747 -6.259021434694994e-09 0.0008002932397591531 0 8.950367119475357e-09
1136 0.902040698067898 0.60761655114191 0.0008136776445075082 -1.013328511552768e-08 0.0008136774209708207 0 1.013575038580015e-08
1137 0.859357206533903 0.640293857632883 0.0007384906583147306 8.662130100762302e-09 0.0007384948084217532 0 9.604992773624718e-09
1138 0.9098015989109161 0.587580500297185 0.0008277277658181548 -9.51810260495384e-10 0.0008277389493808594 0 1.122399294100174e-08
1139 0.923069339988383 0.574665418139645 0.0008520482147390241 1.843893075261362e-09 0.0008520570064265891 0 8.982967878935257e-09
1140 0.927953988087178 0.55841993054051 0.0008610986900066004 -5.328358379917924e-09 0.0008610986040068985 0 5.329052352301897e-09
1141 0.932632533093976 0.536873355303912 0.0008697767575149857 1.404506646645964e-09 0.0008698034417852862 0 2.672120731541666e-08
1142 0.679235933611173 0.807257354863208 0.0004613348652997619 -7.376821207610703e-09 0.0004613614535086418 0 2.759257767173428e-08
1143 0.696221061326222 0.795732989513513 0.0004847289292551613 -1.762528372381128e-08 0.000484723766234211 0 1.836593073270255e-08
1144 0.712644739625982 0.783502435064294 0.0005078508323218314 -3.160367017089361e-09 0.0005078625249165837 0 1.211217122258168e-08
1145 0.730764134554254 0.771181687978444 0.0005340037385218118 -7.453441149854889e-09 0.000534016220350828 0 1.453787606786099e-08
1146 0.741299702185422 0.753077830156768 0.0005495314632989402 -8.306929788752422e-09 0.0005495252484601953 0 1.037445435390957e-08
1147 0.832473581715404 0.698994721537481 0.0006929976266059569 4.009586976033314e-10 0.0006930122642540734 0 1.464313867514453e-08
1148 0.844405901258909 0.680990393071938 0.0007130125445653344 -8.826169898210635e-09 0.0007130213260808705 0 1.245055381029662e-08
1149 0.814799957917107 0.708202375718039 0.0006638825971374464 -4.677392918631537e-09 0.0006638989714217193 0 1.702924513783206e-08
1150 0.814792684103241 0.692717911689018 0.0006638966516095374 -5.8113347188233e-09 0.0006638871180681639 0 1.116512527172558e-08
1151 0.824356359613895 0.679420405507847 0.0006795707099615662 -1.682637994716964e-08 0.0006795634076358734 0 1.834260130543852e-08
1152 0.8348446504610399 0.6629802894232329 0.0006969653247821808 -2.199786571646428e-08 0.0006969655904034161 0 2.199946932815047e-08
1153 0.84330837071919 0.647812281489749 0.0007111751916141246 -1.410844702436547e-08 0.0007111690081250548 0 1.540401942728624e-08
1154 0.0920895990956911 0.944897440489903 8.503370108505988e-06 4.829130111532951e-09 8.480494261605111e-06 0 2.338001003135986e-08
1155 0.0806048367359519 0.93087563056857 6.503674984863917e-06 6.753618534019086e-09 6.49713970522946e-06 0 9.397938242167462e-09
1156 0.107671200243382 0.948434406905343 1.159655895894816e-05 -9.066639037070943e-09 1.159308736185047e-05 0 9.708549316827782e-09
1157 0.124627593293074 0.953385627750985 1.55540275352619e-05 2.924495449998898e-09 1.553203701002386e-05 0 2.218413563521825e-08
1158 0.07439809005229819 0.908335775458647 5.522334149961004e-06 -2.796644532305436e-09 5.535075803429871e-06 0 1.304495894055468e-08
1159 0.0688982085194508 0.8850842475824801 4.710011758916889e-06 -3.707302545847082e-09 4.746963137189724e-06 0 3.713688797447305e-08
1160 0.0715432401437229 0.8654935185057731 5.135009360857402e-06 3.091608696133393e-09 5.118435210262404e-06 0 1.686002705441709e-08
1161 0.08366241098670719 0.8505512706655 7.009714790952093e-06 -5.595545352394754e-09 6.999399012108704e-06 0 1.173564744427927e-08
1162 0.137858352496801 0.943489492357244 1.902959465711255e-05 1.537362425449258e-08 1.900492535313224e-05 0 2.906755720027743e-08
1163 0.15375540499082 0.944539406282874 2.365440681635955e-05 2.487569090732042e-09 2.364072456389108e-05 0 1.390654639341211e-08
1164 0.164041109442069 0.930872997101069 2.693302132864249e-05 1.511023726011995e-08 2.690948558698486e-05 0 2.79687397898409e-08
1165 0.180452254732334 0.925838153251146 3.256733119733927e-05 3.398962274128916e-09 3.256301623798317e-05 0 5.492888018681687e-09
1166 0.145999828315729 0.925794536883575 2.130427648300906e-05 -3.153898601795087e-09 2.131594986822234e-05 0 1.209193941137023e-08
1167 0.198645357041758 0.918376101757596 3.947084217495265e-05 -1.02815106163368e-08 3.945997787424751e-05 0 1.495802428014334e-08
1168 0.215968204268098 0.907971913954367 4.666430530636297e-05 -7.182638915481628e-09 4.664226525478691e-05 0 2.318090108830381e-08
1169 0.232780472845185 0.915437785188603 5.418693038822321e-05 1.513829705090363e-08 5.418674853802791e-05 0 1.513938925765928e-08
1170 0.108569994312733 0.825822152156785 1.180967056718739e-05 -5.076267279873802e-10 1.178744366506688e-05 0 2.223269805421722e-08
1171 0.103927663663479 0.842678602502832 1.079373368265147e-05 -1.705747746433075e-08 1.080095927454921e-05 0 1.852475953201395e-08
1172 0.124741494205672 0.814238432079599 1.55485909688107e-05 -4.59977815137428e-09 1.55604403766637e-05 0 1.271087823514255e-08
1173 0.100560290398161 0.860168842002877 1.012851389847753e-05 -9.020151366482576e-09 1.011237200496247e-05 0 1.849118322135212e-08
1174 0.0871468680335757 0.872044844019212 7.597576525424847e-06 -1.097292896368404e-08 7.594576608061459e-06 0 1.137561753177449e-08
1175 0.0899540689961541 0.892466341926311 8.061661096813422e-06 -3.505960263126562e-09 8.091734528964853e-06 0 3.027710486049308e-08
1176 0.09454873274270779 0.912413408428575 8.933514741288588e-06 2.607848020467983e-09 8.939462863251986e-06 0 6.494692155083844e-09
1177 0.10200920404582 0.930544550914408 1.041693369864527e-05 2.105287403801639e-09 1.040587771006174e-05 0 1.12546487555914e-08
1178 0.123284468440004 0.932803944629368 1.519959555089177e-05 -3.521258082970434e-09 1.519906015853434e-05 0 3.561727595322117e-09
1179 0.113832103162355 0.9138620619954529 1.295070864033129e-05 9.458989067843521e-09 1.295774771036503e-05 0 1.179071588689685e-08
1180 0.106456825125971 0.8984249738086481 1.133215345044976e-05 8.660860369981127e-09 1.133305561590157e-05 0 8.707720990635074e-09
1181 0.130965244512861 0.914139023241288 1.715899892858831e-05 1.246035272733922e-09 1.715189527031347e-05 0 7.212112366470716e-09
1182 0.108233134029247 0.878525926927754 1.167311832608319e-05 1.619497975443892e-08 1.171441130179295e-05 0 4.435523883616002e-08
1183 0.125682271766239 0.894881716705711 1.575668980520787e-05 1.240802109152252e-08 1.579603343632276e-05 0 4.125385190151272e-08
1184 0.122237478828496 0.835909925513992 1.497240063438472e-05 2.957764415931532e-09 1.494200123034701e-05 0 3.054295559024713e-08
1185 0.11977878721863 0.857078747497515 1.433615336620898e-05 2.10089982883994e-08 1.434695786756584e-05 0 2.362446313998226e-08
1186 0.127994763396496 0.874656700577193 1.638827509174462e-05 1.720208328645461e-08 1.638265945692499e-05 0 1.809549733557044e-08
1187 0.135436841195228 0.846055832290732 1.835299512711348e-05 9.098805813452227e-09 1.834313795294141e-05 0 1.341462447813593e-08
1188 0.139993016368805 0.861601277372542 1.958986872537631e-05 1.092593807946996e-08 1.959804463203651e-05 0 1.364630252605874e-08
1189 0.140896259039106 0.829631270949155 1.984865052277631e-05 -2.654447826573032e-09 1.985175581121486e-05 0 4.085206182137683e-09
1190 0.13516220206805 0.7937545116126981 1.826843573355418e-05 -1.246915833094659e-09 1.826882086788438e-05 0 1.305039289491954e-09
1191 0.147813036623778 0.809989480221756 2.185166588554099e-05 6.836174227545886e-10 2.184869379594234e-05 0 3.049696601811292e-09
1192 0.143088892088567 0.775259747108813 2.048394356153857e-05 -9.295008797190774e-10 2.047443103913358e-05 0 9.557826865499825e-09
1193 0.156077077137641 0.7903769661054389 2.436435504680859e-05 5.19046890628835e-09 2.436005400782914e-05 0 6.740912680782985e-09
1194 0.146241924082358 0.8812277162787689 2.136754762119967e-05 1.74756516740598e-09 2.138670035931016e-05 0 1.923229994419524e-08
1195 0.145992941730868 0.903379803728408 2.132300164788943e-05 2.02323381479335e-08 2.131393903523262e-05 0 2.21693133655465e-08
1196 0.16603971811986 0.911387636402761 2.754003934095024e-05 1.577822234899704e-08 2.756918799332257e-05 0 3.314507860327168e-08
1197 0.184832535814365 0.909286962348704 3.417735837636805e-05 -1.430738168610951e-09 3.416306629556853e-05 0 1.436351577042632e-08
1198 0.199073594531963 0.899157977847567 3.964115920318475e-05 1.387137805386494e-09 3.963029603987641e-05 0 1.095136833253337e-08
1199 0.160989721457324 0.892880123451065 2.591500880755837e-05 3.7320678646204e-09 2.591769041490676e-05 0 4.595579236293914e-09
1200 0.179906081383925 0.891713526753539 3.233494666912347e-05 1.717912092388262e-08 3.236619811891944e-05 0 3.56619588647032e-08
1201 0.156232004336723 0.8645323427941209 2.44113728232207e-05 9.918644938782367e-09 2.440843917906983e-05 0 1.034339332257881e-08
1202 0.166720948409379 0.876728944894529 2.779006701566356e-05 1.275244029404585e-08 2.779587463852282e-05 0 1.401260920487515e-08
1203 0.154200001931079 0.846107768877456 2.375632038350508e-05 1.835977199373985e-08 2.377764059554477e-05 0 2.813596753408616e-08
1204 0.160858623021531 0.825538039598159 2.588407381994974e-05 1.794737886230353e-08 2.587549660038303e-05 0 1.989163400836491e-08
1205 0.169041174492569 0.806449040060552 2.857555394629359e-05 1.034054503772518e-08 2.857491867382716e-05 0 1.036004067481529e-08
1206 0.182977002360252 0.8730082297410779 3.348703463161273e-05 1.682066079451882e-08 3.348058339274366e-05 0 1.801535768476416e-08
1207 0.198631761897777 0.879605149532715 3.94447375559419e-05 -1.221120195940702e-09 3.945457683461518e-05 0 9.914763705883194e-09
1208 0.173924298037016 0.857051994788853 3.022376152804757e-05 2.980156698147539e-08 3.024966144766877e-05 0 3.948340450032166e-08
1209 0.171968630253732 0.838401360960939 2.958507542100078e-05 1.551391122633993e-08 2.957320979134479e-05 0 1.9531374981601e-08
1210 0.181132370952162 0.822707248573212 3.281270401958452e-05 7.526790173727856e-09 3.280893580675162e-05 0 8.41736290493338e-09
1211 0.189660928645225 0.840643714086785 3.595675520329508e-05 1.698576233329732e-08 3.597126785456913e-05 0 2.234128843745175e-08
1212 0.195617256068148 0.860005193491052 3.826285010153691e-05 1.453954554186671e-08 3.826611087163138e-05 0 1.490070488846079e-08
1213 0.216381946021666 0.888057243042316 4.683540306504049e-05 -2.704418433157565e-10 4.682114656412318e-05 0 1.425906578973246e-08
1214 0.232539511964246 0.897137723386687 5.408783744284657e-05 2.169370276783092e-09 5.40746246245697e-05 0 1.338972494920013e-08
1215 0.248679088116687 0.904319775345406 6.182628035516552e-05 5.106325560813232e-09 6.184128886654699e-05 0 1.585339000406535e-08
1216 0.265144856644581 0.912244954194232 7.031077463062338e-05 -1.56292719785728e-08 7.030179500507541e-05 0 1.802519951518033e-08
1217 0.279382439904105 0.922918521865313 7.807423828220331e-05 -1.434636802657908e-09 7.805454772677085e-05 0 1.974274945376794e-08
1218 0.297033797921786 0.918634441195802 8.823922391302478e-05 -1.246890709253328e-08 8.822907710784042e-05 0 1.607579856590834e-08
1219 0.217747867405758 0.865758045521036 4.739949533774165e-05 2.610158049070687e-09 4.741413375975557e-05 0 1.486930812441402e-08
1220 0.234245543282955 0.878785660073565 5.48659103881228e-05 -1.089230043917145e-08 5.487097454792674e-05 0 1.201199081655507e-08
1221 0.247100427815393 0.888328459018715 6.107400156370214e-05 1.075221354838693e-09 6.105862142655024e-05 0 1.541767556322623e-08
1222 0.265833708062391 0.890581472994156 7.06489314105309e-05 -8.947008487370769e-09 7.066756034220052e-05 0 2.066606048632026e-08
1223 0.285208681765643 0.903053964830803 8.131980269962008e-05 -8.092648679389972e-09 8.134399215449583e-05 0 2.550726739252878e-08
1224 0.210696899552424 0.844012478599422 4.438959931180835e-05 4.970594510013651e-10 4.439318348100425e-05 0 3.618471628002927e-09
1225 0.204524976988356 0.821752984734594 4.181497663199573e-05 9.130974195275465e-09 4.183046621208756e-05 0 1.798059457236752e-08
1226 0.231063860993531 0.8473026419263739 5.338519587735465e-05 1.33913681415825e-08 5.339050785723781e-05 0 1.440645240794915e-08
1227 0.237466740819187 0.862640206520187 5.64046366307902e-05 -4.917216390761141e-09 5.639045299528694e-05 0 1.501181311910836e-08
1228 0.254144565883552 0.87087199804866 6.458171239634212e-05 -1.951094214168091e-08 6.458946036813911e-05 0 2.099304480590778e-08
1229 0.225456138679765 0.828686740081271 5.081216433637111e-05 1.267136291073406e-08 5.083047046838943e-05 0 2.226382508662223e-08
1230 0.27567665170026 0.870967024661698 7.600780653248939e-05 -2.288790375374403e-09 7.599761629266647e-05 0 1.044411552171313e-08
1231 0.284762209444282 0.88439630325519 8.110485443518589e-05 -1.085236418963498e-08 8.108951592758913e-05 0 1.878945512250465e-08
1232 0.300659964770659 0.888561579893606 9.039766720373255e-05 -8.383334138046388e-09 9.03964144158939e-05 0 8.476424283788874e-09
1233 0.303559720753534 0.904125856918759 9.215793798661552e-05 -1.087587580352707e-08 9.214850406396354e-05 0 1.439734597407767e-08
1234 0.317034902447941 0.915392068630398 0.0001005171454450265 -2.249346863424437e-08 0.0001005111293701755 0 2.328409946321967e-08
1235 0.335224226992054 0.919993675448093 0.0001123983054360484 -4.299041772669515e-09 0.0001123752823624202 0 2.342100936029401e-08
1236 0.345445394108793 0.933026817748994 0.0001193510688533874 4.281403523180596e-09 0.0001193325203109793 0 1.903625072308734e-08
1237 0.355751512302549 0.948147835544204 0.0001265784538061038 -6.582758161007555e-09 0.0001265591385055507 0 2.040621328089501e-08
1238 0.37671781563701 0.948897096710818 0.0001419142237313472 -1.026657725662109e-08 0.0001419163126183203 0 1.047692976747077e-08
1239 0.396541779410374 0.940145624104665 0.0001572839257030799 4.759360851851556e-09 0.0001572453828179457 0 3.883562166596811e-08
1240 0.412703851985135 0.947842479014833 0.0001703399521425111 1.601531041597758e-08 0.0001703244694433682 0 2.227564006871228e-08
1241 0.31781125386951 0.895042063492582 0.0001010224836101491 -3.764880985813026e-09 0.0001010039930861101 0 1.886991807281527e-08
1242 0.335190374466459 0.902885293583053 0.0001123522547785347 -2.056624657910912e-09 0.000112352587134965 0 2.083306453771293e-09
1243 0.365807454156412 0.931042943260448 0.0001338297409489744 -8.45864865466015e-09 0.0001338150935163955 0 1.691437312514388e-08
1244 0.383179301786623 0.930939014034838 0.0001468734567360538 1.032759548571313e-08 0.0001468263773176839 0 4.819886785562351e-08
1245 0.354509119115538 0.9125654503434411 0.0001256769600528935 2.299707290684661e-09 0.0001256767155360747 0 2.31266990673427e-09
1246 0.379179681014854 0.91276033144391 0.000143780346745375 1.763999475317543e-08 0.0001437772304945264 0 1.791313580150287e-08
1247 0.397608926847725 0.921903299017882 0.0001581199652338781 1.791105325315955e-08 0.0001580928587089995 0 3.24895293845524e-08
1248 0.413050027014089 0.930646507647145 0.0001706404325725516 -1.176006325966414e-09 0.0001706103248163397 0 3.013071481053388e-08
1249 0.425890522071241 0.938546184541309 0.0001814146585377444 8.870581537561958e-09 0.0001813827367901142 0 3.313133242988463e-08
1250 0.441736191055308 0.937661914948257 0.00019513698102359 6.448572348106602e-09 0.0001951308624880516 0 8.889351071005527e-09
1251 0.457963977378505 0.936037989283273 0.0002097564361997448 5.810229270087437e-09 0.0002097310045763399 0 2.608689773012452e-08
1252 0.46995782704543 0.943718203562252 0.0002208888026547855 4.869566519076251e-09 0.0002208603592012623 0 2.885728203435634e-08
1253 0.352277365237691 0.891021815295953 0.0001241125598368489 -3.827936913793602e-09 0.0001240993420588095 0 1.37609141161773e-08
1254 0.368364219437395 0.89731756046747 0.0001357105054369198 1.211019020205232e-08 0.0001356921981617213 0 2.195023990582109e-08
1255 0.334205343535049 0.883387163380385 0.0001117139891403723 -4.0579125039822e-09 0.0001116932116473801 0 2.117004650279591e-08
1256 0.316130444729858 0.875992457116322 9.995354895105164e-05 6.17215224498609e-09 9.993845808509781e-05 0 1.630428466912363e-08
1257 0.296369875770496 0.868877880326747 8.784023587068355e-05 4.657321315347529e-10 8.783510326421923e-05 0 5.15369338785216e-09
1258 0.385296807589134 0.891989617353815 0.0001484582868371154 1.232354987041145e-08 0.0001484536299383781 0 1.317408772012901e-08
1259 0.399398282331466 0.903684232651172 0.0001595275603444609 8.528074453992601e-09 0.0001595189879293254 0 1.209191279935106e-08
1260 0.414245127933659 0.913327009069789 0.0001716058433062499 -2.571861132419833e-09 0.0001715990260167735 0 7.286282007269095e-09
1261 0.431258566339009 0.922190864453714 0.0001859845898057048 -7.995062430132792e-09 0.0001859839510407774 0 8.020538878036353e-09
1262 0.451410538165475 0.922237978448798 0.0002037789491851187 2.382844300097136e-08 0.0002037714739668437 0 2.497345759217545e-08
1263 0.429129737310465 0.903667470297786 0.0001841783959585286 -1.381086540391939e-08 0.0001841523314441487 0 2.949743909336025e-08
1264 0.443292125747982 0.909334882069768 0.000196527392953396 5.600432115586486e-09 0.0001965079087501647 0 2.027311065034386e-08
1265 0.414963891785 0.897958379452986 0.000172211301445598 -1.358065265865467e-09 0.0001721950314853532 0 1.632654120244205e-08
1266 0.405025728251622 0.884260914591354 0.0001640554598047609 3.446987569343445e-09 0.0001640458405457567 0 1.021821251943593e-08
1267 0.426969695789783 0.884920146959088 0.0001823095018062469 4.729080712840071e-09 0.0001823031211228198 0 7.942123480847404e-09
1268 0.443961220257442 0.89440076540447 0.0001971108761261206 8.182080591112791e-09 0.0001971015650924769 0 1.239523256393558e-08
1269 0.907824396517566 0.0558411180579681 0.0008241694127569484 4.635380264741018e-09 0.0008241451349124829 0 2.471640107487252e-08
1270 0.919289249990099 0.0699699385569523 0.0008451013262629506 7.05875404478082e-09 0.0008450927251473588 0 1.112677842360084e-08
1271 0.8922470922929721 0.0523465907291154 0.0007961097220821677 -9.528984989377762e-09 0.0007961048737052634 0 1.069150660733657e-08
1272 0.875306653632309 0.0473916911176922 0.0007661853947981697 1.964525681253822e-09 0.000766161737892991 0 2.37383344779622e-08
1273 0.925459546942086 0.09274634035972509 0.0008564638747591742 -1.563160607772552e-09 0.000856475373026251 0 1.160403450772611e-08
1274 0.930927984620302 0.116235265499611 0.0008665896995777184 -1.865882537833896e-09 0.0008666269125492173 0 3.725972041522987e-08
1275 0.928239489021734 0.136181023500704 0.0008616443522620972 5.474920594971771e-09 0.00086162854897933 0 1.672478704616618e-08
1276 0.916033632231712 0.151686444371647 0.0008391258528425256 -3.855431769906082e-09 0.0008391176153796234 0 9.095061802863972e-09
1277 0.8620662957355421 0.0575272101292927 0.000743185237736098 1.368040868257015e-08 0.0007431582982431991 0 3.021406724314709e-08
1278 0.846198925080234 0.0565187966131879 0.0007160686535098124 1.38150220660115e-10 0.0007160526208069435 0 1.603329806263079e-08
1279 0.83590424650532 0.0705176986149228 0.000698762201346564 1.172634019845652e-08 0.0006987359093256268 0 2.878849456665887e-08
1280 0.819541793417191 0.0757213195164968 0.0006716553568327632 -1.129101654601083e-09 0.0006716487511574658 0 6.701478693562379e-09
1281 0.853885902971655 0.07563131427609621 0.000729112653194625 -6.151500921630725e-09 0.0007291211352937186 0 1.047792768742699e-08
1282 0.801429094135503 0.0833981844750623 0.0006423019001763862 -1.466281677149419e-08 0.0006422885929268529 0 1.980103749343068e-08
1283 0.784202319878047 0.0940560576769406 0.0006149980474802654 -1.027582473480226e-08 0.0006149732785021108 0 2.681594400362498e-08
1284 0.767664640932511 0.0863293960583358 0.0005893104904039848 1.801216738098626e-08 0.000589309000938041 0 1.80736460781559e-08
1285 0.890818576141683 0.1777099918866 0.0007935733222128485 3.758742228463029e-09 0.0007935577355990955 0 1.603342357159986e-08
1286 0.8956069491122171 0.160228645198935 0.0008020994774829341 -1.368997917553213e-08 0.0008021118072980934 0 1.842389404250198e-08
1287 0.874304423906799 0.190122035982587 0.0007643855066604976 1.071011591468326e-09 0.0007644082256629996 0 2.274423312653238e-08
1288 0.899076967628636 0.142218178550649 0.0008083548253270603 -6.24654185991646e-09 0.0008083393937203034 0 1.664793597745769e-08
1289 0.9125897337682179 0.129830356478935 0.0008328226601209877 -8.984974529395608e-09 0.0008328200221791469 0 9.364214032644101e-09
1290 0.909833011176678 0.109079664297359 0.0008277668298474265 -2.120057210808688e-09 0.0008277961082268212 0 2.935503606800568e-08
1291 0.9052873750780051 0.08884937573832161 0.0008195414955411747 2.925183952041642e-09 0.0008195452314756247 0 4.744882229039013e-09
1292 0.897869227176548 0.0704880802176675 0.0008061831361059693 1.721986192650407e-09 0.0008061691491106117 0 1.409259648118435e-08
1293 0.876599804494225 0.06834350924003289 0.0007684307834814201 -4.773961112503431e-09 0.0007684272172393136 0 5.958925026048309e-09
1294 0.885991177118268 0.0875736910458029 0.000784975969024875 8.800895214930542e-09 0.0007849803659314142 0 9.838116877651983e-09
1295 0.8933185322930129 0.103233061540811 0.0007980194433641211 8.976754609719315e-09 0.0007980180001381428 0 9.092030826362232e-09
1296 0.86885939658308 0.0874409567053693 0.0007549266384368171 -7.542277704567213e-10 0.0007549166510307138 0 1.001584445776793e-08
1297 0.891456635550774 0.123578178110802 0.0007946548639311604 1.75332491346884e-08 0.0007946949330675055 0 4.373728972694254e-08
1298 0.874057580752491 0.10707931988696 0.0007639402503537996 1.11286125616482e-08 0.0007639766544708973 0 3.806712176153927e-08
1299 0.877101681552872 0.167614920522581 0.0007693330718254206 6.542146958675185e-09 0.0007693073597828758 0 2.653128000405919e-08
1300 0.879749538126405 0.145761302572918 0.0007739480159129951 2.264195133613719e-08 0.0007739592498336229 0 2.527565890299309e-08
1301 0.871627930883342 0.127836327917232 0.0007597432418530174 1.626916235748812e-08 0.0007597352498959761 0 1.812614192720585e-08
1302 0.8639345589949859 0.157398555232555 0.0007463909850401325 9.726209863340968e-09 0.0007463829222258609 0 1.263361121310993e-08
1303 0.859508860855224 0.141442789615641 0.0007387496113231567 8.576379378665555e-09 0.0007387554818886449 0 1.039316229054228e-08
1304 0.858268350027673 0.174457953618402 0.0007366148674555802 -1.825075762274889e-09 0.0007366245606592242 0 9.863523631183798e-09
1305 0.863054947623433 0.211939424466727 0.000744845498765586 4.603707936628997e-09 0.0007448638426172868 0 1.89127211682833e-08
1306 0.850880445609443 0.194772362016243 0.0007239857261884222 4.240432892157696e-09 0.0007239975327205244 0 1.254493807842363e-08
1307 0.8550662832477059 0.231953200347953 0.0007311441243272155 1.96054195046693e-08 0.0007311383487470461 0 2.04384392810988e-08
1308 0.839304824296249 0.216110591754149 0.0007044047140270315 5.894152107828207e-09 0.0007044325880869574 0 2.849042375655292e-08
1309 0.853410632884204 0.121311130748916 0.0007282941598068784 -2.458563758194776e-09 0.0007283097083198177 0 1.574168956550218e-08
1310 0.85379627472089 0.098569856742088 0.0007289812873721842 1.710327803630141e-08 0.0007289680787272695 0 2.16099611306845e-08
1311 0.833836286164333 0.090486702154191 0.00069525753393127 1.077969194105438e-08 0.0006952829521243275 0 2.760953271340907e-08
1312 0.815113533625935 0.09271206284754251 0.0006644282109222623 -7.472852744190312e-09 0.0006644100727001582 0 1.961730433146105e-08
1313 0.800896404204583 0.103161917061339 0.0006414511703865181 -5.161667086801321e-09 0.0006414350502678307 0 1.692634141243532e-08
1314 0.838765621578017 0.10945888273407 0.0007035289182636014 -1.952222252769942e-09 0.0007035277679411573 0 2.265924413907248e-09
1315 0.819908104075657 0.110775996151392 0.0006722219880187148 1.014636402313673e-08 0.0006722492991289384 0 2.913495228306977e-08
1316 0.84328117192208 0.138631910606173 0.000711129246200415 2.483313549675139e-09 0.0007111231349182766 0 6.596560888947563e-09
1317 0.832922299912585 0.126136815175872 0.000693757366519294 5.138249983572736e-09 0.0006937595576916703 0 5.585951062810224e-09
1318 0.84512118733153 0.157701337870087 0.0007142074768794659 8.773435731249014e-09 0.000714229821276655 0 2.400510904522326e-08
1319 0.838355653342861 0.179121063571517 0.0007028433291521534 -4.504429959615283e-09 0.0007028402014919353 0 5.483807773925659e-09
1320 0.8320931717322489 0.196862804995664 0.0006923795132587294 -1.150364155191271e-08 0.000692379046443434 0 1.15131092878907e-08
1321 0.816700735919466 0.130079422342932 0.000667010145549935 8.530745996186731e-09 0.0006670000920513974 0 1.318508475878763e-08
1322 0.801196459507946 0.123371171533547 0.0006419103169368576 -8.434733636024333e-09 0.0006419157667280678 0 1.004215891856049e-08
1323 0.825520397018257 0.146547237194684 0.0006814619046549654 2.012343049847282e-08 0.0006814839258931806 0 2.983098033182085e-08
1324 0.827067087213244 0.166287323881726 0.0006840452877335276 5.825869378260901e-09 0.0006840399667513997 0 7.890095361774821e-09
1325 0.816800880253593 0.184619518742115 0.000667160997681816 -2.15468789444599e-09 0.0006671636779830444 0 3.438996161268343e-09
1326 0.809602399574801 0.163427458911104 0.0006554416172482612 3.053241137250916e-09 0.0006554560453972757 0 1.474766983042035e-08
1327 0.804038017439126 0.143537459807546 0.0006464782051730782 6.487254672352645e-09 0.0006464771334874402 0 6.575179335249849e-09
1328 0.783601632023329 0.114629092642831 0.0006140534881795089 -8.043731941122642e-09 0.0006140315177096248 0 2.339664870170171e-08
1329 0.76774787802025 0.105039079735157 0.0005894544101804658 7.129696552563497e-09 0.0005894368042045967 0 1.89948140088996e-08
1330 0.75208090313141 0.0975591818034009 0.0005656141770744892 1.014829601587132e-08 0.0005656256848549573 0 1.53433022302368e-08
1331 0.735979695821449 0.08960963710979131 0.0005416766134673894 -1.181996443562837e-08 0.0005416661126614325 0 1.581070792226842e-08
1332 0.721888044552602 0.07887024655913261 0.0005211439803270688 -7.545042431924085e-10 0.0005211223488679795 0 2.164461362526132e-08
1333 0.7046016450185399 0.0834280396936391 0.0004964748209951488 -1.046076703870319e-08 0.0004964634781628326 0 1.543008399171954e-08
1334 0.782117042086372 0.138007655976581 0.0006116980722467381 -9.473329681633138e-09 0.0006117070675219358 0 1.306364999296609e-08
1335 0.765530800104271 0.12409787717189 0.0005860472038129909 -1.777714470981734e-09 0.0005860374059082853 0 9.957871527672652e-09
1336 0.753483881172449 0.113518945646973 0.0005677586104303734 7.992111015270879e-09 0.0005677379591866973 0 2.214379605777241e-08
1337 0.735561083208224 0.111459331358508 0.0005410417139844671 -2.032733927995952e-09 0.0005410501071304558 0 8.635792193581357e-09
1338 0.716482115818549 0.0992579877857591 0.0005133268692167896 -7.903760271340045e-09 0.0005133466222878247 0 2.12756490322596e-08
1339 0.789152963193351 0.159765112526184 0.0006227539138509512 -9.058231522897938e-09 0.0006227623993168464 0 1.241187696450439e-08
1340 0.795131422151823 0.179771159140534 0.000632217086260358 9.072067042294224e-09 0.0006322339784931805 0 1.917419959604857e-08
1341 0.771657280412425 0.156653354538937 0.0005954689290990637 -1.244007201574215e-09 0.0005954549584134999 0 1.402596196489253e-08
1342 0.759767175798415 0.143938196197942 0.0005772476846881432 -7.096139535895175e-09 0.0005772461614206997 0 7.257791676351146e-09
1343 0.746554292550405 0.129403770422362 0.0005573482961500633 -3.608090268913501e-09 0.0005573433117254357 0 6.153275896369045e-09
1344 0.772476386812062 0.177147503067921 0.0005966842087966242 -5.954514908150348e-09 0.0005967197681822185 0 3.605448864751695e-08
1345 0.727081048316831 0.132312515162075 0.0005286586363464574 -1.369444449908024e-08 0.0005286468508215019 0 1.806755126226458e-08
1346 0.717377030943091 0.118474708794841 0.0005146459836458466 -1.735315263904097e-08 0.0005146298045247246 0 2.372542658827888e-08
1347 0.701628675320805 0.114441656730847 0.000492285114214299 -8.270862254495746e-09 0.0004922827980324276 0 8.589054714825971e-09
1348 0.698416996544989 0.0984582843010527 0.0004877945864159782 -8.958306879323511e-09 0.0004877863010629232 0 1.220239064245649e-08
1349 0.684991278248024 0.08694848079848359 0.0004692210881298435 -2.077391235623427e-08 0.0004692130512758618 0 2.227434525431383e-08
1350 0.6671261094699 0.0822559976959928 0.0004450762963622406 5.166879352399219e-09 0.000445057245936445 0 1.973867688657345e-08
1351 0.6569254652508419 0.0688294962256846 0.0004315695832039074 1.093888251033556e-08 0.0004315510668950351 0 2.150611180174578e-08
1352 0.646462384007037 0.0533235227567821 0.0004179339872282608 -6.078859489757952e-09 0.0004179136139360619 0 2.126084588434699e-08
1353 0.626030597925189 0.0527543586730935 0.0003919120969540362 -9.489488746954467e-09 0.0003919143095385697 0 9.74402006341518e-09
1354 0.607272368193821 0.062142678634628 0.0003688164090221801 2.178874273520731e-09 0.0003687797291717317 0 3.674450873279587e-08
1355 0.591293683217926 0.0546225419066949 0.0003496208295619598 1.774461179485037e-08 0.000349628219813421 0 1.922204631171249e-08
1356 0.684427565231415 0.108171725305471 0.0004684567038147713 2.568286400494055e-09 0.0004684410920486028 0 1.582160984013107e-08
1357 0.66740188024583 0.0998790179147426 0.0004454400015216192 6.921905835408982e-09 0.0004454252697556693 0 1.627690721224254e-08
1358 0.637371793237441 0.0707163212558546 0.0004062592301004179 -9.952449983521895e-09 0.0004062428028147112 0 1.920695125114071e-08
1359 0.620474001014281 0.0712810370409528 0.0003850317857529768 3.133197942846174e-09 0.0003849879859346699 0 4.391174117545371e-08
1360 0.648448607298317 0.09000488610774859 0.0004204753365843617 1.503574554795147e-08 0.000420485596307127 0 1.820262495910043e-08
1361 0.625944853610143 0.0880330738297808 0.0003918276546435834 1.547275646453176e-08 0.0003918069597610233 0 2.583958894382039e-08
1362 0.60578662801443 0.0827068306330674 0.000367013984246027 4.644523178694904e-09 0.0003669774386810933 0 3.683951563037072e-08
1363 0.593278526368068 0.0705548387329714 0.000352016913548511 1.136493928955781e-08 0.0003519794098494664 0 3.918787168350188e-08
1364 0.575632324217029 0.06805508749372779 0.0003313587631834634 1.89337987501609e-08 0.0003313525726834989 0 1.992011608708936e-08
1365 0.558640827398129 0.07491917553818001 0.0003121173711780646 -5.227016769995897e-09 0.0003120795740360662 0 3.815685583949947e-08
1366 0.542662128662883 0.0726724896510218 0.0002944957900671998 5.007630734453249e-09 0.0002944821858849314 0 1.449655616910748e-08
1367 0.531462936315779 0.08934173357136151 0.0002824666426883286 -9.344149646742195e-09 0.0002824528526773898 0 1.665765692747291e-08
1368 0.550461412539299 0.0897606004991028 0.0003030335037133256 -1.049028679610772e-08 0.0003030077666947604 0 2.779280917236113e-08
1369 0.586436755838573 0.08519505927729901 0.0003439423805908261 5.042533145138333e-09 0.0003439080685984701 0 3.468054151770065e-08
1370 0.568560988961392 0.0879216255533424 0.0003232940531060809 1.445071745175874e-08 0.0003232615981687561 0 3.552669688597183e-08
1371 0.611483612504266 0.103091360801363 0.0003739112719232166 1.04180570422192e-08 0.0003739122083612673 0 1.046005873586362e-08
1372 0.595687270847486 0.0985350937827396 0.0003548756116309529 7.528063580954358e-09 0.0003548433246497261 0 3.315299229361615e-08
1373 0.579728405441115 0.10330031887615 0.0003360976394039057 1.456675018135263e-08 0.0003360850240752979 0 1.92700992921402e-08
1374 0.560502552986029 0.106228084698274 0.0003141685391605264 -1.503809510761774e-09 0.0003141631119038563 0 5.631745556041925e-09
1375 0.54098779165802 0.107374109796612 0.0002926756297655051 -1.51362456577464e-08 0.0002926677907230213 0 1.704571851447783e-08
1376 0.521131977379098 0.107906701197758 0.000271587289558609 -1.456392867647805e-08 0.0002715785378470487 0 1.699118811994879e-08
1377 0.499346107847949 0.109632867907546 0.0002493449417621162 -8.089934015214967e-09 0.0002493465354228955 0 8.245410059542317e-09
1378 0.479169283360846 0.104769779944504 0.0002296030417910077 -7.218862485816364e-10 0.0002296032021165467 0 7.394755130147509e-10
1379 0.458653259946928 0.103081772088039 0.0002103513029655623 -9.90252501471059e-09 0.0002103628128599443 0 1.518346700698368e-08
1380 0.440689915130039 0.112670900534026 0.0001942370761419509 -2.034962114432597e-08 0.000194207601297321 0 3.581722416206434e-08
1381 0.427174753643305 0.104825067509029 0.0001825089028260157 8.134573746139585e-09 0.0001824782701502183 0 3.169435464781511e-08
1382 0.41269898016042 0.10628228058172 0.0001703498969133392 2.316432912739713e-09 0.0001703204482254507 0 2.953965266873746e-08
1383 0.469572793081848 0.120663270475739 0.0002205034959005872 -6.985473549929766e-09 0.0002204986080026881 0 8.525748447438253e-09
1384 0.4543121478871 0.121578762221865 0.0002064253458947628 -3.012448259468444e-09 0.0002063995277177902 0 2.599332811903174e-08
1385 0.484695434177218 0.120152936234016 0.0002349487886281919 -1.434860284623138e-08 0.0002349296639122419 0 2.390893481123773e-08
1386 0.512597128164927 0.126241333602859 0.0002627628328272867 -1.475718997359736e-08 0.0002627558158029306 0 1.63405412006987e-08
1387 0.495770825111211 0.13045489444208 0.0002458197871950379 -6.677944714156251e-09 0.000245788711031451 0 3.178557674298465e-08
1388 0.531286166241151 0.125486317760471 0.0002822660011240143 -1.008654021856904e-08 0.00028226499043922 0 1.013704973522321e-08
1389 0.551130801254015 0.12539163271063 0.000303735392494271 -8.517987442192536e-09 0.0003037451600908926 0 1.296001750873447e-08
1390 0.57220164263045 0.123496475867573 0.0003274015292969467 3.20627156895687e-09 0.0003274147198289853 0 1.357462017277323e-08
1391 0.595042147898506 0.118310282262349 0.0003540550415737122 4.190869544032019e-09 0.0003540751577756675 0 2.054811350558231e-08
1392 0.441656463734545 0.132318506423806 0.0001950764376787 1.754180123979973e-09 0.0001950604319585034 0 1.610155976662514e-08
1393 0.423106912794626 0.122676209780061 0.0001790295838514238 5.538682665761951e-10 0.0001790194596545992 0 1.01393358460295e-08
1394 0.521673159994187 0.142501604498487 0.0002721376398379406 -7.1803651494145e-09 0.0002721428858583206 0 8.89260217859125e-09
1395 0.506434040299115 0.141266788054431 0.0002564901670134137 -4.935898540670402e-09 0.0002564754371736856 0 1.553484061127362e-08
1396 0.540251560350449 0.143356771120732 0.0002918565389525583 4.270216032777071e-09 0.0002918717484610948 0 1.579759142677363e-08
1397 0.5616184139168779 0.146267773592443 0.000315393311790311 -5.141585734352831e-09 0.0003154152428505097 0 2.252570321435999e-08
1398 0.585257413816315 0.14135015990401 0.0003425138115305871 -7.61295147727576e-11 0.0003425262404269614 0 1.242912952651786e-08
1399 0.614364006354626 0.120517995727715 0.0003774556345320147 4.190373990577132e-09 0.0003774431323041069 0 1.318578540854979e-08
1400 0.606648172763371 0.137759608735188 0.0003680198060710883 -1.022322617923863e-08 0.0003680220055171368 0 1.045714666781646e-08
1401 0.632166360294666 0.110309758845363 0.0003996283856406989 1.446071859763219e-08 0.0003996343070882055 0 1.562612949305959e-08
1402 0.652271134904022 0.10992567336735 0.00042548909160695 4.501213814754845e-09 0.0004254576334289809 0 3.177857591120866e-08
1403 0.6672192417648311 0.121886154624934 0.0004451929135889566 3.837994475819149e-09 0.0004451815165812361 0 1.202588818252517e-08
1404 0.686987391917492 0.127336720988801 0.0004719754306192434 1.50713337318701e-08 0.0004719516766535978 0 2.813176113127277e-08
1405 0.706190145956205 0.134854370603625 0.0004987223491707904 -5.973284433243184e-09 0.0004987045222456461 0 1.880104749796529e-08
1406 0.646174760976525 0.127486761147473 0.0004175493948240433 -8.585145122145879e-09 0.0004175418217230693 0 1.144799437150886e-08
1407 0.626556936827587 0.133010409320419 0.0003925917502851014 8.643084519605744e-09 0.0003925735950867688 0 2.010756416146168e-08
1408 0.67451148913373 0.138378723932199 0.0004549869760872177 -6.355392340289521e-09 0.0004549657489734021 0 2.215809948392978e-08
1409 0.658879185200232 0.141899761085032 0.0004341300791952617 1.89742312459634e-09 0.0004341217806901216 0 8.512661280311236e-09
1410 0.688041932227655 0.146202016064869 0.0004734162428622651 -7.297204744492731e-09 0.000473401700503565 0 1.627050686505163e-08
1411 0.640044404666304 0.147779691100933 0.0004096652812634065 -6.514394927590716e-10 0.0004096568399446435 0 8.466418125198804e-09
1412 0.62000455525053 0.154127720969725 0.0003844019995143171 -1.078187988649305e-09 0.0003844056485314075 0 3.804972413200258e-09
1413 0.59874978872739 0.159114257286296 0.0003584859184954155 -8.742831246049158e-09 0.0003585013095010942 0 1.770085178737699e-08
1414 0.577365931068231 0.163013261976059 0.0003333431005988666 3.618675084954171e-09 0.0003333514183582853 0 9.070828579382183e-09
1415 0.55868548264036 0.168278813005766 0.0003121431344750914 -1.704131172888571e-08 0.000312129468513092 0 2.184410270092738e-08
1416 0.546534180553035 0.158781959315611 0.0002986945648906999 -1.117387152528952e-08 0.0002986996105127775 0 1.226024906001345e-08
1417 0.529330817901191 0.161551672642358 0.0002801669286928578 7.633403238426394e-10 0.0002801911147799438 0 2.419813003068334e-08
1418 0.510208420090035 0.156890678574907 0.0002602951594091731 7.5538863282905e-09 0.0002603126319307696 0 1.903549866961451e-08
1419 0.718963752905829 0.148537830719735 0.0005169306801644804 -3.456413950218028e-09 0.000516908877992434 0 2.20744536361356e-08
1420 0.703352267492272 0.156592229337729 0.0004947164374215335 1.22739271178285e-09 0.0004947044121865205 0 1.208771152816336e-08
1421 0.737965731067721 0.151052948515793 0.0005445747130644288 -5.082224985281784e-09 0.0005445934202303159 0 1.93852280442862e-08
1422 0.754876073575923 0.164354626829178 0.0005698363527850643 1.345855474209701e-08 0.0005698378864574024 0 1.354565784990521e-08
1423 0.738292088326941 0.170953884129927 0.0005450888282295001 -5.5860461630078e-09 0.0005450752076861557 0 1.472151869646725e-08
1424 0.7203346811270021 0.167800617819679 0.0005188600765707014 -4.465319305499369e-09 0.0005188820528343397 0 2.242532586162171e-08
1425 0.749173849900106 0.186336593543635 0.0005612604155286731 8.248420401911668e-11 0.0005612614573741467 0 1.04510556155357e-09
1426 0.782565817397854 0.196472120478884 0.0006123905447724017 -8.853524483904971e-09 0.0006124092585595715 0 2.070243285281611e-08
1427 0.764930090709226 0.196602955441273 0.0005851201709837633 1.748688652024195e-08 0.0005851180436724248 0 1.761580692739044e-08
1428 0.800302308927192 0.197150097535911 0.0006404768876972602 2.132267545339834e-10 0.0006404837856741947 0 6.90127172617021e-09
1429 0.815194912221692 0.209670860959959 0.0006645330725686201 -4.411761406799989e-09 0.0006645427449121323 0 1.063098620674214e-08
1430 0.837843727215134 0.236647170029911 0.0007020066549299779 9.881190142917175e-10 0.0007019821112337479 0 2.456357880720504e-08
1431 0.821147247606012 0.230896065667285 0.0006742897075516772 -2.16843404184155e-08 0.0006742828022509292 0 2.275728010553534e-08
1432 0.848293370748315 0.253598572699635 0.0007195885795789739 2.023836173637648e-08 0.0007196016428555383 0 2.408818134212362e-08
1433 0.851311186516526 0.276297100564132 0.0007247376789790139 6.132961896528565e-09 0.0007247307362881754 0 9.263594210820015e-09
1434 0.804939903539054 0.226829589622694 0.0006479479337703805 1.468778701363335e-08 0.0006479282483094615 0 2.456111680994475e-08
1435 0.791896040335738 0.215192574764717 0.0006270856761805763 -4.461018393203798e-09 0.0006270993386994208 0 1.437237302197199e-08
1436 0.770817748429186 0.212903810783754 0.0005941566647029248 1.972426650914142e-08 0.00059416000129344 0 2.000448763626605e-08
1437 0.792386855725033 0.23291794710064 0.0006278975401567651 4.722016916662891e-09 0.0006278769291258043 0 2.114502402529105e-08
1438 0.777192786207115 0.230353277340723 0.0006040295649882908 3.471850695837332e-09 0.0006040286269323782 0 3.596344831810876e-09
1439 0.825523745126803 0.250656639241479 0.0006815020337542817 -4.371547578919506e-09 0.0006814894537681828 0 1.331790067847008e-08
1440 0.80420024661142 0.245430226408627 0.000646738611570588 6.126030312360508e-10 0.0006467380366498687 0 8.401287445296428e-10
1441 0.831202007924481 0.270825457776021 0.000690890494349132 4.644533396255246e-09 0.000690896777977689 0 7.813813301483275e-09
1442 0.810584474334476 0.266513904740894 0.0006570566219459837 -1.034549433005654e-08 0.0006570471900320988 0 1.39996518694353e-08
1443 0.835904223321022 0.291201791149371 0.0006987403930026038 3.168400995657946e-09 0.000698735870565921 0 5.521883593362761e-09
1444 0.841168386424056 0.310652510626528 0.0007075560818466985 1.411046878703019e-08 0.0007075642543192501 0 1.630627600023122e-08
1445 0.847398254385235 0.326384025826815 0.000718099258060636 -7.533393942456723e-09 0.0007180838015351434 0 1.719465628030162e-08
1446 0.845673726644222 0.34545935197918 0.0007151292302856081 -1.799320959303197e-08 0.0007151640519363263 0 3.919570065968785e-08
1447 0.815727482865707 0.286660805700083 0.0006654085955688057 -4.474087318185639e-09 0.0006654113263024222 0 5.241599318463188e-09
1448 0.820899756583062 0.307200945376868 0.0006738709644741413 -7.065867608160859e-09 0.0006738764103581305 0 8.920994197955167e-09
1449 0.827605894613497 0.329678575560713 0.0006848972993443237 4.258131580253321e-09 0.0006849315167990068 0 3.448138468132354e-08
1450 0.79111818274672 0.263418044796362 0.0006258789198510471 -1.167526567357533e-09 0.0006258679790724726 0 1.100289753204242e-08
1451 0.7838366312869109 0.246738560258765 0.0006144094158149521 6.217263774987981e-10 0.0006143998645472129 0 9.571481552816833e-09
1452 0.795874194673505 0.282055965939749 0.0006334201941889867 -9.153820724340108e-09 0.0006334157337472001 0 1.018272924050551e-08
1453 0.800042914192036 0.302134871183153 0.0006400594029814585 -1.330399365907514e-09 0.0006400686645488855 0 9.356633672234665e-09
1454 0.805095632604809 0.322850679358481 0.0006481604626005513 2.249962369752675e-09 0.0006481789776393376 0 1.865124639052629e-08
1455 0.824806324860258 0.352184747916453 0.0006803238698065729 8.893631080402192e-09 0.0006803054735294853 0 2.043329842384837e-08
1456 0.808349969857289 0.342995580050601 0.0006534109380749216 -2.860882048875966e-09 0.0006534296737682801 0 1.89528586688613e-08
1457 0.779790288654951 0.277113865522242 0.0006081003271280685 3.672153609913455e-09 0.0006080728942805719 0 2.767753301704892e-08
1458 0.772611908405331 0.262590697372235 0.0005969369748893514 1.578860111412789e-08 0.0005969291610097275 0 1.7616374198941e-08
1459 0.778129572183226 0.296448546306374 0.0006054612311078451 -3.137357991235321e-09 0.0006054856311060502 0 2.460087249627838e-08
1460 0.7846827668772191 0.317550451439753 0.0006157167948706596 -1.457222302601955e-08 0.0006157270446340881 0 1.78159292281011e-08
1461 0.765603716272737 0.245681878420291 0.0005861559495304257 7.452386739446952e-09 0.0005861490503706256 0 1.015561293381884e-08
1462 0.758751534823414 0.228626481336362 0.0005756959898837971 4.698973267770833e-09 0.0005757038915968864 0 9.193335603396095e-09
1463 0.749700888066831 0.210112880967371 0.0005620473316266716 -4.207090512389237e-09 0.000562051421568195 0 5.867472389709394e-09
1464 0.789148037884588 0.33750763555584 0.0006227329026582878 -8.663418583896928e-09 0.0006227546256970951 0 2.338686034046455e-08
1465 0.73487940587828 0.199939567135149 0.0005400502170353142 3.000554839170679e-09 0.0005400477411840138 0 3.89013740179196e-09
1466 0.729225335291478 0.185149776485276 0.000531774729256506 -6.58786632528796e-09 0.0005317695896309686 0 8.3555809723231e-09
1467 0.7137547015122681 0.185646042312399 0.0005094517992605235 4.529160454892396e-09 0.0005094457739308668 0 7.537764383256923e-09
1468 0.70090608716892 0.176584133617229 0.0004912761343801551 -6.152898715286888e-09 0.0004912693430304458 0 9.164092616057458e-09
1469 0.685787750725051 0.165483306472516 0.0004703075293597315 -8.1484553512592e-09 0.0004703048390445247 0 8.581090870237487e-09
1470 0.671526876874455 0.1544710797604 0.0004509477506065176 -8.53126662495835e-09 0.0004509483463647594 0 8.552042920190605e-09
1471 0.718998770615264 0.200162420675422 0.0005169626650641593 -3.053163532059437e-09 0.000516959232146261 0 4.59420644398652e-09
1472 0.653896270327306 0.161285449007044 0.0004275750872431605 -4.95180524295465e-10 0.0004275803323479613 0 5.268427481089982e-09
1473 0.634851873918023 0.168743585476093 0.0004030200374858484 -6.450804760149425e-09 0.0004030369018172253 0 1.805598390687874e-08
1474 0.6132708671531421 0.178219269607586 0.0003760743076999114 -1.320671584350273e-09 0.0003761011564987668 0 2.688126063662466e-08
1475 0.590041234040989 0.180061726302169 0.0003481462351930511 3.238856475655959e-09 0.0003481486578686131 0 4.044693826285093e-09
1476 0.569925832611527 0.182840783568374 0.0003248212206569364 7.371644713003208e-09 0.0003248154546779423 0 9.358827893281207e-09
1477 0.742061026718723 0.228448660417763 0.0005506559687059021 9.229466806669653e-09 0.0005506545673748453 0 9.335244306726569e-09
1478 0.727423532368781 0.217851056254907 0.0005291393621287534 -1.285164246949232e-08 0.000529144995443875 0 1.403206875063226e-08
1479 0.747267774289133 0.244184157343327 0.000558414131914169 1.643460667802955e-08 0.0005584091264910347 0 1.717994637402414e-08
1480 0.754101863056586 0.261527663436124 0.0005686764083489401 9.949939886280547e-09 0.000568669619865414 0 1.204511570406509e-08
1481 0.761365817860947 0.280998423949197 0.0005796676925235775 1.30132136402683e-08 0.0005796779086070687 0 1.654424646657074e-08
1482 0.7680516988146679 0.313611557448778 0.0005899127049504627 1.621360827151172e-08 0.0005899034120520974 0 1.86879387095032e-08
1483 0.7573059856715531 0.301596137790044 0.0005735233045422992 1.027250760768343e-08 0.0005735123559339625 0 1.501320875295853e-08
1484 0.767788197056175 0.332698294082557 0.0005894685418118054 2.874816856662983e-10 0.0005894987155387718 0 3.017509643340292e-08
1485 0.745797722734203 0.291356386300573 0.0005562220009685924 1.134061788713221e-08 0.0005562142432355231 0 1.374016144144052e-08
1486 0.741978057658169 0.276279994225598 0.0005505244308490865 1.55317456963708e-08 0.0005505314380461892 0 1.703924692036491e-08
1487 0.735933637495178 0.25935356552641 0.0005416026850339097 1.002251779832661e-08 0.0005415983187968842 0 1.093228653028993e-08
1488 0.727299563809265 0.241384362830163 0.0005289689449463958 4.297148292250312e-10 0.0005289646555171471 0 4.310899919224427e-09
1489 0.709752716063679 0.230957739608801 0.0005037408994649752 5.205764734538108e-09 0.0005037489179597693 0 9.56013834811617e-09
1490 0.709408832146555 0.213853853793404 0.0005032689157239353 7.913300813033576e-10 0.0005032608911275391 0 8.063519741397363e-09
1491 0.699429782118505 0.198437741652207 0.0004892007155747398 1.12643253546502e-08 0.0004892020201143394 0 1.133961415844306e-08
1492 0.682893454205136 0.185441098778884 0.0004663422277895245 -4.420651734071799e-09 0.0004663434697962222 0 4.591812538752271e-09
1493 0.668114756281028 0.173500996140176 0.0004463735348471359 -6.588248789224973e-09 0.0004463773275604575 0 7.601953462654133e-09
1494 0.720636970200123 0.258734059723452 0.0005193383795393101 1.294468119625271e-08 0.0005193176428192129 0 2.444537444302181e-08
1495 0.708164152636217 0.250058173600377 0.0005015214730324716 -8.508566482793025e-09 0.0005014964670789712 0 2.64138867653678e-08
1496 0.724464283793376 0.273916046243069 0.0005248373462654505 1.690554986845162e-08 0.0005248484984922493 0 2.025264868917812e-08
1497 0.7303565765562819 0.290436810158032 0.0005334236230250362 3.560461603797486e-09 0.0005334207289190121 0 4.588326112059991e-09
1498 0.6948776991622529 0.24066465841244 0.0004828822627901002 1.223150040497061e-08 0.0004828550167930265 0 2.986559824778497e-08
1499 0.691524775687535 0.221787672593151 0.0004781949260327135 1.883622028734127e-08 0.0004782065153896956 0 2.211597589916003e-08
1500 0.678646452714143 0.205474209635465 0.0004605624576603738 -1.562757575181898e-08 0.0004605610077814896 0 1.569468931383271e-08
1501 0.664592936112046 0.193047031601792 0.0004416776886092832 -7.517891762093757e-09 0.00044168377073003 0 9.670102860094307e-09
1502 0.650066733957829 0.181193888015567 0.000422578736152882 -7.064715529242003e-09 0.0004225867585985988 0 1.0689707235886e-08
1503 0.675993802015659 0.240758074085198 0.0004569524536093733 1.813086943967029e-08 0.0004569676203635859 0 2.363808071701893e-08
1504 0.672694696602687 0.222240066389128 0.0004525517719775989 -7.478286784105718e-10 0.0004525181548373812 0 3.362545708461145e-08
1505 0.660866843549742 0.211761981506877 0.0004367720831939098 6.077332073584338e-09 0.0004367449849033992 0 2.777141180655539e-08
1506 0.647085964606848 0.200775980845195 0.0004187278922685289 -1.284983330577452e-09 0.0004187202455911749 0 7.75389300388198e-09
1507 0.63193349710103 0.189716064005638 0.0003993499908476962 4.47400979257877e-09 0.0003993399447583375 0 1.09973030797355e-08
1508 0.617006268355569 0.198036806764422 0.000380719606625974 -1.308859818861423e-08 0.0003806967351900645 0 2.635173586518249e-08
1509 0.6004440241736571 0.197525901164083 0.0003605355999032041 6.622751502072318e-09 0.0003605330261658553 0 7.105277010696787e-09
1510 0.629393293965028 0.211222563681034 0.0003961546872924571 -1.318244944745959e-08 0.0003961359184881482 0 2.2935670659979e-08
1511 0.645777700113962 0.217565437390914 0.0004170544287070905 2.678031719279351e-09 0.0004170288379644782 0 2.573048700156489e-08
1512 0.656526142563418 0.231325157646873 0.0004310333550456496 3.096761987195114e-09 0.0004310265758692015 0 7.452997257436409e-09
1513 0.580582826480912 0.199485008297083 0.0003370815742487246 7.553573918516583e-09 0.0003370764184045647 0 9.145447388879973e-09
1514 0.553939469375027 0.184199597408984 0.0003068719351299765 -1.742325282164419e-08 0.0003068489357314865 0 2.885380511800859e-08
1515 0.5428268267660969 0.174339337766915 0.0002946737797420389 -5.839124246722158e-09 0.0002946609638569502 0 1.40834045093361e-08
1516 0.559023654309146 0.201823881950968 0.0003125006685078624 1.669917569872156e-09 0.0003125074460771516 0 6.980262900513905e-09
1517 0.529205993253291 0.179569145780298 0.0002800800099076982 -2.590390775387484e-09 0.0002800589832952022 0 2.118557427653705e-08
1518 0.514692456237043 0.1751833348677 0.0002649098005502043 -5.661723428784535e-09 0.0002649083245073204 0 5.85096699520513e-09
1519 0.539309028934811 0.193529298761514 0.0002908588271892271 2.960774388889862e-09 0.0002908542286906088 0 5.469220650546998e-09
1520 0.752512057295427 0.319699343367046 0.0005662619605730499 1.865797178142654e-08 0.0005662743963749961 0 2.242251281726515e-08
1521 0.738138002957812 0.307384883573114 0.0005448329104380445 1.382671317125752e-09 0.0005448477114105469 0 1.48654151300375e-08
1522 0.856094584790262 0.366075788905756 0.0007328757138660769 -1.877525541931737e-08 0.0007328979381072112 0 2.909342039111409e-08
1523 0.837200354519129 0.363187734620126 0.0007009195390605521 1.461881220255584e-08 0.0007009044336069553 0 2.102104656242285e-08
1524 0.873496015466168 0.378688973505492 0.0007629779252086826 -9.067873281251018e-09 0.0007629952890352719 0 1.958899690300796e-08
1525 0.856005920344133 0.387815692384124 0.0007327677025218389 -9.991194216186276e-09 0.0007327461356642062 0 2.376874649656779e-08
1526 0.83896220368278 0.37987020873873 0.0007038485228596263 1.814503797126216e-08 0.0007038575792082664 0 2.027954273817283e-08
1527 0.0611924158393583 0.0935575770532055 3.750598160781715e-06 -1.191575837351256e-08 3.744511756256948e-06 0 1.338019497821441e-08
1528 0.0706567999286835 0.0768141505490201 5.006123868908493e-06 -2.499325001837638e-09 4.992383376162008e-06 0 1.396595024983995e-08
1529 0.0522208040380065 0.107445814410892 2.745657033981607e-06 4.595918083894309e-09 2.727012374375876e-06 0 1.920275487651308e-08
1530 0.0525787384834782 0.125910149747532 2.724197895136833e-06 7.729060325152511e-09 2.764523740513992e-06 0 4.10598609214927e-08
1531 0.09473019436834559 0.0751251525574817 8.94952482093213e-06 3.978219660406106e-09 8.973809725064535e-06 0 2.460859200333296e-08
1532 0.115301553767034 0.064901736325836 1.326822388077255e-05 -3.682554646241092e-09 1.329444830109223e-05 0 2.648171878534641e-08
1533 0.135001699277624 0.0764512424527288 1.821134665859992e-05 -6.665653685092324e-09 1.822545880784603e-05 0 1.560716807733509e-08
1534 0.158337515166491 0.0825465143574774 2.508181688388653e-05 2.582685320185195e-09 2.507076870909877e-05 0 1.134603144733625e-08
1535 0.0594769814072539 0.143327504283375 3.542960503604268e-06 -1.792931651935029e-08 3.537511317318826e-06 0 1.873910408809599e-08
1536 0.0561334880180115 0.158026757965679 3.165770989097994e-06 -1.342000510625907e-08 3.15096847706824e-06 0 1.998026274709714e-08
1537 0.06770293764667849 0.168578440801924 4.597067045579004e-06 -1.151783583669663e-08 4.583687765990036e-06 0 1.765405519082985e-08
1538 0.0724842848852854 0.183340985623614 5.248404749295969e-06 3.112466219319473e-09 5.253971555331213e-06 0 6.377834695289003e-09
1539 0.0743653792358301 0.15416358069395 5.534884052485185e-06 -1.909250417210723e-08 5.53020962888883e-06 0 1.965639721617593e-08
1540 0.0799604987056303 0.200540684245905 6.387418776424859e-06 2.239602022893908e-08 6.393681353253104e-06 0 2.325514116544403e-08
1541 0.0877548111311422 0.215474709529531 7.714018627230097e-06 1.248351821644288e-08 7.700906876662438e-06 0 1.810403905234259e-08
1542 0.08617230318349969 0.233012987745811 7.405548679784711e-06 3.340985660973161e-09 7.425665835948992e-06 0 2.039269862781543e-08
1543 0.0718699355366416 0.113135882881636 5.145623245352138e-06 1.995763270543396e-09 5.165287634041019e-06 0 1.97654054736924e-08
1544 0.0731270512290489 0.134512982273804 5.35540101038158e-06 -2.712179499145754e-09 5.347565621455943e-06 0 8.291515980300641e-09
1545 0.08254783134495811 0.0944144432559695 6.812812482967956e-06 2.12517737150593e-08 6.814144459755648e-06 0 2.129347431019736e-08
1546 0.0913263792380863 0.109948892967055 8.360538315899831e-06 -9.389707963782889e-09 8.34050754473876e-06 0 2.212235089117583e-08
1547 0.0900276120996647 0.126102174661749 8.096539354782001e-06 -8.312825821164138e-09 8.104970940367695e-06 0 1.184038464839278e-08
1548 0.090401729000296 0.144402425804008 8.171154886930264e-06 -3.822389188473552e-09 8.17247260624296e-06 0 4.04314769643784e-09
1549 0.105476526737268 0.09787422929611481 1.113586055999371e-05 -1.292961946782576e-08 1.112529769255761e-05 0 1.669578473912757e-08
1550 0.115447466462001 0.081923147573985 1.333972676166086e-05 -1.326265571809945e-09 1.332811751249485e-05 0 1.168476129690248e-08
1551 0.0909155981445319 0.159468149989138 8.28693333664228e-06 -5.490793838471796e-09 8.265645985978013e-06 0 2.198408777457091e-08
1552 0.08271121328683979 0.170753483312089 6.844661521990387e-06 -1.491771310467004e-08 6.841144803381104e-06 0 1.532662631012183e-08
1553 0.09090070843960681 0.186683291155242 8.240162343133354e-06 5.481272417245721e-09 8.262938794822405e-06 0 2.342671762871854e-08
1554 0.09984261637417929 0.172238510485529 9.964243391574275e-06 8.688599342202279e-09 9.968548044441536e-06 0 9.696483632582471e-09
1555 0.09835709869184731 0.203869836577237 9.671566039439137e-06 -1.556993494492417e-09 9.674118863077791e-06 0 2.99017345181869e-09
1556 0.111956600543039 0.189276007353579 1.248683387360696e-05 2.476886489913134e-09 1.25342804051536e-05 0 4.751113893068384e-08
1557 0.143572441489645 0.0935966437659682 2.063879677402848e-05 -1.613749592718143e-08 2.061304595529753e-05 0 3.038952846152512e-08
1558 0.126708556007722 0.0952456482275347 1.607020038598803e-05 -7.571385707764618e-09 1.605505816556202e-05 0 1.692964030821472e-08
1559 0.120846905061159 0.110225669905439 1.462685842393143e-05 -6.148308995612961e-09 1.460397446286078e-05 0 2.369551387474959e-08
1560 0.106652298288186 0.118166552793362 1.139089475304568e-05 -4.191566672777967e-09 1.13747127301522e-05 0 1.671607298672162e-08
1561 0.106721442247227 0.136387333047719 1.139422104956029e-05 -4.845215801491647e-09 1.138946623532821e-05 0 6.788547307388436e-09
1562 0.107178234222462 0.155714437559469 1.149365801496975e-05 1.685380029459439e-08 1.148717389104493e-05 0 1.805808537587912e-08
1563 0.125466371765786 0.128416754811565 1.572294348294883e-05 1.596149192731058e-09 1.574181044407043e-05 0 1.893435803530445e-08
1564 0.120523702349872 0.145449923920019 1.453991641886377e-05 1.147278086583297e-08 1.452596282812054e-05 0 1.806453418787742e-08
1565 0.139862251124458 0.111361164965708 1.955291736033679e-05 -9.393583333436552e-09 1.956144928960095e-05 0 1.268988671386915e-08
1566 0.146809466397605 0.131068332400059 2.156404774082145e-05 1.35819094089305e-09 2.155301942394951e-05 0 1.111163604784755e-08
1567 0.136742031573356 0.146156505244046 1.869976601499888e-05 -1.327944349952921e-08 1.869838319880869e-05 0 1.335124714298453e-08
1568 0.126450968315035 0.160518644369555 1.600205092318292e-05 1.304012631021712e-08 1.598984738780999e-05 0 1.785976399017918e-08
1569 0.115303789626947 0.171455721066861 1.330825657772423e-05 1.656291966385895e-08 1.329496390233525e-05 0 2.123736157785066e-08
1570 0.157888172499479 0.102315902964353 2.493835638369184e-05 -1.115369740009384e-09 2.492867501522524e-05 0 9.745406355966457e-09
1571 0.157668752408331 0.118583567765437 2.48659847615597e-05 -2.055044601517281e-09 2.485943548599958e-05 0 6.864125485200365e-09
1572 0.178304703851856 0.0803916564417765 3.18097427813635e-05 -8.705750723295971e-09 3.179256741569808e-05 0 1.925573372782885e-08
1573 0.17178603108502 0.09474425858535281 2.953580344561307e-05 -4.506323185606645e-09 2.951044047594346e-05 0 2.57601859293507e-08
1574 0.188322790608202 0.09542814855347299 3.54706178813049e-05 6.937447862470955e-09 3.54654734624607e-05 0 8.636737120523839e-09
1575 0.205315506811791 0.09589581150759161 4.21841332178267e-05 -5.868021989466433e-09 4.21544573373826e-05 0 3.025048036314745e-08
1576 0.176030243864697 0.112987458439918 3.097077347265585e-05 7.712901653937587e-09 3.09866467550647e-05 0 1.764794453625117e-08
1577 0.19863115625597 0.112555910592144 3.946236583349825e-05 -1.625341796430721e-08 3.945433623558357e-05 0 1.812865240975956e-08
1578 0.167699278274808 0.135127131410761 2.813600430713038e-05 8.748245043643282e-09 2.812304793389149e-05 0 1.563327857006084e-08
1579 0.153303542756822 0.146649696725205 2.352398823542651e-05 1.06583449115349e-09 2.350197622179276e-05 0 2.203780268935919e-08
1580 0.147803806410503 0.164744142551213 2.183644286369881e-05 -1.590610801722959e-08 2.184596518943345e-05 0 1.85385803030402e-08
1581 0.19013176747181 0.132063686232485 3.615165952374416e-05 -2.137247792213164e-08 3.615008900195442e-05 0 2.143010385471867e-08
1582 0.131056687072727 0.179499333747683 1.717208921235367e-05 -6.003806583608356e-09 1.717585522647869e-05 0 7.087210726596942e-09
1583 0.182429159062435 0.148318116507636 3.330812544726388e-05 4.985027965172765e-09 3.328039807622721e-05 0 2.817192944081716e-08
1584 0.167396557946335 0.15608492985092 2.804680884246064e-05 -5.338959688803877e-09 2.80216076122807e-05 0 2.57605608079709e-08
1585 0.235689611914818 0.102673817473603 5.557830480348772e-05 -7.200761299454668e-09 5.554959316455752e-05 0 2.960083061926126e-08
1586 0.217968346872977 0.108261367880756 4.754901232542875e-05 5.913586718205839e-09 4.751020023853843e-05 0 3.926001269301579e-08
1587 0.261762808287623 0.118674725806679 6.853780170626261e-05 -1.48489478801312e-08 6.851976780262287e-05 0 2.336049943032754e-08
1588 0.246481528141734 0.114169645453069 6.077765081896644e-05 1.263225198763224e-08 6.075314371508441e-05 0 2.757121562361113e-08
1589 0.232373827314271 0.120509517414359 5.400510019327246e-05 6.054774710340051e-09 5.399759562068264e-05 0 9.642557054477983e-09
1590 0.213936202966478 0.130599183811921 4.575312951020351e-05 -6.362892025973625e-09 4.576869893971407e-05 0 1.681943905778551e-08
1591 0.201970032830114 0.152683330730202 4.078276307027711e-05 1.068984229105487e-09 4.079189416139733e-05 0 9.193451600339889e-09
1592 0.232581846404425 0.136863256455863 5.409749810044256e-05 5.482574270464373e-09 5.409431527689154e-05 0 6.339478400315172e-09
1593 0.223801097515563 0.151135658814692 5.008368789633764e-05 -1.584283838718062e-08 5.008693124917054e-05 0 1.617142126595709e-08
1594 0.247500077802816 0.130374255248481 6.126516504506232e-05 2.105972116305289e-08 6.125628851239998e-05 0 2.285398625122676e-08
1595 0.293645673150349 0.118028171603465 8.624382538907535e-05 8.551723947575371e-09 8.62277813599216e-05 0 1.818083754841126e-08
1596 0.277816577726434 0.124170708608309 7.720589375543349e-05 5.427186037250358e-09 7.718205085962773e-05 0 2.445277139073015e-08
1597 0.313450068746805 0.111715221281175 9.824193684483119e-05 -1.084933496615232e-08 9.825094559737676e-05 0 1.410197474239266e-08
1598 0.26653475692146 0.140368156028322 7.103645446689856e-05 -4.437466213912591e-09 7.104077664718177e-05 0 6.194541855549746e-09
1599 0.133439175038419 0.202845672854868 1.778259202580211e-05 -7.534395858885838e-09 1.780601343493383e-05 0 2.460344542282355e-08
1600 0.114658449197406 0.208213647283726 1.316470218749999e-05 -1.479617197584166e-08 1.314655997235413e-05 0 2.341082389701835e-08
1601 0.104808242447079 0.222939637383323 1.098751972313877e-05 -1.148487766819902e-08 1.098476768484569e-05 0 1.18100012624922e-08
1602 0.104359500549405 0.242314144026595 1.09098669850049e-05 9.86653651592787e-09 1.089090535492126e-05 0 2.137503118708051e-08
1603 0.09153003281424781 0.250242070677844 8.398231963178629e-06 -2.606534371154315e-10 8.377746906977279e-06 0 2.048671442146621e-08
1604 0.08524343657583951 0.266572837228482 7.246023555224002e-06 -1.171402648000294e-08 7.266443479259173e-06 0 2.354127681278919e-08
1605 0.0837122779661939 0.290309054181958 6.99006438160246e-06 -1.032283504003707e-08 7.007745482289313e-06 0 2.047394062613339e-08
1606 0.124656502789525 0.222070875239769 1.555018657345538e-05 -3.117986286463166e-09 1.553924368771486e-05 0 1.137842637682208e-08
1607 0.11758255541808 0.2355182580312 1.38392336643717e-05 -5.656820440171622e-09 1.382565733864586e-05 0 1.470769314701177e-08
1608 0.120765536951415 0.25127487698941 1.45951649685189e-05 -7.408228477749571e-09 1.458431491516358e-05 0 1.313794150511274e-08
1609 0.105142613263222 0.260761581169142 1.105788374546839e-05 -1.217981446854421e-10 1.105496912381947e-05 0 2.917165429729566e-09
1610 0.103714615680736 0.28109147234069 1.071383229448108e-05 -1.301028663970354e-08 1.075672150580277e-05 0 4.481910313966912e-08
1611 0.125156954744606 0.272999192437205 1.563997465477201e-05 1.486600308422491e-09 1.566426332094336e-05 0 2.433411771279556e-08
1612 0.168225022941056 0.176074636955878 2.828123274557677e-05 8.216637572640772e-09 2.829965834351882e-05 0 2.017463240116973e-08
1613 0.15131022767064 0.188083307110402 2.288051335166644e-05 -9.312555425228378e-09 2.289478499774091e-05 0 1.704123147612548e-08
1614 0.184845950380282 0.165517965333231 3.41550368760718e-05 7.72373971013349e-09 3.416802537198968e-05 0 1.511149169734011e-08
1615 0.216263996810494 0.166434125747822 4.67710528475989e-05 -7.499646109116951e-10 4.677011631644936e-05 0 1.199807281057675e-09
1616 0.202240485535091 0.174544061638279 4.089858613119568e-05 1.443524337682809e-08 4.090121398946935e-05 0 1.467248753466012e-08
1617 0.156151518436576 0.208712337793907 2.438394648831386e-05 -4.534743102436049e-09 2.438329671004833e-05 0 4.581059571697468e-09
1618 0.144087514811725 0.223878017539003 2.076719071003467e-05 -2.025325070719468e-08 2.076121192461907e-05 0 2.111729242242538e-08
1619 0.133237788090766 0.238914687347048 1.775648803696384e-05 -1.080619780095427e-08 1.775230817531987e-05 0 1.158642111594867e-08
1620 0.138940134100369 0.256984832918265 1.929494961700343e-05 -1.248463630476269e-09 1.930436086382852e-05 0 9.493694130286845e-09
1621 0.1711027763237 0.196539891500566 2.926281588556023e-05 1.170893387424295e-08 2.927616006567811e-05 0 1.775292301256264e-08
1622 0.186737603204359 0.185315049208453 3.486616588474247e-05 5.137429429094532e-09 3.487093245050863e-05 0 7.008090349169879e-09
1623 0.245206936782983 0.151570508121827 6.01128975201131e-05 4.140620375939113e-09 6.012644184649381e-05 0 1.416310397493568e-08
1624 0.232744969440515 0.168526129887015 5.415203025453699e-05 -8.299274006325262e-09 5.417022079986626e-05 0 1.999434641113649e-08
1625 0.263963720101027 0.162775498724663 6.969574073585448e-05 2.517278160028834e-08 6.967684552957331e-05 0 3.147535152947303e-08
1626 0.249220375486271 0.170802171976203 6.212058960735949e-05 -1.174014428761374e-08 6.211079555751791e-05 0 1.528902875245216e-08
1627 0.289973923718891 0.139426894313419 8.409187451294695e-05 8.87656294243396e-09 8.408487643692923e-05 0 1.130338168959994e-08
1628 0.279403074164033 0.155392166746147 7.807020112617602e-05 4.415795275649822e-09 7.806607785231212e-05 0 6.041575562152967e-09
1629 0.306122448461749 0.129592386574899 9.373042769083644e-05 9.873263901326123e-10 9.371095345221618e-05 0 1.949925083790145e-08
1630 0.310299925304987 0.147155242869853 9.628591107731523e-05 6.684913708264132e-09 9.628604364428052e-05 0 6.686228031351183e-09
1631 0.29589560391991 0.161082017823859 8.754943727117803e-05 1.433080940155474e-09 8.755420841912825e-05 0 4.981723973075894e-09
1632 0.334614696306309 0.11456815741618 0.0001119697012629132 -3.575361622338554e-09 0.0001119669949841634 0 4.484100289019469e-09
1633 0.323201249890937 0.131538782258923 0.0001044568921387934 -7.724467464695928e-09 0.0001044590479310639 0 8.019653229820967e-09
1634 0.364272222261214 0.106608322570925 0.0001327211275691362 3.575134418711542e-09 0.0001326942519111233 0 2.711240638046808e-08
1635 0.351550935275249 0.116099027744762 0.0001236193374738818 1.988833368932209e-08 0.0001235880600929023 0 3.706508300106003e-08
1636 0.378470101133311 0.112793579514437 0.0001432666830161346 -7.5192444126717e-09 0.0001432396174518586 0 2.809063555905509e-08
1637 0.344769047986735 0.134824640792267 0.0001188457090328176 -2.593142118905839e-09 0.0001188656964496796 0 2.01549303860269e-08
1638 0.366627382746805 0.127249396433267 0.0001344309273913815 3.032937533214422e-09 0.0001344156377797723 0 1.558752492355673e-08
1639 0.329915654733757 0.151274188035259 0.0001088376463212594 -2.381151038416586e-09 0.0001088443392384036 0 7.103873602945395e-09
1640 0.316599731931019 0.169805517823304 0.0001002222535061197 3.176795833204693e-09 0.0001002353902587931 0 1.351540981872882e-08
1641 0.405442378262547 0.120122015616805 0.0001644180958796945 1.542856436511859e-09 0.0001643835220911902 0 3.46081963921907e-08
1642 0.388970580882661 0.128220362640119 0.000151316682580096 8.628527841239333e-09 0.0001512981127921947 0 2.04765357276225e-08
1643 0.361223194537133 0.148480894612882 0.0001304870982688421 1.209489888840982e-08 0.0001304821962716114 0 1.305052320676247e-08
1644 0.346187546585054 0.154350267730898 0.0001198698798531181 2.864136811729633e-10 0.000119845817410579 0 2.406414706042782e-08
1645 0.377103965064555 0.143561356984254 0.0001422264832579019 4.274674800951787e-09 0.0001422074004674091 0 1.95557085691901e-08
1646 0.338372956699953 0.169797568292625 0.0001145012092842569 -7.677530229747124e-09 0.0001144962578258683 0 9.135721679363078e-09
1647 0.407875269825356 0.137432389090436 0.0001663635911709 1.153515228123916e-08 0.0001663622357351069 0 1.16145143824686e-08
1648 0.392703571328131 0.150323712331892 0.0001542270407336588 2.092155994515524e-09 0.0001542160949338685 0 1.114395126315775e-08
1649 0.426201949638652 0.144927572441279 0.0001816615944618371 -2.234849704011987e-09 0.0001816481018757881 0 1.367641881086052e-08
1650 0.410813039334076 0.158153165781196 0.0001687777915469318 6.113125099107799e-09 0.0001687673532869011 0 1.209659336122397e-08
1651 0.280588767267613 0.173199761977331 7.872195473371574e-05 7.494988401573115e-09 7.87300563167587e-05 0 1.103677937360221e-08
1652 0.262698147751083 0.185108828158869 6.899587217874241e-05 1.496125376519587e-08 6.901031683184985e-05 0 2.079632461808883e-08
1653 0.298421798248107 0.181340435472915 8.906345910837218e-05 -8.609665119213051e-09 8.905556966963387e-05 0 1.167773852552305e-08
1654 0.283050300017937 0.193324325948166 8.013418266613751e-05 2.764323347327186e-09 8.011747234024415e-05 0 1.693742822953667e-08
1655 0.32987757848576 0.188133378300029 0.0001088290221862954 1.095703093571367e-08 0.0001088192167876287 0 1.470382161000266e-08
1656 0.313310320441379 0.189610040735668 9.819091269670568e-05 7.456713583911598e-09 9.81633568950796e-05 0 2.854688740876127e-08
1657 0.300990886643581 0.20083335306426 9.060278998380523e-05 8.009877178928084e-09 9.059551384248902e-05 0 1.082129219986944e-08
1658 0.375974787169467 0.163415836460724 0.0001413555489214125 -1.538062170972883e-09 0.000141357040587126 0 2.142592318341371e-09
1659 0.35661910239621 0.167254277189574 0.0001272005895395818 1.527543822038985e-09 0.0001271771841938785 0 2.345514011087062e-08
1660 0.395458147457716 0.170976681753735 0.0001563956478352138 1.331187625088422e-08 0.0001563871463906887 0 1.57949551545042e-08
1661 0.381717204114338 0.183487021589436 0.0001457133578938028 -2.215343824906938e-09 0.0001457080239168672 0 5.775730102050222e-09
1662 0.366943933485618 0.179573144336777 0.000134661458811128 -2.593949510385077e-09 0.0001346478503218976 0 1.385350328237709e-08
1663 0.350975918282371 0.187778037639775 0.0001231827234028251 -7.939383281237341e-09 0.0001231840952141536 0 8.057026325348206e-09
1664 0.101923554285956 0.298723130485045 1.040336465647438e-05 3.541410779739117e-10 1.038841091828222e-05 0 1.495793106759503e-08
1665 0.09121609218740211 0.310994698621303 8.331788807698613e-06 -9.163398385215326e-09 8.320375473940641e-06 0 1.463666824919699e-08
1666 0.08044843059984309 0.326106212229159 6.48000909072139e-06 8.238528274577699e-09 6.471949985977771e-06 0 1.15248651792394e-08
1667 0.0699283817923734 0.344043365051015 4.875733996257241e-06 -1.106531396789103e-09 4.88997858009994e-06 0 1.428749735201235e-08
1668 0.120976161255075 0.297067180872078 1.462026897746727e-05 5.778266633302762e-09 1.463523159201391e-05 0 1.603958226877405e-08
1669 0.052356966569912 0.355315774960548 2.730196193267236e-06 -3.763490977449111e-09 2.741251948402882e-06 0 1.167876645698124e-08
1670 0.0507603889345644 0.376228436867559 2.55431347182425e-06 -2.357787919077065e-09 2.576617084788248e-06 0 2.242789145504221e-08
1671 0.146527451676104 0.273801763612092 2.147637436777434e-05 -2.796961963476781e-09 2.1470294094693e-05 0 6.692736134706599e-09
1672 0.139840117426857 0.289836852187166 1.952667375676123e-05 -8.283629418525329e-09 1.955525844195716e-05 0 2.976075845965094e-08
1673 0.0586145021347159 0.39524140550874 3.443728676165889e-06 -4.437837835147871e-09 3.435659860500615e-06 0 9.208701911303397e-09
1674 0.0513383126396892 0.410867958862743 2.62895861763325e-06 -9.728124893129169e-09 2.635622344690472e-06 0 1.179159328629808e-08
1675 0.0690744159974372 0.366291531056709 4.743818631488302e-06 -4.512864185836585e-10 4.771274945387009e-06 0 2.746002243873725e-08
1676 0.0680653983769596 0.383051044899866 4.647088258075623e-06 2.068829809854023e-09 4.632898456214215e-06 0 1.433982334787092e-08
1677 0.076012517966789 0.397119201975331 5.788343738247853e-06 3.593958747665196e-09 5.77790288765142e-06 0 1.104209675093237e-08
1678 0.06670420809492621 0.409291115093129 4.459991136307432e-06 1.089132629365274e-08 4.449451377571219e-06 0 1.515610446824599e-08
1679 0.063958022644829 0.427378323451142 4.043691702407834e-06 1.622707451615861e-09 4.090628660636459e-06 0 4.69650000237329e-08
1680 0.088788140364288 0.341402021996875 7.898670807373151e-06 2.284939825649765e-09 7.883333869348508e-06 0 1.550621223828007e-08
1681 0.08743479831407 0.358707145393222 7.610641335979638e-06 -3.587598959677996e-09 7.644843956222099e-06 0 3.439026167020943e-08
1682 0.0991708904365078 0.328885449939029 9.844540260954364e-06 -6.906734088862331e-09 9.834865509969834e-06 0 1.188712675068803e-08
1683 0.109869534761497 0.314042895531822 1.207737008400442e-05 9.705583224673248e-09 1.20713146687078e-05 0 1.143968531672549e-08
1684 0.0857916546273883 0.380316995956094 7.353007704750668e-06 7.312488117464697e-10 7.360208003705077e-06 0 7.237335825947045e-09
1685 0.138033985003854 0.30558724054637 1.905004223143502e-05 7.027292230531367e-09 1.905338101604419e-05 0 7.780123312629837e-09
1686 0.128099937311225 0.317016083992948 1.641893212164131e-05 1.264465786041033e-08 1.640959393913977e-05 0 1.571906564777203e-08
1687 0.117733729005257 0.331486371277377 1.386239365935147e-05 7.606387066463674e-09 1.386123094548329e-05 0 7.694740264889112e-09
1688 0.106832693249473 0.349164223073201 1.139704807971688e-05 -4.390865723336818e-10 1.141322434693599e-05 0 1.618222537731086e-08
1689 0.104065477746023 0.37091995312529 1.080769212670662e-05 -1.941295223953662e-09 1.082962365850801e-05 0 2.20172821733658e-08
1690 0.128251363047557 0.347401983427705 1.644824677936467e-05 -8.247737740478599e-09 1.644841212355627e-05 0 8.249394919472005e-09
1691 0.122239070575645 0.365223298218841 1.492960788600206e-05 1.628533278508123e-09 1.494239037519752e-05 0 1.288581199115239e-08
1692 0.134030617635991 0.332279923531898 1.797697745743832e-05 6.467441453989448e-09 1.796420646388522e-05 0 1.431523926778642e-08
1693 0.14780295764483 0.321496752064406 2.18529142524699e-05 5.01458144612572e-09 2.184571428855941e-05 0 8.774138555561087e-09
1694 0.154895346092774 0.287043632477175 2.398787153778288e-05 3.287137199644559e-09 2.399256824120024e-05 0 5.732738783508605e-09
1695 0.153294707026145 0.302376031801849 2.347861573364724e-05 1.847860655706983e-09 2.349926720223163e-05 0 2.073397558827317e-08
1696 0.102538071793913 0.38712359933499 1.052709066826563e-05 9.15370754827142e-09 1.051405616721366e-05 0 1.592760432560952e-08
1697 0.0932204717214694 0.398901288078292 8.701292845085755e-06 6.933364670744242e-09 8.690056347973276e-06 0 1.320342429130684e-08
1698 0.11941280552258 0.384864945593873 1.42455708008183e-05 1.625848305084127e-08 1.425941812277351e-05 0 2.135618403286973e-08
1699 0.08353029537724491 0.415797639798086 6.952953875705319e-06 -1.920191919481682e-09 6.977310245809781e-06 0 2.44319442876161e-08
1700 0.08300309263192369 0.436723679323243 6.872664180091396e-06 5.578761916174423e-09 6.889513386463706e-06 0 1.774875600976197e-08
1701 0.0690627057271281 0.445889940588698 4.778010267786238e-06 -1.062281307149351e-08 4.769657322351892e-06 0 1.351354339102243e-08
1702 0.0654972104252888 0.463913546677204 4.270818585144193e-06 -1.238176262279624e-08 4.289884573494561e-06 0 2.273367452532992e-08
1703 0.154506027848261 0.261106178342588 2.388680497680289e-05 -2.181635686184477e-09 2.38721126414476e-05 0 1.485342561362193e-08
1704 0.153301577925219 0.243673192713247 2.348073412125823e-05 -1.364397923035112e-09 2.3501373794362e-05 0 2.068472111300225e-08
1705 0.165622774912013 0.27464542678511 2.743104558964439e-05 7.526350860179962e-10 2.743090356955532e-05 0 7.659172790859741e-10
1706 0.163603708119606 0.226921077729655 2.677028916858837e-05 3.340709248825156e-09 2.676617331048524e-05 0 5.301002377881638e-09
1707 0.173193432732366 0.213831755996203 3.000814751224094e-05 -1.126881507156686e-09 2.999596514162059e-05 0 1.223437844202446e-08
1708 0.190872546448928 0.20708486396552 3.643331202914589e-05 2.033895811320524e-08 3.643232898789818e-05 0 2.036270088238329e-08
1709 0.203054935205994 0.192032963428261 4.122716915690968e-05 8.47958831448854e-09 4.123130671151042e-05 0 9.435188183458257e-09
1710 0.220451441881707 0.185140375682504 4.858585927285623e-05 1.303559511349982e-08 4.859883822772365e-05 0 1.839510830121466e-08
1711 0.241414530349918 0.185921364936503 5.828055467574905e-05 -2.600359208677585e-08 5.828097546407148e-05 0 2.600699644764312e-08
1712 0.269636622778509 0.204053739903668 7.270946169481992e-05 -8.247303729989576e-09 7.270390834339997e-05 0 9.942722504837257e-09
1713 0.250862061576762 0.205452095709258 6.289930754335968e-05 -6.254927973136665e-09 6.293177393854313e-05 0 3.306343811760972e-08
1714 0.285857915225102 0.215218650809795 8.170716264403649e-05 -1.388309110172301e-08 8.171474769684161e-05 0 1.582002669388725e-08
1715 0.232428632745928 0.200385568632057 5.402543528579159e-05 -1.176135370396894e-08 5.402306932014148e-05 0 1.199696771719387e-08
1716 0.214890400902774 0.207978282794678 4.617991628142688e-05 9.579210492574893e-09 4.617788440015493e-05 0 9.792334510439354e-09
1717 0.17060300379391 0.241483952000972 2.910424100731495e-05 -4.665518378996762e-09 2.910538490350487e-05 0 4.80370276329351e-09
1718 0.167989717962192 0.256278819227674 2.822760286456057e-05 -3.373935220916985e-09 2.822054534101681e-05 0 7.822536509702982e-09
1719 0.18414654930334 0.229802019190121 3.390643316237732e-05 1.484327463550259e-08 3.390995162032743e-05 0 1.525458449947688e-08
1720 0.202805330303181 0.223889749139843 4.115071570689095e-05 5.101984089541363e-09 4.113000199938234e-05 0 2.133278979416826e-08
1721 0.234437661615872 0.217324683219496 5.494720602246167e-05 3.76889873155954e-09 5.496101718391811e-05 0 1.431617191935739e-08
1722 0.220045510724114 0.229820502257495 4.842759598718283e-05 9.344365736979723e-09 4.842002678983616e-05 0 1.202538645945048e-08
1723 0.26559579966688 0.220976523797637 7.052860672908436e-05 -1.64714439239658e-08 7.054112880068946e-05 0 2.069083715618283e-08
1724 0.249653256012642 0.224155239956724 6.233568251205377e-05 -6.397664731425856e-09 6.232674823771376e-05 0 1.09886929158256e-08
1725 0.23860919101306 0.235974323442768 5.694954962037166e-05 1.537807567455933e-08 5.693434603590695e-05 0 2.162485126024653e-08
1726 0.203975413851163 0.244648512886763 4.158915701967673e-05 1.091954989967182e-08 4.160596945575322e-05 0 2.004730846865753e-08
1727 0.183826813495601 0.250590887360145 3.380350452483252e-05 -1.736423723603445e-08 3.379229735994648e-05 0 2.066681590309213e-08
1728 0.225409517336417 0.248926495422453 5.081865947892874e-05 1.671820934153052e-08 5.080945050583648e-05 0 1.908674170729801e-08
1729 0.215224340774785 0.264121054820949 4.632048304123222e-05 -1.390188758738905e-09 4.632151686194079e-05 0 1.732457803925365e-09
1730 0.196165623285022 0.265154149284191 3.848313602190415e-05 1.491436285260925e-08 3.848095175880116e-05 0 1.507346093643969e-08
1731 0.179976246407048 0.26606603536425 3.241067560929974e-05 -2.147979165590438e-08 3.239144927077046e-05 0 2.88276523987519e-08
1732 0.186221874069919 0.283603556536463 3.465425208704101e-05 -1.763668795943337e-09 3.467858638211277e-05 0 2.439812378567729e-08
1733 0.169032334449703 0.294402566840901 2.857512268538548e-05 -2.096015779747401e-08 2.857193008951626e-05 0 2.120190753869101e-08
1734 0.207608147965093 0.28172129000765 4.309146756573763e-05 6.829757569631224e-09 4.310114310149595e-05 0 1.184320820852439e-08
1735 0.200932324497109 0.300145755527555 4.036509282089221e-05 1.142064241189734e-08 4.037379902781151e-05 0 1.436067937188258e-08
1736 0.183993787997686 0.302853238075438 3.385871801208958e-05 -9.321314541464153e-09 3.385371402173742e-05 0 1.057954744898681e-08
1737 0.170053097000004 0.315780017562101 2.889598397515051e-05 -1.86308358401829e-08 2.891805579929277e-05 0 2.888379242881169e-08
1738 0.162730975083342 0.333329589778094 2.649393622399724e-05 1.035165561722555e-08 2.648137025157528e-05 0 1.62806767957349e-08
1739 0.148156629299928 0.343898888381491 2.19645341385592e-05 9.982986654480161e-09 2.195038680551629e-05 0 1.731493733083327e-08
1740 0.14030515204218 0.362173173941836 1.967342820517266e-05 -6.589847223188949e-09 1.968553568957925e-05 0 1.378467500816215e-08
1741 0.134410339870755 0.376680712619874 1.805754053039506e-05 2.779378115213659e-10 1.806613946417188e-05 0 8.603424406893302e-09
1742 0.193614826161286 0.320217459089118 3.745732419519364e-05 7.725219696622953e-09 3.7486700909465e-05 0 3.037548947328683e-08
1743 0.179728452977342 0.335610450063861 3.22987158757748e-05 -1.783353152146756e-08 3.230231680962864e-05 0 1.819344857763093e-08
1744 0.167742192468969 0.34969784779197 2.815453049748596e-05 1.493397554501946e-08 2.813744313429663e-05 0 2.269364682775811e-08
1745 0.156064131687113 0.360757476817086 2.437352206690255e-05 7.269456596469947e-09 2.435601319925255e-05 0 1.895799160231091e-08
1746 0.152542716137282 0.37892780414616 2.323252096966753e-05 -1.609664347041047e-08 2.326928024653939e-05 0 4.012912118593853e-08
1747 0.231154272876734 0.264296610179051 5.345468218645608e-05 7.744111883873825e-09 5.343229786917162e-05 0 2.368604925186092e-08
1748 0.243295806802861 0.254504806017354 5.921719835633673e-05 1.319341984532777e-08 5.919284960785507e-05 0 2.769346276359117e-08
1749 0.22682097412265 0.279728090779785 5.143164741120881e-05 -1.106486911699084e-08 5.144775430194787e-05 0 1.954132180421544e-08
1750 0.220117321303163 0.29738055224182 4.844650225489946e-05 -3.985744412888817e-10 4.84516351376799e-05 0 5.148334412498408e-09
1751 0.213809228607399 0.314846294772222 4.570021193857491e-05 3.146361411235614e-09 4.571438623769101e-05 0 1.451930940378161e-08
1752 0.258669978127767 0.24091978835277 6.691752677552699e-05 -8.622778361004396e-09 6.691015758461945e-05 0 1.13427193077682e-08
1753 0.278764893730263 0.235862243674972 7.770840569162882e-05 -2.197258716437388e-08 7.770986597644482e-05 0 2.202105852223847e-08
1754 0.210637743268535 0.333013099581327 4.436038034404477e-05 5.862119229386543e-09 4.436825888926126e-05 0 9.820179050695715e-09
1755 0.195912814050725 0.339020044591162 3.839967864614017e-05 -1.076905202481992e-10 3.838183070927396e-05 0 1.784826175369644e-08
1756 0.188138573046472 0.355438933600526 3.540432809904255e-05 -1.317956246374414e-08 3.539612266796268e-05 0 1.552513980427472e-08
1757 0.171458144349433 0.368982727941288 2.941283050390754e-05 -8.321136087397135e-09 2.9397895263751e-05 0 1.709686241152085e-08
1758 0.304604426703622 0.217499139786032 9.279889699783384e-05 4.557307661086878e-09 9.278385676744221e-05 0 1.571552046071233e-08
1759 0.29820813669654 0.233708676765251 8.892220622115961e-05 -1.539404839721453e-08 8.892809279202229e-05 0 1.648115416398572e-08
1760 0.320599745353071 0.207805126306898 0.0001027795353612302 1.851906721689699e-08 0.000102784196720454 0 1.909670443811819e-08
1761 0.339303672026871 0.203738730032658 0.0001151531013502213 5.123535596064176e-09 0.0001151269818509184 0 2.661726621642647e-08
1762 0.369395374910556 0.195796045352144 0.0001364454420531275 -3.554792511472274e-09 0.0001364529430053102 0 8.300652591649601e-09
1763 0.356255430439075 0.209943761741685 0.000126924832546266 -1.07810447741192e-08 0.0001269179317173306 0 1.280048305404965e-08
1764 0.338760517589102 0.224888011062256 0.0001147345662223274 7.446677105832105e-09 0.0001147586882772363 0 2.524532695258124e-08
1765 0.317265277728589 0.229718192140537 0.0001006785359614033 8.129720376015525e-09 0.0001006572564521987 0 2.277959317859377e-08
1766 0.820566119178092 0.372344497997642 0.0006733323236346706 -1.556091749390354e-09 0.0006733287559429947 0 3.892280234914266e-09
1767 0.809645673492451 0.359422312724901 0.0006555393413212495 -7.8899277343113e-09 0.0006555261166050445 0 1.539948305476206e-08
1768 0.793957063995653 0.356298791554491 0.0006303621837271813 -1.131999303759835e-08 0.0006303678194685975 0 1.2645308366402e-08
1769 0.775177308047648 0.352606548193258 0.0006008896209820395 -1.513873367530404e-08 0.0006008998589119981 0 1.827557022716478e-08
1770 0.758283086425822 0.349976010512454 0.0005749900123440838 1.56740420012039e-08 0.0005749932391594706 0 1.600274758271843e-08
1771 0.746881958811056 0.337851682946582 0.0005578368562758747 2.060291222573727e-08 0.00055783266039744 0 2.102582669051611e-08
1772 0.7370693549998401 0.324972683078688 0.0005432779134056608 1.685863441653655e-08 0.0005432712340798803 0 1.813358616690636e-08
1773 0.722729085331535 0.319687891053641 0.0005223427818051384 7.961905804669015e-09 0.0005223373307841572 0 9.649122953903106e-09
1774 0.721356850683803 0.303851014366039 0.000520358470074913 4.121188897406455e-09 0.0005203557060284544 0 4.962272740742299e-09
1775 0.710562426350681 0.289734726491109 0.0005048917603160832 2.001704088983593e-08 0.0005048989617413669 0 2.127304520048317e-08
1776 0.707471412508301 0.268853257357682 0.000500523850188301 1.023121862902547e-08 0.0005005157995164907 0 1.30188767269703e-08
1777 0.689091018510271 0.259637196981606 0.0004748471189078894 -2.982061899892223e-09 0.0004748464317915226 0 3.060199679154466e-09
1778 0.6683434567708521 0.261018693774931 0.0004466930659341939 1.569211955352439e-08 0.0004466829762084118 0 1.865596908340152e-08
1779 0.659125739866351 0.248402351523209 0.0004344583072489568 -6.728676240585597e-09 0.0004344467409543647 0 1.338111559413561e-08
1780 0.646253643362111 0.24575301478392 0.0004176532709740082 -1.671640735159641e-08 0.0004176437715588026 0 1.922699050798966e-08
1781 0.635100634928321 0.232639475562097 0.000403359413412991 -1.699418664816721e-08 0.0004033528164863565 0 1.822969612617097e-08
1782 0.692007919047437 0.280955638325577 0.0004788699600476119 -2.475981196891001e-09 0.0004788749600243641 0 5.57944893428204e-09
1783 0.67692464612494 0.275015921780097 0.0004582381646608787 7.391015583279579e-09 0.0004582269765313752 0 1.340900268997936e-08
1784 0.660511788234702 0.279047563997301 0.0004362615850411105 6.103505327474325e-09 0.0004362758223970039 0 1.549048353402951e-08
1785 0.648600678914828 0.263050772435353 0.0004206726866174718 -1.716325161826752e-08 0.0004206828406887758 0 1.994197508168596e-08
1786 0.705102872067713 0.311936039608409 0.0004971687858827036 1.763285437280042e-08 0.0004971700601981377 0 1.767884139750027e-08
1787 0.693381464162536 0.298035402322643 0.0004807792956570388 -2.717207776912312e-09 0.0004807778548441821 0 3.075574709007439e-09
1788 0.674766638245954 0.294321828868061 0.0004552772206694966 -7.573944190219947e-09 0.0004553100160897461 0 3.365864257413445e-08
1789 0.618908142355564 0.226271720520504 0.0003830681520809661 -2.088302195685336e-09 0.0003830472886740151 0 2.096765975644023e-08
1790 0.610097752083371 0.213336565240735 0.0003722418321158708 -7.181441980670841e-09 0.0003722192670971824 0 2.368022756069264e-08
1791 0.5917660759665661 0.215840038233313 0.0003501973744856316 7.986113902434079e-09 0.0003501870886648676 0 1.302213976473452e-08
1792 0.572388338698939 0.218629696811757 0.0003276294933173892 1.308094208117135e-09 0.0003276284102785314 0 1.698258998199245e-09
1793 0.603139346361633 0.231001332504145 0.0003637862056501993 2.704154497904131e-09 0.0003637770711295379 0 9.526380176237949e-09
1794 0.584045725377746 0.234871643106809 0.0003411018980075774 1.274723658354867e-09 0.0003411094093320175 0 7.618721365734378e-09
1795 0.632044071995074 0.253183257894143 0.0003994830828893563 -4.853739444719777e-09 0.0003994797089441142 0 5.911200647385548e-09
1796 0.616922376540152 0.242982435403759 0.0003805811959537047 -1.192004940413928e-08 0.0003805932186759491 0 1.693025185768812e-08
1797 0.554063646967215 0.222536794113118 0.0003070003336713859 -8.227038739096191e-09 0.0003069865248906107 0 1.607378589231579e-08
1798 0.543063360589037 0.211281981876889 0.0002949364491861532 -8.428979298349636e-09 0.0002949178136142584 0 2.045317168204124e-08
1799 0.5649402210221069 0.237018626978395 0.0003191558931477417 3.740300498825043e-09 0.000319157453328507 0 4.052654912756188e-09
1800 0.643760383435044 0.281440426757651 0.0004144335278547826 -1.294495121064236e-08 0.000414427431280435 0 1.430873791157147e-08
1801 0.630297846089345 0.272338011920245 0.0003972844095546978 -9.108045238232621e-09 0.0003972753747848676 0 1.282901219680705e-08
1802 0.650863824586399 0.299225829987574 0.0004235964525050492 1.390398409966795e-09 0.0004236237181552348 0 2.730107850955237e-08
1803 0.6152132669511789 0.262155589858957 0.0003784928972933641 -2.719032472951007e-09 0.0003784873638327426 0 6.165413533478273e-09
1804 0.597206677665293 0.252516522366518 0.0003566323501060908 -1.538506222306371e-09 0.0003566558158480172 0 2.3516123097779e-08
1805 0.574934345489209 0.25402040282419 0.0003305378588183874 4.553468316667274e-09 0.0003305495016231051 0 1.250155891897667e-08
1806 0.601294362550409 0.271072325384319 0.0003615724047356954 -1.360625698595035e-08 0.0003615549104349027 0 2.216259888624006e-08
1807 0.585004966261275 0.271306701418942 0.0003422259783551523 -7.694520743930055e-09 0.0003422308105503555 0 9.086020028607968e-09
1808 0.613631739482273 0.28064610002497 0.0003765401725441306 -1.498420918263773e-08 0.0003765439117000402 0 1.544369812398895e-08
1809 0.628663503551056 0.293365193984195 0.0003952075093576302 -9.45331648162392e-10 0.0003952178006970887 0 1.033466592471777e-08
1810 0.684569171542298 0.313136592384878 0.0004686315622260676 -1.829972577184344e-08 0.0004686349506261083 0 1.86107823092001e-08
1811 0.66525738912387 0.314685536575166 0.0004425682504953409 1.209258232985742e-08 0.0004425673937839082 0 1.212289164693755e-08
1812 0.6489763164026749 0.31840144608932 0.0004211975129875243 3.650199570587338e-09 0.0004211702592515849 0 2.749709220186689e-08
1813 0.6342997388182861 0.313091317965542 0.0004023543755479058 -1.703772875550899e-08 0.0004023361586649459 0 2.494271488673599e-08
1814 0.617006563949641 0.310408392290149 0.0003807035382301058 8.525304167669536e-09 0.0003806970999569425 0 1.068326600232969e-08
1815 0.610915045761204 0.296215827896715 0.0003732342023320729 -9.580573769856625e-09 0.000373217193137414 0 1.952178518232103e-08
1816 0.59553059904543 0.288534358146489 0.000354646298553354 -1.66344588995882e-08 0.0003546566943994088 0 1.961578033310267e-08
1817 0.709727985531283 0.329667744524073 0.0005037239238736365 1.45297059345722e-08 0.0005037138134462931 0 1.770121734830186e-08
1818 0.693604142894263 0.329274167933066 0.000481081871063328 -1.58715147318604e-08 0.0004810867070400852 0 1.659191523241336e-08
1819 0.725195022050767 0.340175771442708 0.0005258908119859147 8.801003117728618e-09 0.0005259078200072125 0 1.915020742298535e-08
1820 0.740610091070384 0.359503220650159 0.0005484724039726367 2.650518478682864e-08 0.0005485033069952825 0 4.071267160512801e-08
1821 0.675457955905542 0.330426658758668 0.0004562494956740861 4.367836017405588e-09 0.0004562434501960932 0 7.458270284594309e-09
1822 0.657060664374123 0.332444269396572 0.0004317325140757225 1.369929449603492e-08 0.0004317287166677639 0 1.421587059920106e-08
1823 0.637542977372004 0.332387813656439 0.0004064636720719335 -1.499277760937183e-08 0.0004064610479963597 0 1.522068175415906e-08
1824 0.6228797397415859 0.3245719722034 0.0003880010819732763 -7.620116380858644e-09 0.0003879791701805458 0 2.319898347606913e-08
1825 0.479639344349466 0.135143014788111 0.0002300613780083947 -2.314262535941901e-08 0.0002300539006479856 0 2.43206091045097e-08
1826 0.460996801910071 0.139054886705916 0.000212522816708366 -4.028996901685911e-10 0.0002125180513713132 0 4.782338903417827e-09
1827 0.491948642553898 0.150132864678121 0.0002420077821393552 -2.548691497802955e-09 0.0002420134669106229 0 6.229964102395741e-09
1828 0.497215098922896 0.170528844432879 0.000247218226556557 7.953364401010986e-09 0.0002472228545969052 0 9.201889086503607e-09
1829 0.444638352301577 0.152788436265907 0.0001977155229376526 -1.870342431787653e-09 0.0001977032643374613 0 1.240046206649176e-08
1830 0.429119152532902 0.16601748233416 0.0001841568620126711 -3.2190286006356e-09 0.000184143247070556 0 1.399031071593191e-08
1831 0.413505621384961 0.17905046594086 0.0001709991743572572 2.915555600858854e-09 0.0001709868989169627 0 1.261692905923923e-08
1832 0.398007236387454 0.191229084380055 0.000158424441439484 1.48568927743389e-08 0.0001584097602167787 0 2.08869711310554e-08
1833 0.384467752997161 0.199658539452337 0.0001478123920827273 3.067359427804971e-10 0.000147815453094686 0 3.076342170472977e-09
1834 0.375959764031795 0.214119666305618 0.0001413362695174209 2.288992475312063e-09 0.000141345744170843 0 9.747232633950814e-09
1835 0.363070283826657 0.233117124102235 0.0001317986144304051 1.225826004137368e-08 0.0001318200309979693 0 2.467659428428714e-08
1836 0.47487866658498 0.150233782424319 0.0002255290867174091 -6.510792849736229e-09 0.0002255097479775286 0 2.040532488583579e-08
1837 0.462298093776972 0.160484136644177 0.000213744225289669 2.750988377192741e-10 0.000213719527509822 0 2.469931190820713e-08
1838 0.479527087629009 0.166232951892554 0.0002299475402261973 1.189503735426726e-08 0.0002299462277699592 0 1.196722419929425e-08
1839 0.447566487588141 0.17374194719459 0.0002003321267197807 -4.433153078451559e-09 0.0002003157608119856 0 1.695570063944439e-08
1840 0.466201803600817 0.180661884677301 0.0002173529409965081 3.314385333556929e-09 0.0002173441216806547 0 9.421543517942758e-09
1841 0.431986673381133 0.187245395620008 0.0001866200644558808 -6.752585810737517e-09 0.0001866124859788977 0 1.015040533747103e-08
1842 0.415633274258715 0.200472570863929 0.000172754040656701 4.954643794689115e-10 0.0001727510186710202 0 3.062332837246061e-09
1843 0.397230673828311 0.213512642168998 0.0001577773211694776 3.798409905506349e-09 0.000157792208230094 0 1.53639998570218e-08
1844 0.451164785270668 0.195050661347167 0.0002035477546391776 -1.343590442736158e-09 0.000203549663468328 0 2.334280189535228e-09
1845 0.434927386857775 0.208924153895533 0.0001891634769046408 -1.059669904064856e-08 0.0001891618318389327 0 1.072363146244174e-08
1846 0.418123020974217 0.222648734323855 0.0001748413156393177 5.01130216697859e-09 0.0001748268606686055 0 1.529899760437478e-08
1847 0.484639120904341 0.185224282601637 0.0002348780042527943 2.521107155109883e-08 0.0002348750775109325 0 2.538038507745891e-08
1848 0.502312127130375 0.189315363832266 0.0002523381475659911 1.506069084727192e-09 0.000252317473062242 0 2.072928723709969e-08
1849 0.51993119125908 0.193050727154237 0.0002703419435750812 -6.832389886452878e-09 0.0002703284436440861 0 1.513042261253526e-08
1850 0.5272387039301361 0.210238094271478 0.0002779896946958978 -8.451315153375532e-09 0.0002779806509219297 0 1.237798753468113e-08
1851 0.472038903830214 0.203029832401549 0.0002228037779905647 7.050899706828242e-09 0.0002228207267292301 0 1.835687688639519e-08
1852 0.454278565405466 0.216480628800708 0.0002063696549642613 -8.383065320597703e-09 0.0002063690149868483 0 8.407458311441269e-09
1853 0.506867467785863 0.210329006126055 0.0002569250418971949 -7.366676629749057e-10 0.0002569146298996529 0 1.043802529509301e-08
1854 0.490576872612073 0.201369269689076 0.0002406884347951268 1.584367546395754e-08 0.0002406656679418421 0 2.773718912751191e-08
1855 0.43837389884885 0.23141619302658 0.0001921797385319246 -1.561923942171317e-08 0.0001921716751919418 0 1.75777726629809e-08
1856 0.487038925278506 0.218873594862131 0.0002371980393217671 4.818493342802669e-09 0.0002372069147364422 0 1.009905261641019e-08
1857 0.470408924924596 0.223253082375205 0.0002212962920779274 6.862323285039336e-09 0.0002212845566487142 0 1.359454963158913e-08
1858 0.458768090763376 0.236975648583149 0.0002104729673077419 1.370148217413313e-08 0.0002104681611026732 0 1.45199938337097e-08
1859 0.345590403932853 0.246980484021223 0.0001194302564205275 -3.948285720776896e-09 0.0001194327272904725 0 4.657698832911591e-09
1860 0.329122508342921 0.242607144459362 0.0001083236438823393 1.675651642563465e-08 0.0001083216254979361 0 1.687763959567163e-08
1861 0.312227027725167 0.251648336806857 9.746772554206255e-05 5.620910727783301e-09 9.748571684209219e-05 0 1.884891281124866e-08
1862 0.290417378706193 0.252083410302328 8.434384511449252e-05 -1.004284000416354e-08 8.434225385457632e-05 0 1.016812389136514e-08
1863 0.273716419395136 0.252051181433749 7.494430049549293e-05 -1.209314870051269e-08 7.4920678246494e-05 0 2.653780121374566e-08
1864 0.260920779627747 0.262704364375142 6.811768289528292e-05 -9.033531615639659e-09 6.807965324155132e-05 0 3.908784026262772e-08
1865 0.244867042443362 0.274001692590532 5.997849189636994e-05 5.968449854474942e-09 5.995986847495925e-05 0 1.955643675891896e-08
1866 0.241793135239117 0.296641652290604 5.84376226129892e-05 -1.344466517332027e-08 5.846392024876192e-05 0 2.953514294628262e-08
1867 0.229570715058257 0.310994318134539 5.26977463114458e-05 3.59346950172332e-10 5.270271321235943e-05 0 4.979883022365081e-09
1868 0.227807013540871 0.327121574871125 5.188603878771672e-05 -4.538025389929895e-09 5.189603541841058e-05 0 1.097844705180021e-08
1869 0.403100539905733 0.23376573259663 0.0001624918669814002 -8.670705617119994e-09 0.0001624900452722935 0 8.860009027545166e-09
1870 0.385288904022704 0.232459722217589 0.0001484337549306655 -4.262892607580087e-09 0.0001484475395630164 0 1.442873322342945e-08
1871 0.419451755415288 0.247561064743964 0.0001759220056665591 -1.885210165454937e-08 0.0001759397751209666 0 2.590666413754216e-08
1872 0.44469008381945 0.255662100982937 0.0001977319077372066 -3.432287953238851e-09 0.0001977492706473495 0 1.769890531147538e-08
1873 0.376967790602539 0.247675835997613 0.0001421075568839018 1.333346616003454e-08 0.0001421047151517597 0 1.363292930401518e-08
1874 0.362579031337728 0.255431811035029 0.0001314775811779796 2.325142266958805e-08 0.0001314635539658052 0 2.715495051638513e-08
1875 0.395368935980298 0.252403382026597 0.0001563072169264408 -1.71663817889041e-08 0.000156316595538193 0 1.956126330583982e-08
1876 0.426865551981547 0.270771076079498 0.0001822247016636403 -4.066341333615765e-08 0.0001822141994685108 0 4.199772954203376e-08
1877 0.409604658295412 0.265922783226915 0.0001677870986950834 -4.302671577548495e-09 0.0001677759760973012 0 1.192581922256845e-08
1878 0.394647684254468 0.274464275376727 0.0001557678866569934 3.880954209172156e-10 0.0001557467946874143 0 2.109553978406646e-08
1879 0.378470025668067 0.264718289013266 0.0001432438928536908 1.237266065606906e-08 0.0001432395603291873 0 1.31092906094724e-08
1880 0.348190536995987 0.265873193843218 0.0001212434828530684 1.819358992830794e-09 0.0001212366500535538 0 7.070870975438258e-09
1881 0.331698505492195 0.259644572965724 0.0001100129903306849 1.344253328689631e-08 0.0001100238985457557 0 1.731158159151029e-08
1882 0.36310657352749 0.273973976343785 0.0001318615247699698 2.032244580311435e-08 0.0001318463837388745 0 2.534270360575672e-08
1883 0.378099713536022 0.284188426791051 0.0001429810096774355 1.093239624754653e-08 0.0001429593933760219 0 2.422357889567506e-08
1884 0.318981659711382 0.272999163039056 0.0001017556101016744 8.103968380287713e-09 0.0001017492992322279 0 1.027138630755391e-08
1885 0.299739832740392 0.270465900176638 8.983765790141058e-05 -7.123469931470923e-10 8.984396733123818e-05 0 6.349515177400785e-09
1886 0.279715639676508 0.268541775030042 7.82396625796839e-05 1.284100485311146e-09 7.824083907963804e-05 0 1.741570038346876e-09
1887 0.336005743065262 0.277595330996039 0.0001129222652385297 -5.75430394220658e-09 0.0001128998593728389 0 2.313298145975737e-08
1888 0.350036247537066 0.281279908045419 0.0001225450531765557 1.109171126388481e-08 0.0001225253745898302 0 2.258921942598448e-08
1889 0.36117959671386 0.292093151299521 0.0001304660193274727 4.999810999513222e-09 0.0001304507010823866 0 1.611355772481452e-08
1890 0.265112882726379 0.285990285886411 7.026781209976518e-05 -1.04689165741205e-09 7.028484058749079e-05 0 1.706063821676567e-08
1891 0.261634241488017 0.309266408321851 6.845101261539446e-05 7.255282503158569e-09 6.845247631900999e-05 0 7.401456105035221e-09
1892 0.244211740413971 0.318839296808069 5.964622897222643e-05 -2.157850139006213e-08 5.963937415602076e-05 0 2.264111806988508e-08
1893 0.288289939088649 0.28780386209312 8.310944804265385e-05 -8.508119646914631e-09 8.311108897973696e-05 0 8.664916297169353e-09
1894 0.278419307950978 0.302741253900052 7.75166722153664e-05 -4.187269603436627e-09 7.751731103990154e-05 0 4.23571995280168e-09
1895 0.30867256901 0.289485720483156 9.527668055889517e-05 -5.701666408992095e-09 9.527875485923322e-05 0 6.067266413456656e-09
1896 0.325387998929685 0.288829971575711 0.0001058994751371495 4.554411657609649e-09 0.0001058773498474647 0 2.258918124198901e-08
1897 0.341634060181441 0.296691024152696 0.0001166978605356625 -5.801743967433945e-09 0.0001167138310760564 0 1.699171543833984e-08
1898 0.297939468465226 0.309357930684366 8.874941478849088e-05 -1.671598417341768e-08 8.876792686934141e-05 0 2.494235883597253e-08
1899 0.32156892679133 0.307208247137605 0.0001033726813021729 -1.008358434077177e-08 0.0001034065746777277 0 3.536155510806468e-08
1900 0.279020694897001 0.32112725794617 7.782986304554415e-05 -7.198659801198678e-09 7.785254818080531e-05 0 2.379991732655558e-08
1901 0.261033338708567 0.329952995999484 6.813725787739793e-05 -5.911879735803863e-09 6.813840391734146e-05 0 6.02193735958527e-09
1902 0.243317825727446 0.338909448267299 5.920550139714379e-05 -1.813365500526142e-08 5.920356431673179e-05 0 1.823682330814223e-08
1903 0.312033099713231 0.322789208173398 9.734544830889188e-05 -7.033979254571385e-09 9.736465531664718e-05 0 2.045448633101906e-08
1904 0.297382137274624 0.334019290678705 8.842563965961078e-05 -3.890737108344839e-09 8.84361355700233e-05 0 1.119383627867566e-08
1905 0.277555514308336 0.341187213919984 7.704602824666844e-05 -1.086990791125951e-08 7.703706352296492e-05 0 1.408975404610091e-08
1906 0.260289580195115 0.35015926188528 6.774787159777823e-05 -2.030197186340549e-08 6.775066555814921e-05 0 2.049332271978116e-08
1907 0.339553314556585 0.318058917598492 0.0001152999484903424 1.153870621460785e-08 0.0001152964534263632 0 1.205641793096105e-08
1908 0.325635162593775 0.324986849213138 0.0001060344350204067 -1.688390427997536e-08 0.0001060382591174743 0 1.731155516173461e-08
1909 0.357594149056541 0.311511203003522 0.0001278482043008729 -9.002650255603245e-09 0.0001278735754394717 0 2.692103982808093e-08
1910 0.353303400585068 0.329019369361282 0.0001248345301826555 -9.6205173251216e-10 0.000124823292864973 0 1.127842419100202e-08
1911 0.337432364900732 0.338585024543151 0.0001138402035518792 7.7946245060506e-09 0.0001138606008825007 0 2.183591691853878e-08
1912 0.225119666427078 0.345911964602212 5.067300653310254e-05 -2.844733188155519e-09 5.067886421223887e-05 0 6.511905387522518e-09
1913 0.20732341098199 0.350694197159411 4.299390933879547e-05 -3.79785563299203e-09 4.298299674120713e-05 0 1.155458755360656e-08
1914 0.20382664150471 0.366374442149658 4.15574383234593e-05 -2.79077293302389e-09 4.154529978708957e-05 0 1.245521893676937e-08
1915 0.190735704265758 0.37744629511216 3.63911308852442e-05 1.204009217204318e-08 3.638010888175469e-05 0 1.632324662663305e-08
1916 0.220181996431023 0.364274276327959 4.849347345716641e-05 8.748966674201202e-09 4.848011155235103e-05 0 1.597137809211965e-08
1917 0.241267624973642 0.361253221338626 5.820368636599292e-05 -1.912172528531991e-08 5.821006686042196e-05 0 2.015815187575935e-08
1918 0.173404389259505 0.391511539872877 3.004018939895587e-05 -1.001242324184492e-08 3.006908221446193e-05 0 3.057847947562834e-08
1919 0.518594859409733 0.224880640397234 0.00026895093853699 -2.121696905114294e-10 0.0002689406282062008 0 1.031251361020566e-08
1920 0.502440938610823 0.234281567196049 0.0002524491815405345 2.19669240587026e-09 0.0002524468967921248 0 3.169468854792284e-09
1921 0.535727405505341 0.228140997499566 0.0002870065337553075 -1.34304968332797e-08 0.0002870038530094841 0 1.36954241759222e-08
1922 0.549345656868833 0.238045851974254 0.000301794333236775 -5.961114297599513e-09 0.0003017806507206496 0 1.492468194602151e-08
1923 0.554952815268128 0.253793157101059 0.0003079668911877561 8.658186070274257e-09 0.000307972627174021 0 1.038584250114839e-08
1924 0.5635513460545371 0.274399026734719 0.0003175889878938881 1.077861905948248e-08 0.0003175901196398805 0 1.083787238441971e-08
1925 0.5776164006851769 0.28708213646487 0.0003336556466045134 1.099531271906931e-08 0.0003336407063404989 0 1.855015877594782e-08
1926 0.47993419101286 0.240747200598012 0.0002303506103812308 -1.014206518241581e-09 0.0002303368277031684 0 1.381994317767866e-08
1927 0.537097742651563 0.248591581495066 0.0002885000365515322 4.591973396817493e-09 0.0002884739851614046 0 2.645299883301989e-08
1928 0.520760538776548 0.241189515698313 0.0002712037225630979 1.147206559819988e-08 0.0002711915387468406 0 1.673480408256069e-08
1929 0.508802626887579 0.251393571820914 0.0002588969725723064 5.57461007508821e-09 0.000258880113127701 0 1.775717178754489e-08
1930 0.495150050968357 0.252243318138771 0.0002451835793430192 6.167249765489331e-09 0.0002451735729739666 0 1.175424992449159e-08
1931 0.521938251056062 0.259691117283029 0.0002724185749317694 2.020279321031475e-09 0.0002724195379154608 0 2.238049625220846e-09
1932 0.539928807979277 0.270456856764124 0.0002915071256967606 2.148605075575068e-08 0.000291523117685923 0 2.678421353051909e-08
1933 0.563521368856886 0.295805967521272 0.0003175653151617065 1.128491600108578e-08 0.0003175563331583386 0 1.44230965348179e-08
1934 0.549019607992667 0.288023955857487 0.0003014428421429163 -4.823520991705632e-11 0.0003014225299604218 0 2.031223976636734e-08
1935 0.531685582607504 0.291506161849817 0.0002826957139046914 1.698979747251795e-08 0.0002826895587526809 0 1.807039331141479e-08
1936 0.521327508179969 0.27695338462082 0.0002717812936134986 1.140725209650878e-08 0.0002717823707851356 0 1.145799716918079e-08
1937 0.503773984503642 0.269321636955668 0.0002537818077888268 4.955499793303892e-09 0.0002537882274626757 0 8.109820622396395e-09
1938 0.480823719951019 0.265307459789541 0.0002311987752068748 -7.262548399104307e-10 0.000231191449667536 0 7.361451806336171e-09
1939 0.464937101786676 0.25405003934766 0.0002161801693707913 -3.761328658017666e-11 0.000216166508617794 0 1.366080477910379e-08
1940 0.599820722573965 0.307987413562667 0.0003598126702185076 -1.627623085825842e-08 0.0003597848992291535 0 3.218918359725011e-08
1941 0.580540355722252 0.305215469904372 0.0003370275888473335 1.73739239128953e-08 0.000337027104622119 0 1.738067047583139e-08
1942 0.605627032716994 0.32695297815792 0.0003667851718308226 -8.944943191484513e-09 0.0003667841027575909 0 9.008602903535971e-09
1943 0.589418308694136 0.320385022021571 0.000347441822315684 -4.790005324760352e-09 0.0003474139426238558 0 2.828818423726601e-08
1944 0.573916596300342 0.324473320204443 0.0003293978037049036 1.917445373035413e-08 0.0003293802595089697 0 2.59895841987746e-08
1945 0.564060756685951 0.312016631943504 0.000318184119990212 9.455428563222723e-09 0.0003181645372331276 0 2.174602272461932e-08
1946 0.546460685393898 0.307791240323735 0.0002986079876885679 -1.642629372096924e-09 0.0002986192806811688 0 1.141183215523091e-08
1947 0.460472457080828 0.271472435354716 0.0002120384322587364 -7.335393599394073e-09 0.000212034883730055 0 8.148622893516947e-09
1948 0.443960265524982 0.277047822416319 0.0001971176310915474 -3.185484495515254e-09 0.0001971007173650125 0 1.72110852872728e-08
1949 0.489069416508608 0.285784671614926 0.0002391729181417555 1.027400888145923e-09 0.0002391888941640703 0 1.600902375499426e-08
1950 0.472454141185831 0.283193697027727 0.000223211730108437 -5.686870286871074e-09 0.0002232129155236411 0 5.809105169111119e-09
1951 0.455973443536858 0.29331223958209 0.0002079027583790403 4.494962116953149e-09 0.0002079117812108602 0 1.008048503211688e-08
1952 0.509343359092796 0.293625455858842 0.0002594270950158711 7.345612620603194e-09 0.000259430657451933 0 8.163882377102139e-09
1953 0.524117604900518 0.311858626712999 0.0002746994461925192 9.010412717454085e-09 0.0002746992637666554 0 9.012259235875476e-09
1954 0.5559203094106721 0.326638956278102 0.0003090492539892161 -1.461909756215213e-08 0.0003090473904152574 0 1.473739873354027e-08
1955 0.536972113452194 0.328444739526799 0.000288342647471702 1.898595461366983e-08 0.0002883390506253159 0 1.932365846619077e-08
1956 0.431792651920945 0.293843967445083 0.0001864326616630314 -2.013457652264693e-08 0.0001864448942529224 0 2.355923231322457e-08
1957 0.411658712142673 0.284239851516957 0.000169464972148701 -8.400490955335399e-09 0.0001694628952829641 0 8.653416641977726e-09
1958 0.394606544728587 0.294964970289979 0.0001557234533098493 3.443826529798571e-09 0.0001557143251426344 0 9.756196895882429e-09
1959 0.376513043040071 0.304651198149446 0.0001417653397192426 1.547015313049744e-08 0.0001417620715792944 0 1.581158994542961e-08
1960 0.373290463752395 0.328285259480268 0.00013931401422918 9.044547785792825e-09 0.0001393457703284781 0 3.301898979805724e-08
1961 0.412401041969941 0.305293168131276 0.0001700843813162552 -1.978658346122848e-08 0.000170074619417893 0 2.206362492207506e-08
1962 0.39425678854805 0.316683542788785 0.0001554299686129301 7.011259061600555e-10 0.0001554384153162218 0 8.475752122039592e-09
1963 0.444096424278235 0.312216433189206 0.0001972192053905116 3.046764794583216e-09 0.0001972216340567141 0 3.896305331518305e-09
1964 0.427549992280022 0.313667991666698 0.0001828119838071455 -1.512963549089376e-09 0.0001827989958986469 0 1.307573423828979e-08
1965 0.414493445939953 0.328085999986862 0.000171802973059699 -4.100693918826366e-09 0.0001718048167271768 0 4.496087230536938e-09
1966 0.394196339950508 0.338637764583768 0.0001554010220600942 -3.62910060425242e-09 0.0001553907544303765 0 1.089011438027865e-08
1967 0.378518035344986 0.348742778336159 0.0001432977836511518 -8.490649784807235e-09 0.0001432759030814281 0 2.347020377416088e-08
1968 0.358540209020199 0.348388573291184 0.0001285250497101877 1.579784548654376e-08 0.000128551081484248 0 3.045037245653738e-08
1969 0.475938256677089 0.299915694220335 0.0002265092589656344 -5.053175910992008e-09 0.0002265172241688266 0 9.432870649024799e-09
1970 0.463094980533471 0.315138850902654 0.0002144727842451595 -9.705705370546712e-09 0.0002144569609952959 0 1.856275714938835e-08
1971 0.492123087758606 0.302999781366147 0.0002421922297893285 -1.049556748135269e-08 0.0002421851335050647 0 1.266941936749085e-08
1972 0.5033515225902619 0.316698199555144 0.0002533735661632503 4.732924428541914e-09 0.000253362755293935 0 1.180150282799542e-08
1973 0.516946842271 0.332833224316489 0.0002672230273577206 8.693960331730032e-10 0.0002672340377339581 0 1.104464731689062e-08
1974 0.482933973654827 0.318800750240165 0.0002332294651007049 -1.553068304828824e-08 0.0002332252229100411 0 1.609963656653218e-08
1975 0.494678519634468 0.339810866030095 0.0002446877283041173 -8.033810276549594e-10 0.0002447068377877488 0 1.912636363086794e-08
1976 0.451204055178813 0.328255397271979 0.0002035986011318793 2.199104833495301e-09 0.0002035850994098054 0 1.36796403838554e-08
1977 0.46842840874469 0.338063798478865 0.0002194120883161502 -1.665749150942635e-08 0.0002194251741190824 0 2.118278220078425e-08
1978 0.434941055316375 0.328717512641826 0.0001891778174372795 -5.536851051706273e-09 0.000189173721599722 0 6.887133283603854e-09
1979 0.426837815878968 0.343028138933782 0.0001822060597112291 -3.058874202099107e-10 0.0001821905210643278 0 1.554165739677632e-08
1980 0.41120546550782 0.350207501267823 0.0001691096347513916 8.870333597496146e-09 0.0001690899348635029 0 2.160482355759378e-08
1981 0.445444006884277 0.346868114485568 0.0001984076501672543 -1.943313812687589e-08 0.0001984203632691198 0 2.322218371515255e-08
1982 0.393338528314528 0.359547543641807 0.0001547227019092312 -2.297771654811511e-08 0.0001547151978566387 0 2.417201404673826e-08
1983 0.479890192032223 0.358835465841225 0.0002302756820352301 2.653183789041443e-09 0.0002302945964087239 0 1.90995525832143e-08
1984 0.461746663233052 0.358467134153061 0.0002132117862098585 -3.273688681715394e-09 0.0002132099810068576 0 3.738421519734193e-09
1985 0.511916923253512 0.350370573154858 0.0002620646899823966 1.087058122500181e-08 0.0002620589363133421 0 1.229935948567884e-08
1986 0.499310986424375 0.362723303011645 0.0002493234047886313 -7.523162737384828e-09 0.0002493114611640824 0 1.41155285036806e-08
1987 0.530689483190371 0.34956049399229 0.0002816097634720917 2.220755434901249e-08 0.0002816313275688631 0 3.095457542482689e-08
1988 0.547761621114473 0.341738312843931 0.0003000484236625716 9.500949921080217e-09 0.0003000427935659555 0 1.104382349140085e-08
1989 0.566430556055587 0.345131442455733 0.0003208191126114474 -1.816602630751139e-09 0.0003208435748334415 0 2.452958112168932e-08
1990 0.587256995640675 0.337148966146726 0.000344866102695458 -1.205402137615122e-08 0.0003448707789289118 0 1.292929196248054e-08
1991 0.620007230437264 0.339887700238066 0.0003844024896087368 -1.528981916332685e-08 0.0003844089657944866 0 1.660480508506176e-08
1992 0.603157617339959 0.348006201585685 0.0003637970878150606 -6.423885397324294e-09 0.0003637991113552164 0 6.735058898026818e-09
1993 0.446859953775782 0.370285697993574 0.0001996756333007029 -5.058835599240431e-09 0.000199683818288494 0 9.622153748572469e-09
1994 0.428063989098998 0.360987381891877 0.0001832323335153273 7.7800732920591e-09 0.0001832387787633471 0 1.010300759506616e-08
1995 0.410240416098789 0.370684584402153 0.0001682757308786163 -6.216215432504607e-11 0.0001682971990009075 0 2.146821228802393e-08
1996 0.427757844255182 0.384669257504595 0.0001829550498937897 2.881702894954627e-09 0.0001829767733218405 0 2.191372943741016e-08
1997 0.647620510064432 0.348921665963783 0.0004193964564002085 7.289199676923969e-09 0.0004194123250561151 0 1.746272235971434e-08
1998 0.632140160740522 0.349153128585319 0.0003996028579613658 -1.041478785507935e-08 0.000399601182821053 0 1.054864451641704e-08
1999 0.667656577623705 0.349678183370893 0.000445752620382179 5.992769226395339e-09 0.0004457653056441985 0 1.402958144433704e-08
2000 0.68475464321321 0.343194420194571 0.000468890574035813 -4.31417959782454e-09 0.0004688889214020505 0 4.619885708019961e-09
2001 0.702172017483137 0.347153644613766 0.0004930090834901042 -1.314010692367802e-08 0.0004930455421363388 0 3.875429389395653e-08
2002 0.71734171175103 0.362297079255089 0.0005145588882237475 9.514101663649117e-09 0.0005145791314178979 0 2.236749963395975e-08
2003 0.6188258425501439 0.358062573705993 0.0003829313319227433 3.028803322334101e-09 0.0003829454234078955 0 1.44133134067574e-08
2004 0.699754766035504 0.365994382434573 0.0004896554973028226 -2.045721528603459e-09 0.000489656732589403 0 2.389750930173321e-09
2005 0.684990921231149 0.359357811982865 0.0004691938281884579 -1.892607944941067e-09 0.0004692125621690982 0 1.882933868890401e-08
2006 0.669197847879146 0.369952608297725 0.0004478009426903304 -6.388420441203771e-09 0.0004478257596060807 0 2.562598726088142e-08
2007 0.654723017132645 0.363261721461681 0.0004286489992687139 -5.926754409535692e-09 0.0004286622291632738 0 1.449677646573687e-08
2008 0.636794883962676 0.366384493196541 0.000405461417828942 5.405619187737743e-09 0.0004055077242410381 0 4.662085928003922e-08
2009 0.68651653511931 0.380084276563639 0.0004712873401137885 -1.117765248260531e-09 0.0004713049529922228 0 1.764831113432014e-08
2010 0.487086466647088 0.375491530542711 0.0002372453795725796 -5.704141291952188e-09 0.0002372532259907448 0 9.700696155487832e-09
2011 0.468099750541717 0.37810360907652 0.0002190793952254463 1.033348046247502e-08 0.0002191173764572177 0 3.936184428270557e-08
2012 0.450004159708401 0.39226050956492 0.0002024934429429866 1.460456107297486e-09 0.0002025037437548641 0 1.04038289767717e-08
2013 0.483822082443603 0.392632180214856 0.0002340692369242417 -3.292921471489625e-09 0.0002340838074600646 0 1.493800006635632e-08
2014 0.467276906710911 0.398491618553232 0.0002183478479130955 1.124675692393146e-08 0.0002183477075453174 0 1.12476328362519e-08
2015 0.919416680699337 0.386168691922146 0.0008453345686140732 -3.936253408245351e-09 0.0008453270327481866 0 8.50196245315277e-09
2016 0.927664557178722 0.399912160984539 0.0008605584468854712 7.424888597838238e-09 0.0008605615306455943 0 8.03981014622142e-09
2017 0.90619512371956 0.380707195144441 0.0008211835505287462 -4.901543796058154e-09 0.0008211896022531087 0 7.787714641873835e-09
2018 0.889301894096413 0.392498619142828 0.0007908505759785919 6.534852265823277e-10 0.0007908578588434678 0 7.312124434190276e-09
2019 0.870566316301952 0.395519363421004 0.0007579062242577629 -2.284582971115378e-09 0.0007578857110795503 0 2.064000483849975e-08
2020 0.938765879959962 0.428498582889773 0.000881300225246864 1.641194766467587e-08 0.0008812813773770018 0 2.499188317220963e-08
2021 0.927142927998876 0.418962557683314 0.0008596142668871447 -2.08100664698527e-09 0.000859594008938329 0 2.03645544730387e-08
2022 0.941644802853843 0.446132371341631 0.0008866812809335446 1.752257951056274e-08 0.0008866949347416528 0 2.221412317784056e-08
2023 0.953723063318256 0.462053810373383 0.0009095784264866479 -3.401007783888282e-11 0.0009095876815051581 0 9.255080999560804e-09
2024 0.950010709042156 0.479950818993982 0.0009025014198850111 1.204336967422652e-08 0.0009025203472947799 0 2.243411673473272e-08
2025 0.9479193450168369 0.497524723414202 0.0008985599758754234 1.481354172812451e-08 0.0008985510846571493 0 1.727700150282904e-08
2026 0.914408358816558 0.411301016485664 0.0008361590906387676 5.083075515440132e-09 0.0008361426466735912 0 1.721167183681604e-08
2027 0.909003106455251 0.397405998117315 0.0008262902667345257 1.306592828419998e-08 0.0008262866475452963 0 1.355791328360095e-08
2028 0.897069389678434 0.413855096895819 0.0008047295311801035 -4.231000068676653e-09 0.000804733489898038 0 5.794204800159515e-09
2029 0.87706126924687 0.410160329566397 0.0007692425437829873 6.885588867050437e-09 0.0007692364700129306 0 9.181612970970775e-09
2030 0.925223063530514 0.5166034800031331 0.0008560352023539994 -1.644383999680934e-08 0.0008560377172887896 0 1.663504646339717e-08
2031 0.934035709699366 0.503399462851169 0.0008724227856291262 5.746561427406367e-10 0.0008724227069935984 0 5.8001140386917e-10
2032 0.934019098995738 0.487882370133059 0.0008723862458872559 1.342189510533026e-09 0.0008723916772888102 0 5.59478288465263e-09
2033 0.934035894671593 0.46780189460722 0.0008724137267900903 1.16140701590363e-08 0.0008724230525349632 0 1.489483612176894e-08
2034 0.915587783577155 0.546703723883746 0.0008382981938026383 1.387119594338144e-09 0.0008383009894357272 0 3.120843657805812e-09
2035 0.912564053581812 0.530251193593991 0.0008327578045558442 9.506748679396924e-09 0.0008327731518896684 0 1.805322480786498e-08
2036 0.907836866796249 0.56414056289279 0.0008241567560687538 -1.404963095459568e-08 0.0008241677767144303 0 1.785628071822274e-08
2037 0.8922051281047469 0.593742962685049 0.0007960227371409485 -8.57094390971382e-09 0.0007960299906164079 0 1.122826726361629e-08
2038 0.8919380224922711 0.577121611404393 0.0007955239471990341 3.282993220249383e-09 0.000795553435967423 0 2.967095390414332e-08
2039 0.8807010682434609 0.6088199629626651 0.0007756300612932559 -2.368869493871191e-09 0.0007756343716051733 0 4.918366751698116e-09
2040 0.860744630659329 0.6193446352987509 0.0007408796807176425 2.294726699295975e-09 0.0007408813192088648 0 2.819649643170463e-09
2041 0.839994522999891 0.628027967832784 0.0007055534817733484 9.568268789818137e-10 0.0007055907986698144 0 3.732916124871892e-08
2042 0.925045045611866 0.436412407821314 0.0008557014488823957 4.29437144838142e-09 0.0008557083364110591 0 8.116629671592232e-09
2043 0.9112656631227321 0.426389654247941 0.0008304128660121088 4.17650839410803e-09 0.0008304051087865126 0 8.810094852901791e-09
2044 0.924345248678861 0.45243076528837 0.0008544122264430057 4.978881443098431e-09 0.0008544141387551855 0 5.333497754521051e-09
2045 0.907204160003676 0.446083630745434 0.00082300900420844 3.91722849637196e-10 0.0008230193879279754 0 1.039110572460819e-08
2046 0.89679740952097 0.431738740803254 0.0008042622509510702 -1.038968087640053e-08 0.0008042455937235224 0 1.963182870475828e-08
2047 0.881804435296205 0.427518700841421 0.0007775784922177542 -1.321032079677849e-08 0.0007775790621080591 0 1.322260755348133e-08
2048 0.920738004378546 0.480448291566664 0.0008477584117721855 -1.345682866277758e-09 0.0008477584727069875 0 1.347061775380194e-09
2049 0.913865059076903 0.465740143583438 0.0008351490513211586 6.211211210111558e-09 0.0008351493462016314 0 6.218207071966309e-09
2050 0.917465850204675 0.498195479552972 0.0008417135440810934 -1.854803120649383e-08 0.0008417435862917871 0 3.530671161405441e-08
2051 0.909159688989417 0.514133471808401 0.0008265755362486299 3.295160023525674e-09 0.0008265713400833335 0 5.335342798312257e-09
2052 0.860394659971049 0.598776165764789 0.0007402775558211136 2.249308272036211e-08 0.0007402789709066971 0 2.253755171870926e-08
2053 0.876672413221962 0.587629944433802 0.0007685341411124947 -1.312438802457208e-08 0.0007685545201044185 0 2.423948994613254e-08
2054 0.845770357139665 0.608931364701357 0.0007153369727048367 1.633802120899409e-08 0.0007153274970161564 0 1.888702234318251e-08
2055 0.866704506619017 0.423143790359619 0.0007511931874818497 1.550333333963066e-09 0.0007511767017937136 0 1.655842525024082e-08
2056 0.857056619698956 0.408442824529878 0.000734557857158377 3.632428438211497e-09 0.0007345460493698009 0 1.235388228116476e-08
2057 0.840050511311464 0.398306332854448 0.0007056996653613475 5.429240060384515e-09 0.0007056848615546522 0 1.576798466208353e-08
2058 0.824010499126223 0.391486370922839 0.0006789858852036303 -1.629233309646025e-09 0.0006789933026702472 0 7.594288129185648e-09
2059 0.8088944013927361 0.386968583571875 0.0006543196100822393 -2.015408560978997e-08 0.0006543101526045129 0 2.22627727768217e-08
2060 0.800656850852676 0.373268923346476 0.0006410532438137467 -7.770848184296028e-09 0.0006410513928173243 0 7.988258211853316e-09
2061 0.780929499247349 0.371954464179632 0.0006098394650949034 -1.421472151300643e-08 0.0006098508827947153 0 1.823244845560504e-08
2062 0.761125829766953 0.367151188249197 0.000579308001616173 1.522442062397613e-08 0.0005793125287384327 0 1.588325594109951e-08
2063 0.790060587883612 0.392602250030151 0.0006241745066939444 -8.725157980171393e-09 0.0006241957325269986 0 2.294916927959397e-08
2064 0.764769885804461 0.389754323219914 0.0005848453596173181 1.911165695200266e-09 0.0005848729782333684 0 2.768466194210444e-08
2065 0.747100114698486 0.379073914133706 0.0005581577600877471 1.920580324205634e-08 0.000558158581382491 0 1.922335567035467e-08
2066 0.728569923640229 0.379895091229191 0.0005307874238939117 1.643555098435381e-08 0.0005308141336331291 0 3.136140151871724e-08
2067 0.7079171173839039 0.380959897927356 0.0005011312374020596 1.545913357922551e-08 0.0005011466450851361 0 2.182616569176767e-08
2068 0.851142881001701 0.428238938883451 0.0007244497951845614 1.360519681341635e-08 0.0007244442038798757 0 1.470931910114717e-08
2069 0.838016605840571 0.415922785391639 0.0007022858413994384 -1.309044547464623e-08 0.000702271831664551 0 1.917374335750141e-08
2070 0.8264085968070281 0.406299365460161 0.0006829624927471309 -8.104303895415638e-09 0.0006829511688765611 0 1.392514941794763e-08
2071 0.809343931401781 0.405119172956161 0.0006550090897515464 -1.736781260029281e-08 0.0006550375992968908 0 3.338315578646512e-08
2072 0.790610269564551 0.41457273286024 0.0006250741807115306 -2.454059988718224e-08 0.0006250645983409321 0 2.634507295700277e-08
2073 0.775448215143641 0.40653764990399 0.0006013137875401474 -1.120857825347239e-08 0.0006013199343694587 0 1.2783416485676e-08
2074 0.8207314553262 0.420657512029159 0.0006735944908237132 -2.181992283677241e-08 0.0006736001217618621 0 2.253478415782267e-08
2075 0.804860963972086 0.423235796453766 0.0006478065529135134 -1.250720205192635e-08 0.0006478011713260754 0 1.361585790612997e-08
2076 0.832870734046121 0.433592870335725 0.0006936699477693369 -2.866779281179647e-08 0.0006936736596305244 0 2.890709702088704e-08
2077 0.813054589744921 0.439773417490584 0.0006610601943446683 -1.52499629414704e-08 0.0006610577659052817 0 1.544210761425765e-08
2078 0.758417635415369 0.411872461627533 0.000575189403507196 1.761536289937025e-08 0.0005751973097090396 0 1.9308263455533e-08
2079 0.740540309683444 0.399015196321587 0.0005483656327516599 -1.05242372523869e-09 0.000548399950266051 0 3.433364806842565e-08
2080 0.718082151459753 0.398434534370137 0.0005156187492286619 2.450100026334029e-08 0.0005156419762450676 0 3.376082500495743e-08
2081 0.697350992462189 0.39898812894227 0.0004862754110555375 3.644964558705161e-09 0.000486298406688 0 2.328271631462984e-08
2082 0.740706744836135 0.420732639621929 0.0005486484746896118 -8.426759846087529e-09 0.0005486464818457432 0 8.659197895214191e-09
2083 0.726311051221225 0.413267793009095 0.0005275148105131341 5.458062798085025e-09 0.0005275277431260808 0 1.40371979802533e-08
2084 0.707975207599865 0.418388576061199 0.0005011916680164243 1.538527706188006e-08 0.000501228894576072 0 4.02805597463015e-08
2085 0.677557672305541 0.399298137187581 0.0004590741540545984 4.180366774975586e-09 0.0004590843993001028 0 1.106528453406734e-08
2086 0.669064837774212 0.385878985270369 0.0004476464665210673 -1.235526623595595e-08 0.0004476477571458326 0 1.242249234438658e-08
2087 0.652442218035707 0.381261498940707 0.0004256460929125457 -1.804727485238476e-08 0.000425680847875353 0 3.916135300696331e-08
2088 0.686223287350878 0.416652165477147 0.0004708798480969039 9.486011214929546e-09 0.0004709024001026457 0 2.446584091648705e-08
2089 0.633246511757214 0.387079761688401 0.0004010031749603995 7.404459301310056e-09 0.0004010011446526794 0 7.677770964474719e-09
2090 0.6187053669172859 0.376779135138034 0.000382764431769527 5.661748998279521e-09 0.0003827963310522534 0 3.239783388097106e-08
2091 0.659710893261507 0.398697843887805 0.0004352179197301112 -1.85907411057559e-08 0.0004352184626878955 0 1.859866817857626e-08
2092 0.644503310659409 0.397416182049265 0.0004153948554614918 -2.15984074648103e-09 0.0004153845174509387 0 1.056122030092451e-08
2093 0.666690089361174 0.41531045203169 0.0004444593280914818 8.208116054297632e-10 0.0004444756752524102 0 1.636775495017418e-08
2094 0.6481564874546329 0.412874484557847 0.0004201025802523692 4.42448117950299e-09 0.0004201068322295278 0 6.13639498929078e-09
2095 0.773501015201927 0.423859404448055 0.0005982939440282865 -3.917684723756378e-09 0.0005983038205184118 0 1.062512638936492e-08
2096 0.755776526781533 0.431266741919194 0.0005711921246471785 1.172139732776092e-08 0.0005711981584339572 0 1.318323701546962e-08
2097 0.790679744950068 0.436050134879731 0.0006251652495722319 -8.449369230301099e-09 0.0006251744590743045 0 1.249827063299688e-08
2098 0.770252322267875 0.442826587456692 0.0005932958477809874 -3.969399141688223e-09 0.0005932886399590544 0 8.228537328390381e-09
2099 0.799377246716112 0.452404020025683 0.0006390110332392102 -2.014158704758079e-08 0.0006390039825674318 0 2.133999768795907e-08
2100 0.783280253155597 0.455662217319801 0.0006135410606834522 5.14040429591795e-09 0.0006135279549834961 0 1.40777529337386e-08
2101 0.828630672084526 0.449997943214694 0.0006866343851205269 -2.298696105152577e-08 0.0006866287907192533 0 2.36579311013153e-08
2102 0.814460261972024 0.462473026080694 0.0006633516202958407 -2.189641306786307e-08 0.000663345518331538 0 2.273074731700144e-08
2103 0.845810755104767 0.446974140263239 0.0007153886841406274 5.856002092976061e-09 0.0007153958334508962 0 9.241504089293785e-09
2104 0.86660087576642 0.441373033775043 0.0007509830225981541 5.678302249260654e-09 0.0007509970778791261 0 1.515895905512529e-08
2105 0.886726848019918 0.444861185072154 0.0007862981853475491 -1.536700292577999e-08 0.0007862845029993387 0 2.057550561883322e-08
2106 0.892536749221823 0.465045130953634 0.0007966011582398849 -1.582576096209099e-08 0.0007966218487114594 0 2.604899852205119e-08
2107 0.904407224469308 0.48264955807467 0.0008179280986404518 -1.447205104465309e-09 0.0008179524276722773 0 2.437203709541389e-08
2108 0.894790811932372 0.5022832412341171 0.0008006226365942867 7.79107837075725e-09 0.0008006505971185936 0 2.902570966739082e-08
2109 0.875502226552212 0.457424645281967 0.0007665106334527171 -1.193694793189677e-08 0.0007665041486978807 0 1.358465204623046e-08
2110 0.858649300113294 0.461472662854799 0.0007372719111291044 1.071997341066031e-08 0.0007372786205850496 0 1.264652636122523e-08
2111 0.837118938132874 0.467188547143406 0.0007007450322822292 -1.713862129252044e-10 0.0007007681165807105 0 2.308493468928542e-08
2112 0.887128937843544 0.484205703176694 0.000786991476059976 -1.192400919106611e-08 0.0007869977523594145 0 1.347493709930998e-08
2113 0.873091849669103 0.474387174985536 0.0007622821147188108 -1.642756320557578e-08 0.0007622893779586157 0 1.796161143483254e-08
2114 0.853920615674346 0.481510920102423 0.0007291685670543209 1.726370147522227e-08 0.0007291804178736541 0 2.093984974861628e-08
2115 0.870910117210656 0.49668243799017 0.0007584619884535674 -9.518543274388923e-10 0.0007584844322598786 0 2.246398157937944e-08
2116 0.837065085087046 0.486475374502656 0.0007006877999390386 -3.330577823001463e-09 0.0007006779566717836 0 1.03914704872942e-08
2117 0.821456765423107 0.48143600922661 0.0006747943382551311 -2.089886461615638e-08 0.0006747912174593934 0 2.11305917636253e-08
2118 0.846841063760835 0.5028863128869741 0.0007171345365331455 3.596429285064075e-09 0.0007171397872715827 0 6.364319110303664e-09
2119 0.806223779697617 0.478465563467576 0.0006500202837604239 -1.386592813796729e-08 0.0006499967829499117 0 2.728648122888511e-08
2120 0.795587465461994 0.468056946339185 0.0006329796038701952 -1.72520788996877e-08 0.0006329594152002394 0 2.655591498974523e-08
2121 0.826152596028481 0.499376627341063 0.000682520315153277 2.891349859292437e-09 0.0006825281119245986 0 8.315620665319212e-09
2122 0.807892564265751 0.49465038387447 0.0006526899872098908 -1.405013534995465e-08 0.0006526903953958905 0 1.405606343050726e-08
2123 0.895834701852421 0.5233570063930491 0.0008025367665083651 5.648130349645924e-09 0.000802519813043016 0 1.786956529384303e-08
2124 0.878802303251457 0.5168031726548 0.0007722810843037253 -9.565128288873029e-10 0.0007722934882000658 0 1.244072189294738e-08
2125 0.861940956268242 0.5147334320695049 0.000742939675308465 1.274688428461862e-08 0.0007429422120926114 0 1.299685857315683e-08
2126 0.897061839826928 0.543872855486878 0.0008046983962601856 -1.032420512512761e-08 0.0008047199444736731 0 2.389382171116465e-08
2127 0.889567488123031 0.5606646899437741 0.0007913357805189942 8.410899317892685e-09 0.0007913303159255188 0 1.00302048426831e-08
2128 0.8756760711210601 0.56902037120189 0.0007668033623724633 -7.893887810498773e-09 0.0007668085815340158 0 9.463250608308897e-09
2129 0.8592135058590959 0.578332406595936 0.0007382083507113914 -7.200190396492219e-11 0.0007382478486506787 0 3.949800491440702e-08
2130 0.839461419654416 0.589673729136868 0.0007046725191537494 3.216341892398643e-08 0.0007046954750882076 0 3.951531910191125e-08
2131 0.8465312169363139 0.526356221651478 0.0007166149999914277 -1.091904415562526e-09 0.0007166151012476766 0 1.096589294426918e-09
2132 0.831578855304883 0.515109038726801 0.0006915202270422895 2.069721900908821e-09 0.0006915233925901794 0 3.782121387572395e-09
2133 0.812252163605677 0.515723491599054 0.0006597284792997872 -1.794321603611135e-09 0.0006597535772821035 0 2.516204098177388e-08
2134 0.875415412061734 0.549198959605284 0.0007663426021581068 -4.70311831552289e-09 0.0007663521436752156 0 1.06376628366546e-08
2135 0.8827573215529509 0.532836565561317 0.0007792625327949229 -4.089486579839594e-10 0.0007792604887553401 0 2.084547150165952e-09
2136 0.866719962269118 0.53096369644538 0.0007511935320951052 1.304224955325162e-08 0.0007512034929957812 0 1.641096632397471e-08
2137 0.861392435172442 0.561222353051086 0.0007419966791702102 -2.16556232106356e-09 0.0007419969273723098 0 2.179739536884926e-09
2138 0.854922736754525 0.54586785834748 0.0007308769221791052 1.508076944951187e-08 0.0007308928858198469 0 2.196058817331721e-08
2139 0.837746381166966 0.543772828160778 0.0007018289351576338 -2.021384799584411e-09 0.0007018189991583475 0 1.013953047849533e-08
2140 0.826230503383755 0.531220523426759 0.0006826594642769409 3.851852541818047e-09 0.0006826568447217733 0 4.658201077619205e-09
2141 0.841836817467897 0.563721639159283 0.0007086481408269008 2.343104735389492e-08 0.0007086892272444772 0 4.729807278701104e-08
2142 0.739065171127272 0.439177201008581 0.000546208317617366 -4.139161029998264e-09 0.0005462173271733839 0 9.914875373497249e-09
2143 0.724366997258463 0.429713075467536 0.0005247006739708507 4.375326200036294e-09 0.0005247075467172421 0 8.147276987894431e-09
2144 0.752896748781768 0.449090233350609 0.0005668667548325699 6.536958906960827e-09 0.0005668535143261568 0 1.476627379624045e-08
2145 0.765560519463436 0.461003465023063 0.0005861065866203687 2.258678299022314e-09 0.0005860829089611259 0 2.378514609741781e-08
2146 0.7784042933155489 0.473618279006467 0.0006059378981466946 7.859040125402525e-09 0.0006059132438520792 0 2.587660632067717e-08
2147 0.791898865478522 0.48571473280425 0.0006271274974694322 1.428851137314412e-09 0.0006271038131461702 0 2.372738468412909e-08
2148 0.789548199830935 0.507195962378445 0.0006233636470314595 -4.452485837920022e-09 0.0006233863598562702 0 2.31451299633091e-08
2149 0.709996714932992 0.436869795523134 0.000504102186369421 4.5845166530158e-09 0.0005040953352156403 0 8.243549057804542e-09
2150 0.693722774362894 0.434671793392411 0.0004812336457479772 4.776446077835463e-09 0.0004812512876697507 0 1.827708513407903e-08
2151 0.67420406463863 0.433139529566166 0.0004545329774227473 7.474763616527376e-09 0.00045455112077525 0 1.962277582711893e-08
2152 0.722263952260753 0.449792612187712 0.0005216663602178918 -6.879296468901192e-10 0.0005216652167353233 0 1.334466029372851e-09
2153 0.7386184558066911 0.45439123683963 0.0005455815839953666 4.20867798161066e-09 0.0005455572232582608 0 2.472161974237401e-08
2154 0.748288693088308 0.46583818770764 0.0005599595882128275 9.09838905359392e-10 0.000559935968203808 0 2.363752594734293e-08
2155 0.760422302188269 0.47896114529696 0.0005782592928187173 -5.142019181247382e-09 0.0005782420776653071 0 1.79666877358563e-08
2156 0.773856978655374 0.492301211853333 0.0005988528564481089 7.069267917469249e-10 0.0005988546234136239 0 1.9031323180578e-09
2157 0.654439595050577 0.431065677433559 0.0004282787030583827 9.39564948221802e-09 0.0004282911835699632 0 1.562182442944614e-08
2158 0.810013718428394 0.534646966468181 0.0006561404018792231 -2.732875983776617e-09 0.0006561222240421935 0 1.83821209390036e-08
2159 0.794580887154086 0.527894049085417 0.0006313652126421175 -2.192155158994004e-08 0.0006313587862305744 0 2.2844106229655e-08
2160 0.819374374301138 0.551736621306459 0.0006713532863464694 1.595684837081606e-08 0.0006713743652613814 0 2.643750487089244e-08
2161 0.820857843369873 0.5754741561060009 0.0006737683890649096 1.403638327269561e-09 0.000673807599021839 0 3.923507261316034e-08
2162 0.828361280575056 0.608873843393177 0.0006861648754493601 1.479801408180724e-08 0.0006861824111559467 0 2.29452005058882e-08
2163 0.820009826202632 0.593677215388573 0.000672418436515734 -1.039600671273972e-09 0.0006724161150688707 0 2.543596881354425e-09
2164 0.778494485165637 0.523250501337772 0.0006060616904821793 1.975797210845491e-09 0.0006060536634333103 0 8.266637052879773e-09
2165 0.768101444876378 0.510843048977568 0.0005899824789868706 4.823618667230148e-09 0.0005899798296211795 0 5.503311331571623e-09
2166 0.754887523511555 0.497466946698063 0.0005698541373680503 -1.386437335956488e-08 0.0005698551731534085 0 1.390301046398486e-08
2167 0.741716640991229 0.483518469938835 0.0005501543149066811 -1.004842761276149e-08 0.0005501435755233117 0 1.470731969608845e-08
2168 0.730697725034602 0.468028463253795 0.0005339320000016822 -9.836509869762735e-09 0.0005339191653707428 0 1.617048786428732e-08
2169 0.711510492536275 0.468584669915661 0.0005062474093895508 -2.436987484191736e-09 0.0005062471809892126 0 2.447667198092651e-09
2170 0.7018263374213271 0.451699866048544 0.0004925603457883402 -4.58284081517157e-09 0.0004925602078982345 0 4.584914788570254e-09
2171 0.68227497710855 0.451179807447275 0.0004654923029809226 5.23004381784011e-09 0.0004654991443884725 0 8.6115164518448e-09
2172 0.691298293767458 0.469038625978548 0.0004778937254230851 9.416248952012182e-10 0.0004778933309657986 0 1.020908416112658e-09
2173 0.662027863190761 0.449837799207801 0.0004382705450136459 9.017072660267918e-09 0.000438280891640925 0 1.372444153371905e-08
2174 0.670727793418786 0.468589073457421 0.0004498725832663882 4.706319417700498e-09 0.0004498757728644336 0 5.685330082983048e-09
2175 0.825681839672927 0.6450234843941161 0.0006817304011074297 -6.697706784666987e-09 0.0006817505003656691 0 2.118583153780642e-08
2176 0.816944772086015 0.626007002583699 0.000667369408695381 4.911702377319507e-09 0.000667398760638671 0 2.976006376237493e-08
2177 0.814700665737225 0.66192975697519 0.0006637284999999619 -7.07192786470379e-09 0.0006637371747526777 0 1.1192117690716e-08
2178 0.805069305749026 0.678995762868576 0.000648143064018507 2.877813217184906e-09 0.0006481365870592188 0 7.087510884162267e-09
2179 0.808148937993486 0.606986969315447 0.0006530934434034928 -3.173614563550719e-09 0.0006531047059799992 0 1.170117340100257e-08
2180 0.804454191805931 0.643459969153347 0.000647119581514706 -1.80038373927252e-09 0.0006471465467141337 0 2.702523564719194e-08
2181 0.795189744535313 0.623736446316005 0.000632299673605482 -1.137730825714825e-08 0.0006323267298141363 0 2.935100628473982e-08
2182 0.793951352961665 0.661782172980107 0.0006303477633122579 4.330585965930314e-09 0.0006303587508696584 0 1.181018172753225e-08
2183 0.780416084683727 0.642354360406425 0.0006090097165868725 1.1541515963173e-08 0.0006090492652330782 0 4.119832529886148e-08
2184 0.801301959755213 0.566670045385216 0.0006420463389311653 -1.048552229306712e-08 0.0006420848307075451 0 3.989439843672683e-08
2185 0.797804086420293 0.546688603226798 0.0006364899933015897 -6.394576062015596e-09 0.0006364913603089183 0 6.539060486752878e-09
2186 0.779550583748468 0.539877042094669 0.0006076938191086615 4.905021207140506e-09 0.0006076991126225772 0 7.216683630205276e-09
2187 0.803330559583265 0.587413468064707 0.0006453225404758131 -1.551125542091129e-08 0.0006453399879603617 0 2.334552980350492e-08
2188 0.782121208704778 0.559322085528167 0.0006116893989019836 3.413554530804686e-09 0.0006117135851058228 0 2.442590450086423e-08
2189 0.784554372283025 0.5794337464620311 0.0006155106442652396 1.936100033727836e-09 0.0006155255630684115 0 1.504390811665493e-08
2190 0.785224106999612 0.60226897690167 0.0006165506211325599 -1.804336957006874e-08 0.0006165768982133381 0 3.187551034363424e-08
2191 0.776114707277438 0.621402262690148 0.0006023514545783418 -2.705771054694103e-09 0.0006023540388523434 0 3.741613170252415e-09
2192 0.759960003124459 0.607607044348262 0.0005775081940168881 -1.170374967852948e-08 0.0005775392063489277 0 3.314728488238642e-08
2193 0.769438068205675 0.589351120684723 0.0005920165100730599 6.100753432169145e-09 0.0005920349408040809 0 1.941419682626716e-08
2194 0.766081683891653 0.571616161080192 0.0005868480301860226 7.312953501799988e-09 0.0005868811463942705 0 3.39140463177502e-08
2195 0.763609476849614 0.55167439355961 0.0005830888571193261 -5.602289968615776e-09 0.0005830994331345412 0 1.196819747170736e-08
2196 0.7608710092426439 0.530447886728619 0.0005789237248592382 9.010069713317188e-09 0.0005789246927059196 0 9.061902859636783e-09
2197 0.751130626782742 0.514386280414671 0.0005642060710356498 -3.066887411945064e-09 0.0005641972184910349 0 9.368742954964256e-09
2198 0.734276365822248 0.504765997088199 0.0005391680932966908 -1.707484668639068e-08 0.0005391617814051278 0 1.820413042325958e-08
2199 0.721904390484356 0.486006915394989 0.0005211483462662189 -1.316700736342313e-08 0.0005211459490005895 0 1.338345864887991e-08
2200 0.701298670158186 0.486847386487577 0.0004918212408265079 2.443891381202669e-09 0.0004918198247656402 0 2.824505879610623e-09
2201 0.680311920332664 0.4872475466674 0.0004628231496640122 2.451037643110428e-09 0.0004628243089467169 0 2.711369011662052e-09
2202 0.747753379094765 0.544702924239302 0.000559135788096562 -3.722528600601035e-09 0.0005591351159476394 0 3.782724329950535e-09
2203 0.737634752925428 0.528393167852992 0.0005441110503128833 -1.117985856564564e-08 0.0005441050287233573 0 1.269837698164974e-08
2204 0.745455601173329 0.564086131292625 0.0005556629113069405 -1.117569927359678e-08 0.0005557040533206893 0 4.263286935644957e-08
2205 0.751485000122228 0.585848638237671 0.0005646997806555531 -1.750685776821974e-08 0.0005647297054087049 0 3.466959648037788e-08
2206 0.72085292926957 0.519284313415279 0.0005196412066187726 -1.033777260534647e-08 0.0005196289456365198 0 1.603749445031025e-08
2207 0.712039422072516 0.504259161384028 0.0005070111827677186 -4.02789016303615e-09 0.0005070001385853627 0 1.175575871977023e-08
2208 0.690890970409716 0.505883646870619 0.0004773296294526127 3.054161719519186e-09 0.0004773303329936791 0 3.134146429436046e-09
2209 0.703122158803614 0.522732148458995 0.0004943778391219458 -1.203355921739228e-08 0.0004943807702006545 0 1.238538533253234e-08
2210 0.731370108466129 0.5489111073691459 0.0005348851809358896 -1.618360501790692e-08 0.0005349022355577574 0 2.351104417993274e-08
2211 0.717360381281314 0.536234197738122 0.0005145922137514017 -2.913369706307444e-08 0.0005146059166320721 0 3.219536058551031e-08
2212 0.731350402133943 0.581058905056322 0.0005348359372112409 9.924956524590378e-09 0.0005348734107014801 0 3.87655418216459e-08
2213 0.726764958725243 0.56480513842302 0.0005281851699104253 -7.681584603396336e-09 0.0005281873052309042 0 7.972849902439751e-09
2214 0.7134191116116489 0.55523436019303 0.0005089696481077741 -1.721910440022013e-08 0.0005089668288127544 0 1.74483804621969e-08
2215 0.6978715710929571 0.542835486701696 0.0004870209040104732 -1.824159808725679e-09 0.0004870247297397522 0 4.238368026065983e-09
2216 0.736734213780156 0.601388702970412 0.0005427491646765016 1.028788452347252e-08 0.0005427773017542646 0 2.99589003971947e-08
2217 0.679878313699201 0.527859602904356 0.0004622203312672631 -2.480681806683824e-09 0.0004622345214384692 0 1.440537195230884e-08
2218 0.668851057164894 0.506297286625673 0.0004473544905693915 -1.887815184950846e-09 0.0004473617366705963 0 7.487978955860351e-09
2219 0.658956837563114 0.486748622197777 0.0004342188917161347 5.21717724498387e-10 0.0004342241137711802 0 5.248051855844202e-09
2220 0.649645482528514 0.467380734265231 0.0004220318784320748 4.285552134287763e-09 0.0004220392529697058 0 8.529347124249082e-09
2221 0.641020424820592 0.447551167154958 0.000410892298847638 8.473761622749297e-09 0.0004109071850371722 0 1.712901850327377e-08
2222 0.634680916449947 0.427542181146836 0.0004028176081756774 -1.938354834924334e-09 0.0004028198657057446 0 2.975510287379745e-09
2223 0.629054151912757 0.407060864152919 0.0003957146868882556 1.809519870080545e-09 0.000395709126038678 0 5.847855178155446e-09
2224 0.618158468320116 0.393343735568085 0.000382121236502523 8.069708877225182e-09 0.0003821198919558719 0 8.180953921160442e-09
2225 0.759892954471806 0.6310800144427779 0.000577434697515821 4.912357178320052e-09 0.0005774373022558903 0 5.560208977755812e-09
2226 0.741106037185255 0.621979329158256 0.0005492283703317758 -6.366371587686669e-09 0.0005492381583524326 0 1.167630230724886e-08
2227 0.617940844967903 0.422951371513762 0.0003818736597498663 1.019867583935732e-08 0.000381850887879646 0 2.495137395425331e-08
2228 0.606816731454342 0.408037970304953 0.0003682333906655018 1.662286891751575e-08 0.0003682265455729311 0 1.797707048856111e-08
2229 0.617601495169166 0.443582285993307 0.0003814023008791274 7.530871848933476e-09 0.0003814316068351893 0 3.025810786400013e-08
2230 0.627855744882827 0.465746399624037 0.0003941910786114537 -7.06065516187093e-10 0.0003942028363823696 0 1.177895179643625e-08
2231 0.637416309498251 0.485678883882256 0.0004062919978112255 2.926233217494705e-10 0.0004062995516143702 0 7.559468920296708e-09
2232 0.646924340327266 0.505186144514177 0.0004185053786752514 1.634027978471328e-09 0.0004185111021078683 0 5.952119652291546e-09
2233 0.656283432725343 0.524767234106749 0.0004306950945460677 8.91738837513565e-09 0.0004307079440697598 0 1.564065454337259e-08
2234 0.678633352303165 0.551042623229047 0.0004605594217532107 -8.796760462542589e-09 0.0004605432268582317 0 1.842980244108892e-08
2235 0.66368753650753 0.541375484620189 0.0004404883575470394 -1.101663989426145e-08 0.0004404811461154339 0 1.31670459997706e-08
2236 0.694967915494928 0.563872654258455 0.0004829919181834477 6.483668314172257e-09 0.0004829804035673654 0 1.321455025079186e-08
2237 0.712338029843482 0.574731424433238 0.0005074126702387556 -1.753661949297847e-09 0.0005074254687612935 0 1.291810780978427e-08
2238 0.71554090303424 0.595511333717438 0.0005119672906491216 1.551632345258593e-08 0.0005119987839150556 0 3.510814852246821e-08
2239 0.721119738290173 0.616360772632362 0.0005199874318424547 1.429182747897146e-08 0.0005200136769516875 0 2.988414448048078e-08
2240 0.773868322341377 0.663889334340222 0.0005988756639694164 1.869126634006035e-08 0.0005988721803234574 0 1.901313300227819e-08
2241 0.759653279293706 0.651221680019563 0.000577052307372445 -4.586860792294446e-09 0.0005770731047416813 0 2.129717960383098e-08
2242 0.78535396358023 0.680145553655237 0.0006167826288765529 1.159717846770848e-08 0.0006167808481111772 0 1.173310162467738e-08
2243 0.797409603955791 0.698069770458316 0.0006358548648338357 6.173224658124766e-10 0.0006358620764809315 0 7.238020507089843e-09
2244 0.800370588618507 0.717570514506311 0.0006405943911047348 -1.174051787485416e-08 0.0006405930791255354 0 1.181359595506462e-08
2245 0.785060097468715 0.729592550089928 0.0006162973199931949 6.434537627881722e-09 0.0006163193566375883 0 2.295685018910144e-08
2246 0.7646555831306791 0.7342532791199839 0.000584696306099691 1.743045520907697e-08 0.0005846981608129189 0 1.752885421108715e-08
2247 0.749384275597722 0.739324529894229 0.0005615965615882032 -2.872852938216307e-09 0.0005615767925131226 0 1.997672679763868e-08
2248 0.742264140313905 0.641975956765094 0.0005509418407811615 -2.006739709875129e-08 0.0005509560539959404 0 2.459097193426077e-08
2249 0.726818424677671 0.633512475684725 0.000528268492173063 -2.472470560100408e-09 0.0005282650224509313 0 4.260526063954797e-09
2250 0.785520673242826 0.711586208636285 0.0006170494693260568 7.105577812592065e-09 0.0006170427280918627 0 9.794563518139408e-09
2251 0.776098205880342 0.697371694955882 0.0006023326256603251 1.926497074777414e-08 0.0006023284251706856 0 1.971758634123567e-08
2252 0.768756625193078 0.715393344450852 0.0005909632057105346 1.27629654025803e-08 0.0005909867487782506 0 2.678001723953904e-08
2253 0.765870897882018 0.680859507554772 0.0005865661746632707 1.965140058661098e-08 0.0005865582322226085 0 2.119575213781824e-08
2254 0.758165215492801 0.667083682236568 0.0005748366671741236 -1.916936494534879e-09 0.0005748144939832454 0 2.22558989763607e-08
2255 0.743464179645283 0.661018532677902 0.0005527346317433619 -8.376420412043303e-09 0.0005527389864156336 0 9.440740940927998e-09
2256 0.72279791642765 0.653105359826806 0.0005224014158731956 -1.147740448389616e-08 0.0005224368279921521 0 3.722564952657053e-08
2257 0.747476200197098 0.721351044651107 0.0005586905687190348 -3.142154272446054e-10 0.0005587206698610921 0 3.010278200582913e-08
2258 0.753816647035924 0.698271403285973 0.0005682272065569025 6.103017951779273e-09 0.0005682395373484828 0 1.375846100101589e-08
2259 0.748066846147481 0.678481828891243 0.0005596331749556199 -8.783564661102084e-09 0.000559604006305039 0 3.046245533223716e-08
2260 0.729979764898909 0.674316930509231 0.0005328788671195576 -1.359172542928459e-08 0.0005328704571618665 0 1.598319081131004e-08
2261 0.733387610427758 0.7051353175064931 0.0005378288990912887 -3.141743776435276e-08 0.000537857387128937 0 4.241018373842212e-08
2262 0.737195890021377 0.689395646376962 0.0005434751090600492 -1.274097916140467e-08 0.0005434577802644102 0 2.150859614872875e-08
2263 0.733957973391954 0.7362582525843751 0.0005386908037224159 -3.304575468457111e-09 0.0005386943067056243 0 4.815714940184404e-09
2264 0.728540707175088 0.7209535981440089 0.000530770538073343 -7.704602485644864e-09 0.0005307715620111773 0 7.77234508692428e-09
2265 0.721890963475769 0.751019380222703 0.0005211372987324246 -9.479948434329092e-09 0.000521126563147974 0 1.432208769047317e-08
2266 0.711193255348291 0.765392183642769 0.0005058051981575148 -1.359158930989009e-08 0.0005057958464528995 0 1.649805076914188e-08
2267 0.715265096716293 0.731927525321039 0.0005116060839450183 -2.670928781883868e-09 0.000511604158580568 0 3.292550504475254e-09
2268 0.698961038939853 0.7483855442128819 0.0004885378155252418 5.208984844912301e-09 0.0004885465339558786 0 1.015601082530685e-08
2269 0.691760280293322 0.77294419619704 0.0004785289604842425 2.042474741120689e-09 0.0004785322853914954 0 3.902141887281766e-09
2270 0.6790180943145711 0.788883888034405 0.0004610688183164957 -3.355233197412053e-09 0.0004610655724065917 0 4.668353126505954e-09
2271 0.712691216552463 0.710160810177904 0.0005079199606448991 -7.623930141374961e-09 0.0005079287701510298 0 1.165039523220754e-08
2272 0.720771371837656 0.690800687365472 0.0005195087679544498 -1.789012597007492e-08 0.0005195113704607367 0 1.807843041301748e-08
2273 0.665778095869499 0.7730402855517809 0.0004432565074688371 -5.208953743899061e-09 0.0004432604729396158 0 6.54661420905334e-09
2274 0.678569885424461 0.755780935848134 0.0004604510124803071 -1.068095599541249e-09 0.0004604570894049661 0 6.170076297778065e-09
2275 0.678507646764988 0.736885585387085 0.0004603632887235691 1.286357601330723e-09 0.0004603726267185617 0 9.426179839163348e-09
2276 0.695650863920015 0.724885318157937 0.0004839363991625061 -6.018350528096336e-09 0.0004839301244726632 0 8.694381847130408e-09
2277 0.69163124167766 0.704872137386708 0.0004783690832077053 -1.068582950474967e-08 0.0004783537744645818 0 1.86693483611132e-08
2278 0.703743113999247 0.69266570893563 0.0004952718238106831 -3.746339682063467e-09 0.0004952543705013572 0 1.785085621023928e-08
2279 0.676915224806839 0.717137552352836 0.0004582253997228661 1.245075958479563e-08 0.0004582142215752934 0 1.673237572479582e-08
2280 0.707713358798447 0.673179606332092 0.0005008275068281904 -8.126223680627818e-09 0.0005008581982217793 0 3.174897087681122e-08
2281 0.702627375790592 0.65363949149262 0.0004936990189753795 -1.327973144006452e-08 0.0004936852292103738 0 1.91444217994314e-08
2282 0.706899602689084 0.634175447807398 0.0004996639066244846 -2.061587091893432e-08 0.0004997070482819849 0 4.781439893610411e-08
2283 0.699765522665884 0.6116351454144831 0.0004896494354209664 -1.343855359600019e-08 0.0004896717867118578 0 2.608016348228813e-08
2284 0.692086209846954 0.587911695619953 0.0004789431739088058 -1.954334813785955e-09 0.0004789833218603221 0 4.019549023858335e-08
2285 0.687649045142271 0.64435604924362 0.0004728425585185859 7.505418598946714e-10 0.000472861209285077 0 1.866586198891755e-08
2286 0.687655117396948 0.626648953141946 0.000472843226879112 -9.710143613606383e-09 0.0004728695604822103 0 2.806680496837579e-08
2287 0.675429041210351 0.609213728274924 0.0004561531659096141 1.140408780859493e-08 0.000456204389710334 0 5.247790943758972e-08
2288 0.671089037734191 0.588935398628419 0.0004503721947989427 -9.345849144653831e-09 0.0004503604965670025 0 1.49730934265983e-08
2289 0.675608827159068 0.571472117105112 0.0004564273369613637 -2.224626058200911e-08 0.0004564472873352514 0 2.988165872472944e-08
2290 0.659976077672481 0.558792307698273 0.0004355542467687834 -1.951378001469339e-08 0.0004355684230999527 0 2.411961807087126e-08
2291 0.656987551802701 0.578252860258191 0.0004316338761994006 -5.054590444395819e-09 0.0004316326432237067 0 5.20279863365819e-09
2292 0.685988768363161 0.684361724243105 0.0004705673212303645 -1.311647740628211e-08 0.0004705805903204066 0 1.865772574817105e-08
2293 0.688207885323223 0.663427405836808 0.0004736356012289511 1.034949934628974e-08 0.0004736300934210624 0 1.172382550442775e-08
2294 0.6749386726789109 0.700126533736929 0.0004555526119047077 5.804993246912411e-09 0.0004555422118775701 0 1.191043706421846e-08
2295 0.662536845108836 0.685704526616538 0.0004389557023434643 1.506134129282313e-08 0.0004389550711267698 0 1.507456254935277e-08
2296 0.673291863238569 0.670640165856242 0.0004533115523084617 2.674356288788181e-10 0.000453321933103264 0 1.038423914122934e-08
2297 0.67205162292253 0.654420313946612 0.0004516480679287103 2.545718334513148e-09 0.0004516533838728064 0 5.894060015996491e-09
2298 0.6686159493753751 0.633874882483818 0.0004470261706336928 1.521371344442512e-08 0.0004470472877591341 0 2.602671826555901e-08
2299 0.653490769546914 0.617686657679637 0.000427016983972233 1.244122018820914e-09 0.0004270501858830179 0 3.322521210409197e-08
2300 0.655463423069741 0.597803714597236 0.0004296121920299574 7.376420152742242e-09 0.0004296322989823023 0 2.141730858139362e-08
2301 0.656907538277603 0.648941170980656 0.000431521592299103 6.339739649336865e-09 0.0004315275138459404 0 8.675080159183116e-09
2302 0.647235869946208 0.635874685040366 0.00041891456288461 1.087838535054475e-08 0.0004189142713450246 0 1.088229126447014e-08
2303 0.6577457562554651 0.665316505083151 0.0004326094754872592 4.673498736095451e-09 0.0004326294798720737 0 2.05430524081185e-08
2304 0.637081388753545 0.622929230008162 0.0004058719417118107 -1.657777524357296e-09 0.0004058726958961456 0 1.821268879448648e-09
2305 0.637261044568786 0.606419502558496 0.0004060653576726782 -1.136651829806951e-08 0.0004061016389249003 0 3.802008680974964e-08
2306 0.638594730673711 0.586297673161616 0.0004077896213559152 -1.262515661515416e-08 0.0004078032300442295 0 1.856316183179121e-08
2307 0.641309907987851 0.566183127372787 0.0004112856189668395 -1.136795374293509e-08 0.000411278398083386 0 1.346742477798557e-08
2308 0.643752931251004 0.544377880226655 0.0004143988011794297 -7.666765885666888e-10 0.0004144178364942599 0 1.905074811323266e-08
2309 0.634735620139346 0.523434729347394 0.0004028792777072799 -1.564901509246706e-09 0.0004028893074736802 0 1.015111475536946e-08
2310 0.625429047584484 0.504096447119838 0.0003911539682406211 1.174311908065623e-09 0.0003911614935624348 0 7.616395266625645e-09
2311 0.615808818546427 0.484799457390713 0.0003792121678255173 3.933519916572789e-09 0.0003792205009995463 0 9.21489925778308e-09
2312 0.605759984704725 0.465349042314102 0.0003669318923426342 9.07658803183887e-09 0.0003669451590694687 0 1.607452926846185e-08
2313 0.6279561548013251 0.5559267031927539 0.0003943278686695554 -1.585855170435338e-09 0.0003943289323528657 0 1.909544135687977e-09
2314 0.622435525637255 0.540083389826515 0.0003874116603622258 6.268850147818817e-09 0.0003874259835753259 0 1.563499010831393e-08
2315 0.620703472866444 0.573387017252397 0.0003852475697324556 -1.859265119292217e-08 0.0003852728012284644 0 3.134190596032834e-08
2316 0.61369921521166 0.5219947332853559 0.0003766174643624916 4.639763363813352e-09 0.0003766267267514074 0 1.035950059123474e-08
2317 0.619946215492104 0.595692551791755 0.0003843220838032384 -2.807066949189916e-08 0.0003843333101029823 0 3.02323054308461e-08
2318 0.6190855131747111 0.618080045074384 0.0003832423403834638 -2.62150023034094e-08 0.0003832668726227954 0 3.590344151179129e-08
2319 0.604096480488848 0.503360607711008 0.0003649238113181204 5.927937818415167e-09 0.0003649325577390132 0 1.056599854309092e-08
2320 0.594397064422619 0.484419798062272 0.0003532998626995967 8.474703445817218e-09 0.0003533078701942271 0 1.165935541746563e-08
2321 0.594434270279116 0.447360666131424 0.0003533389420830904 -6.450242795921906e-09 0.0003533521016822652 0 1.465539772805729e-08
2322 0.6016685622618591 0.428357271254532 0.0003620105611518407 1.14886092645287e-08 0.0003620050588142526 0 1.273828331314451e-08
2323 0.58455888738859 0.466019525255864 0.0003417063467141044 -1.965113019568213e-09 0.0003417090928249862 0 3.376802356510951e-09
2324 0.57439150801119 0.449101322934569 0.0003299237896086679 -1.083905995885985e-08 0.000329925604475369 0 1.098994822254892e-08
2325 0.582752748179352 0.43150966084225 0.0003395936282043095 -1.941424570355143e-08 0.0003396007655105872 0 2.06846338410912e-08
2326 0.590531933484663 0.416572273716674 0.0003487393546465519 -1.921315113363591e-09 0.0003487279644651345 0 1.155109018604941e-08
2327 0.5874608541222029 0.400088315451805 0.0003451003050578767 1.734294377533696e-08 0.0003451102551259882 0 1.999453810962145e-08
2328 0.60304836837095 0.387633481951785 0.0003636579658043557 6.866248553036371e-09 0.000363667334594865 0 1.161548986474303e-08
2329 0.602279643294532 0.367977593062591 0.0003627185329669164 -2.457660200159092e-09 0.0003627407687269887 0 2.237116714991908e-08
2330 0.584943376962352 0.379436957457681 0.000342145171754062 2.982146945093035e-09 0.0003421587542521202 0 1.390602221721505e-08
2331 0.585067399324841 0.357805525782961 0.0003422922197053741 -1.03695537880114e-08 0.0003423038617527329 0 1.559053919745141e-08
2332 0.566366216116951 0.369057019592113 0.0003207816560857565 -7.963439744359009e-09 0.0003207706907586329 0 1.355192869996499e-08
2333 0.548852170904311 0.358760614931284 0.0003012193114402473 1.918653433727361e-08 0.0003012387055063751 0 2.728099889744676e-08
2334 0.534459792647078 0.367779982846888 0.0002856446865808953 1.896545648349755e-08 0.0002856472699563576 0 1.914059477672613e-08
2335 0.518004755795674 0.366671808172955 0.0002683139186224005 1.999486090517337e-08 0.0002683289270269358 0 2.500093336884549e-08
2336 0.504319092732898 0.384904178645884 0.0002543032416503048 -1.029518795250696e-08 0.0002543377472949334 0 3.600875457730184e-08
2337 0.527359389877429 0.384527132218373 0.0002780923901389214 1.714675315790542e-08 0.0002781079260918942 0 2.313821468117527e-08
2338 0.547450065671982 0.379137257348136 0.0002996966597867417 -1.761994352586886e-09 0.0002997015744042574 0 5.220928023204969e-09
2339 0.565531737757849 0.393840441699917 0.0003198012706206928 -1.269408410576819e-08 0.0003198261464114126 0 2.792749067171573e-08
2340 0.574025555855306 0.414731597864149 0.0003294890303464107 -1.632841954785628e-08 0.000329505338774993 0 2.307774095869134e-08
2341 0.561554770837806 0.432732526586482 0.0003153241461753567 -5.730560660325131e-09 0.0003153437606507008 0 2.043445542481473e-08
2342 0.5563711998550031 0.41350539287929 0.0003095359491074831 -6.290495271222684e-09 0.0003095489120280958 0 1.440859609978095e-08
2343 0.542180601140729 0.400708915808642 0.0002939527852055597 -1.25640690503922e-08 0.0002939598042533222 0 1.439176370690173e-08
2344 0.517799444367204 0.40772658512081 0.0002680700194296004 4.268819289318352e-09 0.0002681162645869852 0 4.644176352891512e-08
2345 0.496886056759799 0.404313013614891 0.0002468930879958424 6.658754846930377e-09 0.0002468957534023022 0 7.172405991531941e-09
2346 0.479274042695963 0.414151569732946 0.0002296937741198709 -2.838585104186408e-09 0.0002297036080021318 0 1.023537032618186e-08
2347 0.53860244845102 0.425363222033048 0.0002900581685842763 1.174498471097518e-08 0.0002900925974774337 0 3.637709925084764e-08
2348 0.516068135644422 0.431969494029192 0.0002663377778414411 7.088227301127819e-09 0.0002663263206275095 0 1.347259133744152e-08
2349 0.499219214093898 0.421986825619742 0.0002491848679888129 1.649251991653544e-08 0.0002492198237205292 0 3.865108527604476e-08
2350 0.546507815655668 0.443767274172863 0.0002986963040269447 -1.665527244455615e-08 0.0002986707925727296 0 3.046690657699326e-08
2351 0.558317495968027 0.450868028188916 0.0003117398724908783 -8.143665604350145e-09 0.0003117184263040079 0 2.294031867156076e-08
2352 0.529778376315181 0.446915361750459 0.0002806757876022928 2.701083332295165e-08 0.0002806651280111495 0 2.903811288878168e-08
2353 0.564834821659037 0.465857734967115 0.0003190441677444773 -1.305098363497628e-09 0.0003190383757585961 0 5.937203229280102e-09
2354 0.573613304243024 0.483849712230992 0.0003290338596074476 -9.173767411386664e-10 0.0003290322228046001 0 1.876353817054477e-09
2355 0.582627328679172 0.502980973548631 0.0003394409839907628 6.768519523721796e-09 0.0003394546041238279 0 1.52092367084734e-08
2356 0.592704723587134 0.521733993057475 0.0003512851420213939 6.427933019849059e-10 0.0003512988893625009 0 1.376236065293898e-08
2357 0.602886480612544 0.539142807690797 0.0003634544656965644 1.368837366340408e-10 0.0003634721085053795 0 1.76433398210911e-08
2358 0.61168013657382 0.55552843862269 0.0003741399831544829 -1.135029512355947e-08 0.0003741525894789671 0 1.696315467109026e-08
2359 0.510544937522742 0.450974584552444 0.0002606726581276812 1.132814402437658e-08 0.0002606561332301005 0 2.003494664556549e-08
2360 0.500493470029497 0.43854852028543 0.0002505134085059252 4.536423734871502e-09 0.000250493713542167 0 2.021065901301054e-08
2361 0.48479686667973 0.435055203064539 0.0002350225064790345 -2.845520051524156e-09 0.0002350280019424839 0 6.188465309558677e-09
2362 0.602831903916925 0.585134162894636 0.0003633685381852662 -6.125084527461123e-10 0.0003634063043801047 0 3.777116147519985e-08
2363 0.602722200247115 0.56886712128823 0.0003632679606389449 1.747846775168019e-09 0.0003632740506707234 0 6.33588631627586e-09
2364 0.593431012105793 0.555710510532343 0.0003521518470862044 1.284807182786035e-08 0.0003521603661289058 0 1.541580481980703e-08
2365 0.58345043534963 0.539713525138606 0.0003404021719118233 1.931885391399686e-09 0.0003404144105096728 0 1.239013553149885e-08
2366 0.601279123663726 0.604803119635166 0.0003615163799993163 -1.484203945927737e-08 0.0003615365845538184 0 2.507010486491551e-08
2367 0.56954397646421 0.523097591469564 0.0003243505898031147 -6.432711689245006e-09 0.0003243803411266645 0 3.043880800306336e-08
2368 0.561477880469052 0.501287581051503 0.0003152498010608625 -1.112138245860191e-08 0.0003152574102560191 0 1.347534781447726e-08
2369 0.553849574678691 0.482374049668712 0.0003067591160517601 -1.356740122154477e-08 0.000306749351371767 0 1.671596097371223e-08
2370 0.544339787973554 0.462754943511116 0.0002963033757273955 -1.80813658360364e-09 0.0002963058047710937 0 3.028136587548332e-09
2371 0.522640342167086 0.46645631927663 0.0002731603224275017 2.168467185759177e-08 0.0002731529272605288 0 2.291099055322047e-08
2372 0.534471661681149 0.482916454715378 0.0002856725692126447 2.099456682212154e-08 0.0002856599571402086 0 2.449155379273029e-08
2373 0.544403794536875 0.497394975729176 0.0002964009844663308 3.509774367584382e-09 0.000296375491506148 0 2.573343224274853e-08
2374 0.544875346264954 0.517863799388707 0.0002968447327665145 6.70820697154951e-09 0.0002968891429673536 0 4.491398422927484e-08
2375 0.567295391950174 0.542084890722669 0.0003218293436004209 -1.178285991695899e-08 0.0003218240617279016 0 1.291255068269276e-08
2376 0.554442441245812 0.535835767973675 0.0003074100397355996 -2.756341263722091e-08 0.0003074064206546157 0 2.779999034851853e-08
2377 0.574900262962016 0.556396301928668 0.0003305034548544052 -9.551409812453441e-09 0.0003305103123537952 0 1.175817703934485e-08
2378 0.585012132343898 0.574521427926078 0.0003421956455277705 6.599969436048613e-09 0.0003422391949895545 0 4.404673901932388e-08
2379 0.587422183842584 0.5934567343809311 0.0003450487825906656 6.99266207598759e-09 0.0003450648220703906 0 1.749749218478815e-08
2380 0.567751951375525 0.591030060688305 0.0003222839755275897 -1.071444696238546e-08 0.0003223422782907165 0 5.927909886231674e-08
2381 0.566075332599556 0.570987913930412 0.0003204367991893214 -1.766115955059738e-08 0.000320441282177698 0 1.822124423456401e-08
2382 0.554186821762897 0.555270729896958 0.0003071018892956399 -1.132776874908305e-08 0.000307123033415661 0 2.398733324693089e-08
2383 0.467730688989267 0.431114226947901 0.0002187785827759982 -9.370743135974759e-09 0.0002187719974223744 0 1.145328377673736e-08
2384 0.455173074914341 0.415141528851781 0.0002071776697031908 1.13215056610579e-08 0.0002071825281269763 0 1.23199339329809e-08
2385 0.434826691663923 0.406612246198933 0.0001890657488258379 -4.876594135555823e-10 0.0001890742517833924 0 8.516930132229538e-09
2386 0.415887793417954 0.403232229416582 0.0001729578602990484 6.354464783413421e-09 0.0001729626567140548 0 7.961458383805876e-09
2387 0.408349042403672 0.388268393265396 0.0001667552024616168 -2.385370206409771e-09 0.0001667489404319959 0 6.700970526337151e-09
2388 0.392658496254355 0.380157618233974 0.00015418629032984 -1.69894185529407e-08 0.0001541806946807313 0 1.788719183421792e-08
2389 0.373128936898369 0.368583810602553 0.0001392162630355843 -1.023959342932044e-08 0.000139225203550907 0 1.359345753786624e-08
2390 0.352300288651549 0.368887740190978 0.0001241323840675755 2.036900481165896e-08 0.0001241154933839647 0 2.646113281505224e-08
2391 0.34169272447896 0.356348758694002 0.0001167654054427275 -2.293776025314451e-09 0.0001167539179618545 0 1.171424881343021e-08
2392 0.325631136253466 0.354823093203124 0.0001060283313638493 5.063284419235522e-09 0.0001060356368977234 0 8.888626119622621e-09
2393 0.317501045898647 0.338119443006591 0.0001008020088528755 -2.997513142172935e-09 0.0001008069141467348 0 5.748651396962643e-09
2394 0.306842381538517 0.353429051884777 9.414588226814975e-05 -4.129897163015398e-09 9.415224710822885e-05 0 7.587307810389824e-09
2395 0.290579285678211 0.351794085698383 8.445088086192154e-05 6.853711407471077e-09 8.443632126525937e-05 0 1.609208547771212e-08
2396 0.276861245015972 0.359832890253029 7.664351679460733e-05 -1.469964557087238e-09 7.665214899179406e-05 0 8.756461846532077e-09
2397 0.261526780038321 0.369591685120734 6.839968536437622e-05 -1.182858880941043e-08 6.839625667721235e-05 0 1.231549466687419e-08
2398 0.247454042231901 0.382327112046544 6.124729063243385e-05 -2.076368579146081e-08 6.123350301690745e-05 0 2.492446568234523e-08
2399 0.230801870388041 0.377379781970928 5.329018944830671e-05 -5.000903907782212e-09 5.326950337461808e-05 0 2.128198027784209e-08
2400 0.212568745203161 0.383824303128535 4.517768997903055e-05 1.241990146642452e-08 4.518547143724638e-05 0 1.465622886012481e-08
2401 0.194833683700132 0.39836415505703 3.795823872858978e-05 1.883009364248469e-08 3.796016430416308e-05 0 1.892829278813152e-08
2402 0.449165159220071 0.439285254723181 0.0002017359195471712 5.546022098385151e-09 0.0002017493402571917 0 1.452149505287454e-08
2403 0.437886013972043 0.423822207426641 0.0001917388408525274 -8.929620648646453e-09 0.0001917441612323243 0 1.039444881229904e-08
2404 0.422189405804253 0.420289320423612 0.0001782356172518932 -5.417609692523071e-09 0.0001782438943733482 0 9.892483730640469e-09
2405 0.375653338317857 0.391174615839483 0.0001411336083241667 -1.37152179307696e-08 0.0001411154305893503 0 2.277141291053565e-08
2406 0.360780085744557 0.382921782003196 0.000130175524464193 1.706698084898848e-08 0.0001301622702698499 0 2.160915322229411e-08
2407 0.395142706676056 0.402420264202093 0.0001561348260853737 -6.946126264464553e-09 0.0001561377586392796 0 7.539797244845e-09
2408 0.406958481105955 0.416784509007191 0.0001656136870077962 -5.322681645054654e-09 0.0001656152053440659 0 5.535005413064655e-09
2409 0.345021986145183 0.385846835255001 0.0001190393673852153 1.105384580818004e-08 0.0001190401709235668 0 1.108301317482516e-08
2410 0.334468780861338 0.370885594598407 0.0001118780942083846 -3.821313634040076e-09 0.0001118693653708698 0 9.528643253342549e-09
2411 0.315658929413025 0.371229251758668 9.963450052519117e-05 5.57830133114105e-10 9.964055971817708e-05 0 6.084816685643016e-09
2412 0.294145119438425 0.370340959383375 8.650365507756494e-05 9.187617291165069e-09 8.652135128944529e-05 0 1.993911297934896e-08
2413 0.326409532989863 0.388008083591066 0.0001065353589710766 -8.962746551919244e-09 0.0001065431832266605 0 1.189747036959057e-08
2414 0.306301193108123 0.389639780941481 9.380897492789234e-05 2.249392000297022e-09 9.382042089945965e-05 0 1.166490589291296e-08
2415 0.28570448947291 0.390534068034084 8.161871735943505e-05 5.220667512830877e-09 8.162705530497614e-05 0 9.837515190620895e-09
2416 0.27690127223301 0.375687612269097 7.668006489081404e-05 -8.220953789248043e-09 7.667431456425951e-05 0 1.003246413842252e-08
2417 0.266209410091009 0.38806253542308 7.087514441946474e-05 -5.129978816570827e-09 7.0867450021003e-05 0 9.247726766422042e-09
2418 0.088407767554042 0.618116177090191 7.837755030943611e-06 -1.763132271319103e-08 7.815933363889523e-06 0 2.805438813512379e-08
2419 0.0799418274108968 0.602422198198856 6.386200083659124e-06 4.697172856410946e-09 6.39069576979361e-06 0 6.501894082712847e-09
2420 0.102838514635202 0.625108242653678 1.056623491406003e-05 -3.453113337369798e-09 1.057576009237466e-05 0 1.013178235288007e-08
2421 0.0662983914517413 0.570978374189645 4.412509544141753e-06 2.201642685809395e-08 4.395476709088323e-06 0 2.783595734935565e-08
2422 0.0803399534473354 0.580881261935952 6.470090596867368e-06 -1.62373259463693e-09 6.454508119920019e-06 0 1.566684701379201e-08
2423 0.0619559095814283 0.552752462291458 3.827645451409333e-06 2.14851504695472e-08 3.838534732062119e-06 0 2.408709454945152e-08
2424 0.0483512126387801 0.537081325426975 2.327817035640873e-06 5.106151837283453e-10 2.337839763640529e-06 0 1.003572640225608e-08
2425 0.0513768762987248 0.519073611508309 2.6211108247849e-06 1.240935242347415e-08 2.63958341821447e-06 0 2.225373531756368e-08
2426 0.0526663732333701 0.501645231041676 2.788714201270361e-06 1.027032367615122e-08 2.773746869556643e-06 0 1.815215047980183e-08
2427 0.0977827752830001 0.589938015343932 9.569829718432001e-06 -2.507290751074504e-09 9.561471142045696e-06 0 8.726528869838101e-09
2428 0.100463751882081 0.607648872079419 1.012586726466544e-05 6.566097920368837e-09 1.009296544222433e-05 0 3.355061194443493e-08
2429 0.0736677313842943 0.482078988071714 5.432655448114044e-06 -2.482611114331557e-08 5.426934647308541e-06 0 2.547672185263459e-08
2430 0.0662342238598487 0.495339091221742 4.396379289001836e-06 -3.488464349741629e-09 4.386972410316551e-06 0 1.003288343992356e-08
2431 0.067328079393013 0.510616047468293 4.526067502133558e-06 4.699864483397665e-10 4.533070274751861e-06 0 7.018526312929167e-09
2432 0.0684773116607553 0.530589134997412 4.679562706954451e-06 1.111771590368982e-08 4.689142212284213e-06 0 1.467550780307446e-08
2433 0.0822830609875194 0.454823593803379 6.764372836728187e-06 -2.632680070644863e-09 6.770502125475838e-06 0 6.670770937939573e-09
2434 0.0816619757079536 0.4694719172082 6.683677268566104e-06 4.036564691478073e-10 6.668678276526404e-06 0 1.50044227063921e-08
2435 0.0807385087160086 0.561707052287079 6.509435262928085e-06 1.156505187743452e-08 6.518706789684997e-06 0 1.482267294828748e-08
2436 0.0979854464204548 0.570773683789579 9.608861054704815e-06 -1.074508358310898e-08 9.601147710215819e-06 0 1.322696126908708e-08
2437 0.0796449866134612 0.545275062022317 6.342955078289435e-06 6.413066747005368e-09 6.343323892658414e-06 0 6.423663218157652e-09
2438 0.0980950729168345 0.5495215796552541 9.609382035985047e-06 -9.660596712197466e-09 9.622643330559078e-06 0 1.640698213002436e-08
2439 0.0816973487077083 0.5175017012873609 6.67234723580069e-06 -2.029933575196622e-09 6.674456785868887e-06 0 2.927598300645038e-09
2440 0.0888815984139804 0.531760969346276 7.894485887809623e-06 5.902441751466698e-09 7.899938536624082e-06 0 8.035558333015038e-09
2441 0.08341578739320479 0.499484151615878 6.928209406840228e-06 -9.457898668566424e-09 6.958193586428344e-06 0 3.144046553086042e-08
2442 0.09102841997828209 0.481340373650046 8.300289470181234e-06 1.181384218993305e-08 8.286173243742507e-06 0 1.840746359925889e-08
2443 0.114801810409023 0.5808537636900351 1.317739201737403e-05 4.047991288265381e-10 1.317945567318926e-05 0 2.102983038073961e-09
2444 0.116026849026462 0.561674657083408 1.345772693994215e-05 -2.490798924647668e-09 1.346222969500941e-05 0 5.145763546720878e-09
2445 0.113002423774746 0.596977444957537 1.280092429926956e-05 -2.298426876303402e-09 1.276954777896728e-05 0 3.146059110037713e-08
2446 0.120723985013554 0.613298560199975 1.458308738838659e-05 2.479502594638712e-08 1.457428055755281e-05 0 2.631261258440072e-08
2447 0.105021494360323 0.532640600249355 1.104619515393677e-05 3.771061445105971e-09 1.102951427767536e-05 0 1.710182847742696e-08
2448 0.118196271921476 0.542721158703405 1.398736689962198e-05 -6.315878729030294e-09 1.39703586961355e-05 0 1.814302372696736e-08
2449 0.100269403668518 0.5149857323820241 1.001198667500315e-05 1.720066783052993e-08 1.005395331204021e-05 0 4.535484095459137e-08
2450 0.103561239681271 0.494443809583632 1.072432892297214e-05 1.517689132849783e-08 1.072493036432166e-05 0 1.51888038401299e-08
2451 0.13843685180931 0.624653656403215 1.914959808673482e-05 8.548567416129893e-09 1.916476193887286e-05 0 1.740748162522555e-08
2452 0.140604081400542 0.643006494310728 1.978100071663547e-05 1.147508753028924e-08 1.976950770649024e-05 0 1.624090256193245e-08
2453 0.131149094838407 0.593112537323462 1.720649723046534e-05 1.971642306592523e-08 1.720008507693348e-05 0 2.073289780591944e-08
2454 0.139042767227386 0.608550417211996 1.936104807609353e-05 1.448865538085914e-09 1.933289111824905e-05 0 2.819421015746245e-08
2455 0.132681167209132 0.572560976335277 1.760874281077602e-05 5.675353620755308e-09 1.760429213197765e-05 0 7.212363030718758e-09
2456 0.134256025775793 0.553538002376687 1.802750476561972e-05 6.457582158893405e-09 1.802468045711039e-05 0 7.048197350722582e-09
2457 0.146745391004263 0.582082972444334 2.154965262988494e-05 1.498592273478502e-08 2.153420978099403e-05 0 2.151881646560487e-08
2458 0.150844228931125 0.597375817478546 2.277134668675835e-05 1.261435254134535e-08 2.275398140182565e-05 0 2.14633410919923e-08
2459 0.15295113726072 0.564023205448839 2.336782759460951e-05 -2.196722449668669e-09 2.339405038934761e-05 0 2.631464522651141e-08
2460 0.15395559617809 0.614272230975067 2.371714081424375e-05 2.337032523770305e-09 2.370232559455112e-05 0 1.499841510153615e-08
2461 0.156105633239155 0.631747757492667 2.436654838312217e-05 2.268380009418219e-09 2.436896872899758e-05 0 3.317170786038386e-09
2462 0.158469610323079 0.649857335362793 2.511793226255239e-05 4.702365777386075e-09 2.511261739594851e-05 0 7.096481587475224e-09
2463 0.160538055431656 0.668341309358653 2.576593216629581e-05 3.68127793588545e-09 2.577246724177746e-05 0 7.500601228702521e-09
2464 0.162324167257054 0.6872706590929329 2.633646847558312e-05 1.117373880579806e-09 2.634913527569605e-05 0 1.27159879478426e-08
2465 0.164287088737823 0.70636891448568 2.698656287728147e-05 -3.765386795264931e-09 2.699024752594933e-05 0 5.268279939745389e-09
2466 0.119639789926639 0.504847030932658 1.427200173466096e-05 1.222322894931604e-08 1.431367933369031e-05 0 4.343304717376645e-08
2467 0.119530427186378 0.524130825546345 1.428609171225877e-05 8.688362049954699e-09 1.428752302335801e-05 0 8.805469128553513e-09
2468 0.136099114751945 0.534732736060781 1.854040308195681e-05 -9.644288012678685e-09 1.852296903626309e-05 0 1.992381089355218e-08
2469 0.149421657662315 0.5454237164095 2.234752408042838e-05 -2.694970040183564e-10 2.232683177855406e-05 0 2.069405676742465e-08
2470 0.137852832366942 0.514791949111853 1.899110137222975e-05 -8.507102831332382e-09 1.900340339158822e-05 0 1.49569541979312e-08
2471 0.157174475072794 0.52768844389375 2.468594264752546e-05 -1.176445838319252e-08 2.470381561440835e-05 0 2.139732287569262e-08
2472 0.166425114880723 0.725475913375958 2.770972248347923e-05 -1.197267813274108e-08 2.769731886306185e-05 0 1.723933934721779e-08
2473 0.149566551649987 0.736803838571741 2.236608036634326e-05 1.970627716266165e-09 2.237015337246823e-05 0 4.524682584466167e-09
2474 0.148024779743817 0.756330769096843 2.189948604353886e-05 -1.711666459678667e-09 2.191133541820554e-05 0 1.197236326129451e-08
2475 0.170415620066266 0.747153587795267 2.901702678392212e-05 -2.938644283972526e-09 2.904148356256993e-05 0 2.463269477859982e-08
2476 0.163621969862137 0.770240758422238 2.677631755836813e-05 5.898628210248172e-09 2.677214902156607e-05 0 7.222915881611428e-09
2477 0.17762258132504 0.786616945871018 3.154915710978987e-05 9.295607735393282e-09 3.154978139657045e-05 0 9.316547491142019e-09
2478 0.190631811063138 0.803522772528068 3.633720652215994e-05 7.467423483946348e-09 3.634048738921194e-05 0 8.156378001389e-09
2479 0.211567245365734 0.800223884891836 4.476919489167075e-05 4.983579186501224e-09 4.47606993116447e-05 0 9.849413255983113e-09
2480 0.222371335996958 0.812565511835429 4.945454081360301e-05 -2.299364451201292e-09 4.944901107307198e-05 0 5.988748385091136e-09
2481 0.199818804613392 0.783427393409957 3.992128758833962e-05 1.15892100244451e-08 3.992755467712492e-05 0 1.317521122538529e-08
2482 0.186421175780898 0.765738657276762 3.4738204482711e-05 5.814538227769629e-10 3.475285477953248e-05 0 1.466183090563163e-08
2483 0.18344053001195 0.73080243543172 3.365408556956778e-05 1.327426673505842e-09 3.365042805106512e-05 0 3.890951448009225e-09
2484 0.182686842146082 0.713784512302949 3.337127374737189e-05 2.802373769669402e-09 3.337448229330748e-05 0 4.26005466698468e-09
2485 0.195233992335839 0.744733141379148 3.811011886649453e-05 6.315029434493637e-09 3.811631176339044e-05 0 8.844861147684996e-09
2486 0.180706475523406 0.694810878163623 3.265206574592398e-05 1.536451068734703e-09 3.265483029609133e-05 0 3.162818286661042e-09
2487 0.178781116409389 0.675753519780996 3.195330803782416e-05 3.903402313033236e-09 3.196268758458751e-05 0 1.015935269115257e-08
2488 0.176571335189692 0.656831489061513 3.117476769611793e-05 5.80375850701838e-09 3.117743641067057e-05 0 6.387930038069648e-09
2489 0.173936197670257 0.6383088890631859 3.025566413536158e-05 4.082370403107846e-09 3.025380085998672e-05 0 4.487487407308603e-09
2490 0.171072085698772 0.620347691430186 2.927336163048749e-05 6.559662844075467e-09 2.926565850532799e-05 0 1.011767334177562e-08
2491 0.168070271218844 0.602904978488807 2.827519495340647e-05 6.091820433093085e-10 2.824761606757578e-05 0 2.758561303331518e-08
2492 0.165938514192204 0.583266172100795 2.752810909108848e-05 -1.249187153174755e-08 2.753559049231629e-05 0 1.456084539774885e-08
2493 0.21172052372452 0.762289530842566 4.479826997651848e-05 4.749000862824195e-09 4.482558016618504e-05 0 2.772001927882784e-08
2494 0.220815005555364 0.78222547194809 4.875868965025479e-05 -5.48293380201104e-09 4.875926667841544e-05 0 5.513213634116958e-09
2495 0.231070289880869 0.797936716114762 5.33925470856926e-05 -3.785536900858261e-09 5.339347886562883e-05 0 3.898525808216515e-09
2496 0.166513253511346 0.547066067325353 2.772260317850043e-05 -1.461966770245198e-08 2.772666359493378e-05 0 1.51730572180547e-08
2497 0.174874732987467 0.564101226299176 3.057774764148588e-05 -1.985450146979685e-08 3.058117223743788e-05 0 2.014768190260628e-08
2498 0.186772534530928 0.578724807316456 3.486816193098093e-05 -1.942406688507241e-08 3.48839796551067e-05 0 2.504984572556767e-08
2499 0.181133505968987 0.593564287736118 3.282419275339175e-05 -1.693336944147438e-09 3.280934698461705e-05 0 1.494202933065978e-08
2500 0.185304465115233 0.608531124164554 3.43436240622368e-05 6.871877355104404e-09 3.43377447916426e-05 0 9.043700631017889e-09
2501 0.188888563307688 0.626261275803119 3.568726387110463e-05 5.065139364246697e-09 3.567888934844246e-05 0 9.787148031904513e-09
2502 0.19234036148726 0.64476169569772 3.699365870853658e-05 8.401021805817767e-09 3.699481465704985e-05 0 8.480175962040288e-09
2503 0.195196091609101 0.663934877064569 3.80955718105211e-05 5.691367822565206e-09 3.810151417946855e-05 0 8.228208577776869e-09
2504 0.197187806752254 0.683315817541716 3.887676630844926e-05 -2.530095637394432e-09 3.888303113176427e-05 0 6.756433608247511e-09
2505 0.198813564145141 0.702370676384596 3.95354670174646e-05 -4.52086817162853e-09 3.95268332880941e-05 0 9.745744295248277e-09
2506 0.202295071921577 0.722891580626563 4.091712642527937e-05 9.917272007704767e-09 4.092329612375601e-05 0 1.167978866963936e-08
2507 0.216963468860916 0.73956166890722 4.707174647727223e-05 6.113929211922864e-09 4.707314682016167e-05 0 6.272247652668e-09
2508 0.231981860487326 0.752173117249903 5.378767920796867e-05 5.211807018226302e-09 5.381558359516118e-05 0 2.838692933349712e-08
2509 0.230615907561584 0.768237780590576 5.318333126498273e-05 1.136872491870646e-08 5.318369682045306e-05 0 1.137460052393505e-08
2510 0.239959138048858 0.781303328730872 5.757953418184312e-05 1.116450940945005e-08 5.758038793315089e-05 0 1.119710505663027e-08
2511 0.214711196794024 0.708013000540653 4.611158013775204e-05 9.305401440871724e-09 4.61008980287221e-05 0 1.416679036702689e-08
2512 0.224058284431742 0.721003910767441 5.021064218705575e-05 1.778834464598481e-08 5.02021148224954e-05 0 1.972666093360294e-08
2513 0.215133930685093 0.691423951251663 4.6275814744174e-05 5.159685819563201e-09 4.62826081320184e-05 0 8.530678528766427e-09
2514 0.214330222095756 0.671601805394908 4.593789577949778e-05 4.404095140189941e-09 4.59374441036161e-05 0 4.427196077196324e-09
2515 0.236334461923106 0.73431841095503 5.585980326726317e-05 -7.328958242953928e-10 5.585397789248405e-05 0 5.871296927132861e-09
2516 0.211795358255299 0.651329309576604 4.485473408271049e-05 1.174456273195615e-08 4.485727377849045e-05 0 1.201602298681077e-08
2517 0.207480266034895 0.631871830749747 4.304887672644159e-05 1.025740878137097e-08 4.30480607939108e-05 0 1.02898095610631e-08
2518 0.20302062382809 0.613697780092326 4.122919956383921e-05 -2.473444547523984e-09 4.121737369954683e-05 0 1.208176287598475e-08
2519 0.199462024735512 0.594346630208661 3.977334296166609e-05 -1.397557980933671e-08 3.978509931159e-05 0 1.826276524901854e-08
2520 0.247547365975418 0.74546101150876 6.128268251984334e-05 1.663015618065437e-08 6.127969840136753e-05 0 1.689577040772573e-08
2521 0.248506401109263 0.763240013670706 6.1726173129429e-05 1.578080602628576e-08 6.175543139227791e-05 0 3.32427403168667e-08
2522 0.183392701341168 0.54962771229095 3.365449216718181e-05 -1.455008577089487e-08 3.363288290521084e-05 0 2.605120340541232e-08
2523 0.193497112364586 0.56179981092621 3.74476538570282e-05 -1.355877669938764e-11 3.744113249343322e-05 0 6.521377690204826e-09
2524 0.20548447840276 0.575153007250616 4.221953061670661e-05 -1.313310668103387e-08 4.222387086445434e-05 0 1.383171144895288e-08
2525 0.181084382050068 0.531425313098684 3.276146359284091e-05 -4.564842753038731e-09 3.279155342245499e-05 0 3.043411959568513e-08
2526 0.21892730647574 0.587658443520651 4.791437603686061e-05 -1.022570732840969e-08 4.792916552072258e-05 0 1.798037606030347e-08
2527 0.215401699275722 0.603010393150296 4.640019226128171e-05 -3.933445558156874e-09 4.639789205086858e-05 0 4.556639321218049e-09
2528 0.221400388505029 0.618093840333501 4.900810295356644e-05 6.376200356249253e-09 4.901813203017778e-05 0 1.18843724554142e-08
2529 0.227251729646461 0.637030876805319 5.164614020858704e-05 -6.587572009681547e-09 5.164334862730821e-05 0 7.154651006099522e-09
2530 0.233991529612276 0.658736343595126 5.474078104838945e-05 -2.273710134787258e-10 5.475203593029264e-05 0 1.125717834239822e-08
2531 0.232498860088042 0.680851387311233 5.407472253015266e-05 1.910846339747179e-08 5.405571994223893e-05 0 2.694868681089725e-08
2532 0.233089834564829 0.702390710802526 5.432105572460459e-05 2.125643352343418e-08 5.433087097745936e-05 0 2.341314064236532e-08
2533 0.240791405915293 0.718876259562594 5.799422062253507e-05 1.295365674883135e-09 5.79805011626634e-05 0 1.378047718339487e-08
2534 0.256502166646869 0.728874034472357 6.578153468274018e-05 2.939466956628942e-09 6.579336149453815e-05 0 1.218662969379194e-08
2535 0.250403623680446 0.688770647900228 6.269451913524238e-05 5.701315403757218e-09 6.270197475229842e-05 0 9.385692463497302e-09
2536 0.253860463994601 0.70781473244336 6.446413427099233e-05 6.488774108092597e-09 6.444513517955411e-05 0 2.007659495291694e-08
2537 0.247868447260807 0.672188201087352 6.144604675176302e-05 -4.733149383749963e-09 6.143876714748347e-05 0 8.683049093247342e-09
2538 0.247668975240891 0.640429515643207 6.133490843980254e-05 -1.527203503336624e-08 6.133992129687308e-05 0 1.607369870533791e-08
2539 0.256283738143312 0.657696812558196 6.567859897124731e-05 -2.024331237620076e-08 6.568135443670973e-05 0 2.042998497001516e-08
2540 0.24098713813923 0.62168268854717 5.806801994861273e-05 -2.406872106156687e-08 5.807480074853633e-05 0 2.500565098419674e-08
2541 0.234071663807201 0.601208408335293 5.475490007592999e-05 -7.021789048249145e-09 5.478954379747134e-05 0 3.534816775552371e-08
2542 0.257949562179591 0.626197910512643 6.654916588160168e-05 -1.279065867071382e-08 6.653797662864267e-05 0 1.69941263680013e-08
2543 0.269297762783669 0.641171812034471 7.250992048537859e-05 -2.871703982340013e-09 7.252128504028927e-05 0 1.172176574071206e-08
2544 0.257387854945419 0.6070649395848799 6.621746941285953e-05 -1.246134041759156e-08 6.624850787340405e-05 0 3.344654000008104e-08
2545 0.234291930824795 0.583277796155277 5.490161374674906e-05 -6.154285573947632e-09 5.489270884961052e-05 0 1.082462119307533e-08
2546 0.249910405448094 0.587581625918654 6.244628586486039e-05 -1.803431446314467e-08 6.245521075123073e-05 0 2.012188099753531e-08
2547 0.224595216427978 0.568835566714441 5.044976708037312e-05 -6.020486011563037e-09 5.044301124233028e-05 0 9.049176729213924e-09
2548 0.209460041118657 0.559450884317342 4.388333658717107e-05 -5.895139131251777e-09 4.387350882542948e-05 0 1.146026030360004e-08
2549 0.200808216966812 0.543633019659161 4.031632243845241e-05 3.133213849461137e-09 4.032394000139024e-05 0 8.23676478590586e-09
2550 0.266041776087098 0.67487553687264 7.076589691035838e-05 -2.331482517856082e-08 7.07782266235776e-05 0 2.637428484670531e-08
2551 0.268825156754384 0.694509083578539 7.227564886107413e-05 -1.160205931374589e-08 7.226696490401914e-05 0 1.449202851406946e-08
2552 0.272647881903852 0.658755939921346 7.435850736905781e-05 -1.271989619405377e-08 7.433686750665682e-05 0 2.510138251016526e-08
2553 0.273434572120635 0.71348150755939 7.475870936616632e-05 5.090621404913884e-09 7.476646523079475e-05 0 9.277276670592073e-09
2554 0.284645525605763 0.668637046831613 8.102201662233958e-05 -1.150615665408924e-08 8.102307524738108e-05 0 1.155475347754875e-08
2555 0.281375461035625 0.683564493585728 7.917601771469457e-05 -1.186877777188481e-08 7.917215007301052e-05 0 1.248305002772143e-08
2556 0.287659343802746 0.6985641976845131 8.273357665252783e-05 4.586953282728009e-09 8.274789807702641e-05 0 1.503806304303989e-08
2557 0.232412500133101 0.395085621577568 5.400581843472763e-05 -3.894459572532004e-09 5.401557021811868e-05 0 1.050067115321514e-08
2558 0.252261360055518 0.402302973800727 6.363000393050416e-05 -8.392816821807775e-09 6.363579377705972e-05 0 1.019616091190072e-08
2559 0.215001806278001 0.407651969797363 4.622522019569309e-05 1.227419065246383e-08 4.622577670280307e-05 0 1.228680008531467e-08
2560 0.236200252479495 0.416823685871646 5.578606127618297e-05 -6.372326937682218e-09 5.579055927137719e-05 0 7.799904574282392e-09
2561 0.250064459019155 0.850538368635712 6.25453459103571e-05 -1.276501403246788e-08 6.253223366454266e-05 0 1.829963315335416e-08
2562 0.24480610169717 0.832287379389944 5.991828705038576e-05 -3.034468589331812e-09 5.993002742816513e-05 0 1.212618942709805e-08
2563 0.268520614287927 0.854350042209262 7.211230169489863e-05 -1.056560396627646e-08 7.210332029756568e-05 0 1.386713687913051e-08
2564 0.284294810198713 0.856844744005035 8.084555735390403e-05 3.461714576643771e-09 8.082353910592225e-05 0 2.228871265903499e-08
2565 0.239153123381208 0.8142767597534371 5.71857858258376e-05 1.144412798928443e-09 5.71942164229873e-05 0 8.507916839916773e-09
2566 0.25242272571751 0.797099052905224 6.370045182817332e-05 -6.669199896119285e-09 6.37172324586573e-05 0 1.805734716657834e-08
2567 0.264271550501895 0.835864142059308 6.983214724343913e-05 -9.379146917861848e-09 6.983945240467563e-05 0 1.188838835158826e-08
2568 0.258705163710632 0.81713832036724 6.693156886227826e-05 -1.072177741023099e-08 6.692836173054493e-05 0 1.119116637305973e-08
2569 0.282558624238477 0.841104787134162 7.985251065554698e-05 9.044771117786662e-09 7.983937613154085e-05 0 1.594752662454737e-08
2570 0.280851675644563 0.8198541232866819 7.886053283515873e-05 1.253309472755281e-08 7.887766371235881e-05 0 2.122605514677639e-08
2571 0.270638937274118 0.803505644123502 7.325240094535577e-05 -1.425453204139329e-08 7.324543436886396e-05 0 1.586583977403275e-08
2572 0.256181625748969 0.779149858796255 6.563957699331286e-05 -7.803628326154572e-10 6.562902537138483e-05 0 1.058043909591784e-08
2573 0.271068836489267 0.786486746996925 7.347004392816436e-05 -1.218309708085663e-08 7.347831411564497e-05 0 1.472493991315744e-08
2574 0.298272581620939 0.84898671745514 8.900056188720416e-05 1.841210524649021e-08 8.896653294681972e-05 0 3.869075345990923e-08
2575 0.314684090617554 0.8564918872134 9.903543518673364e-05 7.696501941605123e-09 9.902607688779693e-05 0 1.211667863426076e-08
2576 0.332949435596007 0.863691361106749 0.0001108808008422823 -7.713438119078669e-09 0.0001108553266636996 0 2.661636530559211e-08
2577 0.350775911537791 0.8717887533213881 0.0001230682640656847 9.069946338225235e-11 0.0001230437401151682 0 2.452411823754762e-08
2578 0.370502500252391 0.878316645666077 0.0001372623177105696 1.19747745410343e-08 0.000137272102693273 0 1.546418804254491e-08
2579 0.389202624347209 0.875730657105521 0.0001515003019008112 1.357962488415367e-08 0.0001514786827987547 0 2.55302131938475e-08
2580 0.364505996957481 0.861455916933052 0.0001328935315554037 -1.067232492816232e-08 0.0001328646218179671 0 3.081673957484057e-08
2581 0.382999911811254 0.859017797042407 0.0001466893146302811 1.975204650559924e-08 0.0001466889324474283 0 1.975574359249255e-08
2582 0.350116694057436 0.852963315608865 0.0001225945986058003 -9.047510201943557e-09 0.0001225816994577082 0 1.575580725809742e-08
2583 0.331678917598608 0.841627036346567 0.0001100081824395656 -1.564923894293169e-08 0.0001100109043793842 0 1.588419453006124e-08
2584 0.312592561764642 0.839875946300136 9.774473167290418e-05 1.089670769563236e-08 9.771410967058153e-05 0 3.250300393582961e-08
2585 0.299020712018551 0.830822094116378 8.940778983285703e-05 9.463202731789636e-09 8.941338621608123e-05 0 1.099416714149266e-08
2586 0.290052945464371 0.797003492955953 8.412747924599413e-05 6.729664311398484e-09 8.413071117255736e-05 0 7.465502732853798e-09
2587 0.300539448034667 0.813657948269721 9.031456735288045e-05 6.439595944018683e-09 9.032395982498229e-05 0 1.138801686450358e-08
2588 0.319224364595167 0.821515730973482 0.0001018814957745567 -8.612113333329892e-09 0.0001019041949511881 0 2.427799653612511e-08
2589 0.40212577553875 0.865140014145655 0.0001617169819268831 9.795681875237493e-09 0.0001617051393526412 0 1.53688629402892e-08
2590 0.417111776058883 0.870543434792919 0.0001740059090286108 3.426357385092777e-09 0.0001739822337269958 0 2.392195291972272e-08
2591 0.432810488345685 0.866228787080928 0.00018733311733847 1.283947759580228e-08 0.0001873249188220303 0 1.523377355565327e-08
2592 0.445685133932531 0.877520207622436 0.0001986441980007683 -7.123629358615106e-09 0.0001986352386084581 0 1.144625728381401e-08
2593 0.339379092542466 0.822962653428331 0.0001152078688833672 5.952235796073538e-09 0.0001151781684549477 0 3.029099799070589e-08
2594 0.352646151351322 0.834021939251495 0.0001243775958673113 -1.225114704027223e-08 0.0001243593080628995 0 2.201214196768614e-08
2595 0.368031366985258 0.845299364300554 0.0001354558221513936 -1.168936323891197e-08 0.0001354470870850377 0 1.459255279834818e-08
2596 0.386743267887391 0.838170522352609 0.0001495897452600635 1.407258888393571e-09 0.0001495703552562183 0 1.944100374717374e-08
2597 0.399753924409309 0.849155928711619 0.0001598152703320906 1.376654224269843e-08 0.0001598032000806435 0 1.830870435930001e-08
2598 0.418569906552837 0.852240251523778 0.0001751884674079895 -1.176360754660722e-09 0.0001752007666716507 0 1.2355391990214e-08
2599 0.371102042261592 0.826238466915329 0.0001377310874021175 -1.082441818839126e-08 0.0001377167257707244 0 1.798400637759225e-08
2600 0.355453135628877 0.815145790477486 0.0001263471023468062 -1.805482199144539e-09 0.0001263469316284008 0 1.813535427105999e-09
2601 0.264254729995137 0.748750943579871 6.981522878479876e-05 2.271148966063773e-09 6.983056232480276e-05 0 1.55008247096817e-08
2602 0.268853656113228 0.767667786482073 7.228014313356375e-05 1.449735948990668e-09 7.228228840544986e-05 0 2.589194041996013e-09
2603 0.279070870436122 0.733466096750397 7.786888813014529e-05 1.292450508109341e-08 7.78805507259748e-05 0 1.740858906039223e-08
2604 0.29451972178776 0.717693943612617 8.672046616716532e-05 6.779934111164922e-09 8.674186652193953e-05 0 2.244866791179221e-08
2605 0.28489105899992 0.7538546712024931 8.115092095680881e-05 6.522520584638197e-09 8.11629154980959e-05 0 1.365328881496125e-08
2606 0.300660480907043 0.738191233008809 9.038740991675218e-05 -6.619315371674006e-09 9.039672477925436e-05 0 1.142724811248056e-08
2607 0.288117915509101 0.77456939864595 8.30220653279966e-05 -6.041281970534596e-09 8.301193323730946e-05 0 1.179645495646443e-08
2608 0.308234574456342 0.760547688703384 9.497944830663759e-05 -7.202497748497565e-09 9.500855289028226e-05 0 2.998254096881031e-08
2609 0.305507431432439 0.781905842789324 9.336012470921632e-05 6.316754978627794e-10 9.333479066044644e-05 0 2.534192259890667e-08
2610 0.313460519456089 0.799156129522233 9.825473396292451e-05 1.61090602461647e-08 9.825749725768115e-05 0 1.634434519724328e-08
2611 0.33776902368675 0.802603167022625 0.0001140584923858914 1.046144351573862e-08 0.0001140879133623003 0 3.122556089627915e-08
2612 0.327578065986378 0.778309525500246 0.0001072873246053529 1.889717072425474e-09 0.0001073073893153758 0 2.01535014059152e-08
2613 0.350911933934605 0.782800760744563 0.0001231199428093303 2.808771295510548e-08 0.0001231391853777246 0 3.404696840333519e-08
2614 0.358238791137722 0.79842089658996 0.0001283385290978775 3.097304937168944e-09 0.0001283350314758164 0 4.671900893257309e-09
2615 0.373455243202934 0.806725295441208 0.0001394843147359261 -8.153623758880574e-09 0.0001394688186757626 0 1.751026730211557e-08
2616 0.390162729306291 0.818171227237694 0.0001522370097643055 -1.186779027570731e-09 0.0001522269553397341 0 1.012422332444856e-08
2617 0.40826611287664 0.831284377079259 0.0001666765690417924 -5.708928093119984e-09 0.0001666812189234014 0 7.362965363865964e-09
2618 0.331686081005637 0.755045158217903 0.0001100366794054515 -7.014647362420408e-10 0.000110015656332878 0 2.103477200269616e-08
2619 0.319001547854111 0.742054746067604 0.000101776989435128 1.804497262891155e-08 0.0001017619875333187 0 2.346653138142802e-08
2620 0.345331737543467 0.766187028630647 0.0001192601397358064 7.836980574000416e-09 0.00011925400895479 0 9.950112581673955e-09
2621 0.318086228071717 0.721586540976857 0.0001011377952588698 1.446202058559106e-08 0.0001011788484888924 0 4.352605811121496e-08
2622 0.308040197351276 0.700912676670881 9.486830594385983e-05 4.869358204984822e-09 9.488876318421308e-05 0 2.102877391097867e-08
2623 0.299587216126448 0.681242991060654 8.973498368141768e-05 4.15994671240521e-09 8.975250006639508e-05 0 1.800358018079225e-08
2624 0.336232770909716 0.734935334948666 0.0001130379595043966 6.617358558989175e-09 0.0001130524762336256 0 1.595383533217052e-08
2625 0.353534317120134 0.748323273653375 0.0001249723623930222 -1.249045144840115e-08 0.0001249865133815995 0 1.887490013483073e-08
2626 0.328147037255911 0.701665381649297 0.0001076677203076405 2.897195300376897e-08 0.0001076804780598322 0 3.16565048898008e-08
2627 0.339781563318819 0.71569915979336 0.0001154377684552017 3.506238954921874e-09 0.0001154515107713806 0 1.418255849877272e-08
2628 0.320067654339436 0.684733839727998 0.0001024200473026796 3.042933406120178e-08 0.0001024433033543487 0 3.829867243968833e-08
2629 0.355151956908716 0.726955624820498 0.0001261332223603584 -1.218137572079279e-08 0.0001261329124960905 0 1.218531617627026e-08
2630 0.301130667594214 0.661984115241947 9.069342984054359e-05 2.92837035910374e-09 9.0679678965737e-05 0 1.405922867395417e-08
2631 0.314013002594561 0.670297540171509 9.86035413525529e-05 1.025718970636654e-08 9.860416579845177e-05 0 1.02761799007706e-08
2632 0.286847032849192 0.651384393426235 8.2294076109818e-05 3.120349379799419e-09 8.228122025438544e-05 0 1.322911936429773e-08
2633 0.274214451744416 0.620580319167869 7.519134330789489e-05 8.560956299933488e-10 7.519356554549066e-05 0 2.381436469803982e-09
2634 0.289221617064101 0.633102215895476 8.364438932718798e-05 -5.654861731886587e-09 8.364914377717347e-05 0 7.387980500202048e-09
2635 0.26613040080155 0.59037985498645 7.083516733979328e-05 -1.328296391159769e-09 7.082539023079364e-05 0 9.86692615222597e-09
2636 0.278192984554049 0.601711593911056 7.739430228177608e-05 -5.158911101029002e-09 7.739133665508935e-05 0 5.950571854314383e-09
2637 0.293046768567527 0.614164929792021 8.58781727522502e-05 -3.545614022346666e-09 8.587640856786972e-05 0 3.960268339870578e-09
2638 0.304014310282885 0.6446259266469651 9.242867893602355e-05 -2.433079867582748e-09 9.242470085677829e-05 0 4.663152594930409e-09
2639 0.307723082913724 0.626630277268196 9.469479926378368e-05 1.82076954351616e-09 9.469349575792668e-05 0 2.239269802824574e-09
2640 0.317433671831806 0.65568279800875 0.0001007582882622848 9.014290885947822e-09 0.0001007641360126227 0 1.074493481556641e-08
2641 0.321548225636212 0.638929483381114 0.0001034028886563732 9.446967016831676e-09 0.0001033932614097963 0 1.348810818718488e-08
2642 0.362851716066136 0.766506260546026 0.0001316499633892352 -3.7910998401495e-09 0.0001316613678521398 0 1.20180785543874e-08
2643 0.373519860168749 0.784894281870495 0.0001394974337782748 3.963634846510103e-09 0.0001395170859404818 0 2.004788967960278e-08
2644 0.37146834139945 0.736441278682849 0.0001379731045132706 6.516604915221625e-09 0.0001379887286620583 0 1.692867877188537e-08
2645 0.371823540859836 0.75228092238311 0.0001382584239260283 1.29166193481122e-08 0.0001382527455375461 0 1.410968288583999e-08
2646 0.381853089061138 0.764634124116165 0.0001458156993150328 2.60815252621524e-08 0.0001458117816255334 0 2.637412085765792e-08
2647 0.395068145035607 0.777683295734714 0.0001560803685412415 -8.482728122544447e-09 0.0001560788392218754 0 8.619483402412596e-09
2648 0.39213308671801 0.797580916576483 0.0001537701239478682 -2.474061752156797e-09 0.0001537683576989943 0 3.039838258491252e-09
2649 0.409165302449129 0.809133052326978 0.0001674336734102261 -1.850665986294096e-08 0.0001674162447282872 0 2.542155411079527e-08
2650 0.411351820487441 0.788946492503508 0.0001692128023388403 -1.712424142622227e-08 0.0001692103202183319 0 1.730319527260068e-08
2651 0.42343600508277 0.818445097201812 0.0001793096403739603 7.020591545980885e-09 0.0001792980504004557 0 1.355050521179193e-08
2652 0.429929311620649 0.833783475984916 0.0001848389019854128 1.828911554519262e-08 0.0001848392129906051 0 1.829175966535283e-08
2653 0.439897968168665 0.849656558776289 0.000193516213230961 7.310767271104562e-09 0.0001935102223989198 0 9.451845673661297e-09
2654 0.448520457659397 0.862637132918166 0.0002011824933237804 -1.790771969687858e-09 0.000201170600938995 0 1.202645750552796e-08
2655 0.429534603702142 0.800474470057694 0.0001844910364329216 -4.857957725733859e-09 0.0001844999757775562 0 1.017406682509524e-08
2656 0.440186754052939 0.817658762266506 0.000193761402455007 4.014073742432927e-09 0.0001937643784436626 0 4.996928705522346e-09
2657 0.44913038774525 0.833526777751549 0.0002017181856746928 -2.061561224873333e-09 0.0002017181051961986 0 2.063131472284405e-09
2658 0.46034742655218 0.84963346730365 0.0002119230801048073 -1.828690784046416e-08 0.0002119197531332147 0 1.858708525679933e-08
2659 0.3984050819198 0.7609707235576471 0.0001587355940685502 -3.34655023182183e-09 0.0001587266092995225 0 9.587777267640577e-09
2660 0.389320140273971 0.745550360077838 0.0001515476057675444 2.047406347685581e-08 0.0001515701716229445 0 3.046974081267128e-08
2661 0.412984499162546 0.769196190969068 0.0001705745853196545 -1.93720997631082e-08 0.000170556196548539 0 2.67100196999694e-08
2662 0.429114210584253 0.779707081248784 0.0001841567343287794 -1.220392478313141e-08 0.0001841390057253466 0 2.152299142286144e-08
2663 0.443169970710849 0.787730442026225 0.0001964077648792314 8.470040591947897e-09 0.0001963996229398548 0 1.174873458893387e-08
2664 0.450185411077882 0.801837539955726 0.0002026704897010389 1.698909791468122e-08 0.0002026669043473616 0 1.736330063512707e-08
2665 0.458816196945077 0.817994451916201 0.0002105245675700054 8.171880644628623e-09 0.0002105123025791437 0 1.473803359023022e-08
2666 0.465524337001686 0.832544680699806 0.0002167321423254888 1.188018245051117e-09 0.0002167129083408593 0 1.927063963859006e-08
2667 0.243759354746418 0.571001230988859 5.94165207609504e-05 -7.27318581923863e-09 5.941862302639005e-05 0 7.57091486809393e-09
2668 0.263625398232826 0.572452286642807 6.94699044592055e-05 -1.37919456014835e-09 6.949835059341609e-05 0 2.847954931458638e-08
2669 0.222786992919019 0.547752419392286 4.963061178455617e-05 -5.462147713520109e-09 4.963404421389902e-05 0 6.45109516578462e-09
2670 0.237196370898572 0.557400986821576 5.626249424747359e-05 -1.095974525426588e-08 5.626211836745294e-05 0 1.096618902939044e-08
2671 0.252740365710095 0.556340356603337 6.38650600471331e-05 -7.158126275112193e-09 6.387769245927256e-05 0 1.451952506907995e-08
2672 0.10125954671284 0.412445748933775 1.025898525820509e-05 8.891700037282354e-09 1.025349580048983e-05 0 1.044971174533858e-08
2673 0.110062477785553 0.400503249091373 1.212045289193436e-05 8.739157040339802e-09 1.211374901629535e-05 0 1.101430044801368e-08
2674 0.100429643122887 0.428628096899239 1.004031784507137e-05 2.863890039615062e-09 1.008611321779045e-05 0 4.588483440787498e-08
2675 0.0986005325402379 0.447709273075451 9.710595212673532e-06 4.47745584258798e-09 9.722065017218513e-06 0 1.231275871291282e-08
2676 0.09575278906482949 0.465145805124059 9.17765141273854e-06 1.087104307281394e-08 9.16859661369373e-06 0 1.41481081149692e-08
2677 0.107981483652106 0.477326110544268 1.167621388178216e-05 1.146449023940302e-08 1.166000081171004e-05 0 1.985694280631045e-08
2678 0.118891741557557 0.48858151378304 1.414950984504477e-05 1.430526411937837e-08 1.413524621058893e-05 0 2.020128336059918e-08
2679 0.137532948251342 0.492013044859527 1.888643186912501e-05 5.109578296113376e-09 1.891531185470632e-05 0 2.932850759142519e-08
2680 0.156974284999145 0.505226256178045 2.463185674938173e-05 -2.248598371928776e-08 2.46409261509928e-05 0 2.424610297361294e-08
2681 0.172041001885256 0.514999068543287 2.959078160387238e-05 -1.185133020395106e-08 2.959810632968266e-05 0 1.393217986529567e-08
2682 0.137441312168304 0.39211733531795 1.887531275700331e-05 6.072038823539178e-09 1.889011429054518e-05 0 1.599859527164447e-08
2683 0.124928325733674 0.401314583973133 1.562005168659037e-05 1.870171061518046e-08 1.560708657061895e-05 0 2.275627852014307e-08
2684 0.154485281090477 0.400063229513559 2.387603774574987e-05 -3.508872020120489e-08 2.386570207360369e-05 0 3.657928927783852e-08
2685 0.138706182566024 0.410714722364776 1.926058875957298e-05 -1.590664094817308e-08 1.923940508203918e-05 0 2.64909309030518e-08
2686 0.118915868383398 0.418287802407565 1.411268782347638e-05 4.426801240359054e-09 1.414098375337764e-05 0 2.864011554094406e-08
2687 0.117128886327867 0.440695708507572 1.369984142539381e-05 -9.242866543347264e-09 1.371917601240639e-05 0 2.143027850693898e-08
2688 0.112869567012578 0.460136593961646 1.273735593976182e-05 -1.751859587519939e-09 1.273953915760683e-05 0 2.799187770258504e-09
2689 0.139793796580951 0.433630979199232 1.949983128945306e-05 -2.949632870720965e-09 1.954230556251631e-05 0 4.257656874765213e-08
2690 0.132011277273586 0.45566248726836 1.741798835161744e-05 8.560148883577204e-09 1.74269773274036e-05 0 1.241280929496771e-08
2691 0.125640554120496 0.474203321408706 1.577966674090256e-05 -1.279605044934565e-09 1.578554883970528e-05 0 6.01967402738641e-09
2692 0.181401352457226 0.408357463486573 3.289111940385555e-05 -1.207942441109939e-08 3.290645067331074e-05 0 1.95182047640388e-08
2693 0.168133943081093 0.408218148276603 2.826437589490074e-05 -1.301962022323506e-09 2.826902281599622e-05 0 4.825865805766181e-09
2694 0.195703864761038 0.421213821664035 3.827431046540227e-05 -3.239176747418799e-10 3.830000268240665e-05 0 2.569425883849925e-08
2695 0.218103551884516 0.430411622936486 4.756329299777257e-05 1.788716995432912e-08 4.756915934464176e-05 0 1.882458165709809e-08
2696 0.156512089889106 0.418741372748996 2.448229468663935e-05 -7.665180838663256e-09 2.44960342814556e-05 0 1.573313265069274e-08
2697 0.144501634836198 0.471458628512926 2.087310957986464e-05 1.1186203393947e-08 2.088072247033391e-05 0 1.353097364079197e-08
2698 0.159010996229477 0.484821575589183 2.526169846136187e-05 -1.909236396118259e-08 2.528449692189075e-05 0 2.973698310375993e-08
2699 0.178056112934535 0.496914454801972 3.167628995024519e-05 -2.186320310105992e-08 3.170397935335588e-05 0 3.528034430762168e-08
2700 0.16308564306483 0.437404004823192 2.65746633020144e-05 -2.028637535727889e-09 2.659692697386914e-05 0 2.235590424713127e-08
2701 0.15197228580953 0.453726243006958 2.307658013727316e-05 -4.495541512279113e-09 2.309557565417348e-05 0 1.952023452213214e-08
2702 0.17474896372904 0.422313832760548 3.051896504371734e-05 -1.036093182724095e-08 3.053720032437334e-05 0 2.097318213651849e-08
2703 0.20199462047639 0.441275672150823 4.07999254201076e-05 -4.958552386892044e-09 4.080182670140084e-05 0 5.310566102551687e-09
2704 0.18359572211441 0.439894262998961 3.368514514652384e-05 -1.872830082695857e-08 3.370738917871166e-05 0 2.907827745650785e-08
2705 0.171653675743769 0.455915049884847 2.944785648854379e-05 -1.157599935995628e-08 2.946498439634699e-05 0 2.067290465553386e-08
2706 0.160670222450891 0.468191339799906 2.581570352771513e-05 -1.100560544591195e-08 2.58149203824188e-05 0 1.103343408854429e-08
2707 0.176152353531827 0.474987315497547 3.102656107001679e-05 -3.077973376936749e-08 3.102965165480177e-05 0 3.093450703060081e-08
2708 0.194265724399209 0.461140309981863 3.769093142219248e-05 -2.965310515611919e-08 3.773917167634943e-05 0 5.662533678951985e-08
2709 0.186793624728606 0.51365219212413 3.488429275725271e-05 -9.60543830035068e-09 3.489185823925129e-05 0 1.222705863291469e-08
2710 0.20061989747874 0.523142666804099 4.025674393106977e-05 -1.873099034362877e-08 4.024834326438015e-05 0 2.052854598073728e-08
2711 0.214623569391462 0.5321032685097949 4.606348266356019e-05 -1.538323755517004e-08 4.60632765383317e-05 0 1.538461846418736e-08
2712 0.230595725438256 0.529678880902499 5.316106761458003e-05 -2.051739583903003e-09 5.317438859039554e-05 0 1.347805742670296e-08
2713 0.241968738728902 0.5429894631861401 5.854085116498227e-05 -2.509037862956595e-08 5.854887052205564e-05 0 2.634078942714659e-08
2714 0.193133042920378 0.482837742026624 3.730857586268513e-05 -2.887041668944878e-08 3.730037226768457e-05 0 3.001332921812498e-08
2715 0.202040314437158 0.501687170930241 4.0790046750596e-05 3.216145435485838e-10 4.082028865786568e-05 0 3.024361736338588e-08
2716 0.218177091114767 0.516214831009072 4.75844356136772e-05 -2.946066803880557e-08 4.760124308730134e-05 0 3.391787332541421e-08
2717 0.215023816178585 0.479356656432416 4.619323200287023e-05 -2.118430165992835e-09 4.62352415240019e-05 0 4.206290066175147e-08
2718 0.222285953293387 0.499537303892673 4.94161760641003e-05 -2.382223959411839e-08 4.941104503154982e-05 0 2.436855749349197e-08
2719 0.218117532216654 0.453551849708716 4.756543284270318e-05 -1.299801529496501e-08 4.75752578602831e-05 0 1.629353773904759e-08
2720 0.24141380045827 0.441770501785326 5.826006570572893e-05 -2.698060388085146e-09 5.828062305170541e-05 0 2.073364423959946e-08
2721 0.257820362919171 0.423520947182335 6.644222358844784e-05 1.315047014433819e-08 6.647133953577304e-05 0 3.194797730155576e-08
2722 0.273287743875956 0.407784310098232 7.467082995827291e-05 1.010310827093007e-08 7.468619095281012e-05 0 1.838567240832452e-08
2723 0.297150183426737 0.411380697437435 8.827111450998416e-05 2.729803011092904e-09 8.829823151054344e-05 0 2.725405554796531e-08
2724 0.318574209601718 0.40610547148487 0.0001014684505379624 -8.939861141740169e-09 0.0001014895270233594 0 2.289408993434482e-08
2725 0.338280703120503 0.404092521188482 0.0001144095768365004 -3.861649565605394e-09 0.0001144338341037019 0 2.456272276135998e-08
2726 0.357711332207091 0.399942265754101 0.0001279535356001911 8.005246969321519e-09 0.0001279573971893718 0 8.887960960798295e-09
2727 0.374352110488069 0.412673420175523 0.0001401369774554704 -2.065161744082173e-08 0.0001401395026268714 0 2.080542702101437e-08
2728 0.392043115569147 0.424394737505365 0.0001537004759426839 8.511742151511006e-09 0.0001536978044651636 0 8.92112922197836e-09
2729 0.238767614156218 0.511035845266104 5.699772454625351e-05 4.125539484229161e-09 5.70099735698526e-05 0 1.292511722062931e-08
2730 0.246989856238376 0.52778441735133 6.100197476160992e-05 -9.864761416803298e-09 6.100398908465365e-05 0 1.006831739343575e-08
2731 0.261372609659299 0.538883556243833 6.831827974343887e-05 1.068954638349712e-08 6.831564108011228e-05 0 1.101040172001077e-08
2732 0.237776578809275 0.467230511611718 5.650749063891444e-05 -4.920061942867073e-10 5.653770143024337e-05 0 3.021479741476547e-08
2733 0.23729147323102 0.489283869734899 5.631296473884562e-05 8.236945424467091e-09 5.630724326814788e-05 0 1.002908255378864e-08
2734 0.263113069088067 0.441473774464001 6.924846709080582e-05 -4.860688966896369e-09 6.92284871249419e-05 0 2.056271706648848e-08
2735 0.258514560194753 0.459115067558586 6.679801915917284e-05 -1.398538992513393e-08 6.682977783268657e-05 0 3.470164945229039e-08
2736 0.256107144036421 0.480122455079384 6.555314289584839e-05 -5.273465920769679e-09 6.559086922649208e-05 0 3.809311573833724e-08
2737 0.253659617290708 0.498302770646454 6.435013341342842e-05 1.770505999101963e-09 6.434320144406846e-05 0 7.154501429191036e-09
2738 0.262114979995607 0.516233642959963 6.870033001273672e-05 2.027293204492737e-08 6.870426273809746e-05 0 2.065086202707401e-08
2739 0.280464770026349 0.43075232660284 7.864845327755289e-05 5.283117624867014e-09 7.866048722593284e-05 0 1.314257377569504e-08
2740 0.313419517137332 0.421640177163322 9.823627290398042e-05 6.749311226673927e-09 9.823179372259836e-05 0 8.100386897417809e-09
2741 0.302077354530762 0.432896660369697 9.126834142494678e-05 -5.026029200994537e-09 9.125072812030368e-05 0 1.831637163795849e-08
2742 0.329733262787962 0.421625904308624 0.0001087163153264706 6.084611346306766e-09 0.0001087240245887952 0 9.821161887767631e-09
2743 0.352098320990287 0.422775943282621 0.0001239477841572356 -3.760524885150309e-09 0.0001239732276441792 0 2.571988676608018e-08
2744 0.373347739356614 0.435083578788955 0.0001393817251669689 -5.876122233373711e-09 0.0001393885344826942 0 8.994197748964855e-09
2745 0.292459738855096 0.445989356413072 8.554137121817728e-05 -4.31509247015447e-09 8.553269885119097e-05 0 9.686587230352336e-09
2746 0.277168032214849 0.452001398848522 7.683413640327202e-05 1.020159424433324e-08 7.682211808185157e-05 0 1.57642816167254e-08
2747 0.275321754615924 0.471895711704413 7.576851847952035e-05 -7.74857369187336e-10 7.580206856479108e-05 0 3.355903195289902e-08
2748 0.273889434985154 0.494724558047045 7.498082376286364e-05 2.883342276821329e-09 7.50154225964869e-05 0 3.471876943059515e-08
2749 0.293012532389344 0.462646893633797 8.58390071308934e-05 4.681920178319132e-09 8.585634413721636e-05 0 1.795806684469805e-08
2750 0.293055731479014 0.482568706727612 8.582820932010207e-05 -2.58979527084428e-11 8.588166175269995e-05 0 5.34524388717162e-08
2751 0.293153735883838 0.499842424635292 8.593944275417441e-05 -1.769532459408932e-09 8.593911286265103e-05 0 1.800020428243873e-09
2752 0.283628642967368 0.513923576922069 8.044241821548674e-05 -1.883480382132111e-08 8.044520711151071e-05 0 1.904016218471392e-08
2753 0.276307480282599 0.528813028923153 7.635285465070488e-05 4.515243457121888e-09 7.634582366011883e-05 0 8.355971044599563e-09
2754 0.354651506362659 0.446829168704431 0.0001257817980833869 -1.123326496482004e-08 0.0001257776909653032 0 1.196054600441577e-08
2755 0.336477007180396 0.438945220660089 0.0001132085193189947 8.848050763209412e-09 0.0001132167763610763 0 1.210234465902189e-08
2756 0.319402114734394 0.43595626663586 0.000102013332158722 1.413400833084511e-08 0.000102017710896803 0 1.479674081269774e-08
2757 0.309398787382536 0.451436059829527 9.571030845812241e-05 -8.351651164952973e-10 9.572760963378374e-05 0 1.732132154414974e-08
2758 0.310497035402756 0.471781097093804 9.639386882772802e-05 1.623654394415309e-08 9.640840899390034e-05 0 2.179545346096519e-08
2759 0.312283469201566 0.494326600947072 9.748225062237408e-05 1.293904955189872e-08 9.752096513656542e-05 0 4.081951264258792e-08
2760 0.325197215163337 0.449043386712968 0.0001057484115970428 -2.98895824926156e-09 0.0001057532287499897 0 5.669112269941074e-09
2761 0.322980910026074 0.461519649464421 0.0001042921234579932 -1.574558176795195e-08 0.0001043166682412709 0 2.916109962537069e-08
2762 0.337622354668575 0.457211199185959 0.0001139786702229805 1.975255963936339e-09 0.000113988854371953 0 1.037393495344243e-08
2763 0.332085441206385 0.477981304192462 0.0001102286641351404 -5.978703879504004e-09 0.0001102807402612394 0 5.241820112860868e-08
2764 0.280905577955421 0.544649070297867 7.890616321553911e-05 1.955214719631799e-08 7.89079437264691e-05 0 1.963305068394378e-08
2765 0.268324132845062 0.555180017952578 7.199944664577679e-05 9.60467450514699e-09 7.199784026705449e-05 0 9.73808117389067e-09
2766 0.282912795224038 0.563533608955798 8.002505687929498e-05 -2.885955375141839e-09 8.003964970147846e-05 0 1.487545621841179e-08
2767 0.281341800414825 0.58298904214737 7.91528168237045e-05 7.554925576334697e-10 7.915320866065521e-05 0 8.51061220228116e-10
2768 0.29684657929378 0.5950012393586011 8.812429892546093e-05 -2.534073367946286e-09 8.811789163841842e-05 0 6.890199930282641e-09
2769 0.311896083095281 0.607887289305813 9.728169794525235e-05 3.488348485138983e-09 9.727916665017844e-05 0 4.309991868319892e-09
2770 0.32643077356191 0.621009149127964 0.0001065555922243884 8.078263015536013e-09 0.000106557049928227 0 8.208729123879017e-09
2771 0.300217499373042 0.574786599386082 9.013531413492732e-05 -2.931096124322786e-09 9.013054692980247e-05 0 5.59621025269996e-09
2772 0.316200234642077 0.5883695213331041 9.998534732036667e-05 3.659543448933711e-09 9.998258838770457e-05 0 4.583008584827641e-09
2773 0.330950470562352 0.602064282332933 0.0001095293063457287 5.832576055098947e-09 0.0001095282139654422 0 5.933990068138035e-09
2774 0.302874568151049 0.5510254987737671 9.170868683353332e-05 -8.500327635200059e-09 9.173300403268443e-05 0 2.576008044359749e-08
2775 0.320947844471289 0.567679011034722 0.0001029927880263608 -5.603028124739971e-09 0.0001030075188707667 0 1.576044736284557e-08
2776 0.336167860065031 0.582691914676753 0.0001129987024352376 -7.894892529100888e-09 0.0001130088301407023 0 1.284132960503855e-08
2777 0.302730338165969 0.513490157123955 9.164524192957083e-05 8.00712697621207e-09 9.164565764608194e-05 0 8.017911363366178e-09
2778 0.293389709289626 0.530275908625804 8.606883004024284e-05 -1.199831058104751e-08 8.607752151705125e-05 0 1.481557376244128e-08
2779 0.334321635128085 0.501664658178849 0.0001117913643194227 -6.135276571677308e-09 0.0001117709557147164 0 2.131086025171587e-08
2780 0.319915421949021 0.512706510583175 0.0001023589416686683 -8.167652982263556e-09 0.0001023458772008202 0 1.540749413094302e-08
2781 0.313832622472691 0.529700257985375 9.848320179799067e-05 -8.575125562843546e-09 9.849091492808659e-05 0 1.153365312011734e-08
2782 0.327678364051167 0.546357285961391 0.0001073642739357068 -1.281013716548159e-08 0.0001073731102672491 0 1.556214539594756e-08
2783 0.342378766266639 0.562713762033218 0.0001172109115269233 -1.576579504791088e-08 0.0001172232195902658 0 2.000121788132544e-08
2784 0.336295311617384 0.524240083328953 0.0001130920595538785 -1.312025318275882e-08 0.0001130945366158334 0 1.335203653036381e-08
2785 0.34957832282879 0.542632940714967 0.0001221963617396615 -1.949282039444667e-08 0.0001222050037917897 0 2.132264317380847e-08
2786 0.352637957053077 0.510131064919004 0.0001243603468144426 1.15284470897409e-08 0.0001243535287545678 0 1.339369376826017e-08
2787 0.355949122660841 0.526317073315823 0.000126726365669934 9.402149314652848e-09 0.0001266997779230224 0 2.820121801567942e-08
2788 0.352500552004638 0.490355589445905 0.0001242431787946277 -1.388433669930217e-08 0.0001242566391635745 0 1.933795071256596e-08
2789 0.35424189165471 0.468805035653711 0.0001254544119557992 -1.685678219822528e-08 0.0001254873178031073 0 3.697223137894879e-08
2790 0.373933420558818 0.457849155076054 0.0001398127969778821 -7.563667903581213e-09 0.0001398262030108179 0 1.539255635786585e-08
2791 0.392887567456438 0.445743027940668 0.0001543440861655201 1.316259872911636e-08 0.0001543606406618371 0 2.114959464416859e-08
2792 0.409469315274557 0.433418466630905 0.0001676573155326596 -9.544166404521855e-10 0.0001676651201514145 0 7.862759377835697e-09
2793 0.428031970792006 0.437615021699775 0.0001831968734679698 1.073385932106031e-08 0.0001832113680200887 0 1.803629055685244e-08
2794 0.374574700914814 0.482455798466039 0.0001402645510223996 -1.322420344296755e-08 0.0001403062065654224 0 4.370427692135646e-08
2795 0.367005972395209 0.500885670746264 0.0001346947243195812 1.062042479029336e-08 0.0001346933837737529 0 1.070469457032494e-08
2796 0.369562943320213 0.517072051545274 0.0001365965854134442 -2.720018829887098e-10 0.000136576769075499 0 1.981820462560115e-08
2797 0.393784950968977 0.467951939747377 0.0001550247010332743 8.720710424376546e-09 0.0001550665876096396 0 4.278476446013584e-08
2798 0.414655972305761 0.4555239457325 0.000171899544422952 1.418381248802327e-08 0.000171939575368836 0 4.246948510477371e-08
2799 0.39473031608532 0.48677905409043 0.0001558145251460212 7.63405685976136e-09 0.0001558120224368166 0 8.03382707684677e-09
2800 0.385666110238694 0.50428842734501 0.0001487180932164896 -2.11032451454816e-08 0.0001487383485866445 0 2.92511021293912e-08
2801 0.411832224506097 0.479140046303665 0.0001695986724867356 1.653232389644098e-08 0.0001696057811416403 0 1.799585252136451e-08
2802 0.434777510954873 0.453194291226423 0.0001890309400253139 3.300594100295758e-09 0.0001890314840321147 0 3.345125530411546e-09
2803 0.431733341086662 0.471380171404917 0.0001863713725871509 -3.145437135155531e-09 0.000186393677805852 0 2.252590855161166e-08
2804 0.470211805979594 0.451694259169532 0.000221074464311449 -5.256532722908314e-09 0.0002210991424825913 0 2.523179080436197e-08
2805 0.450261599697297 0.462017476755304 0.000202750009463912 -2.031844299532198e-08 0.0002027355081619689 0 2.496250956531399e-08
2806 0.491836576130303 0.452602165409431 0.0002419102565282218 -4.805998765953999e-09 0.0002419032176195794 0 8.523136688727279e-09
2807 0.502467794282598 0.469066267911786 0.0002524763590275671 6.68272136068652e-09 0.0002524738842912193 0 7.126225142109076e-09
2808 0.51425828788504 0.485915620422384 0.000264463449892127 1.720333124577295e-08 0.0002644615866584527 0 1.730393728828698e-08
2809 0.527365064775282 0.502426664234603 0.0002781074003372851 2.145195034162714e-08 0.0002781139115454374 0 2.241834081868748e-08
2810 0.482501223243011 0.470133172809616 0.0002328054769739379 -1.142602436959424e-08 0.0002328074304310019 0 1.159180863348918e-08
2811 0.465157066484346 0.471358058151568 0.0002163822679153373 -7.709418913856216e-11 0.0002163710965003223 0 1.117168102621473e-08
2812 0.450494841289642 0.485051026945815 0.0002029342470545167 -7.94840386117815e-09 0.0002029456020285797 0 1.386046752143275e-08
2813 0.428317031036573 0.493141335617682 0.0001834560221600519 -4.858722471640247e-09 0.0001834554790759846 0 4.888979889562651e-09
2814 0.407687805071592 0.499855856001948 0.0001662092339509953 4.235907310411841e-09 0.0001662093464040924 0 4.237399726417342e-09
2815 0.536330854822942 0.540782984494391 0.0002876331414604865 2.056081361258302e-08 0.0002876507858351076 0 2.709374489034032e-08
2816 0.520596716821746 0.524028157164659 0.000270995673439493 1.659254504290478e-08 0.0002710209415655812 0 3.022897198073488e-08
2817 0.401576676294993 0.519547776648962 0.0001612686871681849 7.818370517292246e-10 0.0001612638269441336 0 4.922707283996562e-09
2818 0.384410060305763 0.523237940066546 0.0001478018919788073 -8.906891215183104e-09 0.0001477710944642804 0 3.205962588922095e-08
2819 0.371577332690693 0.537395020159298 0.0001380801854221559 -6.19296037505177e-09 0.0001380697141695299 0 1.216552052987425e-08
2820 0.363442878578378 0.558617846305435 0.0001320847354812578 -1.166080378600203e-08 0.0001320907259893376 0 1.310955880226616e-08
2821 0.356301022848172 0.578168040521475 0.0001269365283554981 -1.43922119836582e-08 0.0001269504188826536 0 2.00020626546453e-08
2822 0.350065439464789 0.597043486526926 0.0001225327381636407 -8.956838092778465e-09 0.0001225458119076759 0 1.584764120362566e-08
2823 0.34477363412507 0.61529301549298 0.0001188753580969784 4.749924795038448e-09 0.0001188688587878076 0 8.050018959991876e-09
2824 0.341520886515578 0.6351817110761731 0.0001166296731842938 1.278422651382408e-08 0.0001166365159263863 0 1.450032988937422e-08
2825 0.331991708582151 0.650399255384721 0.0001102287857430085 2.594934497950409e-08 0.0001102184945672959 0 2.791552977131733e-08
2826 0.331728168347238 0.667831985690528 0.0001100111135799183 2.619024560774709e-08 0.0001100435776750135 0 4.171146647314137e-08
2827 0.338717152477595 0.686449006612135 0.0001147086123784174 2.376132420079823e-08 0.0001147293093825303 0 3.151137107501417e-08
2828 0.34396695655326 0.700637685633359 0.0001183183943722889 1.268643588777572e-08 0.0001183132672005122 0 1.368333095271795e-08
2829 0.356946262552661 0.708450685804128 0.0001274141923433403 -2.70620525004948e-09 0.0001274106343503132 0 4.470219372322794e-09
2830 0.372798180294037 0.7179300659240559 0.0001389897654000133 -8.081069174738925e-09 0.0001389784832305453 0 1.387771691995722e-08
2831 0.38599329217848 0.727687563115174 0.0001490046256067658 1.379838237937751e-08 0.0001489908216067814 0 1.951783215055539e-08
2832 0.423936865293988 0.5161177449186179 0.0001797207334046155 7.275762799583719e-09 0.0001797224657552929 0 7.479155245440785e-09
2833 0.444130653405833 0.507113293148893 0.0001972348227640452 -8.109518168536347e-10 0.0001972520372946922 0 1.723362144896563e-08
2834 0.472287015888119 0.487757757243015 0.000223058243931016 -6.508819508483898e-09 0.0002230550253765044 0 7.261117306476777e-09
2835 0.461501594449133 0.502327628097531 0.0002129816151378689 -1.849624891661422e-09 0.0002129837216790921 0 2.803324484386324e-09
2836 0.493021508795429 0.48811589908292 0.000243064391228847 3.415662691278287e-09 0.0002430702081349213 0 6.745602115318196e-09
2837 0.4810171951597 0.5093726311579539 0.0002313369439823768 -1.171146889230118e-08 0.0002313775420393049 0 4.22535292011491e-08
2838 0.505587587821502 0.506332362532772 0.0002555994838838401 9.440376116564735e-09 0.0002556188089591651 0 2.150765532400322e-08
2839 0.402892686039513 0.729032596692983 0.000162314334407674 -9.039886831072188e-09 0.0001623225164641336 0 1.219285043897536e-08
2840 0.412673465968166 0.747866480524272 0.0001702820702513733 -1.414368420467856e-08 0.0001702993895141791 0 2.236069468995256e-08
2841 0.431179928787295 0.760086895672868 0.0001859070887309876 -1.491060564537503e-08 0.0001859161309890168 0 1.743813610967085e-08
2842 0.446360567025184 0.771899809273212 0.0001992317003972762 7.285725079083941e-09 0.0001992377557950438 0 9.473628241152694e-09
2843 0.420178716445285 0.730039603026472 0.0001765689185400027 6.194887305420411e-09 0.0001765501537536072 0 1.976091691180767e-08
2844 0.433639088152878 0.740259080176772 0.0001880608006458387 -6.403882433339222e-09 0.0001880428587740595 0 1.905047173069055e-08
2845 0.452204600499794 0.75167220898855 0.000204463854312217 4.043199500890774e-09 0.0002044890007131783 0 2.546937265642554e-08
2846 0.347614128754021 0.654358104303517 0.0001208241951301993 1.424086029952645e-08 0.0001208355825094171 0 1.82338835008205e-08
2847 0.35209359752976 0.6728965745856 0.0001239451605231861 2.376987360495456e-08 0.0001239699014214486 0 3.430916696791357e-08
2848 0.356137272136436 0.690940479579595 0.0001268266185319262 1.174655668792655e-08 0.0001268337566047819 0 1.374531476960407e-08
2849 0.373689114175775 0.69856899277509 0.0001396349381112546 5.04380045083781e-10 0.0001396435540534754 0 8.630692879605567e-09
2850 0.393397478642069 0.7095146609802609 0.0001547459628586818 -7.340773686831989e-09 0.0001547615762019371 0 1.725292572092192e-08
2851 0.415624573706506 0.713607358150061 0.0001727432990568287 2.257383144998018e-08 0.0001727437862687149 0 2.257908859440732e-08
2852 0.356774408917104 0.625563731121252 0.0001272921674601346 3.234776690210006e-09 0.0001272879788581489 0 5.292274258721638e-09
2853 0.361291397265289 0.640666936253471 0.0001305157292815811 1.945488695868334e-08 0.0001305314737379049 0 2.502759540004443e-08
2854 0.362735458784105 0.610834223933849 0.000131560136124015 -9.527479131201713e-09 0.0001315770130593151 0 1.93805006055097e-08
2855 0.369304111684863 0.593127212310849 0.0001363632772046072 -1.290509406190494e-08 0.0001363855269073458 0 2.572140596271701e-08
2856 0.376293092449784 0.574710402008737 0.0001415874872875221 -6.627948341434549e-09 0.0001415964914254217 0 1.118052764995622e-08
2857 0.384382572044528 0.5559616915380921 0.0001477483276795293 -1.693110549956833e-09 0.0001477499616915668 0 2.353002055432814e-09
2858 0.393578907886363 0.537779269479426 0.0001549189976524441 4.289753884946669e-09 0.0001549043567330222 0 1.525642520096467e-08
2859 0.414031411330431 0.535780358270502 0.0001714321870799043 8.29146175720637e-09 0.0001714220095682685 0 1.312745524340971e-08
2860 0.366898978193306 0.6591504341735031 0.0001345946331067843 2.116027932118792e-08 0.0001346148601992921 0 2.927272949810962e-08
2861 0.371309771836675 0.678648976134138 0.0001378583872852103 1.222359189101036e-08 0.0001378709466614037 0 1.752581322175472e-08
2862 0.440923915858796 0.523637076499521 0.000194446559685322 5.528224243970146e-09 0.0001944138995762546 0 3.312467339595476e-08
2863 0.430778920392124 0.533519338882675 0.0001856129166641863 -6.744617020656581e-10 0.0001855704782542039 0 4.24437691590197e-08
2864 0.45955027954901 0.522226854701372 0.0002111701260228509 -6.295389428753269e-09 0.0002111864594335733 0 1.750463464013695e-08
2865 0.497261300135845 0.528083408126845 0.0002472378555562147 6.68756171410262e-09 0.0002472688006127909 0 3.16594379006547e-08
2866 0.477874121391471 0.53054505793858 0.0002283754534782581 9.436309304021183e-09 0.0002283636758956704 0 1.509156668112671e-08
2867 0.512152367120575 0.548526819123184 0.0002622655319952367 6.198529559569237e-09 0.0002623000471472083 0 3.506732787542253e-08
2868 0.486313788232534 0.549554298330395 0.0002364904006729297 2.615636901700344e-08 0.0002365011006250779 0 2.826030106225725e-08
2869 0.531736730843629 0.563043121476587 0.000282734890562996 2.719905095079621e-08 0.00028274395092827 0 2.866842499201006e-08
2870 0.548546622786053 0.577656967177657 0.0003008870535720654 8.135290827515488e-09 0.0003009033973699844 0 1.825657928711589e-08
2871 0.465198275908723 0.543393751108343 0.000216413071882518 1.089263844513372e-08 0.0002164094359084484 0 1.148346113901148e-08
2872 0.446150593697963 0.539044989307324 0.0001990541179873591 4.702740456103441e-09 0.0001990503522570449 0 6.024657052256589e-09
2873 0.513733202470306 0.569424231886693 0.0002639291771755861 -2.769742056797723e-09 0.0002639218033203964 0 7.876878278903798e-09
2874 0.499074988659866 0.564616675971103 0.000249083788519436 1.674286649947102e-08 0.0002490758443058454 0 1.853197529119108e-08
2875 0.525475145832673 0.586505657381605 0.0002761050089628616 1.305255774831233e-08 0.0002761241288878689 0 2.315039515989952e-08
2876 0.546058759260822 0.599055966147825 0.0002981675411922893 1.649731141288392e-08 0.0002981801685654684 0 2.07752698480143e-08
2877 0.580266078462262 0.6117618372843709 0.0003366697234960253 -1.061618709622513e-08 0.0003367087218139719 0 4.041747432888161e-08
2878 0.560938037303907 0.609664930839415 0.0003146504945299972 1.63815322791744e-08 0.0003146514816943594 0 1.641124898633892e-08
2879 0.482943046188607 0.571177898251798 0.0002332354258327396 1.923462389933155e-08 0.000233233985861931 0 1.928844919837925e-08
2880 0.469633147279658 0.560369013582329 0.0002205621785745935 1.382452378142378e-08 0.0002205552930237969 0 1.544436038024992e-08
2881 0.451600606300113 0.558483949592305 0.0002039320046334339 1.365231500112687e-09 0.0002039431076106297 0 1.118659732262519e-08
2882 0.428795871695449 0.552917580371777 0.0001838417535475538 -1.71090790743075e-09 0.00018386589958306 0 2.420657424204202e-08
2883 0.405421779159839 0.554651618209292 0.0001643642800830064 6.415876465467093e-09 0.0001643668190171293 0 6.899975166649739e-09
2884 0.395858754285079 0.5724747390662031 0.000156702075431126 8.952773744949838e-09 0.0001567041533441346 0 9.190749708223873e-09
2885 0.388335679624649 0.589791490511004 0.0001507854149318734 1.76499103646746e-09 0.000150804600069538 0 1.926615427554132e-08
2886 0.381951816903642 0.608115263596576 0.0001458518486798635 -8.695979607658069e-09 0.0001458871904359933 0 3.639587597068683e-08
2887 0.373393808197748 0.625783737514376 0.0001394071034234584 1.713111457632192e-09 0.0001394229360004166 0 1.592498803779978e-08
2888 0.3813944755002 0.643925550748001 0.0001454380652260943 7.235563323305204e-09 0.0001454617459420726 0 2.476145564886518e-08
2889 0.387543070519169 0.664390926946102 0.0001501710191877024 3.07229739551706e-09 0.0001501896315074256 0 1.886418449772635e-08
2890 0.391402367294476 0.685946211461981 0.000153192550945515 -5.752671317105776e-09 0.0001531958131237199 0 6.613246851795168e-09
2891 0.411251895041108 0.693855339160235 0.0001691307558450863 1.039572406356663e-08 0.0001691281211749025 0 1.072439116143447e-08
2892 0.411138453827951 0.670704435061249 0.0001689966947352869 -7.233325413428638e-09 0.0001690348282160382 0 3.881344291276347e-08
2893 0.402981894757511 0.647962343444824 0.0001623771489715626 -1.664013728472158e-08 0.0001623944075023537 0 2.397396617002354e-08
2894 0.396121341043551 0.625565064622098 0.0001568725859772033 -1.478812508940003e-08 0.0001569121168301413 0 4.220636181499287e-08
2895 0.401682174347599 0.603522698514722 0.0001613210027761461 -7.008230450013584e-09 0.0001613485691886149 0 2.844331890690157e-08
2896 0.404792192688716 0.58670901588972 0.0001638530530086677 1.167112370777094e-08 0.0001638567192617386 0 1.223341898988335e-08
2897 0.415803537241987 0.572915624627394 0.0001728920007949201 7.000017828668186e-09 0.0001728925815829485 0 7.024070353831579e-09
2898 0.437678472551241 0.575902177166136 0.0001915545354103099 -3.465004279815527e-09 0.0001915624453347874 0 8.635575250037124e-09
2899 0.462063391571766 0.57915546879474 0.0002134872024055137 -1.258136495148377e-10 0.0002135025778308032 0 1.537594003327342e-08
2900 0.422207730709608 0.594769584141567 0.0001782386929421664 -4.819733674374801e-09 0.0001782593678709569 0 2.122928433042092e-08
2901 0.445512025521205 0.597075049269935 0.0001984764847581888 -7.584777547157064e-09 0.0001984809648840068 0 8.809107661102124e-09
2902 0.480297487689958 0.588900638640029 0.0002306874005248399 1.753565058901027e-08 0.0002306856766812854 0 1.762017815404407e-08
2903 0.466710557232279 0.602093592833297 0.0002178192601619416 1.600572186031213e-08 0.0002178187442320644 0 1.601403496648907e-08
2904 0.500208612958403 0.584331941667788 0.0002501920633623727 2.978624117910769e-08 0.0002502086564777694 0 3.409621155127289e-08
2905 0.416567932454083 0.616097212068266 0.0001734975284440565 -5.323387856270257e-09 0.0001735288423490695 0 3.176317215627064e-08
2906 0.414755206383173 0.633482051330891 0.0001720011126082588 -4.934894550618784e-09 0.0001720218812219484 0 2.134686156827654e-08
2907 0.433315780977871 0.611089300858268 0.0001877391249245804 -6.609498746618392e-09 0.0001877625660444623 0 2.435511393927789e-08
2908 0.431215940009405 0.628097376727401 0.0001859266402435286 -4.781010632022773e-09 0.0001859471869181948 0 2.109558964569582e-08
2909 0.451011225227019 0.619369919209022 0.0002033727039259227 -2.423921845673577e-08 0.0002034111252807768 0 4.542840763466306e-08
2910 0.426816178610237 0.649661991058879 0.0001821258598252063 2.010559138162335e-09 0.0001821720503234457 0 4.623423488780104e-08
2911 0.431948377344789 0.669475610268785 0.0001865612295486247 -2.72009078136422e-08 0.0001865794006907962 0 3.271207412723601e-08
2912 0.425868794232771 0.683622431938301 0.000181350998696447 -1.619627874702133e-08 0.0001813642299012743 0 2.09137329626524e-08
2913 0.429960979381581 0.699749698907834 0.0001848510365663818 -3.570415849395983e-09 0.0001848664437907683 0 1.581551240508124e-08
2914 0.435948837394138 0.719486146011974 0.0001900623806218772 -2.729716062910974e-09 0.0001900513888253006 0 1.132567621675984e-08
2915 0.449546365385701 0.7324667750364799 0.0002021211489720669 -6.013015038777306e-09 0.0002020919346314942 0 2.98267337292659e-08
2916 0.444731462420451 0.638842335023498 0.0001977782585603815 -1.605498797967334e-08 0.000197786073666633 0 1.785605008812035e-08
2917 0.450842576157571 0.6590518565535231 0.0002032143252632824 7.946664668220248e-09 0.0002032590284763952 0 4.540403882875708e-08
2918 0.445994882917175 0.703618275142907 0.0001989208216036189 -8.531877599971324e-09 0.0001989114355883046 0 1.268425081982936e-08
2919 0.456598568952601 0.716711137873883 0.0002084882189696374 -1.490176956650126e-08 0.0002084822531695631 0 1.605158891636355e-08
2920 0.444972804553074 0.684341885083062 0.0001979683783565012 -1.076323331075858e-09 0.0001980007967918282 0 3.243629789237572e-08
2921 0.527629818969247 0.609946253099946 0.0002784020540916128 7.213980465041006e-09 0.0002783932258655203 0 1.140083725386648e-08
2922 0.51039912331975 0.601988052448224 0.0002605154766905724 9.037411631684901e-09 0.0002605072650855694 0 1.221086670655096e-08
2923 0.546022433934972 0.619485259909314 0.0002981434627176587 3.089754211611933e-08 0.0002981404983602708 0 3.103941886602215e-08
2924 0.489514851623581 0.607664937085001 0.0002396162269631664 4.006768581111292e-08 0.0002396247899600565 0 4.097248298550854e-08
2925 0.471798538817258 0.620334562265746 0.0002225745552844381 1.325870631574635e-08 0.0002225938612300997 0 2.342035078851202e-08
2926 0.463714794619539 0.638014182065152 0.0002149956718379579 -5.344356444348944e-09 0.0002150314107490412 0 3.613629631308928e-08
2927 0.50914264943482 0.621453434709892 0.0002592024815498982 1.232007922758194e-08 0.000259226237473508 0 2.676057284008778e-08
2928 0.48799790557083 0.634506221975407 0.000238115428866102 1.949472243021065e-08 0.0002381419558415167 0 3.291997307543263e-08
2929 0.528664108973638 0.63112708303433 0.0002794765825644576 1.445950213279154e-08 0.0002794857401168906 0 1.711543071302075e-08
2930 0.51061815721766 0.643458682498374 0.0002607347546573712 1.828007661722926e-08 0.000260730902480359 0 1.86815542411553e-08
2931 0.495279356071498 0.65463862417628 0.0002453002363153247 -2.386280526031107e-09 0.0002453016405505977 0 2.768792417400363e-09
2932 0.47586642393155 0.655963817113166 0.0002264180568222827 -4.029649154902098e-10 0.0002264488534254017 0 3.079923934763633e-08
2933 0.467738999010382 0.677054743786828 0.0002187414422196669 -2.613030905243381e-09 0.0002187797711952341 0 3.84179424038354e-08
2934 0.462399106818555 0.69783388128431 0.0002138067861380694 4.962878485412307e-09 0.0002138129339865974 0 7.901025527417397e-09
2935 0.489578396174265 0.672522808028558 0.0002396575070277675 -1.70059777630929e-08 0.0002396870060005656 0 3.404985573861759e-08
2936 0.482702592942903 0.6926361025183611 0.0002329852708101451 -9.799882497850292e-09 0.0002330017932338019 0 1.921010620656592e-08
2937 0.476337804146593 0.7126659590814159 0.000226897341085206 1.120900511220246e-10 0.000226897703659198 0 3.795050451133935e-10
2938 0.469280967560425 0.734243396397078 0.0002202098267141398 -1.162050075536755e-09 0.0002202246265144486 0 1.484535110930374e-08
2939 0.473464188425193 0.755390460602695 0.0002241773314340248 5.614659116372732e-09 0.0002241683377211267 0 1.060241805850561e-08
2940 0.46184141190952 0.767459021403872 0.0002132977851437015 -9.679715610537391e-09 0.0002132974897545789 0 9.684221653526904e-09
2941 0.460560261899727 0.784832247105327 0.000212100253367579 -1.930346350326238e-09 0.0002121157548411451 0 1.562120097028474e-08
2942 0.468758348742528 0.80243990799867 0.0002197434212956725 -1.123411024957105e-08 0.0002197343895158215 0 1.44145163074396e-08
2943 0.47903324226255 0.820068041480118 0.0002294850600729941 -6.137701924562866e-09 0.0002294728471925709 0 1.366842467680113e-08
2944 0.476560546283589 0.77356459038049 0.0002270902668771837 -5.242526680701892e-09 0.0002271099542741128 0 2.037345537317048e-08
2945 0.476964617354024 0.788994613397074 0.0002275111757028898 -3.974721610258287e-09 0.0002274952462076705 0 1.641789358655251e-08
2946 0.486915197993552 0.801017813353349 0.0002371034527860088 -1.642034764998317e-09 0.0002370864100370999 0 1.712166956048846e-08
2947 0.490426118392465 0.726971693498311 0.0002404983091153813 -6.683007255623012e-09 0.0002405177776015001 0 2.058359875577106e-08
2948 0.486314755710494 0.74389800666832 0.0002365054153686516 1.394570355688251e-09 0.0002365020416217574 0 3.65061564440426e-09
2949 0.494479183173686 0.761620195051002 0.0002444868429103555 1.56012021336516e-08 0.0002445096625921157 0 2.764299881804728e-08
2950 0.491981688994846 0.783186191976715 0.0002420596924848374 7.600675282166461e-09 0.0002420459823062214 0 1.567607292751449e-08
2951 0.49654874702926 0.707656359191919 0.0002465475230606282 -5.145804228866146e-09 0.0002465606581763281 0 1.410711046278683e-08
2952 0.503550341932965 0.688121734277926 0.0002535476241276796 -2.615514537877559e-09 0.0002535629468608059 0 1.554435803627713e-08
2953 0.512281017746422 0.666741236377325 0.0002624105397474168 2.983077458107075e-09 0.0002624318411433099 0 2.150925889282227e-08
2954 0.53031019501229 0.65228089228438 0.0002812119182101925 2.401232622160902e-08 0.0002812289029339731 0 2.941211744294176e-08
2955 0.548248171464548 0.640123303289994 0.0003005632553835286 4.019894815193449e-08 0.0003005760575142204 0 4.218826830733989e-08
2956 0.564603902957632 0.6269701330006791 0.0003187660789892883 7.060313631417415e-09 0.0003187775672349911 0 1.348435456010307e-08
2957 0.532570472281805 0.670430882158219 0.0002836390331297864 1.37642717921059e-08 0.0002836313079464648 0 1.578396766720116e-08
2958 0.524039721747089 0.685745860328189 0.0002746091005299046 -1.145797753812108e-09 0.0002746176299687664 0 8.606054833072245e-09
2959 0.516115962369029 0.703452764951094 0.0002663586847756895 2.084667503297834e-09 0.000266375686612109 0 1.71291646099176e-08
2960 0.549476534126327 0.661805747968651 0.000301938538512471 3.080050662207571e-08 0.0003019244615554806 0 3.386490700246052e-08
2961 0.510112881650549 0.7221321804745 0.0002601924438187696 4.17684575675945e-09 0.000260215152025827 0 2.308914697949672e-08
2962 0.503881654268019 0.741317465572199 0.0002538806779158646 1.063052163789517e-08 0.0002538967215078755 0 1.924590436705499e-08
2963 0.57043079351135 0.6490650625415531 0.0003253846415891887 -7.320016106648217e-09 0.0003253912901859884 0 9.888704425029453e-09
2964 0.598180374805441 0.624658939786451 0.0003578206109853444 -1.183367758114183e-08 0.0003578197608023778 0 1.186417869770391e-08
2965 0.581741441404574 0.631715879211344 0.000338432220910163 -7.374396756149982e-09 0.0003384231046474714 0 1.172552655447582e-08
2966 0.628425348985485 0.636578883974269 0.0003949109759304655 -2.005080811051041e-08 0.0003949184192475286 0 2.13877973336657e-08
2967 0.6115224002347041 0.635465113528263 0.0003739669563040479 -1.18612540419199e-08 0.0003739596459888136 0 1.393305624303527e-08
2968 0.595243430339518 0.646125323957832 0.0003543109671711455 -1.224347065434172e-08 0.0003543147413623566 0 1.281199020300572e-08
2969 0.6389855094551 0.655250560005265 0.0004082733807605981 4.373944205823465e-09 0.0004083024812935938 0 2.942740913755053e-08
2970 0.6167180807017409 0.651890636361942 0.0003803296748886221 1.732944891235969e-09 0.0003803411910644391 0 1.164583202020429e-08
2971 0.5177115584156849 0.756821064459859 0.0002680096836464354 -5.18141867272716e-09 0.0002680252577171972 0 1.641337197392247e-08
2972 0.5113629426045621 0.777280432205122 0.0002614913141772173 7.065279577375728e-09 0.0002614920590691966 0 7.104438019106914e-09
2973 0.505569341479884 0.796705638814597 0.0002556198003252532 4.445940430379663e-09 0.0002556003590444035 0 1.994316392617497e-08
2974 0.642758432463666 0.676969216802044 0.0004131292116382492 9.350503313036405e-09 0.0004131384025031491 0 1.311121313284263e-08
2975 0.623181601268585 0.671218881275682 0.0003883341361062426 -1.241108415827146e-09 0.0003883553081596777 0 2.120839920310168e-08
2976 0.602990474443178 0.666727381854798 0.0003635823502005312 -9.274775117450781e-09 0.0003635975122692089 0 1.777385101956491e-08
2977 0.585173318903626 0.663376417601506 0.000342431365178789 -5.237570047674634e-09 0.0003424278131566847 0 6.32842800651666e-09
2978 0.568578527115157 0.673350362464787 0.0003233034455507239 9.817372061786592e-09 0.0003232815414964413 0 2.400350783141542e-08
2979 0.546733111288202 0.685602415499948 0.0002989063277375602 1.897953811358006e-08 0.0002989170949788775 0 2.182100713967365e-08
2980 0.532962936325902 0.700164610296635 0.0002840403816843656 5.606382122607489e-09 0.0002840494914971275 0 1.069673824398826e-08
2981 0.5294457015219139 0.716948078509158 0.0002802928176550386 -6.360604510671314e-09 0.0002803127508600316 0 2.092343067072666e-08
2982 0.524215909622023 0.736513359839029 0.0002747860212461184 -6.19075913996079e-09 0.0002748023199008451 0 1.743478260916522e-08
2983 0.657680396737558 0.7086036967957901 0.0004325452361745814 2.122184424216334e-08 0.0004325435042528716 0 2.129239831130928e-08
2984 0.6455050122518901 0.694011753149262 0.0004166871000854942 -2.61448270230975e-09 0.0004166767208423127 0 1.070346714020626e-08
2985 0.628667010543612 0.690366215798221 0.0003952175476456481 -9.939631662270593e-09 0.0003952222101458419 0 1.097885174498994e-08
2986 0.609026308771171 0.68615318480649 0.0003709002516228918 -7.426899041307018e-09 0.0003709130447754378 0 1.479268675511688e-08
2987 0.588640163358536 0.68163444874454 0.0003464766380888394 9.890952646642303e-09 0.0003464972419187639 0 2.285495026935626e-08
2988 0.571029510920308 0.698656736588081 0.0003260602496596454 2.642051341916893e-08 0.0003260747023418861 0 3.01151714802254e-08
2989 0.5484654199840791 0.7091100738160711 0.0003008184464618992 -9.683872783407258e-09 0.0003008143169183122 0 1.052760762577709e-08
2990 0.595057339804247 0.701577252121412 0.0003541039659153594 -1.13817539248101e-10 0.0003540932376549071 0 1.072886418802101e-08
2991 0.61565944572747 0.705447499774628 0.0003790416656984861 -6.770417664875557e-09 0.0003790365531134556 0 8.483930754733402e-09
2992 0.635925957984361 0.708457764229806 0.0004044078589297338 -1.103422061643775e-08 0.0004044018240383274 0 1.257672210475561e-08
2993 0.583906623880484 0.716448235382018 0.0003409669100247434 -3.329904602543045e-09 0.000340946945411505 0 2.024040628105875e-08
2994 0.565837410339504 0.722954175544025 0.0003201752423949231 2.6278998119127e-08 0.0003201719749397162 0 2.648135203637044e-08
2995 0.544776550152712 0.730379260646672 0.0002967699113763114 -1.232966672193311e-08 0.0002967814895962903 0 1.691377720539961e-08
2996 0.602114509657774 0.721190593065604 0.0003625361590759822 -2.308681472930546e-09 0.0003625418827404216 0 6.171737580235833e-09
2997 0.62321343127422 0.7250143893323731 0.0003883904361851985 -8.105761991251184e-09 0.000388394980920587 0 9.292900365849808e-09
2998 0.644867558103185 0.727357968160936 0.0004158426575533186 -3.400436574765519e-09 0.0004158541674939647 0 1.200173748152766e-08
2999 0.663168211330546 0.727533275394214 0.0004398141786698362 1.069094635081179e-08 0.0004397920765193558 0 2.45520139649042e-08
3000 0.657891621848997 0.747714189933697 0.0004327933032917329 -7.819632887720981e-09 0.0004328213860991036 0 2.91511702735376e-08
3001 0.631387895212534 0.746917996671062 0.0003986360807940091 -7.578482009111889e-09 0.0003986506742209139 0 1.644388939356515e-08
3002 0.609371603890119 0.740802757700686 0.0003713168829476317 3.373032223443451e-09 0.0003713337516276162 0 1.720260767439538e-08
3003 0.585508419296798 0.737935116113388 0.0003427859009206257 5.340795985223849e-09 0.000342820109067435 0 3.462255637416528e-08
3004 0.561331245836113 0.745271821824379 0.0003150748647897918 3.346030251185524e-09 0.0003150927675519228 0 1.821276503886512e-08
3005 0.6429923861872761 0.766548856622182 0.0004134228013277717 7.967220132639126e-09 0.0004134392086948071 0 1.823947065233124e-08
3006 0.539350072389602 0.751532230923545 0.0002908832283155669 -9.504993186885568e-09 0.0002908985005866689 0 1.79885285694586e-08
3007 0.532925014662795 0.772776513707191 0.0002839950140935675 -6.588421853412804e-09 0.0002840090712533402 0 1.552453037603463e-08
3008 0.52546287707809 0.7926723352877439 0.0002761308243503043 9.860469327048766e-09 0.000276111235187184 0 2.193089526455378e-08
3009 0.626022547120953 0.764809593760746 0.0003919268619520838 -9.921253932133589e-09 0.0003919042295038058 0 2.471151542586721e-08
3010 0.615402720022989 0.756306629918305 0.0003787388087425991 -1.962041148922531e-08 0.0003787205078116934 0 2.683066564622593e-08
3011 0.59862166552568 0.757541010430253 0.0003583398340717128 -6.149434508116054e-09 0.000358347898436739 0 1.014147563454308e-08
3012 0.577377118914529 0.76142543745007 0.0003333578177413697 1.074380191140086e-08 0.0003333643374460422 0 1.256725222664834e-08
3013 0.555120535605516 0.767493108889308 0.0003081479111320585 -3.948495963690704e-09 0.0003081588090509549 0 1.159117149597285e-08
3014 0.548510326261513 0.790958058928946 0.0003008603457729311 -6.098139277140128e-09 0.0003008635780155114 0 6.901789242024441e-09
3015 0.662130151114484 0.795518442631923 0.0004384173526432765 -2.314623375411947e-09 0.0004384163370148895 0 2.527643643909394e-09
3016 0.648175402313267 0.784067549355323 0.0004201297519084756 -6.081044295590757e-09 0.0004201313521639655 0 6.288077397578542e-09
3017 0.628734203679006 0.78284908122982 0.0003952598278687849 -1.378955008969395e-08 0.0003953066988758738 0 4.885737403093817e-08
3018 0.659347510562337 0.817519453411368 0.0004347109184144574 -7.776943474673122e-09 0.0004347391396847511 0 2.927321210246128e-08
3019 0.641262366191475 0.802453924985271 0.0004111712197713668 -2.233317715490723e-08 0.0004112174222934894 0 5.131709123010849e-08
3020 0.663125453230159 0.837579749311163 0.0004397548137197632 -2.567132666409437e-08 0.0004397353667217038 0 3.220563221263511e-08
3021 0.664083078629956 0.855475920460755 0.0004410269776516764 -2.343442932098817e-08 0.0004410063353226403 0 3.122944484996023e-08
3022 0.648908194241832 0.831612920064687 0.0004210960006062295 -2.12208425592405e-09 0.0004210818445541952 0 1.431422546934635e-08
3023 0.641591285034284 0.820677418267264 0.0004116554810190627 -7.806806923306129e-09 0.0004116393770319439 0 1.789649785467311e-08
3024 0.648332139209152 0.846838202448071 0.0004203417821339869 -8.654728914656949e-09 0.0004203345627315152 0 1.127049708904411e-08
3025 0.6496394777960131 0.880843710079856 0.0004220611855444438 -1.183999139668832e-08 0.0004220314511110766 0 3.200502966639649e-08
3026 0.649008943916639 0.864945588806415 0.0004212263916926501 -7.631717690816844e-09 0.0004212126092837911 0 1.575429810782326e-08
3027 0.639959377909348 0.893421351065731 0.0004095705830190033 -1.445834531524429e-08 0.0004095480053741196 0 2.681033005666974e-08
3028 0.626589972792103 0.908072869201996 0.0003926200736485817 -2.575854737899875e-10 0.0003926149940036084 0 5.0861717756291e-09
3029 0.607064497944764 0.915306610813877 0.0003685455186981342 4.187210421590636e-09 0.0003685273046649284 0 1.86891341890888e-08
3030 0.589072341268792 0.921537262073331 0.0003470193653662426 6.947591908312564e-10 0.0003470062232478962 0 1.316046978511104e-08
3031 0.626284396780733 0.8163138067058 0.0003922247477303951 -3.542407710677618e-09 0.0003922321456510066 0 8.202309538340758e-09
3032 0.6225941967363821 0.800343228211691 0.0003876087484879298 3.86710778012986e-10 0.0003876235338098208 0 1.47903782455625e-08
3033 0.6084985831088791 0.790336944576486 0.0003702454796934369 -1.585245982348385e-08 0.0003702705256455134 0 2.964119089838696e-08
3034 0.611622343043159 0.771526188988934 0.000374068562177223 -1.968271392165184e-08 0.0003740818905096037 0 2.377085760699109e-08
3035 0.592456183753265 0.7773471452890059 0.0003509915153538426 6.801634668683905e-09 0.0003510043296674826 0 1.450754521723371e-08
3036 0.571215924175925 0.783061483636439 0.0003262622934606447 -1.948319263456085e-09 0.0003262876320321561 0 2.54133656604734e-08
3037 0.609759443585453 0.8967840542255739 0.0003718286916387428 8.531855281332554e-09 0.0003718065790416412 0 2.37014663073543e-08
3038 0.624456817230939 0.8905983088286989 0.0003899820113879363 -7.604516831911453e-09 0.0003899463165861944 0 3.6495856581728e-08
3039 0.6325710094357579 0.8756156253721979 0.0004001652217129648 -1.389349310244136e-08 0.0004001460819785738 0 2.365076284491769e-08
3040 0.632716106527905 0.855961495479712 0.0004003594843447229 -9.738791180512528e-10 0.0004003296714598313 0 2.982878720462176e-08
3041 0.592170358883263 0.903360787572782 0.000350683124564564 7.600641708543998e-09 0.0003506657339399325 0 1.897902999251661e-08
3042 0.632164725566026 0.835561208301361 0.0003996306126676308 -1.004388199386861e-09 0.000399632240249969 0 1.912542789782033e-09
3043 0.613405335603962 0.879163983405941 0.0003762850365356349 -1.052567115545687e-08 0.0003762661057474093 0 2.166020535721898e-08
3044 0.618814069997919 0.86447820785878 0.0003829639787848802 -3.660084928448528e-09 0.0003829308532273894 0 3.332714780421927e-08
3045 0.59486113415049 0.8843261458278689 0.0003538826404216995 8.765216271675483e-09 0.0003538597689228072 0 2.449355992641247e-08
3046 0.599964209316312 0.863282656098878 0.0003599638282690929 -3.715993664252078e-09 0.0003599570524605475 0 7.727883950803272e-09
3047 0.615412476755669 0.848437692565459 0.0003787357275705285 5.176400998531414e-09 0.0003787325165465469 0 6.091453218072506e-09
3048 0.611911330784854 0.829159470956866 0.0003744413264424039 1.153464070356531e-08 0.0003744354767428911 0 1.293317132611227e-08
3049 0.608198420860202 0.809834166313503 0.0003698970678172682 1.277661290011102e-08 0.0003699053191368434 0 1.52094086647466e-08
3050 0.587396458008968 0.80026020313505 0.0003450112039333317 1.218377482024367e-08 0.0003450345988814813 0 2.637741397089416e-08
3051 0.566427679729677 0.800955000039321 0.0003208595845001425 1.556253957575119e-08 0.0003208403163639456 0 2.476799770970334e-08
3052 0.592502719602809 0.822662715751407 0.0003510625219020077 9.816170427894186e-09 0.0003510594727367248 0 1.027884287222424e-08
3053 0.572462570522793 0.817730678519589 0.0003277023860228381 3.269712451344491e-08 0.0003277133946495638 0 3.450060599224799e-08
3054 0.552538097000043 0.8128356176522989 0.0003053154330715317 -5.896833354248662e-09 0.0003052983486364289 0 1.807347687604958e-08
3055 0.5358497139941391 0.807050701270284 0.0002871655240366138 1.167750592358408e-08 0.0002871349159876006 0 3.275998792718948e-08
3056 0.518520187944736 0.811366797032174 0.0002688686377278428 8.054415277491551e-09 0.0002688631853062444 0 9.726381996908485e-09
3057 0.499120011004233 0.8148154137131171 0.0002491254666326478 -6.188848882512011e-09 0.0002491207853848657 0 7.759892479183211e-09
3058 0.493762558979054 0.8302343959223381 0.000243818328725629 8.057039659037748e-09 0.0002438014646495438 0 1.868991573750879e-08
3059 0.480246610575265 0.841574024266681 0.000230648186110602 -3.892833356529099e-10 0.0002306368069690302 0 1.138579836576525e-08
3060 0.510879982271177 0.829572590684765 0.0002609980077716116 -2.468554700627491e-09 0.0002609983562853982 0 2.493035132006533e-09
3061 0.534186706291756 0.82749170757829 0.0002853339552009381 1.480442933851615e-09 0.0002853554371788348 0 2.153293026124961e-08
3062 0.475204566147983 0.8574217217505991 0.0002258263468849001 1.280112816650163e-08 0.0002258193796878928 0 1.457431701569233e-08
3063 0.463813184966525 0.870218863857479 0.0002151228897149402 -1.152092609186123e-08 0.000215122670548792 0 1.152301053608207e-08
3064 0.457966535069083 0.886820329214989 0.0002097578250074837 3.536212949384334e-09 0.0002097333472431816 0 2.473187714775071e-08
3065 0.460661090942667 0.904239432063318 0.00021220195209934 1.272822227409616e-08 0.0002122086407084881 0 1.437863465684952e-08
3066 0.473500508747346 0.924046768874263 0.0002241953954853847 -1.559997330076597e-09 0.0002242027317839955 0 7.500324591461213e-09
3067 0.499472290062975 0.845251009919208 0.0002494874925677224 1.974181434523766e-08 0.0002494725685407526 0 2.474804668326543e-08
3068 0.488319237128112 0.855973323056414 0.0002384544447001654 1.308224005540122e-08 0.0002384556773493813 0 1.314018374896463e-08
3069 0.475675026252706 0.887784823989892 0.0002262509724813315 1.603594582844514e-08 0.0002262667306005125 0 2.248265728816928e-08
3070 0.478772729648618 0.905137204861458 0.0002292632655310111 1.403748792908211e-08 0.0002292233266551887 0 4.233396826800323e-08
3071 0.483233172919674 0.869814980791455 0.0002335167735481444 1.484050857454961e-08 0.0002335142994100155 0 1.504533330412025e-08
3072 0.492949995460554 0.881684576750891 0.0002429960135818514 1.61801096745153e-08 0.0002429996980245603 0 1.659430827585113e-08
3073 0.492258919227425 0.896706146232775 0.0002423329341745044 5.319287369393794e-09 0.0002423188435589525 0 1.506121723995043e-08
3074 0.503402215598913 0.865874217688179 0.000253394615967194 6.044676184251029e-09 0.0002534137906698944 0 2.010490820232177e-08
3075 0.520169677015978 0.848383240603711 0.0002705690051409208 -1.261602112017234e-09 0.0002705764928869069 0 7.59328518111775e-09
3076 0.562244752393377 0.936349323866835 0.0003161449924064565 8.67279219053458e-09 0.0003161191615938898 0 2.724790271257097e-08
3077 0.573765239870094 0.925409510581905 0.0003292291875395744 -1.252472358869423e-08 0.0003292065504831865 0 2.587093007374074e-08
3078 0.546805888307343 0.949779925867945 0.0002990105876833967 7.698508865045151e-09 0.0002989966794875825 0 1.589669618359242e-08
3079 0.575237217054185 0.91011058324439 0.0003309035589204524 -1.871455660070386e-08 0.0003308978558842435 0 1.956423396816683e-08
3080 0.577012077765425 0.8921895807386671 0.0003329716004538103 -1.933603577243486e-08 0.0003329429378871728 0 3.457491873656565e-08
3081 0.576841058304997 0.871274279368717 0.0003327390101742799 -6.822585260670577e-09 0.000332745606546429 0 9.489983939304659e-09
3082 0.583499567319367 0.853182949724634 0.0003404949872268494 1.83159962963378e-08 0.0003404717450618886 0 2.959178859739573e-08
3083 0.596904362006108 0.842255533559083 0.0003563113974317251 4.248575262890871e-09 0.0003562948173819188 0 1.711573671630079e-08
3084 0.578130797930417 0.83684339099628 0.0003342360984591529 2.448330685962661e-08 0.0003342352195156606 0 2.449907868564099e-08
3085 0.5577562301261479 0.832933638641808 0.0003110748673690432 1.691810782960622e-08 0.0003110920122445325 0 2.408670023225015e-08
3086 0.543557298381773 0.850404972774888 0.0002954416743789832 8.853742022131732e-09 0.0002954545366240918 0 1.56149318612034e-08
3087 0.565642908041977 0.852365059107872 0.000319951205202936 4.286114682223374e-09 0.0003199518994181845 0 4.34197119754777e-09
3088 0.56281478319888 0.884124061849436 0.0003167765659561349 -1.384754328221462e-08 0.0003167604801872023 0 2.122513644490734e-08
3089 0.5540630989177741 0.869584451337165 0.0003069786525551456 1.203916963458382e-09 0.0003069859175823671 0 7.364104601620662e-09
3090 0.560126107597919 0.900035834485391 0.0003137491205239546 -2.160022197435034e-08 0.0003137412564127956 0 2.298725372163741e-08
3091 0.559256369301331 0.9182152754043 0.0003127863172533251 -5.722240235664184e-09 0.0003127676866041068 0 1.948961578918173e-08
3092 0.54374249348565 0.9294067766212299 0.0002956884718195034 4.592868007622754e-09 0.0002956558992219921 0 3.289481030759224e-08
3093 0.529495216191936 0.871772992064995 0.0002803329659450825 4.948792046046088e-09 0.000280365183970145 0 3.259588442792056e-08
3094 0.510132909093293 0.888339297442065 0.0002602303875528751 -1.917317416509273e-08 0.0002602355849399859 0 1.986513126924995e-08
3095 0.546004402918263 0.887629530987142 0.0002981309937388986 1.153090629571999e-08 0.0002981208080061289 0 1.538541361343848e-08
3096 0.529100566836312 0.892288095199213 0.0002799839875832984 6.258817992372787e-10 0.0002799474098265067 0 3.658311112986213e-08
3097 0.540405333820403 0.908029512148783 0.0002920480337214461 1.066136615904924e-08 0.0002920379248215412 0 1.469199052763541e-08
3098 0.5307725001202031 0.956026687554873 0.0002817595752826387 -4.384224127379941e-09 0.0002817194468838509 0 4.036718729941609e-08
3099 0.528573662951647 0.941178952093917 0.000279398807367857 -2.375518163456202e-09 0.0002793901171661213 0 9.009033952243295e-09
3100 0.513910930379319 0.953849146983497 0.0002641183604565868 -1.45259363396494e-08 0.0002641044443633373 0 2.011617453377322e-08
3101 0.525142159185882 0.922958886746964 0.0002757881244573718 -3.534802273323199e-09 0.0002757742873544103 0 1.428146510264631e-08
3102 0.519443606991544 0.905724634465671 0.0002698474587492916 -1.344731153284359e-08 0.0002698216608443856 0 2.909230284801649e-08
3103 0.504242447076386 0.904411718942794 0.0002542982574180546 1.071273606493397e-09 0.0002542604454335819 0 3.782715687047829e-08
3104 0.511041881974633 0.935113944848678 0.0002611824023084907 -6.051318761492974e-09 0.0002611638051321747 0 1.955692781813639e-08
3105 0.496936322569169 0.945266959758864 0.0002469624938955829 -6.338060274698493e-09 0.0002469457086885692 0 1.794196707555697e-08
3106 0.507612823004952 0.918374673208655 0.0002576890770161646 1.670642252188201e-09 0.0002576707780790567 0 1.837504135540939e-08
3107 0.494043104615062 0.929122583992116 0.0002440957939386495 9.402870580302646e-09 0.0002440785892176891 0 1.96065396863918e-08
3108 0.483404104416877 0.939014311314821 0.0002336990825823266 -4.700914356960811e-09 0.0002336795281670829 0 2.011153279378328e-08
3109 0.491738422053298 0.912966516018677 0.000241833612727049 1.496495144357017e-09 0.0002418066757234675 0 2.697854072538259e-08
