id x y T ux uy ur
0 0.001 0 300.0000002 -6.999999993e-07 0 -6.999999993e-07
1 0.004 0 300 -2.799999997e-06 0 -2.799999997e-06
2 0.003984778792 0.000348622971 300 -2.789345152e-06 -2.440360794e-07 -2.799999997e-06
3 0.003939231012 0.0006945927107 300 -2.757461706e-06 -4.86214897e-07 -2.799999997e-06
4 0.003863703305 0.00103527618 300 -2.704592311e-06 -7.246933255e-07 -2.799999997e-06
5 0.003758770483 0.001368080573 300 -2.631139335e-06 -9.576564003e-07 -2.799999997e-06
6 0.003625231148 0.001690473047 300 -2.537661801e-06 -1.183331132e-06 -2.799999997e-06
7 0.003464101615 0.002 300 -2.424871128e-06 -1.399999999e-06 -2.799999997e-06
8 0.003276608177 0.002294305745 300 -2.293625722e-06 -1.60601402e-06 -2.799999997e-06
9 0.003064177772 0.002571150439 300 -2.144924439e-06 -1.799805305e-06 -2.799999997e-06
10 0.002828427125 0.002828427125 300 -1.979898985e-06 -1.979898985e-06 -2.799999997e-06
11 0.002571150439 0.003064177772 300 -1.799805305e-06 -2.144924439e-06 -2.799999997e-06
12 0.002294305745 0.003276608177 300 -1.60601402e-06 -2.293625722e-06 -2.799999997e-06
13 0.002 0.003464101615 300 -1.399999999e-06 -2.424871128e-06 -2.799999997e-06
14 0.001690473047 0.003625231148 300 -1.183331132e-06 -2.537661801e-06 -2.799999997e-06
15 0.001368080573 0.003758770483 300 -9.576564003e-07 -2.631139335e-06 -2.799999997e-06
16 0.00103527618 0.003863703305 300 -7.246933255e-07 -2.704592311e-06 -2.799999997e-06
17 0.0006945927107 0.003939231012 300 -4.86214897e-07 -2.757461706e-06 -2.799999997e-06
18 0.000348622971 0.003984778792 300 -2.440360794e-07 -2.789345152e-06 -2.799999997e-06
19 0 0.004 300 0 -2.799999997e-06 -2.799999997e-06
20 0 0.001 300.0000002 0 -6.999999993e-07 -6.999999993e-07
21 8.715574275e-05 0.0009961946981 300.0000002 -6.100901986e-08 -6.973362879e-07 -6.999999993e-07
22 0.0001736481777 0.000984807753 300.0000002 -1.215537242e-07 -6.893654264e-07 -6.999999993e-07
23 0.0002588190451 0.0009659258263 300.0000002 -1.811733314e-07 -6.761480777e-07 -6.999999993e-07
24 0.0003420201433 0.0009396926208 300.0000002 -2.394141001e-07 -6.577848339e-07 -6.999999993e-07
25 0.0004226182617 0.000906307787 300.0000002 -2.958327829e-07 -6.344154503e-07 -6.999999993e-07
26 0.0005 0.0008660254038 300.0000002 -3.499999996e-07 -6.06217782e-07 -6.999999993e-07
27 0.0005735764364 0.0008191520443 300.0000002 -4.01503505e-07 -5.734064304e-07 -6.999999993e-07
28 0.0006427876097 0.0007660444431 300.0000002 -4.499513263e-07 -5.362311096e-07 -6.999999993e-07
29 0.0007071067812 0.0007071067812 300.0000002 -4.949747463e-07 -4.949747463e-07 -6.999999993e-07
30 0.0007660444431 0.0006427876097 300.0000002 -5.362311096e-07 -4.499513263e-07 -6.999999993e-07
31 0.0008191520443 0.0005735764364 300.0000002 -5.734064304e-07 -4.01503505e-07 -6.999999993e-07
32 0.0008660254038 0.0005 300.0000002 -6.06217782e-07 -3.499999996e-07 -6.999999993e-07
33 0.000906307787 0.0004226182617 300.0000002 -6.344154503e-07 -2.958327829e-07 -6.999999993e-07
34 0.0009396926208 0.0003420201433 300.0000002 -6.577848339e-07 -2.394141001e-07 -6.999999993e-07
35 0.0009659258263 0.0002588190451 300.0000002 -6.761480777e-07 -1.811733314e-07 -6.999999993e-07
36 0.000984807753 0.0001736481777 300.0000002 -6.893654264e-07 -1.215537242e-07 -6.999999993e-07
37 0.0009961946981 8.715574275e-05 300.0000002 -6.973362879e-07 -6.100901986e-08 -6.999999993e-07
38 0.001125 0 300.0000002 -7.874999991e-07 0 -7.874999991e-07
39 0.00125 0 300.0000002 -8.749999989e-07 0 -8.749999989e-07
40 0.001375 0 300.0000002 -9.624999987e-07 0 -9.624999987e-07
41 0.0015 0 300.0000002 -1.049999999e-06 0 -1.049999999e-06
42 0.001625 0 300.0000002 -1.137499998e-06 0 -1.137499998e-06
43 0.00175 0 300.0000002 -1.224999998e-06 0 -1.224999998e-06
44 0.001875 0 300.0000002 -1.312499998e-06 0 -1.312499998e-06
45 0.002 0 300.0000002 -1.399999998e-06 0 -1.399999998e-06
46 0.002125 0 300.0000002 -1.487499998e-06 0 -1.487499998e-06
47 0.00225 0 300.0000002 -1.574999998e-06 0 -1.574999998e-06
48 0.002375 0 300.0000001 -1.662499998e-06 0 -1.662499998e-06
49 0.0025 0 300.0000001 -1.749999997e-06 0 -1.749999997e-06
50 0.002625 0 300.0000001 -1.837499997e-06 0 -1.837499997e-06
51 0.00275 0 300.0000001 -1.924999997e-06 0 -1.924999997e-06
52 0.002875 0 300.0000001 -2.012499997e-06 0 -2.012499997e-06
53 0.003 0 300.0000001 -2.099999997e-06 0 -2.099999997e-06
54 0.003125 0 300.0000001 -2.187499997e-06 0 -2.187499997e-06
55 0.00325 0 300.0000001 -2.274999997e-06 0 -2.274999997e-06
56 0.003375 0 300.0000001 -2.362499997e-06 0 -2.362499997e-06
57 0.0035 0 300 -2.449999997e-06 0 -2.449999997e-06
58 0.003625 0 300 -2.537499997e-06 0 -2.537499997e-06
59 0.00375 0 300 -2.624999997e-06 0 -2.624999997e-06
60 0.003875 0 300 -2.712499997e-06 0 -2.712499997e-06
61 0.003994926264 0.000116207657 300 -2.796448382e-06 -8.134535981e-08 -2.797631252e-06
62 0.003989852528 0.000232415314 300 -2.792896767e-06 -1.626907196e-07 -2.797631252e-06
63 0.003969596199 0.0004639462176 300 -2.778717336e-06 -3.247623519e-07 -2.797631252e-06
64 0.003954413605 0.0005792694641 300 -2.768089521e-06 -4.054886245e-07 -2.797631252e-06
65 0.00391405511 0.0008081538672 300 -2.739838574e-06 -5.657077065e-07 -2.797631252e-06
66 0.003888879207 0.0009217150238 300 -2.722215442e-06 -6.45200516e-07 -2.797631252e-06
67 0.003828725698 0.001146210978 300 -2.680107986e-06 -8.023476838e-07 -2.797631252e-06
68 0.00379374809 0.001257145776 300 -2.655623661e-06 -8.800020421e-07 -2.797631252e-06
69 0.003714257371 0.001475544731 300 -2.599980157e-06 -1.032881311e-06 -2.797631252e-06
70 0.00366974426 0.001583008889 300 -2.568820979e-06 -1.108106221e-06 -2.797631252e-06
71 0.003571521304 0.001793648698 300 -2.50006491e-06 -1.255554087e-06 -2.797631252e-06
72 0.003517811459 0.001896824349 300 -2.462468019e-06 -1.327777043e-06 -2.797631252e-06
73 0.003401603802 0.002098101915 300 -2.381122659e-06 -1.468671339e-06 -2.797631252e-06
74 0.00333910599 0.00219620383 300 -2.33737419e-06 -1.53734268e-06 -2.797631252e-06
75 0.003205798042 0.00238658731 300 -2.244058627e-06 -1.670611115e-06 -2.797631252e-06
76 0.003134987907 0.002478868874 300 -2.194491533e-06 -1.73520821e-06 -2.797631252e-06
77 0.002985594223 0.002656909334 300 -2.089915954e-06 -1.859836532e-06 -2.797631252e-06
78 0.002907010674 0.002742668229 300 -2.03490747e-06 -1.919867759e-06 -2.797631252e-06
79 0.002742668229 0.002907010674 300 -1.919867759e-06 -2.03490747e-06 -2.797631252e-06
80 0.002656909334 0.002985594223 300 -1.859836532e-06 -2.089915954e-06 -2.797631252e-06
81 0.002478868874 0.003134987907 300 -1.73520821e-06 -2.194491533e-06 -2.797631252e-06
82 0.00238658731 0.003205798042 300 -1.670611115e-06 -2.244058627e-06 -2.797631252e-06
83 0.00219620383 0.00333910599 300 -1.53734268e-06 -2.33737419e-06 -2.797631252e-06
84 0.002098101915 0.003401603802 300 -1.468671339e-06 -2.381122659e-06 -2.797631252e-06
85 0.001896824349 0.003517811459 300 -1.327777043e-06 -2.462468019e-06 -2.797631252e-06
86 0.001793648698 0.003571521304 300 -1.255554087e-06 -2.50006491e-06 -2.797631252e-06
87 0.001583008889 0.00366974426 300 -1.108106221e-06 -2.568820979e-06 -2.797631252e-06
88 0.001475544731 0.003714257371 300 -1.032881311e-06 -2.599980157e-06 -2.797631252e-06
89 0.001257145776 0.00379374809 300 -8.800020421e-07 -2.655623661e-06 -2.797631252e-06
90 0.001146210978 0.003828725698 300 -8.023476838e-07 -2.680107986e-06 -2.797631252e-06
91 0.0009217150238 0.003888879207 300 -6.45200516e-07 -2.722215442e-06 -2.797631252e-06
92 0.0008081538672 0.00391405511 300 -5.657077065e-07 -2.739838574e-06 -2.797631252e-06
93 0.0005792694641 0.003954413605 300 -4.054886245e-07 -2.768089521e-06 -2.797631252e-06
94 0.0004639462176 0.003969596199 300 -3.247623519e-07 -2.778717336e-06 -2.797631252e-06
95 0.000232415314 0.003989852528 300 -1.626907196e-07 -2.792896767e-06 -2.797631252e-06
96 0.000116207657 0.003994926264 300 -8.134535981e-08 -2.796448382e-06 -2.797631252e-06
97 0 0.003875 300 0 -2.712499997e-06 -2.712499997e-06
98 0 0.00375 300 0 -2.624999997e-06 -2.624999997e-06
99 0 0.003625 300 0 -2.537499997e-06 -2.537499997e-06
100 0 0.0035 300 0 -2.449999997e-06 -2.449999997e-06
101 0 0.003375 300.0000001 0 -2.362499997e-06 -2.362499997e-06
102 0 0.00325 300.0000001 0 -2.274999997e-06 -2.274999997e-06
103 0 0.003125 300.0000001 0 -2.187499997e-06 -2.187499997e-06
104 0 0.003 300.0000001 0 -2.099999997e-06 -2.099999997e-06
105 0 0.002875 300.0000001 0 -2.012499997e-06 -2.012499997e-06
106 0 0.00275 300.0000001 0 -1.924999997e-06 -1.924999997e-06
107 0 0.002625 300.0000001 0 -1.837499997e-06 -1.837499997e-06
108 0 0.0025 300.0000001 0 -1.749999997e-06 -1.749999997e-06
109 0 0.002375 300.0000001 0 -1.662499998e-06 -1.662499998e-06
110 0 0.00225 300.0000002 0 -1.574999998e-06 -1.574999998e-06
111 0 0.002125 300.0000002 0 -1.487499998e-06 -1.487499998e-06
112 0 0.002 300.0000002 0 -1.399999998e-06 -1.399999998e-06
113 0 0.001875 300.0000002 0 -1.312499998e-06 -1.312499998e-06
114 0 0.00175 300.0000002 0 -1.224999998e-06 -1.224999998e-06
115 0 0.001625 300.0000002 0 -1.137499998e-06 -1.137499998e-06
116 0 0.0015 300.0000002 0 -1.049999999e-06 -1.049999999e-06
117 0 0.001375 300.0000002 0 -9.624999987e-07 -9.624999987e-07
118 0 0.00125 300.0000002 0 -8.749999989e-07 -8.749999989e-07
119 0 0.001125 300.0000002 0 -7.874999991e-07 -7.874999991e-07
120 7.796756876e-05 0.003920468411 300 -5.457729808e-08 -2.744327884e-06 -2.744870529e-06
121 0.003918874174 7.956990852e-05 300 -2.743211919e-06 -5.56989359e-08 -2.743777324e-06
122 8.145204232e-05 0.001090160484 300.0000002 -5.701642956e-08 -7.631123377e-07 -7.65239383e-07
123 0.001094159386 8.56623403e-05 300.0000002 -7.659115694e-07 -5.996363814e-08 -7.682552766e-07
124 0.001071769829 0.0001714515378 300.0000002 -7.502388791e-07 -1.200160764e-07 -7.597777532e-07
125 0.000160015097 0.001068591014 300.0000002 -1.120105678e-07 -7.480137086e-07 -7.56353671e-07
126 0.001048010815 0.0002588256104 300.0000002 -7.336075697e-07 -1.811779271e-07 -7.556490638e-07
127 0.0002440668885 0.001053333816 300.0000002 -1.708468217e-07 -7.373336705e-07 -7.5686827e-07
128 0.00101553996 0.0003452798108 300.0000002 -7.10877971e-07 -2.416958673e-07 -7.508424481e-07
129 0.0003318935973 0.00103158228 300.0000002 -2.323255179e-07 -7.221075949e-07 -7.585608247e-07
130 0.0009745841954 0.0004101950327 300.0000002 -6.82208936e-07 -2.871365225e-07 -7.401732331e-07
131 0.0004198071816 0.001001178406 300.0000002 -2.938650268e-07 -7.008248835e-07 -7.599422158e-07
132 0.0005054845379 0.0009621391219 300.0000002 -3.538391761e-07 -6.734973846e-07 -7.607896487e-07
133 0.0005874672046 0.0009149938443 300.0000002 -4.112270427e-07 -6.404956902e-07 -7.611454591e-07
134 0.0006648063687 0.0008603560753 300.0000002 -4.653644576e-07 -6.02249252e-07 -7.610967349e-07
135 0.0007368005818 0.0007987583835 300.0000002 -5.157604067e-07 -5.591308678e-07 -7.606813554e-07
136 0.0008027980184 0.0007306137128 300.0000002 -5.619586123e-07 -5.114295984e-07 -7.598405859e-07
137 0.0008623619223 0.0006562056429 300.0000002 -6.036533449e-07 -4.593439495e-07 -7.58547444e-07
138 0.0009145669931 0.000575288105 300.0000002 -6.401968944e-07 -4.027016731e-07 -7.563205016e-07
139 0.0009558617083 0.0004882796189 300.0000002 -6.69103195e-07 -3.417957328e-07 -7.513477281e-07
140 0.0001684622102 0.003906935843 300 -1.17923547e-07 -2.734855087e-06 -2.737396265e-06
141 0.00390512919 0.0001732399841 300 -2.73359043e-06 -1.212679887e-07 -2.736278963e-06
142 0.0001051488087 0.003825513748 300 -7.3604166e-08 -2.67785962e-06 -2.678870979e-06
143 0.003819352092 0.0001083820605 300 -2.673546462e-06 -7.586744226e-08 -2.674622693e-06
144 0.000280089893 0.003881158517 300 -1.960629249e-07 -2.716810959e-06 -2.723876366e-06
145 0.0003980238381 0.003883175792 300 -2.786166864e-07 -2.718223052e-06 -2.732464788e-06
146 0.0005071578518 0.003868144057 300 -3.550104959e-07 -2.707700837e-06 -2.730874635e-06
147 0.003893446469 0.0002832518292 300 -2.725412525e-06 -1.982762802e-07 -2.732615399e-06
148 0.003880948049 0.0003964204089 300 -2.716663632e-06 -2.774942859e-07 -2.730799217e-06
149 0.003868639701 0.000508957429 300 -2.708047788e-06 -3.562701999e-07 -2.731382667e-06
150 9.221041555e-05 0.001205731754 300.0000002 -6.45472908e-08 -8.440122268e-07 -8.464768111e-07
151 0.0001492566805 0.001145413451 300.0000002 -1.044796762e-07 -8.017894148e-07 -8.085680358e-07
152 0.0002244137646 0.001141591311 300.0000002 -1.57089635e-07 -7.991139166e-07 -8.144078862e-07
153 0.0003154893771 0.001127445875 300.0000002 -2.208425637e-07 -7.892121118e-07 -8.195286422e-07
154 0.0004110240953 0.001101844696 300.0000002 -2.877168663e-07 -7.71291286e-07 -8.232078978e-07
155 0.0005056735697 0.001065419078 300.0000002 -3.539714984e-07 -7.457933535e-07 -8.255322815e-07
156 0.0005972378017 0.001018812825 300.0000002 -4.180664607e-07 -7.131689768e-07 -8.266737899e-07
157 0.0006836370034 0.0009633660133 300.0000002 -4.785459018e-07 -6.743562085e-07 -8.268993143e-07
158 0.0007645618063 0.0008996933217 300.0000002 -5.351932637e-07 -6.297853244e-07 -8.264752775e-07
159 0.0008387936595 0.000828588366 300.0000002 -5.871555609e-07 -5.800118555e-07 -8.253274533e-07
160 0.0009057876782 0.0007500677416 300.0000002 -6.340513739e-07 -5.250474185e-07 -8.23222896e-07
161 0.0009659767714 0.0006647146119 300.0000002 -6.761837392e-07 -4.653002277e-07 -8.208098142e-07
162 0.001018209195 0.0005687573989 300.0000002 -7.127464353e-07 -3.981301788e-07 -8.164037728e-07
163 0.001055632633 0.0004526650209 300.0000002 -7.38942842e-07 -3.168655142e-07 -8.04015098e-07
164 0.00120513139 8.659102462e-05 300.0000002 -8.435919717e-07 -6.061371716e-08 -8.457667749e-07
165 0.001166978486 0.0001686600731 300.0000002 -8.16884939e-07 -1.18062051e-07 -8.253724319e-07
166 0.001140628009 0.0002546015066 300.0000002 -7.984396056e-07 -1.782210544e-07 -8.180883498e-07
167 0.001109579786 0.0003489740492 300.0000002 -7.76705849e-07 -2.442818341e-07 -8.142147077e-07
168 0.0006184106209 0.003849331709 300 -4.328874342e-07 -2.694532193e-06 -2.729083229e-06
169 0.0007304074278 0.003827810768 300 -5.112851989e-07 -2.679467535e-06 -2.727812095e-06
170 0.000841882212 0.0038034514 300 -5.893175478e-07 -2.662415977e-06 -2.7268579e-06
171 0.0009526222739 0.003777188714 300 -6.66835591e-07 -2.644032097e-06 -2.726825157e-06
172 0.001062209777 0.00374735349 300 -7.435468429e-07 -2.62314744e-06 -2.726493059e-06
173 0.001170688725 0.003713897103 300 -8.194821068e-07 -2.599727969e-06 -2.725827661e-06
174 0.001278427012 0.003678276922 300 -8.948989074e-07 -2.574793843e-06 -2.725877361e-06
175 0.001384869656 0.003639140974 300 -9.69408758e-07 -2.547398679e-06 -2.725617979e-06
176 0.001489973178 0.003596517409 300 -1.042981224e-06 -2.517562183e-06 -2.725055812e-06
177 0.00159417477 0.003551827766 300 -1.115922337e-06 -2.486279433e-06 -2.725228079e-06
178 0.001696778538 0.003503755679 300 -1.187744975e-06 -2.452628973e-06 -2.725092109e-06
179 0.001797735254 0.00345231527 300 -1.258414676e-06 -2.416620686e-06 -2.724639983e-06
180 0.001897603128 0.003398871121 300 -1.328322188e-06 -2.379209782e-06 -2.724899819e-06
181 0.001995576426 0.003342163439 300 -1.396903497e-06 -2.339514405e-06 -2.72482422e-06
182 0.002091612169 0.00328220602 300 -1.464128517e-06 -2.297544211e-06 -2.724404837e-06
183 0.002186392195 0.003220310093 300 -1.530474535e-06 -2.254217063e-06 -2.724673718e-06
184 0.002279011378 0.003155296405 300 -1.595307963e-06 -2.208707481e-06 -2.724591022e-06
185 0.002369433983 0.003087191701 300 -1.658603786e-06 -2.161034188e-06 -2.72415772e-06
186 0.002458456411 0.003017253494 300 -1.720919486e-06 -2.112077444e-06 -2.724414617e-06
187 0.002545073709 0.002944395651 300 -1.781551595e-06 -2.061076953e-06 -2.724328228e-06
188 0.00262924951 0.002868655108 300 -1.840474655e-06 -2.008058573e-06 -2.72390275e-06
189 0.002711882378 0.002791219276 300 -1.898317663e-06 -1.953853491e-06 -2.724179402e-06
190 0.002791872041 0.002711095087 300 -1.954310426e-06 -1.897766559e-06 -2.72412319e-06
191 0.00286918172 0.002628321867 300 -2.008427202e-06 -1.839825305e-06 -2.723735849e-06
192 0.002944807344 0.002544002334 300 -2.061365138e-06 -1.780801632e-06 -2.724055926e-06
193 0.00301756464 0.002457240608 300 -2.112295246e-06 -1.720068424e-06 -2.724045996e-06
194 0.003087419725 0.002368076282 300 -2.161193805e-06 -1.657653395e-06 -2.723705829e-06
195 0.003155461021 0.002277518109 300 -2.208822712e-06 -1.594262675e-06 -2.724072549e-06
196 0.003220431702 0.002184773682 300 -2.254302189e-06 -1.529341576e-06 -2.72410793e-06
197 0.003282303433 0.002089882019 300 -2.297612401e-06 -1.462917412e-06 -2.723811686e-06
198 0.003342251547 0.001993749579 300 -2.33957608e-06 -1.395624704e-06 -2.724221825e-06
199 0.003398959485 0.001895692794 300 -2.379271637e-06 -1.326984955e-06 -2.724302221e-06
200 0.003452408652 0.001795749365 300 -2.416686054e-06 -1.257024554e-06 -2.724056206e-06
201 0.003503857111 0.00169471662 300 -2.452699975e-06 -1.186301632e-06 -2.724527249e-06
202 0.003551944317 0.001592025982 300 -2.48636102e-06 -1.114418186e-06 -2.724686957e-06
203 0.003596668757 0.001487716138 300 -2.517668127e-06 -1.041401295e-06 -2.724549405e-06
204 0.00363937137 0.001382475247 300 -2.547559956e-06 -9.677326721e-07 -2.725173069e-06
205 0.003678671362 0.001275867639 300 -2.575069951e-06 -8.931073467e-07 -2.725550584e-06
206 0.003714600333 0.001167961626 300 -2.60022023e-06 -8.17573137e-07 -2.725723955e-06
207 0.003748581842 0.001059386439 300 -2.624007286e-06 -7.415705062e-07 -2.72678218e-06
208 0.00377920475 0.0009499341656 300 -2.645443322e-06 -6.649539152e-07 -2.72773424e-06
209 0.003806435833 0.0008398251919 300 -2.66450508e-06 -5.878776337e-07 -2.728587077e-06
210 0.00383152356 0.0007297327372 300 -2.682066489e-06 -5.108129155e-07 -2.730276632e-06
211 0.003852543175 0.0006195890405 300 -2.69678022e-06 -4.337123279e-07 -2.731433678e-06
212 7.120080587e-05 0.003666932101 300 -4.984056405e-08 -2.566852468e-06 -2.567336299e-06
213 0.0001145711208 0.003727340074 300 -8.01997845e-08 -2.609138049e-06 -2.61037035e-06
214 0.0001034720765 0.00357718704 300 -7.243045345e-08 -2.504030925e-06 -2.505078251e-06
215 0.003719177476 0.0001113339676 300 -2.60342423e-06 -7.793377725e-08 -2.604590447e-06
216 0.003663532416 6.72729575e-05 300 -2.564472688e-06 -4.70910702e-08 -2.564905015e-06
217 0.00357635534 9.44123828e-05 300 -2.503448735e-06 -6.608866788e-08 -2.504320922e-06
218 0.003480495461 0.000106825963 300 -2.43634682e-06 -7.477817404e-08 -2.437494124e-06
219 0.003419304517 6.800098143e-05 300.0000001 -2.393513159e-06 -4.760068694e-08 -2.393986439e-06
220 0.003330683994 0.0001016497925 300.0000001 -2.331478793e-06 -7.115485468e-08 -2.332564335e-06
221 0.003221657159 0.0001162301246 300.0000001 -2.255160008e-06 -8.136108711e-08 -2.256627193e-06
222 0.003162598629 6.817368715e-05 300.0000001 -2.213819037e-06 -4.772158094e-08 -2.214333326e-06
223 0.003072999415 9.297337102e-05 300.0000001 -2.151099587e-06 -6.508135963e-08 -2.152083878e-06
224 0.002975662598 0.0001052049735 300.0000001 -2.082963816e-06 -7.364348136e-08 -2.084265247e-06
225 0.002916188968 6.565522467e-05 300.0000001 -2.041332275e-06 -4.59586572e-08 -2.041849567e-06
226 0.002827516398 9.44977e-05 300.0000001 -1.979261475e-06 -6.614838991e-08 -1.980366531e-06
227 0.002727376237 0.0001060311887 300.0000001 -1.909163363e-06 -7.422183197e-08 -1.910605566e-06
228 0.002667143614 6.555634031e-05 300.0000001 -1.867000527e-06 -4.588943815e-08 -1.867564405e-06
229 0.002579224995 9.369487146e-05 300.0000001 -1.805457494e-06 -6.558640992e-08 -1.806648372e-06
230 0.002479914731 0.0001065440127 300.0000001 -1.735940309e-06 -7.458080875e-08 -1.73754167e-06
231 0.002418094018 6.661345704e-05 300.0000001 -1.69266581e-06 -4.662941986e-08 -1.69330796e-06
232 0.002329386896 9.583803651e-05 300.0000002 -1.630570825e-06 -6.708662546e-08 -1.631950315e-06
233 0.002229108106 0.0001069791969 300.0000002 -1.560375672e-06 -7.488543773e-08 -1.562171587e-06
234 0.002168107351 6.599277221e-05 300.0000002 -1.517675143e-06 -4.619494048e-08 -1.51837802e-06
235 0.002080421106 9.405003184e-05 300.0000002 -1.456294772e-06 -6.583502219e-08 -1.457782121e-06
236 0.001981112074 0.0001060453137 300.0000002 -1.38677845e-06 -7.423171951e-08 -1.388763773e-06
237 0.001919018367 6.580109336e-05 300.0000002 -1.343312855e-06 -4.606076528e-08 -1.34410231e-06
238 0.001830936372 9.411003855e-05 300.0000002 -1.281655458e-06 -6.587702689e-08 -1.283347379e-06
239 0.001729484118 0.0001055903568 300.0000002 -1.210638881e-06 -7.391324965e-08 -1.212893099e-06
240 0.001668822974 6.32911404e-05 300.0000002 -1.16817608e-06 -4.430379821e-08 -1.169015903e-06
241 0.00158248881 8.866488883e-05 300.0000002 -1.107742165e-06 -6.206542209e-08 -1.109479527e-06
242 0.001490703758 9.428381013e-05 300.0000002 -1.043492629e-06 -6.5998667e-08 -1.045577683e-06
243 0.001423651754 6.532828889e-05 300.0000002 -9.965562263e-07 -4.572980216e-08 -9.976048953e-07
244 0.001328292296 9.22320311e-05 300.0000002 -9.298046062e-07 -6.456242168e-08 -9.320434067e-07
245 0.001266538437 0.0001728221691 300.0000002 -8.865769045e-07 -1.209755182e-07 -8.947925366e-07
246 0.001223882184 0.0002406078009 300.0000002 -8.567175279e-07 -1.684254604e-07 -8.731162914e-07
247 0.001223840788 0.0003388175759 300.0000002 -8.566885508e-07 -2.371723028e-07 -8.889128047e-07
248 0.001174079022 0.0004434255553 300.0000002 -8.218553141e-07 -3.103978883e-07 -8.785175049e-07
249 0.001141921337 0.0005634255389 300.0000002 -7.993449348e-07 -3.943978767e-07 -8.913484223e-07
250 0.001075627796 0.0006678584421 300.0000002 -7.52939456e-07 -4.675009089e-07 -8.862702321e-07
251 0.001019599633 0.0007698117171 300.0000002 -7.137197424e-07 -5.388682012e-07 -8.943012965e-07
252 0.0009454208642 0.0008502033126 300.0000002 -6.61794604e-07 -5.95142318e-07 -8.900373456e-07
253 0.0008775304316 0.0009419603696 300.0000002 -6.142713013e-07 -6.593722578e-07 -9.011664696e-07
254 0.0007858458503 0.001004931624 300.0000002 -5.500920945e-07 -7.034521356e-07 -8.929984431e-07
255 0.0007018506999 0.001081240847 300.0000002 -4.912954893e-07 -7.56868592e-07 -9.023421321e-07
256 0.0005991815627 0.001125575953 300.0000002 -4.194270933e-07 -7.879031662e-07 -8.925864025e-07
257 0.0005011148851 0.001182842152 300.0000002 -3.507804191e-07 -8.279895051e-07 -8.992294051e-07
258 0.000391947198 0.001202496375 300.0000002 -2.743630383e-07 -8.417474616e-07 -8.853326301e-07
259 0.0002893788981 0.001233740374 300.0000002 -2.025652284e-07 -8.636182606e-07 -8.870564649e-07
260 0.0001880999582 0.001220956917 300.0000002 -1.316699706e-07 -8.546698408e-07 -8.647528652e-07
261 6.870924156e-05 0.003413756571 300.0000001 -4.809646903e-08 -2.389629597e-06 -2.390113571e-06
262 0.0001157569499 0.003471394676 300 -8.10298648e-08 -2.42997627e-06 -2.431326904e-06
263 9.553558849e-05 0.003326042318 300.0000001 -6.687491186e-08 -2.32822962e-06 -2.329189863e-06
264 6.970501459e-05 0.003166802707 300.0000001 -4.879351015e-08 -2.216761892e-06 -2.217298828e-06
265 0.0001112964116 0.00322827245 300.0000001 -7.7907488e-08 -2.259790712e-06 -2.261133264e-06
266 0.0001000161689 0.003077092282 300.0000001 -7.001131817e-08 -2.153964595e-06 -2.1551021e-06
267 6.928265245e-05 0.002915585724 300.0000001 -4.849785665e-08 -2.040910004e-06 -2.041486146e-06
268 0.0001116866432 0.002976044722 300.0000001 -7.818065013e-08 -2.083231303e-06 -2.08469779e-06
269 9.907259417e-05 0.002825851327 300.0000001 -6.935081582e-08 -1.978095926e-06 -1.979311251e-06
270 6.802771717e-05 0.002665717083 300.0000001 -4.761940195e-08 -1.866001956e-06 -1.866609468e-06
271 0.0001104924425 0.002725225111 300.0000001 -7.734470966e-08 -1.907657575e-06 -1.909224876e-06
272 9.655345272e-05 0.002577299897 300.0000001 -6.758741681e-08 -1.804109926e-06 -1.805375496e-06
273 6.79084649e-05 0.002417812026 300.0000001 -4.753592536e-08 -1.692468416e-06 -1.693135849e-06
274 0.0001085067512 0.002478851522 300.0000001 -7.59547257e-08 -1.735196063e-06 -1.73685765e-06
275 9.794126349e-05 0.002329464556 300.0000002 -6.855888434e-08 -1.630625187e-06 -1.632065814e-06
276 6.829915465e-05 0.002167411389 300.0000002 -4.780940818e-08 -1.51718797e-06 -1.517941064e-06
277 0.0001103848041 0.002228776957 300.0000002 -7.726936273e-08 -1.560143868e-06 -1.562056158e-06
278 9.740280575e-05 0.002078859923 300.0000002 -6.818196392e-08 -1.455201944e-06 -1.456798366e-06
279 6.803470945e-05 0.001916722373 300.0000002 -4.762429655e-08 -1.341705659e-06 -1.342550613e-06
280 0.0001112298422 0.001978704288 300.0000002 -7.786088944e-08 -1.385093e-06 -1.387279689e-06
281 9.569378825e-05 0.001825789767 300.0000002 -6.698565167e-08 -1.278052835e-06 -1.279807066e-06
282 6.372503727e-05 0.001671071495 300.0000002 -4.460752603e-08 -1.169750045e-06 -1.170600273e-06
283 9.602501792e-05 0.001731788986 300.0000002 -6.721751245e-08 -1.212252288e-06 -1.214114411e-06
284 8.44283826e-05 0.001586444654 300.0000002 -5.909986774e-08 -1.110511256e-06 -1.11208275e-06
285 7.065839093e-05 0.001413918755 300.0000002 -4.946087358e-08 -9.897431274e-07 -9.909782218e-07
286 0.0001169946053 0.001488641981 300.0000002 -8.189622359e-08 -1.042049386e-06 -1.045262605e-06
287 7.820495403e-05 0.001319893481 300.0000002 -5.474346774e-08 -9.239254354e-07 -9.255458159e-07
288 0.0001483027831 0.001288647211 300.0000002 -1.038119481e-07 -9.020530463e-07 -9.080069487e-07
289 0.0001579479729 0.001386040194 300.0000002 -1.105635809e-07 -9.702281344e-07 -9.765075208e-07
290 0.0001760813957 0.003769184452 300 -1.232569768e-07 -2.638429114e-06 -2.641306584e-06
291 0.0001988991447 0.003829776371 300 -1.392294012e-07 -2.680843457e-06 -2.684456456e-06
292 0.003814408372 0.0002195678043 300 -2.670085858e-06 -1.536974628e-07 -2.674505823e-06
293 0.003752992912 0.0001749001986 300 -2.627095036e-06 -1.224301389e-07 -2.629946286e-06
294 0.001424401063 0.0001400025446 300.0000002 -9.97080743e-07 -9.800178111e-08 -1.001885401e-06
295 0.001353588153 0.0001806429973 300.0000002 -9.475117059e-07 -1.264500979e-07 -9.559121613e-07
296 0.001321679148 0.0002679108858 300.0000002 -9.251754026e-07 -1.875376198e-07 -9.439914642e-07
297 0.001333384633 0.0003816042713 300.0000002 -9.333692419e-07 -2.671229896e-07 -9.708413018e-07
298 0.00126426456 0.0004340656597 300.0000002 -8.849851909e-07 -3.038459614e-07 -9.35692875e-07
299 0.001249727089 0.0005221773054 300.0000002 -8.748089611e-07 -3.655241133e-07 -9.481026294e-07
300 0.001238925472 0.0006104740681 300.0000002 -8.672478293e-07 -4.273318471e-07 -9.668150314e-07
301 0.001181919835 0.0006780384904 300.0000002 -8.273438831e-07 -4.746269427e-07 -9.538179258e-07
302 0.001126555474 0.0007620164838 300.0000002 -7.88588831e-07 -5.33411538e-07 -9.520505308e-07
303 0.001088137502 0.0008312902435 300.0000002 -7.616962503e-07 -5.819031696e-07 -9.585366328e-07
304 0.001030120527 0.0008620795362 300.0000002 -7.210843678e-07 -6.034556745e-07 -9.402773083e-07
305 0.001000886384 0.0009484331709 300.0000002 -7.006204681e-07 -6.639032187e-07 -9.652132014e-07
306 0.0009412881542 0.001027029267 300.0000002 -6.58901707e-07 -7.189204858e-07 -9.751913271e-07
307 0.0008660115957 0.001034534006 300.0000002 -6.062081161e-07 -7.241738035e-07 -9.444130334e-07
308 0.0008214133339 0.0011086123 300.0000002 -5.749893329e-07 -7.760286087e-07 -9.658328709e-07
309 0.0007514181129 0.001177003844 300.0000002 -5.259926783e-07 -8.239026896e-07 -9.774885879e-07
310 0.0006739836905 0.001170186889 300.0000002 -4.717885827e-07 -8.191308209e-07 -9.452829039e-07
311 0.000614966522 0.001234834114 300.0000002 -4.304765648e-07 -8.643838783e-07 -9.656446355e-07
312 0.0005302470934 0.001286398373 300.0000002 -3.711729649e-07 -9.0047886e-07 -9.7397718e-07
313 0.0004543543063 0.001263194837 300.0000002 -3.180480139e-07 -8.842363846e-07 -9.396959737e-07
314 0.0003800318574 0.00130582661 300.0000002 -2.660222998e-07 -9.140786254e-07 -9.520018894e-07
315 0.0003004259887 0.001327196385 300.0000002 -2.102981918e-07 -9.290374679e-07 -9.525418344e-07
316 0.0002249162371 0.001310587126 300.0000002 -1.574413658e-07 -9.174109867e-07 -9.308225944e-07
317 0.0002652403762 0.001406931068 300.0000002 -1.856682631e-07 -9.848517464e-07 -1.002200412e-06
318 0.0002010564185 0.001473632662 300.0000002 -1.407394928e-07 -1.031542862e-06 -1.041099554e-06
319 0.0001876334166 0.001571816397 300.0000002 -1.313433914e-07 -1.100271476e-06 -1.108083213e-06
320 0.0001379929287 0.001662168044 300.0000002 -9.659504993e-08 -1.163517629e-06 -1.167520397e-06
321 0.003682146116 0.000186783226 300 -2.577502278e-06 -1.30748258e-07 -2.580816364e-06
322 0.003647219861 0.0001305715477 300 -2.5530539e-06 -9.140008326e-08 -2.554689451e-06
323 0.003594965145 0.0001930158311 300 -2.516475598e-06 -1.351110816e-07 -2.520100086e-06
324 0.00352353541 0.0001630681931 300 -2.466474784e-06 -1.141477351e-07 -2.469114733e-06
325 0.003453583429 0.0001838703692 300 -2.417508397e-06 -1.287092583e-07 -2.420932243e-06
326 0.003410488086 0.0001314595798 300.0000001 -2.387341657e-06 -9.202170574e-08 -2.389114518e-06
327 0.003368490429 0.000196895071 300.0000001 -2.357943298e-06 -1.378265495e-07 -2.361967983e-06
328 0.003270269365 0.0001987645347 300.0000001 -2.289188553e-06 -1.391351741e-07 -2.293412921e-06
329 0.003173318464 0.0001970061033 300.0000001 -2.221322922e-06 -1.379042721e-07 -2.225599495e-06
330 0.003143534349 0.0001315746004 300.0000001 -2.200474041e-06 -9.210222016e-08 -2.202400696e-06
331 0.003087258463 0.0001834170672 300.0000001 -2.161080921e-06 -1.283919469e-07 -2.164891507e-06
332 0.003017475367 0.0001622008436 300.0000001 -2.112232754e-06 -1.135405904e-07 -2.115282174e-06
333 0.002944847268 0.0001816910578 300.0000001 -2.061393085e-06 -1.271837403e-07 -2.065312847e-06
334 0.002903009607 0.0001284614063 300.0000001 -2.032106722e-06 -8.992298426e-08 -2.034095345e-06
335 0.00285104081 0.0001951630229 300.0000001 -1.995728565e-06 -1.366141159e-07 -2.00039894e-06
336 0.002770661078 0.0001658667972 300.0000001 -1.939462752e-06 -1.161067578e-07 -1.942935034e-06
337 0.002695186786 0.0001820400022 300.0000001 -1.886630748e-06 -1.274280014e-07 -1.890929262e-06
338 0.002654393883 0.0001279204342 300.0000001 -1.858075715e-06 -8.954430383e-08 -1.860232122e-06
339 0.002603271489 0.0001921662295 300.0000001 -1.82229004e-06 -1.345163605e-07 -1.827248106e-06
340 0.002525588753 0.0001633116816 300.0000001 -1.767912124e-06 -1.143181769e-07 -1.771604336e-06
341 0.002450816351 0.0001847559867 300.0000001 -1.715571443e-06 -1.293291905e-07 -1.720439309e-06
342 0.002406466069 0.000130524916 300.0000001 -1.684526246e-06 -9.136744105e-08 -1.687002277e-06
343 0.002354371427 0.0001987376997 300.0000001 -1.648059996e-06 -1.391163896e-07 -1.653921135e-06
344 0.002273449622 0.0001675823472 300.0000002 -1.591414733e-06 -1.173076429e-07 -1.595732413e-06
345 0.002198114918 0.0001832930174 300.0000002 -1.53868044e-06 -1.28305112e-07 -1.544020628e-06
346 0.002156291666 0.0001287616717 300.0000002 -1.509404164e-06 -9.013317003e-08 -1.512092894e-06
347 0.002105945049 0.0001933497775 300.0000002 -1.474161532e-06 -1.35344844e-07 -1.480361594e-06
348 0.002027220228 0.0001637488402 300.0000002 -1.419054158e-06 -1.14624188e-07 -1.423676019e-06
349 0.001952353119 0.0001835777296 300.0000002 -1.366647182e-06 -1.285044105e-07 -1.372675454e-06
350 0.001908291985 0.0001286773461 300.0000002 -1.335804387e-06 -9.007414216e-08 -1.338837822e-06
351 0.001858248267 0.0001937097339 300.0000002 -1.300773785e-06 -1.355968135e-07 -1.307822211e-06
352 0.001777136986 0.0001645497404 300.0000002 -1.243995888e-06 -1.151848181e-07 -1.249317138e-06
353 0.001693192907 0.0001891522907 300.0000002 -1.185235033e-06 -1.324066033e-07 -1.192607895e-06
354 0.001657325643 0.0001220542341 300.0000002 -1.160127948e-06 -8.543796376e-08 -1.163269746e-06
355 0.001612777767 0.0001634633358 300.0000002 -1.128944436e-06 -1.144243349e-07 -1.134728367e-06
356 0.001523238859 0.0001772012467 300.0000002 -1.0662672e-06 -1.240408725e-07 -1.073457907e-06
357 0.001427302483 0.0002300128852 300.0000002 -9.991117368e-07 -1.610090194e-07 -1.012002059e-06
358 0.001423735866 0.0003304356555 300.0000002 -9.96615105e-07 -2.313049585e-07 -1.023104907e-06
359 0.001607969534 0.0002399863289 300.0000002 -1.125578672e-06 -1.6799043e-07 -1.138045751e-06
360 0.001517565495 0.0002835679682 300.0000002 -1.062295845e-06 -1.984975775e-07 -1.080682076e-06
361 0.0001378885491 0.003655267952 300 -9.652198425e-08 -2.558687564e-06 -2.560507477e-06
362 0.0001970231916 0.003697297338 300 -1.379162339e-07 -2.588108134e-06 -2.591780199e-06
363 0.0001962000474 0.003514294718 300 -1.37340033e-07 -2.4600063e-06 -2.463837105e-06
364 0.000203099209 0.003607728285 300 -1.421694462e-07 -2.525409796e-06 -2.529408387e-06
365 0.0002646817165 0.0037661484 300 -1.852772013e-07 -2.636303877e-06 -2.64280642e-06
366 0.0003494248817 0.003807626036 300 -2.445974169e-07 -2.665338222e-06 -2.676538013e-06
367 0.0004388102184 0.00378792452 300 -3.071671525e-07 -2.651547161e-06 -2.66927968e-06
368 0.0005443778532 0.003764636097 300 -3.810644968e-07 -2.635245265e-06 -2.662654269e-06
369 0.0006545346199 0.003742005562 300 -4.581742334e-07 -2.61940389e-06 -2.659172873e-06
370 0.0007647372031 0.003719069742 300 -5.353160416e-07 -2.603348816e-06 -2.657816458e-06
371 0.0008735197426 0.003694005533 300 -6.114638192e-07 -2.58580387e-06 -2.657116794e-06
372 0.0009809926406 0.003666053783 300 -6.866948477e-07 -2.566237645e-06 -2.656525073e-06
373 0.001087332465 0.003634874539 300 -7.611327247e-07 -2.544412175e-06 -2.655815569e-06
374 0.001192675591 0.003600728578 300 -8.34872913e-07 -2.520510002e-06 -2.655180493e-06
375 0.001296976589 0.003563698909 300 -9.078836113e-07 -2.494589234e-06 -2.654661579e-06
376 0.001400096248 0.003523641389 300 -9.800673725e-07 -2.466548969e-06 -2.654128082e-06
377 0.001502029823 0.003480800234 300 -1.051420875e-06 -2.436560161e-06 -2.653735344e-06
378 0.00160267323 0.00343521388 300 -1.121871259e-06 -2.404649713e-06 -2.653476091e-06
379 0.001701855263 0.003386707381 300 -1.191298683e-06 -2.370695164e-06 -2.653184523e-06
380 0.001799589184 0.003335492695 300 -1.259712427e-06 -2.334844884e-06 -2.652993786e-06
381 0.001895777465 0.003281594667 300 -1.327044224e-06 -2.297116265e-06 -2.652883244e-06
382 0.001990241955 0.003224839541 300 -1.393169367e-06 -2.257387676e-06 -2.652681663e-06
383 0.002083027266 0.003165432544 300 -1.458119084e-06 -2.215802778e-06 -2.652525818e-06
384 0.002174054774 0.003103413415 300 -1.52183834e-06 -2.172389388e-06 -2.652407885e-06
385 0.002263147291 0.003038641292 300 -1.584203102e-06 -2.127048902e-06 -2.652175805e-06
386 0.002350377051 0.002971339323 300 -1.645263934e-06 -2.079937524e-06 -2.651986711e-06
387 0.002435671301 0.002901576631 300 -1.704969909e-06 -2.03110364e-06 -2.651849239e-06
388 0.0025188364 0.00282924643 300 -1.763185478e-06 -1.980472499e-06 -2.651621079e-06
389 0.002599954738 0.002754576098 300 -1.819968315e-06 -1.928203267e-06 -2.651462333e-06
390 0.002678949762 0.002677645725 300 -1.875264831e-06 -1.874352005e-06 -2.651379571e-06
391 0.002755610266 0.002598365747 300 -1.928927184e-06 -1.818856021e-06 -2.651225624e-06
392 0.002830031324 0.002516952319 300 -1.981021924e-06 -1.761866621e-06 -2.651154815e-06
393 0.002902139193 0.002433487065 300 -2.031497433e-06 -1.703440944e-06 -2.651168208e-06
394 0.002971713309 0.0023478936 300 -2.080199314e-06 -1.643525518e-06 -2.651113977e-06
395 0.003038866643 0.002260373037 300 -2.127206648e-06 -1.582261124e-06 -2.651142845e-06
396 0.003103533872 0.002171006858 300 -2.172473708e-06 -1.519704799e-06 -2.651253418e-06
397 0.00316549135 0.002079731489 300 -2.215843942e-06 -1.455812041e-06 -2.651292718e-06
398 0.003224873945 0.001986730217 300 -2.257411759e-06 -1.39071115e-06 -2.651411954e-06
399 0.003281631052 0.001892082281 300 -2.297141734e-06 -1.324457595e-06 -2.651612352e-06
400 0.003335544803 0.001795736125 300 -2.33488136e-06 -1.257015286e-06 -2.651746291e-06
401 0.003386779568 0.001697855299 300 -2.370745695e-06 -1.188498708e-06 -2.651973667e-06
402 0.003435309973 0.001598516993 300 -2.404716978e-06 -1.118961894e-06 -2.652308328e-06
403 0.003480937605 0.001497684852 300 -2.436656321e-06 -1.048379395e-06 -2.652620098e-06
404 0.003523870521 0.001395507783 300 -2.466709362e-06 -9.768554473e-07 -2.653092845e-06
405 0.0035641308 0.00129207458 300 -2.494891557e-06 -9.044522053e-07 -2.653774232e-06
406 0.003601573332 0.001187397126 300 -2.52110133e-06 -8.311779872e-07 -2.654582596e-06
407 0.003636488709 0.001081680594 300 -2.545542094e-06 -7.571764149e-07 -2.655767436e-06
408 0.003668970419 0.0009751650671 300 -2.56827929e-06 -6.826155462e-07 -2.657446612e-06
409 0.003698868399 0.0008681406385 300 -2.589207877e-06 -6.076984463e-07 -2.659566662e-06
410 0.003726295374 0.0007611749902 300 -2.608406759e-06 -5.328224925e-07 -2.662270765e-06
411 0.003750785728 0.0006549612545 300 -2.625550007e-06 -4.584728776e-07 -2.665278638e-06
412 0.003770821194 0.0005499436371 300 -2.639574833e-06 -3.849605456e-07 -2.667498814e-06
413 0.003783698604 0.0004444835751 300 -2.64858902e-06 -3.111385022e-07 -2.666801636e-06
414 0.003785691957 0.000329176156 300 -2.649984367e-06 -2.304233089e-07 -2.659983467e-06
415 0.003730003562 0.0002483695242 300 -2.61100249e-06 -1.738586667e-07 -2.616784447e-06
416 0.003701418903 0.0003946807286 300 -2.590993229e-06 -2.762765097e-07 -2.605681221e-06
417 0.003696159706 0.000317335881 300 -2.587311791e-06 -2.221351165e-07 -2.596830051e-06
418 0.003648791307 0.0002623672858 300 -2.554153912e-06 -1.836570998e-07 -2.560748354e-06
419 0.003694927007 0.0004875935485 300 -2.586448902e-06 -3.413154835e-07 -2.608872205e-06
420 0.003674617499 0.0005839354864 300 -2.572232246e-06 -4.0875484e-07 -2.604507487e-06
421 0.003649224142 0.0006852410405 300 -2.554456897e-06 -4.796687278e-07 -2.599102177e-06
422 0.003621263441 0.0007889940039 300 -2.534884406e-06 -5.522958021e-07 -2.594353408e-06
423 0.003591376918 0.0008935964127 300 -2.51396384e-06 -6.255174881e-07 -2.590615046e-06
424 0.003559633768 0.0009981046586 300 -2.491743635e-06 -6.986732602e-07 -2.58784286e-06
425 0.003525888456 0.001101932167 300 -2.468121916e-06 -7.713525157e-07 -2.58584812e-06
426 0.003489950127 0.001204743873 300 -2.442965086e-06 -8.433207099e-07 -2.584428028e-06
427 0.003451603577 0.00130634952 300 -2.416122501e-06 -9.144446629e-07 -2.583380921e-06
428 0.003410726084 0.001406656548 300 -2.387508256e-06 -9.846595827e-07 -2.582585945e-06
429 0.003367276495 0.001505611836 300 -2.357093544e-06 -1.053928284e-06 -2.5819866e-06
430 0.003321188389 0.001603148414 300 -2.32483187e-06 -1.122203889e-06 -2.58150824e-06
431 0.003272444473 0.001699218858 300 -2.290711129e-06 -1.189453199e-06 -2.581115338e-06
432 0.003221074406 0.001793785075 300 -2.254752082e-06 -1.255649551e-06 -2.580806607e-06
433 0.00316706525 0.001886778397 300 -2.216945673e-06 -1.320744877e-06 -2.580545513e-06
434 0.003110440751 0.001978147486 300 -2.177308523e-06 -1.384703238e-06 -2.580324682e-06
435 0.003051263655 0.002067850647 300 -2.135884556e-06 -1.447495451e-06 -2.580163932e-06
436 0.002989551164 0.002155809452 300 -2.092685812e-06 -1.509066615e-06 -2.580041852e-06
437 0.002925350119 0.002241964337 300 -2.047745081e-06 -1.569375034e-06 -2.579960835e-06
438 0.002858740383 0.002326268105 300 -2.001118266e-06 -1.628387672e-06 -2.579945876e-06
439 0.002789755325 0.002408633154 300 -1.952828725e-06 -1.686043206e-06 -2.579977078e-06
440 0.002718452716 0.002488993851 300 -1.902916899e-06 -1.742295694e-06 -2.580055621e-06
441 0.002644919422 0.002567300404 300 -1.851443594e-06 -1.797110281e-06 -2.580203236e-06
442 0.002569197221 0.002643459108 300 -1.798438053e-06 -1.850421373e-06 -2.580395064e-06
443 0.002491347925 0.002717400399 300 -1.743943546e-06 -1.902180277e-06 -2.58062568e-06
444 0.002411458044 0.002789073216 300 -1.688020629e-06 -1.952351249e-06 -2.580908569e-06
445 0.002329569261 0.002858379763 300 -1.630698481e-06 -2.000865832e-06 -2.581209332e-06
446 0.002245736734 0.002925250769 300 -1.572015712e-06 -2.047675536e-06 -2.581512831e-06
447 0.002160034487 0.002989643192 300 -1.512024139e-06 -2.092750232e-06 -2.581825039e-06
448 0.002072493921 0.003051472825 300 -1.450745743e-06 -2.136030975e-06 -2.5821099e-06
449 0.00198315981 0.003110697349 300 -1.388211866e-06 -2.177488142e-06 -2.582360701e-06
450 0.001892102107 0.003167314529 300 -1.324471473e-06 -2.217120167e-06 -2.5826046e-06
451 0.001799365724 0.003221284376 300 -1.259556006e-06 -2.254899061e-06 -2.582837801e-06
452 0.001705019354 0.003272606328 300 -1.193513546e-06 -2.290824427e-06 -2.583089457e-06
453 0.001609161041 0.003321307242 300 -1.126412727e-06 -2.324915067e-06 -2.583415511e-06
454 0.001511865298 0.003367353683 300 -1.058305708e-06 -2.357147576e-06 -2.583825781e-06
455 0.001413218477 0.003410735253 300 -9.892529331e-07 -2.387514674e-06 -2.584346665e-06
456 0.001313326069 0.003451459287 300 -9.193282471e-07 -2.416021498e-06 -2.585019208e-06
457 0.001212273357 0.003489461262 300 -8.485913491e-07 -2.442622881e-06 -2.585829425e-06
458 0.001110155165 0.003524683256 300 -7.771086146e-07 -2.467278277e-06 -2.5867663e-06
459 0.001007064727 0.003557050377 300 -7.049453079e-07 -2.489935261e-06 -2.587803217e-06
460 0.0009029929872 0.0035863605 300 -6.320950903e-07 -2.510452347e-06 -2.588805746e-06
461 0.0007976752923 0.003612402064 300 -5.58372704e-07 -2.528681442e-06 -2.589596476e-06
462 0.0006901912991 0.003635209197 300 -4.831339088e-07 -2.544646435e-06 -2.590104989e-06
463 0.0005788808279 0.00365640351 300 -4.05216579e-07 -2.559482454e-06 -2.591360822e-06
464 0.0004682901579 0.003684380457 300 -3.278031102e-07 -2.579066317e-06 -2.599814983e-06
465 0.0003654335174 0.003719887593 300 -2.558034619e-07 -2.603921312e-06 -2.616455926e-06
466 0.0002856931319 0.003658352594 300 -1.999851921e-07 -2.560846813e-06 -2.568643703e-06
467 0.003574602344 0.0002766035945 300 -2.502221638e-06 -1.93622516e-07 -2.509701736e-06
468 0.003512483059 0.0002371156369 300 -2.458738138e-06 -1.659809456e-07 -2.464334171e-06
469 0.003615090852 0.0003519858588 300 -2.530563594e-06 -2.463901009e-07 -2.542530272e-06
470 0.003633365589 0.0004372989793 300 -2.543355909e-06 -3.061092852e-07 -2.561710791e-06
471 0.003606012165 0.0005150372629 300 -2.524208512e-06 -3.605260836e-07 -2.549825028e-06
472 0.003576347934 0.000610639524 300 -2.503443551e-06 -4.274476663e-07 -2.539673428e-06
473 0.003546478543 0.0007115357988 300 -2.482534977e-06 -4.980750586e-07 -2.532006848e-06
474 0.003515795536 0.0008140695051 300 -2.461056872e-06 -5.698486529e-07 -2.526168723e-06
475 0.003484186033 0.0009169060898 300 -2.43893022e-06 -6.418342621e-07 -2.521969833e-06
476 0.00345132999 0.001019162469 300 -2.41593099e-06 -7.134137276e-07 -2.519063655e-06
477 0.003416760587 0.001120336925 300 -2.391732408e-06 -7.842358463e-07 -2.517023991e-06
478 0.003380106332 0.001220225912 300 -2.36607443e-06 -8.541581377e-07 -2.515530626e-06
479 0.003341147911 0.001318762652 300 -2.338803535e-06 -9.231338554e-07 -2.514394179e-06
480 0.003299772763 0.001415917741 300 -2.309840931e-06 -9.911424178e-07 -2.513509184e-06
481 0.003255915008 0.001511661288 300 -2.279140503e-06 -1.0581629e-06 -2.512805236e-06
482 0.003209532605 0.001605959351 300 -2.246672821e-06 -1.124171544e-06 -2.512230169e-06
483 0.00316061192 0.001698779147 300 -2.212428341e-06 -1.189145401e-06 -2.511753561e-06
484 0.00310915237 0.001790082405 300 -2.176406656e-06 -1.253057682e-06 -2.511354115e-06
485 0.003055163626 0.001879826385 300 -2.138614536e-06 -1.315878468e-06 -2.511017379e-06
486 0.00299867612 0.001967969054 300 -2.099073281e-06 -1.377578336e-06 -2.51074306e-06
487 0.0029397273 0.002054460607 300 -2.057809107e-06 -1.438122423e-06 -2.510532698e-06
488 0.00287835833 0.002139244789 300 -2.014850829e-06 -1.497471351e-06 -2.510387283e-06
489 0.002814623922 0.002222266282 300 -1.970236743e-06 -1.555586395e-06 -2.510315091e-06
490 0.002748579949 0.002303462526 300 -1.924005962e-06 -1.612423766e-06 -2.510320566e-06
491 0.002680281229 0.002382765817 300 -1.876196858e-06 -1.66793607e-06 -2.51040343e-06
492 0.002609792033 0.002460111868 300 -1.826854421e-06 -1.722078306e-06 -2.510567818e-06
493 0.002537175509 0.002535430276 300 -1.776022854e-06 -1.774801191e-06 -2.51081191e-06
494 0.002462491624 0.002608645707 300 -1.723744135e-06 -1.826051993e-06 -2.511127182e-06
495 0.00238580637 0.002679686773 300 -1.670064457e-06 -1.875780739e-06 -2.511507251e-06
496 0.002307180753 0.002748475692 300 -1.615026525e-06 -1.923932982e-06 -2.51193726e-06
497 0.002226666946 0.002814930684 300 -1.55866686e-06 -1.970451476e-06 -2.51239356e-06
498 0.002144315418 0.002878978854 300 -1.501020791e-06 -2.015285196e-06 -2.512854519e-06
499 0.002060165409 0.002940550337 300 -1.442115785e-06 -2.058385234e-06 -2.513294194e-06
500 0.001974245181 0.002999587147 300 -1.381971625e-06 -2.099711001e-06 -2.513688895e-06
501 0.001886587307 0.003056061935 300 -1.320611113e-06 -2.139243352e-06 -2.514035765e-06
502 0.00179723206 0.003109969625 300 -1.25806244e-06 -2.176978735e-06 -2.514350317e-06
503 0.001706234928 0.003161322842 300 -1.194364448e-06 -2.212925987e-06 -2.51466655e-06
504 0.001613675382 0.0032101497 300 -1.129572766e-06 -2.247104788e-06 -2.515037686e-06
505 0.001519643107 0.003256467612 300 -1.063750174e-06 -2.279527326e-06 -2.515513717e-06
506 0.001424227101 0.003300277943 300 -9.969589696e-07 -2.310194558e-06 -2.51613316e-06
507 0.001327519291 0.003341578854 300 -9.292635029e-07 -2.339105195e-06 -2.51693142e-06
508 0.001229615007 0.003380353235 300 -8.607305037e-07 -2.366247262e-06 -2.517932307e-06
509 0.001130623109 0.003416562828 300 -7.914361755e-07 -2.391593977e-06 -2.519145286e-06
510 0.001030683081 0.003450136432 300 -7.214781556e-07 -2.4150955e-06 -2.520558867e-06
511 0.0009299464195 0.00348089362 300 -6.509624929e-07 -2.436625531e-06 -2.522081709e-06
512 0.0008284715486 0.003508431485 300 -5.799300833e-07 -2.455902037e-06 -2.523444811e-06
513 0.0007258561398 0.003531971814 300 -5.080992973e-07 -2.472380267e-06 -2.524050134e-06
514 0.0006191939526 0.003549987112 300 -4.334357663e-07 -2.484990975e-06 -2.52250802e-06
515 0.0004964519647 0.003562716652 300 -3.475163749e-07 -2.493901653e-06 -2.517997833e-06
516 0.0003855848861 0.00361512365 300 -2.6990942e-07 -2.530586552e-06 -2.544939958e-06
517 0.0002982016372 0.003544201131 300 -2.087411458e-07 -2.480940789e-06 -2.489706823e-06
518 0.0001321370201 0.003396581375 300.0000001 -9.249591393e-08 -2.37760696e-06 -2.379405461e-06
519 0.0001938653593 0.003426865374 300.0000001 -1.357057514e-07 -2.398805759e-06 -2.40264128e-06
520 0.0002625606346 0.003458882782 300 -1.83792444e-07 -2.421217945e-06 -2.428183683e-06
521 0.0001696932567 0.003274041755 300.0000001 -1.187852795e-07 -2.291829226e-06 -2.294905476e-06
522 0.0001866926012 0.003345105694 300.0000001 -1.306848207e-07 -2.341573983e-06 -2.345217952e-06
523 0.0002696223707 0.003375394594 300.0000001 -1.887356593e-07 -2.362776213e-06 -2.370302213e-06
524 0.000259124983 0.003272086027 300.0000001 -1.813874879e-07 -2.290460216e-06 -2.297631263e-06
525 0.0003547347524 0.003434033833 300 -2.483143264e-07 -2.40382368e-06 -2.416615048e-06
526 0.0003992859828 0.003521516484 300 -2.795001876e-07 -2.465061536e-06 -2.480856451e-06
527 0.0001370613958 0.00315397661 300.0000001 -9.594297696e-08 -2.207783624e-06 -2.209867323e-06
528 0.0001955817824 0.003199206638 300.0000001 -1.369072475e-07 -2.239444644e-06 -2.243625617e-06
529 0.0001728342719 0.003019574226 300.0000001 -1.209839901e-07 -2.113701955e-06 -2.117161562e-06
530 0.0002085411338 0.003098876041 300.0000001 -1.459787935e-07 -2.169213226e-06 -2.174119552e-06
531 0.0001354736501 0.002901423575 300.0000001 -9.483155491e-08 -2.0309965e-06 -2.033209238e-06
532 0.000192268315 0.002943132167 300.0000001 -1.345878203e-07 -2.060192514e-06 -2.064583996e-06
533 0.0001730655807 0.002767496981 300.0000001 -1.211459063e-07 -1.937247884e-06 -1.941032121e-06
534 0.0002048602035 0.002846938347 300.0000001 -1.434021423e-07 -1.99285684e-06 -1.99800965e-06
535 0.0001328891657 0.002651457572 300.0000001 -9.302241588e-08 -1.856020298e-06 -1.858349945e-06
536 0.0001896186089 0.002691399674 300.0000001 -1.32733026e-07 -1.883979769e-06 -1.888649736e-06
537 0.0001665517367 0.002522667604 300.0000001 -1.165862155e-07 -1.76586732e-06 -1.769711767e-06
538 0.0001995309706 0.002598085909 300.0000001 -1.396716792e-07 -1.818660134e-06 -1.824015587e-06
539 0.0001328728875 0.002406093247 300.0000001 -9.30110211e-08 -1.684265271e-06 -1.686831513e-06
540 0.0001868490476 0.002449752342 300.0000001 -1.307943331e-07 -1.714826637e-06 -1.719807417e-06
541 0.0001711080978 0.002274169459 300.0000002 -1.197756683e-07 -1.591918619e-06 -1.59641821e-06
542 0.000202917265 0.002354974541 300.0000001 -1.420420853e-07 -1.648482176e-06 -1.654590414e-06
543 0.0001334782329 0.002154677129 300.0000002 -9.343476288e-08 -1.508273988e-06 -1.511165271e-06
544 0.0001911591056 0.002197342705 300.0000002 -1.338113737e-07 -1.538139891e-06 -1.543949419e-06
545 0.0001685162325 0.002025336211 300.0000002 -1.179613626e-07 -1.417735346e-06 -1.422634315e-06
546 0.0001998957419 0.002101281908 300.0000002 -1.399270191e-07 -1.470897333e-06 -1.477537998e-06
547 0.0001330291839 0.001904262358 300.0000002 -9.312042856e-08 -1.332983649e-06 -1.336232323e-06
548 0.000200074726 0.001947296588 300.0000002 -1.40052308e-07 -1.36310761e-06 -1.370283549e-06
549 0.0001825311297 0.001749978924 300.0000002 -1.277717906e-07 -1.224985245e-06 -1.231630822e-06
550 0.0001898722147 0.001852965344 300.0000002 -1.329105501e-07 -1.297075739e-06 -1.303867588e-06
551 0.0004613499414 0.003451736096 300 -3.229449586e-07 -2.416215264e-06 -2.437701715e-06
552 0.0005622047479 0.003460660755 300 -3.935433231e-07 -2.422462526e-06 -2.454221065e-06
553 0.0006612572897 0.003453665344 300 -4.628801022e-07 -2.417565738e-06 -2.461479654e-06
554 0.0007580073174 0.003432906688 300 -5.306051216e-07 -2.403034679e-06 -2.460918012e-06
555 0.0008560008928 0.003406880227 300 -5.992006243e-07 -2.384816156e-06 -2.458940724e-06
556 0.0009541130465 0.003377371001 300 -6.678791318e-07 -2.364159698e-06 -2.456687528e-06
557 0.0010518487 0.003345154339 300 -7.362940892e-07 -2.341608035e-06 -2.454639927e-06
558 0.001148825947 0.003310500128 300 -8.041781619e-07 -2.317350087e-06 -2.452919473e-06
559 0.0012447975 0.003273470906 300 -8.713582492e-07 -2.291429632e-06 -2.451512789e-06
560 0.001339619834 0.003234081385 300 -9.377338823e-07 -2.263856967e-06 -2.450386337e-06
561 0.001433196079 0.003192337384 300 -1.003237254e-06 -2.234636166e-06 -2.449506845e-06
562 0.001525440953 0.003148240201 300 -1.067808666e-06 -2.203768138e-06 -2.448838368e-06
563 0.001616263113 0.003101782343 300 -1.131384177e-06 -2.171247638e-06 -2.448335447e-06
564 0.001705561759 0.003052936187 300 -1.19389323e-06 -2.137055328e-06 -2.447935155e-06
565 0.00179324057 0.003001648836 300 -1.255268398e-06 -2.101154183e-06 -2.447559529e-06
566 0.001879231528 0.002947861593 300 -1.315462068e-06 -2.063503113e-06 -2.447138236e-06
567 0.001963504139 0.002891540421 300 -1.374452895e-06 -2.024078293e-06 -2.446633135e-06
568 0.002046051693 0.002832693162 300 -1.432236184e-06 -1.982885211e-06 -2.446044612e-06
569 0.002126870502 0.002771368686 300 -1.48880935e-06 -1.939958078e-06 -2.445401935e-06
570 0.00220594461 0.002707642539 300 -1.544161225e-06 -1.895349775e-06 -2.444746338e-06
571 0.002283240582 0.0026416006 300 -1.598268406e-06 -1.849120418e-06 -2.444117063e-06
572 0.002358711405 0.002573330912 300 -1.651097982e-06 -1.801331636e-06 -2.443546645e-06
573 0.002432300857 0.002502919069 300 -1.702610598e-06 -1.752043346e-06 -2.443059298e-06
574 0.002503946649 0.002430444959 300 -1.752762652e-06 -1.701311469e-06 -2.442670185e-06
575 0.002573585183 0.002355984186 300 -1.801509626e-06 -1.649188928e-06 -2.442388391e-06
576 0.002641153358 0.00227960896 300 -1.848807348e-06 -1.59572627e-06 -2.442218446e-06
577 0.002706588293 0.002201387167 300 -1.894611803e-06 -1.540971015e-06 -2.442160018e-06
578 0.002769829532 0.002121383682 300 -1.93888067e-06 -1.484968576e-06 -2.442210049e-06
579 0.002830819353 0.002039660107 300 -1.981573545e-06 -1.427762073e-06 -2.442363251e-06
580 0.002889502241 0.001956272348 300 -2.022651566e-06 -1.369390642e-06 -2.442611326e-06
581 0.002945828325 0.001871270495 300 -2.062079825e-06 -1.309889345e-06 -2.44294562e-06
582 0.002999755733 0.001784698203 300 -2.09982901e-06 -1.249288741e-06 -2.44335921e-06
583 0.003051252132 0.001696591307 300 -2.13587649e-06 -1.187613914e-06 -2.443848438e-06
584 0.003100299721 0.001606979545 300 -2.170209802e-06 -1.12488568e-06 -2.444417799e-06
585 0.003146897584 0.001515888278 300 -2.202828306e-06 -1.061121793e-06 -2.445083231e-06
586 0.003191061301 0.00142333865 300 -2.233742908e-06 -9.963370538e-07 -2.445873035e-06
587 0.003232824896 0.001329348016 300 -2.262977424e-06 -9.305436101e-07 -2.446830242e-06
588 0.003272241066 0.00123392562 300 -2.290568743e-06 -8.637479331e-07 -2.448012594e-06
589 0.003309387538 0.00113705875 300 -2.316571274e-06 -7.959411239e-07 -2.449494793e-06
590 0.003344409868 0.001038695384 300 -2.341086905e-06 -7.270867682e-07 -2.451396146e-06
591 0.003377653163 0.0009387742156 300 -2.364357211e-06 -6.571419501e-07 -2.453980555e-06
592 0.003409905603 0.0008374861871 300 -2.386933919e-06 -5.862403303e-07 -2.457871286e-06
593 0.003442148765 0.0007356447936 300 -2.409504133e-06 -5.149513549e-07 -2.463916611e-06
594 0.003474663318 0.0006343706226 300 -2.432264319e-06 -4.440594353e-07 -2.472468099e-06
595 0.003507627772 0.0005334705294 300 -2.455339438e-06 -3.734293701e-07 -2.483574289e-06
596 0.003549664508 0.000437059749 300 -2.484765153e-06 -3.059418239e-07 -2.503529162e-06
597 0.003502043066 0.0003383560105 300 -2.451430144e-06 -2.368492071e-07 -2.462845366e-06
598 0.000360456105 0.003316038395 300.0000001 -2.523192732e-07 -2.321226874e-06 -2.334900258e-06
599 0.0004312442603 0.003371375766 300.0000001 -3.018709819e-07 -2.359963033e-06 -2.379191377e-06
600 0.0005238156702 0.003360913506 300.0000001 -3.666709687e-07 -2.352639451e-06 -2.381041786e-06
601 0.0006107769226 0.00338581261 300.0000001 -4.275438453e-07 -2.370068824e-06 -2.408323062e-06
602 0.0006911095495 0.003361575388 300.0000001 -4.837766841e-07 -2.353102769e-06 -2.402318156e-06
603 0.0007849413619 0.00333590538 300.0000001 -5.494589527e-07 -2.335133763e-06 -2.398907008e-06
604 0.0008801156871 0.003306816078 300.0000001 -6.160809802e-07 -2.314771252e-06 -2.395354195e-06
605 0.0009756785577 0.003275425369 300.0000001 -6.829749895e-07 -2.292797755e-06 -2.392357913e-06
606 0.001070774318 0.003242031061 300.0000001 -7.495420218e-07 -2.26942174e-06 -2.389997547e-06
607 0.001164916832 0.003206534601 300.0000001 -8.154417816e-07 -2.244574218e-06 -2.388107769e-06
608 0.001257922246 0.003168875401 300.0000001 -8.805455709e-07 -2.218212778e-06 -2.386593478e-06
609 0.001349703334 0.003129026544 300.0000001 -9.447923323e-07 -2.190318578e-06 -2.385398924e-06
610 0.001440197173 0.003086980488 300.0000001 -1.00813802e-06 -2.160886339e-06 -2.384485696e-06
611 0.001529329106 0.003042737102 300.0000001 -1.070530373e-06 -2.129915969e-06 -2.383815704e-06
612 0.001616992081 0.002996278929 300.0000001 -1.131894455e-06 -2.097395248e-06 -2.383327901e-06
613 0.00170305473 0.00294753808 300.0000001 -1.19213831e-06 -2.063276653e-06 -2.382919281e-06
614 0.001787409153 0.002896397838 300.0000001 -1.251186406e-06 -2.027478484e-06 -2.38246436e-06
615 0.00187001821 0.002842751045 300.0000001 -1.309012745e-06 -1.989925729e-06 -2.381872955e-06
616 0.001950908351 0.002786559425 300.0000001 -1.365635844e-06 -1.950591595e-06 -2.381127638e-06
617 0.002030122007 0.002727861303 300.0000001 -1.421085403e-06 -1.909502909e-06 -2.380269961e-06
618 0.002107680375 0.00266674316 300.0000001 -1.475376261e-06 -1.86672021e-06 -2.379365347e-06
619 0.002183573366 0.002603309621 300.0000001 -1.528501355e-06 -1.822316732e-06 -2.378477384e-06
620 0.002257765183 0.002537665644 300.0000001 -1.580435626e-06 -1.776365949e-06 -2.377656988e-06
621 0.00233020353 0.002469909235 300.0000001 -1.631142469e-06 -1.728936462e-06 -2.37694069e-06
622 0.002400827137 0.002400129469 300.0000001 -1.680578993e-06 -1.680090626e-06 -2.376352303e-06
623 0.002469571167 0.00232840734 300.0000001 -1.728699815e-06 -1.629885136e-06 -2.375905849e-06
624 0.002536370563 0.002254817725 300.0000001 -1.775459392e-06 -1.578372405e-06 -2.375608449e-06
625 0.002601161247 0.002179430763 300.0000001 -1.820812871e-06 -1.525601532e-06 -2.375461964e-06
626 0.00266388051 0.00210231259 300.0000001 -1.864716355e-06 -1.471618811e-06 -2.375463957e-06
627 0.002724467201 0.00202352528 300.0000001 -1.907127038e-06 -1.416467694e-06 -2.375608189e-06
628 0.002782861793 0.00194312538 300.0000001 -1.948003253e-06 -1.360187765e-06 -2.375884557e-06
629 0.002839007735 0.001861161889 300.0000001 -1.987305412e-06 -1.302813321e-06 -2.376279729e-06
630 0.002892854344 0.001777674509 300.0000001 -2.024998038e-06 -1.244372155e-06 -2.376779147e-06
631 0.002944360531 0.001692692497 300.0000001 -2.061052369e-06 -1.184884746e-06 -2.377370129e-06
632 0.002993499447 0.00160623524 300.0000001 -2.09544961e-06 -1.124364667e-06 -2.378046461e-06
633 0.00304026278 0.001518314698 300.0000001 -2.128183943e-06 -1.062820287e-06 -2.37881354e-06
634 0.003084662667 0.001428938306 300.0000001 -2.159263865e-06 -1.000256813e-06 -2.379692024e-06
635 0.003126730771 0.001338111248 300.0000001 -2.188711537e-06 -9.366778724e-07 -2.380719141e-06
636 0.003166512837 0.001245835471 300.0000001 -2.216558983e-06 -8.720848289e-07 -2.381945775e-06
637 0.003204056486 0.001152096781 300.0000001 -2.242839537e-06 -8.064677457e-07 -2.383425983e-06
638 0.003239400322 0.001056817992 300.0000001 -2.267580222e-06 -7.397725934e-07 -2.385200946e-06
639 0.00327262076 0.0009597439861 300.0000001 -2.290834529e-06 -6.718207895e-07 -2.387313555e-06
640 0.00330418367 0.0008603552303 300.0000001 -2.312928566e-06 -6.022486605e-07 -2.390050627e-06
641 0.003336183097 0.0007588623491 300.0000001 -2.335328165e-06 -5.312036437e-07 -2.3949812e-06
642 0.003370555635 0.0006572419996 300.0000001 -2.359388942e-06 -4.600693991e-07 -2.403826123e-06
643 0.003405456521 0.0005574041652 300 -2.383819562e-06 -3.901829151e-07 -2.415541018e-06
644 0.003434177895 0.0004460539839 300 -2.403924524e-06 -3.122377884e-07 -2.424117479e-06
645 0.003402336071 0.0003517920849 300.0000001 -2.381635247e-06 -2.462544591e-07 -2.394332414e-06
646 0.003426446713 0.0002676467083 300.0000001 -2.398512696e-06 -1.873526956e-07 -2.405818818e-06
647 0.003319920225 0.0002977698316 300.0000001 -2.323944155e-06 -2.084388819e-07 -2.333273066e-06
648 0.003208076417 0.0002827938743 300.0000001 -2.245653489e-06 -1.979557118e-07 -2.254361563e-06
649 0.003109801613 0.0002689457435 300.0000001 -2.176861126e-06 -1.882620202e-07 -2.184986716e-06
650 0.003007015466 0.0002475346332 300.0000001 -2.104910824e-06 -1.73274243e-07 -2.112030667e-06
651 0.003343121038 0.000495120657 300.0000001 -2.340184723e-06 -3.465844595e-07 -2.365710322e-06
652 0.003329620165 0.0004088897927 300.0000001 -2.330734113e-06 -2.862228546e-07 -2.348242966e-06
653 0.003234853017 0.0003773127143 300.0000001 -2.264397109e-06 -2.641188997e-07 -2.279748465e-06
654 0.003141005316 0.0003566471116 300.0000001 -2.198703718e-06 -2.496529778e-07 -2.212831817e-06
655 0.003042896956 0.0003459371359 300.0000001 -2.130027867e-06 -2.421559948e-07 -2.143748642e-06
656 0.003243818108 0.0004850649667 300.0000001 -2.270672672e-06 -3.395454763e-07 -2.295919318e-06
657 0.003167485755 0.0004323540885 300.0000001 -2.217240026e-06 -3.026478616e-07 -2.237800049e-06
658 0.003083790745 0.000432155966 300.0000001 -2.158653519e-06 -3.025091758e-07 -2.179746961e-06
659 0.003303279024 0.0005778591115 300.0000001 -2.312295314e-06 -4.045013775e-07 -2.347409419e-06
660 0.003262372392 0.0006789746847 300.0000001 -2.283660671e-06 -4.752822787e-07 -2.332594973e-06
661 0.003228761692 0.0007831194854 300.0000001 -2.260133181e-06 -5.481836391e-07 -2.325662766e-06
662 0.003200831539 0.0008837937618 300.0000001 -2.240582075e-06 -6.186556325e-07 -2.324423117e-06
663 0.003170092714 0.0009796889528 300.0000001 -2.219064897e-06 -6.857822661e-07 -2.322616269e-06
664 0.003136649571 0.001073307251 300.0000001 -2.195654697e-06 -7.513150747e-07 -2.320640836e-06
665 0.003100910335 0.001165346118 300.0000001 -2.170637232e-06 -8.157422814e-07 -2.318857793e-06
666 0.00306300701 0.001255926539 300.0000001 -2.144104904e-06 -8.791485762e-07 -2.317345045e-06
667 0.003022926961 0.001345054827 300.0000001 -2.11604887e-06 -9.415383777e-07 -2.316065055e-06
668 0.002980615468 0.001432729986 300.0000001 -2.086430825e-06 -1.002910989e-06 -2.314956595e-06
669 0.002936022097 0.001518958454 300.0000001 -2.055215466e-06 -1.063270916e-06 -2.313969674e-06
670 0.002889117704 0.001603750788 300.0000001 -2.022382391e-06 -1.12262555e-06 -2.313075585e-06
671 0.002839899133 0.001687116205 300.0000001 -1.98792939e-06 -1.180981342e-06 -2.312267327e-06
672 0.002788388132 0.00176905673 300.0000001 -1.95187169e-06 -1.23833971e-06 -2.311555392e-06
673 0.002734626423 0.001849561975 300.0000001 -1.914238493e-06 -1.294693381e-06 -2.31096083e-06
674 0.002678668825 0.001928606448 300.0000001 -1.875068175e-06 -1.350024512e-06 -2.310507919e-06
675 0.002620576859 0.00200615023 300.0000001 -1.834403799e-06 -1.40430516e-06 -2.310218665e-06
676 0.002560414277 0.002082141926 300.0000001 -1.792289992e-06 -1.457499347e-06 -2.310109902e-06
677 0.002498244941 0.002156522218 300.0000001 -1.748771457e-06 -1.509565551e-06 -2.310192581e-06
678 0.002434132699 0.002229226698 300.0000001 -1.703892887e-06 -1.560458687e-06 -2.310472307e-06
679 0.002368142273 0.002300187131 300.0000001 -1.657699589e-06 -1.61013099e-06 -2.310949963e-06
680 0.002300340151 0.002369330944 300.0000001 -1.610238104e-06 -1.658531659e-06 -2.311621512e-06
681 0.002230794573 0.002436579125 300.0000001 -1.561556199e-06 -1.705605385e-06 -2.312476485e-06
682 0.00215957354 0.002501842869 300.0000001 -1.511701476e-06 -1.751290006e-06 -2.313494767e-06
683 0.002086739916 0.00256501974 300.0000001 -1.460717939e-06 -1.795513816e-06 -2.314641821e-06
684 0.002012342655 0.002625990716 300.0000001 -1.408639857e-06 -1.838193499e-06 -2.315863032e-06
685 0.001936402677 0.00268462073 300.0000001 -1.355481872e-06 -1.879234508e-06 -2.317078644e-06
686 0.001858893188 0.00274076935 300.0000001 -1.30122523e-06 -1.918538542e-06 -2.318184039e-06
687 0.00177972396 0.002794325089 300.0000001 -1.245806771e-06 -1.95602756e-06 -2.319068417e-06
688 0.001698765379 0.002845274165 300.0000001 -1.189135764e-06 -1.991691913e-06 -2.319672507e-06
689 0.001615954236 0.002893764672 300.0000001 -1.131167964e-06 -2.025635268e-06 -2.320073103e-06
690 0.0015313949 0.002940043129 300.0000001 -1.071976429e-06 -2.058030188e-06 -2.320478769e-06
691 0.001445296476 0.002984275694 300.0000001 -1.011707532e-06 -2.088992983e-06 -2.321086774e-06
692 0.001357825628 0.003026487561 300.0000001 -9.504779381e-07 -2.11854129e-06 -2.321987405e-06
693 0.001269060208 0.003066653561 300.0000001 -8.883421445e-07 -2.14665749e-06 -2.323206866e-06
694 0.001179024835 0.003104766579 300.0000001 -8.253173832e-07 -2.173336603e-06 -2.324766821e-06
695 0.001087730236 0.003140856885 300.0000001 -7.614111644e-07 -2.198599817e-06 -2.326711868e-06
696 0.0009952042964 0.003175005805 300.0000001 -6.966430066e-07 -2.222504061e-06 -2.329127686e-06
697 0.0009015609392 0.003207444999 300.0000001 -6.310926566e-07 -2.245211496e-06 -2.332220531e-06
698 0.0008079374922 0.003239101598 300.0000001 -5.655562438e-07 -2.267371116e-06 -2.336840953e-06
699 0.0007160163116 0.003269325457 300.0000001 -5.012114175e-07 -2.288527817e-06 -2.342770252e-06
700 0.0006152083366 0.0032929317 300.0000001 -4.306458351e-07 -2.305052187e-06 -2.34493527e-06
701 0.0004556001553 0.003294751815 300.0000001 -3.189201083e-07 -2.306326268e-06 -2.328272082e-06
702 0.0005297624528 0.003270424063 300.0000001 -3.708337165e-07 -2.289296841e-06 -2.319137269e-06
703 0.0003438332352 0.003227314323 300.0000001 -2.406832643e-07 -2.259120023e-06 -2.271904865e-06
704 0.0004085283636 0.00323843852 300.0000001 -2.859698541e-07 -2.266906961e-06 -2.284873285e-06
705 0.0004793642445 0.003212309552 300.0000001 -3.355549707e-07 -2.248616683e-06 -2.273515808e-06
706 0.0002875754661 0.003168429215 300.0000001 -2.01302826e-07 -2.217900448e-06 -2.227017114e-06
707 0.003194949563 0.0005930930538 300.0000001 -2.236464691e-06 -4.151651372e-07 -2.274672813e-06
708 0.003134591246 0.0005103167661 300.0000001 -2.194213869e-06 -3.572217358e-07 -2.223101858e-06
709 0.000574510501 0.003191955124 300.0000001 -4.021573502e-07 -2.234368584e-06 -2.27027168e-06
710 0.0006599899407 0.003211660785 300.0000001 -4.619929579e-07 -2.248162547e-06 -2.295141026e-06
711 0.0007364226871 0.003175985236 300.0000001 -5.154958803e-07 -2.223189662e-06 -2.282171834e-06
712 0.0008280619669 0.003140437806 300.0000001 -5.796433761e-07 -2.198306462e-06 -2.273441827e-06
713 0.0009218564346 0.003109265389 300.0000001 -6.452995034e-07 -2.176485769e-06 -2.270132541e-06
714 0.001013119476 0.003076444932 300.0000001 -7.091836324e-07 -2.15351145e-06 -2.267278763e-06
715 0.001102848075 0.0030418217 300.0000001 -7.719936515e-07 -2.129275187e-06 -2.264903314e-06
716 0.001191193618 0.00300533049 300.0000001 -8.338355316e-07 -2.10373134e-06 -2.262955423e-06
717 0.00127823007 0.00296690045 300.0000001 -8.947610477e-07 -2.076830312e-06 -2.261376014e-06
718 0.001364019069 0.00292653205 300.0000001 -9.548133473e-07 -2.048572433e-06 -2.260158742e-06
719 0.001448575378 0.002884282652 300.0000001 -1.014002763e-06 -2.018997854e-06 -2.259325992e-06
720 0.001531788783 0.002840283623 300.0000001 -1.072252147e-06 -1.988198534e-06 -2.258906389e-06
721 0.001613294357 0.002794480509 300.0000001 -1.129306049e-06 -1.956136354e-06 -2.258716801e-06
722 0.001692712929 0.002746388787 300.0000001 -1.184899049e-06 -1.922472148e-06 -2.258292478e-06
723 0.00177008938 0.0026955533 300.0000001 -1.239062564e-06 -1.886887308e-06 -2.257347946e-06
724 0.001845745313 0.002641919471 300.0000001 -1.292021718e-06 -1.849343627e-06 -2.255968078e-06
725 0.001919916875 0.002585661348 300.0000001 -1.343941811e-06 -1.809962941e-06 -2.254361426e-06
726 0.001992691971 0.002526994959 300.0000001 -1.394884378e-06 -1.768896469e-06 -2.252708846e-06
727 0.002064065821 0.00246610961 300.0000001 -1.444846073e-06 -1.726276725e-06 -2.251135603e-06
728 0.00213398835 0.002403158039 300.0000001 -1.493791843e-06 -1.682210625e-06 -2.249721463e-06
729 0.002202390072 0.002338262163 300.0000001 -1.541673048e-06 -1.636783512e-06 -2.248514188e-06
730 0.002269195591 0.002271521027 300.0000001 -1.588436912e-06 -1.590064717e-06 -2.24754035e-06
731 0.002334330686 0.002203018323 300.0000001 -1.634031478e-06 -1.542112824e-06 -2.246813485e-06
732 0.002397725093 0.002132828704 300.0000001 -1.678407563e-06 -1.492980091e-06 -2.246339578e-06
733 0.002459312166 0.002061022202 300.0000001 -1.721518514e-06 -1.442715539e-06 -2.246119792e-06
734 0.002519026687 0.001987666287 300.0000001 -1.763318678e-06 -1.391366399e-06 -2.246150756e-06
735 0.002576802116 0.00191282527 300.0000001 -1.803761479e-06 -1.338977687e-06 -2.246423095e-06
736 0.002632568612 0.001836557036 300.0000001 -1.842798026e-06 -1.285589924e-06 -2.246919228e-06
737 0.002686253242 0.001758907556 300.0000001 -1.880377267e-06 -1.231235288e-06 -2.247611843e-06
738 0.002737783767 0.001679904586 300.0000001 -1.916448635e-06 -1.175933209e-06 -2.248464872e-06
739 0.002787096569 0.001599553387 300.0000001 -1.950967596e-06 -1.11968737e-06 -2.249438678e-06
740 0.002834147438 0.001517837925 300.0000001 -1.983903204e-06 -1.062486546e-06 -2.250499852e-06
741 0.002878921645 0.001434728393 300.0000001 -2.015245149e-06 -1.004309874e-06 -2.251633037e-06
742 0.002921439239 0.001350191371 300.0000001 -2.045007465e-06 -9.451339588e-07 -2.252850135e-06
743 0.002961754916 0.001264199162 300.0000001 -2.073228439e-06 -8.849394126e-07 -2.254194739e-06
744 0.002999952141 0.001176742959 300.0000001 -2.099966496e-06 -8.237200701e-07 -2.255742458e-06
745 0.003036115795 0.001087862925 300.0000001 -2.125281054e-06 -7.615040466e-07 -2.257588973e-06
746 0.003070224032 0.0009976935022 300.0000001 -2.14915682e-06 -6.983854507e-07 -2.259782572e-06
747 0.003101783628 0.0009064121021 300.0000001 -2.171248537e-06 -6.344884707e-07 -2.262055665e-06
748 0.003128530209 0.0008130561089 300.0000001 -2.189971143e-06 -5.691392755e-07 -2.262718083e-06
749 0.003141462309 0.0007032730596 300.0000001 -2.199023613e-06 -4.922911411e-07 -2.253454109e-06
750 0.003085200225 0.0006026378273 300.0000001 -2.159640155e-06 -4.218464785e-07 -2.20045451e-06
751 0.003033027367 0.0005162877923 300.0000001 -2.123119154e-06 -3.614014541e-07 -2.153658736e-06
752 0.0030627747 0.0007627186229 300.0000001 -2.143942287e-06 -5.339030353e-07 -2.209420961e-06
753 0.003028796654 0.0006888400242 300.0000001 -2.120157655e-06 -4.821880163e-07 -2.174298453e-06
754 0.003036690954 0.0008385676589 300.0000001 -2.125683665e-06 -5.869973605e-07 -2.205243058e-06
755 0.003005461383 0.0009252301358 300.0000001 -2.103822965e-06 -6.476610942e-07 -2.201257814e-06
756 0.00297235323 0.00101323527 300.0000001 -2.080647258e-06 -7.09264688e-07 -2.198215051e-06
757 0.002979547775 0.0006035257096 300.0000001 -2.08568344e-06 -4.224679962e-07 -2.128040089e-06
758 0.002937675233 0.001100454692 300.0000001 -2.056372661e-06 -7.703182836e-07 -2.195918664e-06
759 0.002901254035 0.001186303697 300.0000001 -2.030877822e-06 -8.304125866e-07 -2.194094299e-06
760 0.002862870334 0.001270648703 300.0000001 -2.004009231e-06 -8.894540909e-07 -2.192528581e-06
761 0.00282236728 0.001353501322 300.0000001 -1.975657093e-06 -9.474509244e-07 -2.191092012e-06
762 0.002779649569 0.001434909277 300.0000001 -1.945754696e-06 -1.004436492e-06 -2.189715508e-06
763 0.002734670884 0.001514931987 300.0000001 -1.914269616e-06 -1.060452389e-06 -2.188375524e-06
764 0.002687432576 0.001593633986 300.0000001 -1.8812028e-06 -1.115543789e-06 -2.187089829e-06
765 0.002637981591 0.001671069928 300.0000001 -1.846587111e-06 -1.169748948e-06 -2.185908635e-06
766 0.002586396854 0.001747266265 300.0000001 -1.810477795e-06 -1.223086384e-06 -2.184895913e-06
767 0.002532770503 0.00182221348 300.0000001 -1.77293935e-06 -1.275549434e-06 -2.184110871e-06
768 0.002477193205 0.001895871718 300.0000001 -1.734035241e-06 -1.327110201e-06 -2.18359788e-06
769 0.002419746761 0.001968182026 300.0000001 -1.693822731e-06 -1.377727416e-06 -2.183384592e-06
770 0.002360503435 0.002039076595 300.0000001 -1.652352402e-06 -1.427353614e-06 -2.183485013e-06
771 0.002299529283 0.002108485544 300.0000001 -1.609670496e-06 -1.475939879e-06 -2.183904217e-06
772 0.002236889285 0.002176339646 300.0000001 -1.565822498e-06 -1.52343775e-06 -2.184642459e-06
773 0.002172652604 0.002242569297 300.0000001 -1.520856821e-06 -1.569798506e-06 -2.18569733e-06
774 0.002106896408 0.002307099819 300.0000001 -1.474827483e-06 -1.614969871e-06 -2.187062823e-06
775 0.002039706609 0.002369843522 300.0000001 -1.427794625e-06 -1.658890463e-06 -2.188724528e-06
776 0.001971174025 0.002430689057 300.0000001 -1.379821816e-06 -1.701482338e-06 -2.190650677e-06
777 0.001901385754 0.002489488076 300.0000001 -1.330970026e-06 -1.742641651e-06 -2.192779317e-06
778 0.001830408724 0.002546036637 300.0000001 -1.281286105e-06 -1.782225643e-06 -2.194999391e-06
779 0.00175824568 0.002600046279 300.0000001 -1.230771975e-06 -1.820032393e-06 -2.197115738e-06
780 0.001684711896 0.002651124147 300.0000001 -1.179298325e-06 -1.8557869e-06 -2.198792751e-06
781 0.001609201605 0.002698905562 300.0000001 -1.126441122e-06 -1.889233891e-06 -2.199562296e-06
782 0.001530862093 0.002743667495 300.0000001 -1.071603464e-06 -1.920567244e-06 -2.199298189e-06
783 0.001450176166 0.002786929446 300.0000001 -1.015123315e-06 -1.95085061e-06 -2.19915744e-06
784 0.001368301573 0.002829154795 300.0000001 -9.578110999e-07 -1.980408354e-06 -2.19986803e-06
785 0.001285404681 0.002869660633 300.0000001 -8.997832752e-07 -2.00876244e-06 -2.20107621e-06
786 0.001201386118 0.002908343001 300.0000001 -8.409702815e-07 -2.035840098e-06 -2.202697419e-06
787 0.001116106888 0.002945123747 300.0000001 -7.812748206e-07 -2.06158662e-06 -2.204660912e-06
788 0.001029391551 0.002980038991 300.0000001 -7.20574085e-07 -2.086027291e-06 -2.206974597e-06
789 0.0009411488777 0.003013298624 300.0000001 -6.588042136e-07 -2.109309034e-06 -2.209798089e-06
790 0.0008514940181 0.003044543091 300.0000001 -5.960458119e-07 -2.131180161e-06 -2.212961701e-06
791 0.0007485456433 0.003067812011 300.0000001 -5.239819496e-07 -2.147468405e-06 -2.210470003e-06
792 0.0006574405949 0.00312899985 300.0000001 -4.602084158e-07 -2.190299892e-06 -2.238125422e-06
793 0.0005042177325 0.003136946942 300.0000001 -3.529524123e-07 -2.195862857e-06 -2.224047907e-06
794 0.0005749041838 0.003092100516 300.0000001 -4.024329281e-07 -2.164470358e-06 -2.201564033e-06
795 0.0004030963241 0.003142454623 300.0000001 -2.821674265e-07 -2.199718233e-06 -2.217741816e-06
796 0.0002513643852 0.003003383699 300.0000001 -1.759550694e-07 -2.102368587e-06 -2.109718906e-06
797 0.0003150064401 0.003071255959 300.0000001 -2.205045078e-07 -2.149879169e-06 -2.161157717e-06
798 0.0003970721437 0.003038907225 300.0000001 -2.779505002e-07 -2.127235055e-06 -2.1453171e-06
799 0.0004887210729 0.003047096226 300.0000001 -3.421047506e-07 -2.132967356e-06 -2.16022809e-06
800 0.0003420907043 0.002976177328 300.0000001 -2.394634927e-07 -2.083324127e-06 -2.097041293e-06
801 0.0002770458629 0.002912197159 300.0000001 -1.939321037e-07 -2.038538009e-06 -2.047741896e-06
802 0.0002609376139 0.002748803234 300.0000001 -1.826563295e-07 -1.924162261e-06 -1.932812392e-06
803 0.0002957520716 0.002830556391 300.0000001 -2.070264498e-07 -1.981389471e-06 -1.992175742e-06
804 0.0003756325258 0.002873688918 300.0000001 -2.629427677e-07 -2.01158224e-06 -2.028694656e-06
805 0.0004359586302 0.002958702966 300.0000001 -3.051710407e-07 -2.071092074e-06 -2.093454499e-06
806 0.0005311645937 0.002948341855 300.0000001 -3.718152151e-07 -2.063839295e-06 -2.097064422e-06
807 0.0005740826734 0.003013562134 300.0000001 -4.018578708e-07 -2.109493491e-06 -2.147429286e-06
808 0.000649900906 0.003035413725 300.0000001 -4.549306336e-07 -2.124789604e-06 -2.172945638e-06
809 0.0004806878112 0.002868930652 300.0000001 -3.364814674e-07 -2.008251453e-06 -2.036244995e-06
810 0.0003599498156 0.00277190874 300.0000001 -2.519648706e-07 -1.940336116e-06 -1.956627337e-06
811 0.0004372218787 0.002799020351 300.0000001 -3.060553146e-07 -1.959314243e-06 -1.983073917e-06
812 0.0007186966551 0.002965201548 300.0000001 -5.030876579e-07 -2.075641081e-06 -2.135739471e-06
813 0.0007970275134 0.002986133598 300.0000001 -5.579192586e-07 -2.090293516e-06 -2.163469639e-06
814 0.0008717307583 0.002951940187 300.0000001 -6.1021153e-07 -2.066358128e-06 -2.154575138e-06
815 0.0009587088006 0.002919258606 300.0000001 -6.710961595e-07 -2.043481021e-06 -2.150856745e-06
816 0.001043834095 0.002886032422 300.0000001 -7.306838655e-07 -2.020222693e-06 -2.148301338e-06
817 0.001127419352 0.002850944633 300.0000001 -7.891935452e-07 -1.99566124e-06 -2.146040596e-06
818 0.001209410285 0.00281386844 300.0000001 -8.465871985e-07 -1.969707905e-06 -2.143935427e-06
819 0.001290545158 0.002774919178 300.0000001 -9.033816091e-07 -1.942443422e-06 -2.142238264e-06
820 0.001370566415 0.002734327547 300.0000001 -9.593964893e-07 -1.91402928e-06 -2.141016046e-06
821 0.001450449179 0.002691538971 300.0000001 -1.015314424e-06 -1.884077277e-06 -2.140236101e-06
822 0.001529753455 0.002651488031 300.0000001 -1.070827417e-06 -1.856041619e-06 -2.142793002e-06
823 0.001603365852 0.002607838583 300.0000001 -1.122356095e-06 -1.825487006e-06 -2.142915307e-06
824 0.001674142463 0.002559493758 300.0000001 -1.171899723e-06 -1.791645628e-06 -2.140874358e-06
825 0.001743856289 0.002507552516 300.0000001 -1.220699401e-06 -1.755286759e-06 -2.138022131e-06
826 0.001812776661 0.002452867666 300.0000001 -1.268943661e-06 -1.717007364e-06 -2.13502513e-06
827 0.001880818595 0.002395900242 300.0000001 -1.316573015e-06 -1.677130167e-06 -2.13216559e-06
828 0.001947852675 0.002336918353 300.0000001 -1.36349687e-06 -1.635842845e-06 -2.129578721e-06
829 0.002013754198 0.002276099644 300.0000001 -1.409627937e-06 -1.593269749e-06 -2.127336225e-06
830 0.002078404886 0.002213567901 300.0000001 -1.454883418e-06 -1.549497528e-06 -2.125471324e-06
831 0.00214169775 0.002149411999 300.0000001 -1.499188423e-06 -1.504588397e-06 -2.123994391e-06
832 0.002203542927 0.002083702194 300.0000001 -1.542480047e-06 -1.458591534e-06 -2.122906959e-06
833 0.002263867092 0.002016502555 300.0000001 -1.584706962e-06 -1.411551787e-06 -2.122209839e-06
834 0.002322607183 0.001947879958 300.0000001 -1.625825026e-06 -1.363515969e-06 -2.121905467e-06
835 0.002379702285 0.001877907722 300.0000001 -1.665791597e-06 -1.314535404e-06 -2.121995517e-06
836 0.002435084234 0.001806664599 300.0000001 -1.704558961e-06 -1.264665218e-06 -2.122474821e-06
837 0.002488669695 0.00173422891 300.0000001 -1.742068784e-06 -1.213960236e-06 -2.123323598e-06
838 0.002540354471 0.001660665347 300.0000001 -1.778248127e-06 -1.162465741e-06 -2.124498294e-06
839 0.002590015345 0.00158600643 300.0000001 -1.813010739e-06 -1.110204499e-06 -2.125926144e-06
840 0.002637525621 0.001510230085 300.0000001 -1.846267932e-06 -1.057161058e-06 -2.127509055e-06
841 0.002682782847 0.001433254879 300.0000001 -1.877947991e-06 -1.003278414e-06 -2.129144483e-06
842 0.00272574445 0.001354970171 300.0000001 -1.908021112e-06 -9.484791183e-07 -2.130764465e-06
843 0.002766437406 0.001275275702 300.0000001 -1.936506182e-06 -8.9269299e-07 -2.132359483e-06
844 0.002804940799 0.001194087834 300.0000001 -1.963458557e-06 -8.358614828e-07 -2.133971397e-06
845 0.002841402434 0.00111131118 300.0000001 -1.988981701e-06 -7.779178247e-07 -2.135697626e-06
846 0.00287612858 0.001026854703 300.0000001 -2.013290003e-06 -7.187982909e-07 -2.137757615e-06
847 0.002909730925 0.0009408645357 300.0000001 -2.036811645e-06 -6.586051741e-07 -2.140645335e-06
848 0.002943237313 0.0008541312307 300.0000001 -2.060266116e-06 -5.978918607e-07 -2.14526715e-06
849 0.002979612887 0.00076936753 300.0000001 -2.085729018e-06 -5.385572703e-07 -2.154137756e-06
850 0.002925469935 0.0006909910442 300.0000001 -2.047828952e-06 -4.836937303e-07 -2.104177521e-06
851 0.0006253294788 0.002945860099 300.0000001 -4.377306346e-07 -2.062102066e-06 -2.108049582e-06
852 0.0005814178432 0.00285785163 300.0000001 -4.069924896e-07 -2.000496138e-06 -2.041476839e-06
853 0.000522124663 0.002777423966 300.0000001 -3.654872636e-07 -1.944196773e-06 -1.978252267e-06
854 0.002881634979 0.0007805826907 300.0000001 -2.017144483e-06 -5.464078827e-07 -2.089840529e-06
855 0.002847681496 0.0008696265495 300.0000001 -1.993377045e-06 -6.087385838e-07 -2.084253992e-06
856 0.002814928419 0.0009555695594 300.0000001 -1.970449891e-06 -6.688986907e-07 -2.080888808e-06
857 0.002782064917 0.001039175935 300.0000001 -1.947445439e-06 -7.274231533e-07 -2.078867043e-06
858 0.002747683299 0.001120506359 300.0000001 -1.923378307e-06 -7.8435445e-07 -2.077160565e-06
859 0.002711253588 0.001200038627 300.0000001 -1.897877509e-06 -8.400270378e-07 -2.075472106e-06
860 0.00267260851 0.001278012439 300.0000001 -1.870825955e-06 -8.946087059e-07 -2.073719964e-06
861 0.002631670256 0.001354525803 300.0000001 -1.842169176e-06 -9.481680608e-07 -2.071861469e-06
862 0.002588362343 0.001429679795 300.0000001 -1.811853637e-06 -1.000775855e-06 -2.06987099e-06
863 0.002542684177 0.001503657264 300.0000001 -1.779878922e-06 -1.052560083e-06 -2.067813266e-06
864 0.002494770869 0.001576639227 300.0000001 -1.746339606e-06 -1.103647458e-06 -2.065850849e-06
865 0.002444809526 0.001648720302 300.0000001 -1.711366666e-06 -1.15410421e-06 -2.064154159e-06
866 0.002392979183 0.001719872991 300.0000001 -1.675085426e-06 -1.203911092e-06 -2.062841027e-06
867 0.00233942922 0.001790021674 300.0000001 -1.637600452e-06 -1.25301517e-06 -2.061985028e-06
868 0.002284259302 0.001859062953 300.0000001 -1.598981509e-06 -1.301344065e-06 -2.061610594e-06
869 0.002227546147 0.001926899457 300.0000001 -1.559282301e-06 -1.348829618e-06 -2.061723219e-06
870 0.002169342018 0.001993443923 300.0000001 -1.518539411e-06 -1.395410744e-06 -2.062312558e-06
871 0.00210970004 0.002058626627 300.0000001 -1.476790026e-06 -1.441038637e-06 -2.063371303e-06
872 0.002048678637 0.002122390283 300.0000001 -1.434075044e-06 -1.485673196e-06 -2.064896142e-06
873 0.001986360938 0.002184687102 300.0000001 -1.390452654e-06 -1.529280969e-06 -2.06689595e-06
874 0.001922859663 0.002245456634 300.0000001 -1.346001762e-06 -1.571819642e-06 -2.069381002e-06
875 0.001858318429 0.002304617224 300.0000001 -1.300822898e-06 -1.613232055e-06 -2.072355635e-06
876 0.001792892225 0.002362032265 300.0000001 -1.255024556e-06 -1.653422583e-06 -2.07578729e-06
877 0.001726770444 0.002417515135 300.0000001 -1.208739309e-06 -1.692260592e-06 -2.079614539e-06
878 0.00166025825 0.002470773597 300.0000001 -1.162180774e-06 -1.729541516e-06 -2.083741348e-06
879 0.001593879401 0.002521134985 300.0000001 -1.115715579e-06 -1.764794487e-06 -2.087898665e-06
880 0.001527969619 0.002566472226 300.0000001 -1.069578732e-06 -1.796530556e-06 -2.09081819e-06
881 0.001456135326 0.002602165629 300.0000001 -1.019294727e-06 -1.821515938e-06 -2.087314555e-06
882 0.001364658465 0.002632390703 300.0000001 -9.552609244e-07 -1.842673489e-06 -2.075564748e-06
883 0.001298718184 0.00269282267 300.0000001 -9.091027273e-07 -1.884975866e-06 -2.092749814e-06
884 0.001210309085 0.002711514483 300.0000001 -8.472163586e-07 -1.898060135e-06 -2.078559077e-06
885 0.001140822755 0.00276969273 300.0000001 -7.985759276e-07 -1.938784908e-06 -2.096809584e-06
886 0.001052365529 0.002784486021 300.0000001 -7.366558691e-07 -1.949140212e-06 -2.083700899e-06
887 0.0009784059055 0.002838217952 300.0000001 -6.848841329e-07 -1.986752563e-06 -2.10148805e-06
888 0.0008871215221 0.002847873284 300.0000001 -6.209850646e-07 -1.993511296e-06 -2.087991795e-06
889 0.0007942560951 0.002902328804 300.0000001 -5.559792658e-07 -2.03163016e-06 -2.106331895e-06
890 0.000696288252 0.002855872184 300.0000001 -4.874017757e-07 -1.999110526e-06 -2.057669406e-06
891 0.0006322585436 0.00275230328 300.0000001 -4.425809799e-07 -1.926612293e-06 -1.976793579e-06
892 0.0007271459329 0.002761205141 300.0000001 -5.090021523e-07 -1.932843596e-06 -1.998741494e-06
893 0.0007942297068 0.002808130145 300.0000001 -5.55960794e-07 -1.965691099e-06 -2.042800504e-06
894 0.0008620698611 0.002763013591 300.0000001 -6.034489019e-07 -1.934109511e-06 -2.026062728e-06
895 0.0009495612058 0.002754709548 300.0000001 -6.646928432e-07 -1.928296681e-06 -2.039643269e-06
896 0.000798031134 0.002719761109 300.0000001 -5.586217931e-07 -1.903832774e-06 -1.984096151e-06
897 0.001021460708 0.002705457039 300.0000001 -7.150224946e-07 -1.893819925e-06 -2.024305084e-06
898 0.001104188907 0.002688953687 300.0000001 -7.729322342e-07 -1.882267578e-06 -2.034786346e-06
899 0.0008807101244 0.002686531097 300.0000001 -6.164970862e-07 -1.880571766e-06 -1.979044927e-06
900 0.0009641046532 0.002659376913 300.0000001 -6.748732563e-07 -1.861563836e-06 -1.98011965e-06
901 0.00117054126 0.002630705259 300.0000001 -8.193788808e-07 -1.841493679e-06 -2.015559654e-06
902 0.001257113597 0.002612246135 300.0000001 -8.79979517e-07 -1.828572292e-06 -2.029295586e-06
903 0.001036411781 0.002641760836 300.0000001 -7.254882458e-07 -1.849232583e-06 -1.986452703e-06
904 0.001096749745 0.002581069325 300.0000001 -7.677248202e-07 -1.806748525e-06 -1.963094912e-06
905 0.001321801705 0.002553900526 300.0000001 -9.252611925e-07 -1.787730365e-06 -2.012979914e-06
906 0.001397044057 0.00254225677 300.0000001 -9.779308384e-07 -1.779579737e-06 -2.030579416e-06
907 0.001466370435 0.002530671068 300.0000001 -1.026459303e-06 -1.771469745e-06 -2.047369962e-06
908 0.001517757923 0.002487291801 300.0000001 -1.062430545e-06 -1.741104259e-06 -2.039657496e-06
909 0.001579232679 0.002436633218 300.0000001 -1.105462874e-06 -1.70564325e-06 -2.03255186e-06
910 0.001643125352 0.002383928517 300.0000001 -1.150187745e-06 -1.66874996e-06 -2.026735868e-06
911 0.001707181708 0.0023294633 300.0000001 -1.195027194e-06 -1.630624308e-06 -2.021639342e-06
912 0.001770972608 0.002273256022 300.0000001 -1.239680824e-06 -1.591279214e-06 -2.017170811e-06
913 0.001834026499 0.002215454395 300.0000001 -1.283818548e-06 -1.550818074e-06 -2.013262716e-06
914 0.001896395219 0.00215615738 300.0000001 -1.327476651e-06 -1.509310164e-06 -2.010027719e-06
915 0.001957674939 0.002095517618 300.0000001 -1.370372456e-06 -1.466862331e-06 -2.007387796e-06
916 0.002017902095 0.002033464559 300.0000001 -1.412531464e-06 -1.423425189e-06 -2.005338976e-06
917 0.002076788112 0.001970144821 300.0000001 -1.453751676e-06 -1.379101373e-06 -2.003824976e-06
918 0.002134456934 0.001905448608 300.0000001 -1.494119852e-06 -1.333814024e-06 -2.002861448e-06
919 0.002190705655 0.001839583154 300.0000001 -1.533493957e-06 -1.287708206e-06 -2.002447537e-06
920 0.002245651358 0.001772477051 300.0000001 -1.571955948e-06 -1.240733934e-06 -2.00261484e-06
921 0.002299119835 0.001704408197 300.0000001 -1.609383882e-06 -1.193085736e-06 -2.003389641e-06
922 0.002351125621 0.001635337038 300.0000001 -1.645787933e-06 -1.144735925e-06 -2.004753915e-06
923 0.002401466606 0.00156560898 300.0000001 -1.681026622e-06 -1.095926285e-06 -2.006714958e-06
924 0.002449951665 0.001495105205 300.0000001 -1.714966163e-06 -1.046573642e-06 -2.009085695e-06
925 0.002496280962 0.001424118494 300.0000001 -1.747396671e-06 -9.968829445e-07 -2.01175812e-06
926 0.002540172389 0.001352045092 300.0000001 -1.77812067e-06 -9.464315632e-07 -2.014310259e-06
927 0.002581426437 0.001278871439 300.0000001 -1.806998503e-06 -8.952100059e-07 -2.01659231e-06
928 0.002620317816 0.001204006042 300.0000001 -1.834222469e-06 -8.428042281e-07 -2.018586394e-06
929 0.00265684284 0.001127898212 300.0000001 -1.859789985e-06 -7.895287471e-07 -2.020439168e-06
930 0.002690997647 0.001050030294 300.0000001 -1.88369835e-06 -7.350212049e-07 -2.022022662e-06
931 0.002722723898 0.0009702444445 300.0000001 -1.905906726e-06 -6.791711102e-07 -2.023302707e-06
932 0.002752762843 0.0008860778444 300.0000001 -1.926933987e-06 -6.202544902e-07 -2.024299934e-06
933 0.002785332238 0.0007999375675 300.0000001 -1.949732564e-06 -5.599562965e-07 -2.02854828e-06
934 0.002809992548 0.0006988374354 300.0000001 -1.966994781e-06 -4.891862041e-07 -2.026911841e-06
935 0.00287467353 0.0006042036904 300.0000001 -2.012271468e-06 -4.229425827e-07 -2.05623853e-06
936 0.002931429142 0.0005176455954 300.0000001 -2.052000397e-06 -3.623519163e-07 -2.083747715e-06
937 0.0029847623 0.0004309513105 300.0000001 -2.089333607e-06 -3.01665917e-07 -2.110999111e-06
938 0.002931968181 0.0003389667192 300.0000001 -2.052377724e-06 -2.372767031e-07 -2.066048053e-06
939 0.002915692766 0.0002512135419 300.0000001 -2.040984934e-06 -1.758494791e-07 -2.048546445e-06
940 0.001183703813 0.0025617296 300.0000001 -8.28592668e-07 -1.793210718e-06 -1.975391224e-06
941 0.001249437655 0.002504624765 300.0000001 -8.746063576e-07 -1.753237333e-06 -1.959279823e-06
942 0.0002604039598 0.002658126612 300.0000001 -1.822827716e-07 -1.860688626e-06 -1.869595991e-06
943 0.000342289098 0.002676535671 300.0000001 -2.396023682e-07 -1.873574967e-06 -1.888833622e-06
944 0.0004473049625 0.002704091006 300.0000001 -3.131134733e-07 -1.892863702e-06 -1.918586209e-06
945 0.0002409457443 0.002510022102 300.0000001 -1.686620208e-07 -1.757015469e-06 -1.765092132e-06
946 0.0003093061369 0.00257649567 300.0000001 -2.165142955e-07 -1.803546967e-06 -1.816496656e-06
947 0.0004152645124 0.002600978766 300.0000001 -2.906851583e-07 -1.820685134e-06 -1.843744076e-06
948 0.0003140627414 0.002487421359 300.0000001 -2.198439187e-07 -1.741194949e-06 -1.75501886e-06
949 0.000392069078 0.00250542251 300.0000001 -2.744483542e-07 -1.753795754e-06 -1.775139839e-06
950 0.0002688767127 0.002426620431 300.0000001 -1.882136986e-07 -1.698634299e-06 -1.709029806e-06
951 0.0002527364067 0.002260847897 300.0000002 -1.769154845e-07 -1.582593525e-06 -1.592451367e-06
952 0.00030955012 0.002338633424 300.0000001 -2.166850836e-07 -1.637043394e-06 -1.651321743e-06
953 0.000358565669 0.00241953738 300.0000001 -2.509959679e-07 -1.693676163e-06 -1.71217345e-06
954 0.002843886852 0.0002925792986 300.0000001 -1.990720794e-06 -2.048055087e-07 -2.001228266e-06
955 0.002752675836 0.0002513729304 300.0000001 -1.926873083e-06 -1.75961051e-07 -1.934890738e-06
956 0.002886149203 0.0004344120995 300.0000001 -2.02030444e-06 -3.040884692e-07 -2.043061386e-06
957 0.002844646513 0.0003695726128 300.0000001 -1.991252556e-06 -2.587008286e-07 -2.007987266e-06
958 0.002768281069 0.0003487418084 300.0000001 -1.937796746e-06 -2.441192655e-07 -1.953113014e-06
959 0.002831579259 0.0005159871453 300.0000001 -1.982105479e-06 -3.611910012e-07 -2.014745907e-06
960 0.002793710355 0.0004328219662 300.0000001 -1.955597246e-06 -3.029753759e-07 -1.978927656e-06
961 0.002771362488 0.0005976614617 300.0000001 -1.939953739e-06 -4.183630226e-07 -1.984552374e-06
962 0.002733523236 0.0005085807857 300.0000001 -1.913466262e-06 -3.560065495e-07 -1.946302597e-06
963 0.002698974726 0.0004192401404 300.0000001 -1.889282305e-06 -2.934680979e-07 -1.911939108e-06
964 0.002676976328 0.0003263280468 300.0000001 -1.873883427e-06 -2.284296324e-07 -1.887755067e-06
965 0.002663692568 0.0002484316615 300.0000001 -1.864584795e-06 -1.739021628e-07 -1.872676806e-06
966 0.002726492215 0.0007462794582 300.0000001 -1.908544548e-06 -5.2239562e-07 -1.978746946e-06
967 0.002707030772 0.0006713495905 300.0000001 -1.894921537e-06 -4.699447127e-07 -1.952325707e-06
968 0.002672914592 0.0005863469961 300.0000001 -1.871040211e-06 -4.104428967e-07 -1.915529912e-06
969 0.00269505408 0.0008175620094 300.0000001 -1.886537853e-06 -5.722934058e-07 -1.971432173e-06
970 0.002652524235 0.0009028682711 300.0000001 -1.856766962e-06 -6.320077889e-07 -1.961381502e-06
971 0.002644727424 0.0009871076786 300.0000001 -1.851309194e-06 -6.909753741e-07 -1.976054832e-06
972 0.002593572107 0.001054644404 300.0000001 -1.815500472e-06 -7.382510821e-07 -1.959861379e-06
973 0.002578799587 0.0011376015 300.0000001 -1.805159708e-06 -7.963210488e-07 -1.972999946e-06
974 0.002522459123 0.001201104551 300.0000001 -1.765721384e-06 -8.407731848e-07 -1.955676751e-06
975 0.002502709336 0.001283086356 300.0000001 -1.751896533e-06 -8.981604479e-07 -1.968713705e-06
976 0.002441845076 0.001341610606 300.0000001 -1.709291551e-06 -9.391274227e-07 -1.950291753e-06
977 0.002415799169 0.001422313384 300.0000001 -1.691059416e-06 -9.956193673e-07 -1.962381174e-06
978 0.00234969658 0.001478083799 300.0000001 -1.644787604e-06 -1.034658658e-06 -1.943153314e-06
979 0.002319285461 0.00155965748 300.0000001 -1.62349982e-06 -1.091760235e-06 -1.956448843e-06
980 0.002249779258 0.00161375497 300.0000001 -1.574845478e-06 -1.129628477e-06 -1.93809153e-06
981 0.002216285985 0.001695106279 300.0000001 -1.551400188e-06 -1.186574393e-06 -1.953151641e-06
982 0.002144485627 0.001746931363 300.0000001 -1.501139937e-06 -1.222851952e-06 -1.936178712e-06
983 0.002108064972 0.001827066865 300.0000001 -1.475645479e-06 -1.278946804e-06 -1.952750498e-06
984 0.002034384627 0.001876083333 300.0000001 -1.424069237e-06 -1.313258331e-06 -1.9371682e-06
985 0.00199490596 0.001954475785 300.0000001 -1.39643417e-06 -1.368133047e-06 -1.954946656e-06
986 0.001919512258 0.002000451755 300.0000001 -1.343658579e-06 -1.400316226e-06 -1.940696759e-06
987 0.001876949641 0.002076916985 300.0000001 -1.313864747e-06 -1.453841887e-06 -1.959565464e-06
988 0.001800163798 0.002120013643 300.0000001 -1.260114657e-06 -1.484009548e-06 -1.946836739e-06
989 0.001755046308 0.002194460607 300.0000001 -1.228532414e-06 -1.536122422e-06 -1.966968223e-06
990 0.001677912657 0.002234869167 300.0000001 -1.174538858e-06 -1.564408415e-06 -1.956250295e-06
991 0.00163091956 0.002306654841 300.0000001 -1.14164369e-06 -1.614658386e-06 -1.977491345e-06
992 0.001553861653 0.002344110736 300.0000001 -1.087703156e-06 -1.640877513e-06 -1.968648564e-06
993 0.001505965629 0.002414229858 300.0000001 -1.054175939e-06 -1.689960898e-06 -1.991796864e-06
994 0.001432566901 0.002456355555 300.0000001 -1.002796829e-06 -1.719448886e-06 -1.990503944e-06
995 0.001340150635 0.002479896411 300.0000001 -9.381054434e-07 -1.735927485e-06 -1.973191845e-06
996 0.002634035911 0.0004987870772 300.0000001 -1.843825135e-06 -3.491509536e-07 -1.876591995e-06
997 0.002590686268 0.0002900911201 300.0000001 -1.813480385e-06 -2.030637838e-07 -1.824813965e-06
998 0.002515241875 0.0002391316573 300.0000001 -1.76066931e-06 -1.673921599e-07 -1.768608649e-06
999 0.002588593727 0.0003995961134 300.0000001 -1.812015606e-06 -2.79717279e-07 -1.833478201e-06
1000 0.002497444426 0.0003343603797 300.0000001 -1.748211096e-06 -2.340522654e-07 -1.763809088e-06
1001 0.002424355571 0.0002697492864 300.0000001 -1.697048898e-06 -1.888245002e-07 -1.707521494e-06
1002 0.002340519762 0.000289311842 300.0000001 -1.638363831e-06 -2.025182891e-07 -1.650833032e-06
1003 0.002256812407 0.0002527564616 300.0000002 -1.579768683e-06 -1.769295228e-07 -1.589645604e-06
1004 0.002544903834 0.0004925302272 300.0000001 -1.781432681e-06 -3.447711586e-07 -1.814488784e-06
1005 0.002478496719 0.0004351879166 300.0000001 -1.734947701e-06 -3.046315412e-07 -1.761489114e-06
1006 0.002388517353 0.0003717982443 300.0000001 -1.671962145e-06 -2.602587706e-07 -1.692096936e-06
1007 0.001426917895 0.0004337523707 300.0000002 -9.98842525e-07 -3.036266591e-07 -1.043971043e-06
1008 0.00134069568 0.0004839692782 300.0000002 -9.384869746e-07 -3.387784943e-07 -9.977618301e-07
1009 0.001516265276 0.0003852210601 300.0000002 -1.061385692e-06 -2.696547417e-07 -1.095104226e-06
1010 0.001607402083 0.0003381600021 300.0000002 -1.125181456e-06 -2.367120011e-07 -1.149811237e-06
1011 0.001694357977 0.0002878376529 300.0000002 -1.186050582e-06 -2.014863567e-07 -1.203043115e-06
1012 0.001774233248 0.0002398891646 300.0000002 -1.241963272e-06 -1.67922415e-07 -1.253264021e-06
1013 0.001339139519 0.0005971717592 300.0000002 -9.373976619e-07 -4.180202309e-07 -1.026379701e-06
1014 0.001431268058 0.0005346434126 300.0000002 -1.001887639e-06 -3.742503883e-07 -1.069505584e-06
1015 0.001517220062 0.0004858353306 300.0000002 -1.062054042e-06 -3.400847309e-07 -1.115175508e-06
1016 0.00160564039 0.0004389309684 300.0000002 -1.123948272e-06 -3.072516774e-07 -1.165188101e-06
1017 0.001703523032 0.0003927762823 300.0000002 -1.19246612e-06 -2.749433972e-07 -1.223752148e-06
1018 0.001780703533 0.0003264584913 300.0000002 -1.246492471e-06 -2.285209436e-07 -1.267266863e-06
1019 0.001923409913 0.0002672727744 300.0000002 -1.346386937e-06 -1.870909418e-07 -1.359323657e-06
1020 0.001842350827 0.0002772289569 300.0000002 -1.289645577e-06 -1.940602696e-07 -1.304164522e-06
1021 0.002016760373 0.0002414095058 300.0000002 -1.411732259e-06 -1.689866538e-07 -1.421810276e-06
1022 0.002168102372 0.0002497393656 300.0000002 -1.517671658e-06 -1.748175556e-07 -1.527706922e-06
1023 0.002095825372 0.0002917736894 300.0000002 -1.467077758e-06 -2.042415823e-07 -1.481226442e-06
1024 0.002279691314 0.0003529129935 300.0000002 -1.595783918e-06 -2.47039095e-07 -1.614792441e-06
1025 0.00218453563 0.0003271124231 300.0000002 -1.529174939e-06 -2.289786958e-07 -1.54622354e-06
1026 0.0005004318635 0.002620319198 300.0000001 -3.50302304e-07 -1.834223436e-06 -1.867374445e-06
1027 0.0005532048386 0.002683874248 300.0000001 -3.872433864e-07 -1.878711971e-06 -1.918206483e-06
1028 0.0004995334099 0.002524350992 300.0000001 -3.496733864e-07 -1.767045692e-06 -1.801311177e-06
1029 0.000455035989 0.002424974987 300.0000001 -3.185251918e-07 -1.697482489e-06 -1.727108884e-06
1030 0.0006304726068 0.002660384933 300.0000001 -4.413308241e-07 -1.86226945e-06 -1.913849629e-06
1031 0.0007142191848 0.002671806751 300.0000001 -4.999534287e-07 -1.870264723e-06 -1.935934804e-06
1032 0.0005861580079 0.002589829181 300.0000001 -4.103106049e-07 -1.812880424e-06 -1.8587335e-06
1033 0.0005557718152 0.002427720987 300.0000001 -3.8904027e-07 -1.699404689e-06 -1.743367037e-06
1034 0.0005910456591 0.002503171415 300.0000001 -4.137319608e-07 -1.752219988e-06 -1.800402461e-06
1035 0.0006618757254 0.002532548067 300.0000001 -4.633130071e-07 -1.772783644e-06 -1.832326606e-06
1036 0.0006657952632 0.002605834037 300.0000001 -4.660566836e-07 -1.824083823e-06 -1.882681765e-06
1037 0.0007359988003 0.00257521028 300.0000001 -5.151991595e-07 -1.802647194e-06 -1.874824546e-06
1038 0.0008090887643 0.002629774184 300.0000001 -5.663621342e-07 -1.840841926e-06 -1.925997161e-06
1039 0.0009006834745 0.002594512126 300.0000001 -6.304784313e-07 -1.816158485e-06 -1.92248139e-06
1040 0.0009950936351 0.002575288342 300.0000001 -6.965655436e-07 -1.802701837e-06 -1.932598631e-06
1041 0.0008243921638 0.002532111145 300.0000001 -5.770745138e-07 -1.772477799e-06 -1.86405272e-06
1042 0.0007398638839 0.00248104402 300.0000001 -5.17904718e-07 -1.736730812e-06 -1.812307703e-06
1043 0.0009299716836 0.002485935511 300.0000001 -6.509801776e-07 -1.740154855e-06 -1.857932752e-06
1044 0.0008299789541 0.002428032244 300.0000001 -5.80985267e-07 -1.699622568e-06 -1.796179489e-06
1045 0.0006513797413 0.002442518296 300.0000001 -4.559658182e-07 -1.709762805e-06 -1.769517922e-06
1046 0.0007347805056 0.002377539502 300.0000001 -5.143463532e-07 -1.664277649e-06 -1.741944966e-06
1047 0.001042153495 0.002490385509 300.0000001 -7.295074453e-07 -1.743269854e-06 -1.889754189e-06
1048 0.001144240443 0.002481326349 300.0000001 -8.00968309e-07 -1.736928442e-06 -1.912712901e-06
1049 0.001212616017 0.002416404206 300.0000001 -8.48831211e-07 -1.691482942e-06 -1.892519212e-06
1050 0.00128558233 0.002429473994 300.0000001 -8.999076298e-07 -1.700631794e-06 -1.924053596e-06
1051 0.001354060885 0.002394038422 300.0000001 -9.47842618e-07 -1.675826893e-06 -1.925305535e-06
1052 0.001446026377 0.002347962044 300.0000001 -1.012218463e-06 -1.643573429e-06 -1.930264187e-06
1053 0.001082999002 0.00242009401 300.0000001 -7.580993003e-07 -1.694065804e-06 -1.855956222e-06
1054 0.001141339348 0.002396939826 300.0000001 -7.989375424e-07 -1.677857876e-06 -1.858361711e-06
1055 0.001003159436 0.002400558104 300.0000001 -7.022116039e-07 -1.680390671e-06 -1.821212218e-06
1056 0.0009133441093 0.002383178542 300.0000001 -6.393408756e-07 -1.668224977e-06 -1.786541723e-06
1057 0.0008367441355 0.002310110992 300.0000001 -5.85720894e-07 -1.617077692e-06 -1.7198864e-06
1058 0.001498869221 0.002279653478 300.0000001 -1.049208453e-06 -1.595757432e-06 -1.909785371e-06
1059 0.00157216639 0.002242003748 300.0000001 -1.100516471e-06 -1.569402621e-06 -1.916810135e-06
1060 0.001616612844 0.00217061304 300.0000001 -1.131628989e-06 -1.519429126e-06 -1.89453135e-06
1061 0.001691863028 0.002129668311 300.0000001 -1.184304118e-06 -1.490767816e-06 -1.903934065e-06
1062 0.001493674374 0.002215476243 300.0000001 -1.04557206e-06 -1.550833368e-06 -1.870375649e-06
1063 0.001532837118 0.002144238978 300.0000001 -1.072985981e-06 -1.500967282e-06 -1.845047885e-06
1064 0.001735603112 0.0020559174 300.0000001 -1.214922177e-06 -1.439142178e-06 -1.88339218e-06
1065 0.001810800975 0.00201322976 300.0000001 -1.267560681e-06 -1.40926083e-06 -1.895448803e-06
1066 0.001607865551 0.002103758746 300.0000001 -1.125505884e-06 -1.47263112e-06 -1.853484802e-06
1067 0.001649497928 0.002029396774 300.0000001 -1.154648548e-06 -1.42057774e-06 -1.830643161e-06
1068 0.001852258241 0.001938066049 300.0000001 -1.296580767e-06 -1.356646232e-06 -1.876595504e-06
1069 0.001925873757 0.001892826835 300.0000001 -1.348111628e-06 -1.324978782e-06 -1.890231133e-06
1070 0.001725435335 0.001988491777 300.0000001 -1.207804733e-06 -1.391944242e-06 -1.842905599e-06
1071 0.001765542701 0.001913823151 300.0000001 -1.235879889e-06 -1.339676204e-06 -1.822671509e-06
1072 0.00196430924 0.001815876378 300.0000001 -1.375016466e-06 -1.271113463e-06 -1.872538309e-06
1073 0.002036394134 0.001767678476 300.0000001 -1.425475892e-06 -1.237374931e-06 -1.887611782e-06
1074 0.00183953152 0.001870919868 300.0000001 -1.287672062e-06 -1.309643905e-06 -1.836645447e-06
1075 0.001876328837 0.001794682581 300.0000001 -1.313430184e-06 -1.256277805e-06 -1.817507296e-06
1076 0.002072088532 0.001688985599 300.0000001 -1.45046197e-06 -1.182289917e-06 -1.871269456e-06
1077 0.002142696342 0.001638152245 300.0000001 -1.499887437e-06 -1.14670657e-06 -1.888014376e-06
1078 0.001948815606 0.001748721158 300.0000001 -1.364170922e-06 -1.224104809e-06 -1.832865213e-06
1079 0.001983031017 0.001670537267 300.0000001 -1.38812171e-06 -1.169376085e-06 -1.815026807e-06
1080 0.002175977986 0.00155825875 300.0000001 -1.523184588e-06 -1.090781123e-06 -1.873471309e-06
1081 0.002244874744 0.001505513335 300.0000001 -1.571412319e-06 -1.053859333e-06 -1.89207721e-06
1082 0.002054407978 0.001621927856 300.0000001 -1.438085582e-06 -1.135349498e-06 -1.832241421e-06
1083 0.002086603682 0.00154224801 300.0000001 -1.460622575e-06 -1.079573605e-06 -1.816286728e-06
1084 0.00227588844 0.001425696938 300.0000001 -1.593121906e-06 -9.979878552e-07 -1.879898179e-06
1085 0.002341942641 0.00137250517 300.0000001 -1.639359847e-06 -9.607536175e-07 -1.900144263e-06
1086 0.002156843743 0.001491633397 300.0000001 -1.509790618e-06 -1.044143377e-06 -1.835675108e-06
1087 0.002187737412 0.001411379986 300.0000001 -1.531416186e-06 -9.879659887e-07 -1.822446798e-06
1088 0.002369178637 0.001295214051 300.0000001 -1.658425044e-06 -9.066498347e-07 -1.890076069e-06
1089 0.002428544718 0.001241535043 300.0000001 -1.6999813e-06 -8.69074529e-07 -1.909247746e-06
1090 0.00225641538 0.00136075928 300.0000001 -1.579490763e-06 -9.525314947e-07 -1.84448023e-06
1091 0.002286154541 0.00128350443 300.0000001 -1.600308177e-06 -8.984530997e-07 -1.835266802e-06
1092 0.002445590528 0.001161970541 300.0000001 -1.711913367e-06 -8.133793773e-07 -1.895318809e-06
1093 0.002501857126 0.001099993445 300.0000001 -1.751299985e-06 -7.699954107e-07 -1.91309816e-06
1094 0.002348895223 0.001236476357 300.0000001 -1.644226653e-06 -8.655334485e-07 -1.858125248e-06
1095 0.002370742318 0.001170763683 300.0000001 -1.65951962e-06 -8.195345766e-07 -1.850849073e-06
1096 0.002519076938 0.001021732015 300.0000001 -1.763353854e-06 -7.152124095e-07 -1.902878242e-06
1097 0.002564966468 0.0009573223727 300.0000001 -1.795476525e-06 -6.701256599e-07 -1.916456196e-06
1098 0.002406050017 0.001095867862 300.0000001 -1.684235009e-06 -7.671075021e-07 -1.850702971e-06
1099 0.002449247133 0.001026377189 300.0000001 -1.714472991e-06 -7.18464031e-07 -1.858926626e-06
1100 0.002571574861 0.0008743532931 300.0000001 -1.8001024e-06 -6.120473043e-07 -1.90130759e-06
1101 0.002618224163 0.0008264889832 300.0000001 -1.832756911e-06 -5.785422874e-07 -1.921902462e-06
1102 0.002636745755 0.000743013631 300.0000001 -1.845722026e-06 -5.20109541e-07 -1.917603643e-06
1103 0.002626351498 0.0006552453419 300.0000001 -1.838446046e-06 -4.586717387e-07 -1.8947991e-06
1104 0.002566790348 0.00058574898 300.0000001 -1.796753241e-06 -4.100242854e-07 -1.842943874e-06
1105 0.0025364287 0.0007941472899 300.0000001 -1.775500087e-06 -5.559031021e-07 -1.860491553e-06
1106 0.002549423417 0.0006892647448 300.0000001 -1.784596389e-06 -4.824853207e-07 -1.848668807e-06
1107 0.002487573551 0.0009696283812 300.0000001 -1.741301483e-06 -6.787398659e-07 -1.868908414e-06
1108 0.002487587341 0.0008901864054 300.0000001 -1.741311136e-06 -6.231304829e-07 -1.849447504e-06
1109 0.001182990596 0.002334959764 300.0000001 -8.280934163e-07 -1.634471832e-06 -1.832276419e-06
1110 0.001271235004 0.002353662695 300.0000001 -8.898645013e-07 -1.647563884e-06 -1.872518513e-06
1111 0.002445975225 0.0008124599645 300.0000001 -1.712182655e-06 -5.687219744e-07 -1.804165771e-06
1112 0.002447982315 0.0007222053578 300.0000001 -1.713587618e-06 -5.055437497e-07 -1.786604883e-06
1113 0.002483464275 0.0006346876018 300.0000001 -1.73842499e-06 -4.442813206e-07 -1.794298564e-06
1114 0.002458172927 0.0005426040365 300.0000001 -1.720721046e-06 -3.79822825e-07 -1.76214253e-06
1115 0.00239482537 0.0004695226866 300.0000001 -1.676377757e-06 -3.286658801e-07 -1.708292611e-06
1116 0.002305698353 0.0004508280669 300.0000001 -1.613988845e-06 -3.155796464e-07 -1.644551764e-06
1117 0.00220340987 0.000424957764 300.0000002 -1.542386907e-06 -2.974704344e-07 -1.570810628e-06
1118 0.002104272104 0.0003900414579 300.0000002 -1.472990471e-06 -2.730290201e-07 -1.498080696e-06
1119 0.001996523162 0.00034830947 300.0000002 -1.397566211e-06 -2.438166287e-07 -1.418674686e-06
1120 0.001875517286 0.0003585864673 300.0000002 -1.312862098e-06 -2.510105267e-07 -1.3366425e-06
1121 0.002418267186 0.0009520195749 300.0000001 -1.692787027e-06 -6.664137015e-07 -1.819240265e-06
1122 0.002390274708 0.0008705812932 300.0000001 -1.673192293e-06 -6.094069044e-07 -1.78071593e-06
1123 0.002396102761 0.0006330826784 300.0000001 -1.677271931e-06 -4.431578742e-07 -1.734828531e-06
1124 0.002344292807 0.0005466756671 300.0000001 -1.641004962e-06 -3.826729664e-07 -1.685032903e-06
1125 0.002225034056 0.0005383017794 300.0000002 -1.557523837e-06 -3.76811245e-07 -1.602456619e-06
1126 0.002122721254 0.0004897535295 300.0000002 -1.485904875e-06 -3.428274701e-07 -1.524940646e-06
1127 0.002023970363 0.0004575761863 300.0000002 -1.416779252e-06 -3.203033299e-07 -1.452534913e-06
1128 0.001937160523 0.0004307560538 300.0000002 -1.356012364e-06 -3.015292372e-07 -1.389132612e-06
1129 0.002369547995 0.0007843504164 300.0000001 -1.658683594e-06 -5.490452907e-07 -1.747192605e-06
1130 0.002357422101 0.0007063325366 300.0000001 -1.650195469e-06 -4.944327749e-07 -1.722674912e-06
1131 0.002287089718 0.0006451457572 300.0000001 -1.6009628e-06 -4.516020294e-07 -1.66343809e-06
1132 0.0018544471 0.0004575449722 300.0000002 -1.298112968e-06 -3.202814801e-07 -1.337040577e-06
1133 0.00179524631 0.0004017765418 300.0000002 -1.256672415e-06 -2.812435788e-07 -1.287759104e-06
1134 0.001762443271 0.0004732582914 300.0000002 -1.233710288e-06 -3.312808035e-07 -1.277414594e-06
1135 0.001680321083 0.0004820556333 300.0000002 -1.176224756e-06 -3.374389428e-07 -1.223670592e-06
1136 0.00161019015 0.0005488116642 300.0000002 -1.127133103e-06 -3.841681643e-07 -1.190804019e-06
1137 0.00151406588 0.0005729448668 300.0000002 -1.059846114e-06 -4.010614062e-07 -1.133191969e-06
1138 0.001450522492 0.0006335128645 300.0000002 -1.015365743e-06 -4.434590045e-07 -1.107981715e-06
1139 0.001381380403 0.000703574352 300.0000002 -9.669662806e-07 -4.925020457e-07 -1.085164528e-06
1140 0.001282568079 0.0006910417085 300.0000002 -8.977976542e-07 -4.837291953e-07 -1.019820848e-06
1141 0.001226497207 0.0007729466464 300.0000002 -8.585480437e-07 -5.410626517e-07 -1.014816996e-06
1142 0.001168042367 0.0008517358818 300.0000002 -8.17629656e-07 -5.962151164e-07 -1.011924266e-06
1143 0.001328005563 0.000783705941 300.0000002 -9.296038928e-07 -5.485941579e-07 -1.079406757e-06
1144 0.00127253752 0.0008706698815 300.0000002 -8.907762625e-07 -6.094689162e-07 -1.079321412e-06
1145 0.002181450088 0.0006373519662 300.0000002 -1.52701506e-06 -4.461463757e-07 -1.590855613e-06
1146 0.002132870155 0.0005722472458 300.0000002 -1.493009106e-06 -4.005730715e-07 -1.545812077e-06
1147 0.002048339828 0.0005545513398 300.0000002 -1.433837877e-06 -3.881859373e-07 -1.48545595e-06
1148 0.001936260563 0.0005312209646 300.0000002 -1.355382392e-06 -3.718546746e-07 -1.405466943e-06
1149 0.001821777913 0.0005486183933 300.0000002 -1.275244538e-06 -3.840328747e-07 -1.331814506e-06
1150 0.001720605744 0.0005559874271 300.0000002 -1.204424019e-06 -3.891911984e-07 -1.265743658e-06
1151 0.002287651303 0.0007462968495 300.0000001 -1.60135591e-06 -5.224077939e-07 -1.684414038e-06
1152 0.002219566886 0.0007070917322 300.0000002 -1.553696818e-06 -4.949642118e-07 -1.630632814e-06
1153 0.002289933296 0.0008473660121 300.0000001 -1.602953305e-06 -5.931562076e-07 -1.709179214e-06
1154 0.002332310836 0.0009362800768 300.0000001 -1.632617583e-06 -6.553960528e-07 -1.759256706e-06
1155 0.00220429715 0.0007866237299 300.0000001 -1.543008003e-06 -5.506366101e-07 -1.638314492e-06
1156 0.002364547725 0.00101829866 300.0000001 -1.655183405e-06 -7.128090608e-07 -1.802145627e-06
1157 0.002306151658 0.00109713167 300.0000001 -1.614306158e-06 -7.679921678e-07 -1.787679038e-06
1158 0.002290954498 0.001191010925 300.0000001 -1.603668146e-06 -8.33707646e-07 -1.807434636e-06
1159 0.002256268406 0.0009270079334 300.0000001 -1.579387882e-06 -6.489055524e-07 -1.707496559e-06
1160 0.002191798591 0.0008793254375 300.0000001 -1.534259012e-06 -6.155278053e-07 -1.653125886e-06
1161 0.002276493441 0.001001662898 300.0000001 -1.593545407e-06 -7.011640274e-07 -1.740981894e-06
1162 0.001673226951 0.0006434654657 300.0000002 -1.171258864e-06 -4.504258253e-07 -1.254882764e-06
1163 0.001561822678 0.0006614589338 300.0000002 -1.093275873e-06 -4.630212529e-07 -1.187282955e-06
1164 0.001476467011 0.0007306188831 300.0000002 -1.033526906e-06 -5.114332174e-07 -1.153144311e-06
1165 0.001412717831 0.000784618143 300.0000002 -9.889024799e-07 -5.492326993e-07 -1.131187285e-06
1166 0.001393153732 0.0008788572847 300.0000002 -9.752076109e-07 -6.152000984e-07 -1.153039915e-06
1167 0.001641269568 0.000726196365 300.0000002 -1.148888696e-06 -5.083374548e-07 -1.25632488e-06
1168 0.001568188828 0.0007739594301 300.0000002 -1.097732178e-06 -5.417716002e-07 -1.22414558e-06
1169 0.00148522235 0.0008259557003 300.0000002 -1.039655643e-06 -5.781689894e-07 -1.189606337e-06
1170 0.002191307253 0.001310469981 300.0000001 -1.533915075e-06 -9.173289854e-07 -1.787285071e-06
1171 0.002206445866 0.001217504669 300.0000001 -1.544512104e-06 -8.522532672e-07 -1.764044577e-06
1172 0.002089778147 0.001440688639 300.0000001 -1.462844701e-06 -1.008482046e-06 -1.776780981e-06
1173 0.002100751234 0.001344598974 300.0000001 -1.470525862e-06 -9.412192803e-07 -1.745949611e-06
1174 0.002111813466 0.001244708505 300.0000001 -1.478269424e-06 -8.712959521e-07 -1.715936224e-06
1175 0.002228444485 0.001140338775 300.0000001 -1.559911138e-06 -7.982371413e-07 -1.752285733e-06
1176 0.002208198768 0.001061152082 300.0000001 -1.545739135e-06 -7.428064563e-07 -1.714955074e-06
1177 0.002131650446 0.001134487405 300.0000001 -1.49215531e-06 -7.941411821e-07 -1.69032177e-06
1178 0.00219273236 0.0009696334516 300.0000001 -1.53491265e-06 -6.787434151e-07 -1.678287659e-06
1179 0.002115535332 0.001022990028 300.0000001 -1.48087473e-06 -7.160930189e-07 -1.644925281e-06
1180 0.001988147648 0.001569831081 300.0000001 -1.391703352e-06 -1.098881755e-06 -1.773239784e-06
1181 0.001999634651 0.001475312058 300.0000001 -1.399744254e-06 -1.032718439e-06 -1.739480195e-06
1182 0.002008262737 0.001378860302 300.0000001 -1.405783914e-06 -9.652022097e-07 -1.705240077e-06
1183 0.002016983409 0.001281215687 300.0000001 -1.411888384e-06 -8.968509795e-07 -1.672653727e-06
1184 0.002025304972 0.001179536868 300.0000001 -1.417713478e-06 -8.256758064e-07 -1.640625504e-06
1185 0.002027517944 0.00107459501 300.0000002 -1.419262559e-06 -7.52216506e-07 -1.606280138e-06
1186 0.001884314054 0.001695156177 300.0000001 -1.319019836e-06 -1.186609322e-06 -1.77421955e-06
1187 0.001897850099 0.001601939345 300.0000001 -1.328495067e-06 -1.12135754e-06 -1.738488388e-06
1188 0.001908177742 0.001507226814 300.0000001 -1.335724417e-06 -1.055058769e-06 -1.702148267e-06
1189 0.001917881372 0.001413037247 300.0000001 -1.342516958e-06 -9.891260713e-07 -1.66754975e-06
1190 0.001925797903 0.001318148499 300.0000002 -1.34805853e-06 -9.227039481e-07 -1.633598597e-06
1191 0.0019314022 0.001221108224 300.0000002 -1.351981538e-06 -8.547757556e-07 -1.599529828e-06
1192 0.001934041839 0.001120615685 300.0000002 -1.353829286e-06 -7.844309785e-07 -1.564667918e-06
1193 0.001777743991 0.001815738338 300.0000001 -1.244420792e-06 -1.271016835e-06 -1.778782421e-06
1194 0.00179407477 0.001724443965 300.0000001 -1.255852337e-06 -1.207110774e-06 -1.741918917e-06
1195 0.001806254877 0.001631138775 300.0000001 -1.264378412e-06 -1.141797141e-06 -1.703629502e-06
1196 0.001817865516 0.001538080972 300.0000001 -1.27250586e-06 -1.076656679e-06 -1.666871551e-06
1197 0.001828593655 0.00144530317 300.0000002 -1.280015557e-06 -1.011712218e-06 -1.631564108e-06
1198 0.00183793078 0.001353328368 300.0000002 -1.286551544e-06 -9.473298563e-07 -1.597701077e-06
1199 0.001843614592 0.001261119598 300.0000002 -1.290530212e-06 -8.827837175e-07 -1.563577731e-06
1200 0.001844104216 0.001165627577 300.0000002 -1.290872949e-06 -8.159393024e-07 -1.527124722e-06
1201 0.001665646178 0.001930830266 300.0000001 -1.165952323e-06 -1.351581184e-06 -1.784997624e-06
1202 0.001687360318 0.001840801524 300.0000001 -1.181152221e-06 -1.288561065e-06 -1.748001769e-06
1203 0.001703777347 0.001750600276 300.0000001 -1.192644141e-06 -1.225420191e-06 -1.709986752e-06
1204 0.001716375329 0.001660003716 300.0000001 -1.201462728e-06 -1.162002599e-06 -1.671455272e-06
1205 0.001727599597 0.001567670689 300.0000002 -1.209319716e-06 -1.097369481e-06 -1.632995393e-06
1206 0.001739474224 0.001475471881 300.0000002 -1.217631955e-06 -1.032830315e-06 -1.596673428e-06
1207 0.001751187541 0.001384745415 300.0000002 -1.225831277e-06 -9.693217892e-07 -1.562769033e-06
1208 0.001761641749 0.001297506656 300.0000002 -1.233149222e-06 -9.082546577e-07 -1.5315298e-06
1209 0.001762085954 0.001210724078 300.0000002 -1.233460166e-06 -8.47506853e-07 -1.496560004e-06
1210 0.001548292665 0.002045797422 300.0000001 -1.083804864e-06 -1.432058193e-06 -1.79594645e-06
1211 0.001571445445 0.001953006001 300.0000001 -1.10001181e-06 -1.367104199e-06 -1.754707916e-06
1212 0.001594477704 0.001860591372 300.0000001 -1.116134391e-06 -1.302413959e-06 -1.715237039e-06
1213 0.001617018405 0.001774180317 300.0000001 -1.131912882e-06 -1.24192622e-06 -1.680359339e-06
1214 0.001630308991 0.00168920803 300.0000001 -1.141216292e-06 -1.182445619e-06 -1.643335714e-06
1215 0.001636638335 0.001597543547 300.0000002 -1.145646833e-06 -1.118280481e-06 -1.600955309e-06
1216 0.001649586021 0.001504167142 300.0000002 -1.154710213e-06 -1.052916998e-06 -1.56268675e-06
1217 0.001662802866 0.001413046578 300.0000002 -1.163962004e-06 -9.891326033e-07 -1.527478594e-06
1218 0.001677649766 0.001323810907 300.0000002 -1.174354834e-06 -9.266676333e-07 -1.495935219e-06
1219 0.001698497922 0.001251142686 300.0000002 -1.188948543e-06 -8.757998788e-07 -1.476693626e-06
1220 0.001435899786 0.002162747934 300.0000001 -1.005129849e-06 -1.513923552e-06 -1.817209546e-06
1221 0.001454777296 0.002071300897 300.0000001 -1.018344106e-06 -1.449910626e-06 -1.771797263e-06
1222 0.00147299407 0.001974473406 300.0000001 -1.031095848e-06 -1.382131382e-06 -1.724368233e-06
1223 0.00149755399 0.001878167806 300.0000001 -1.048287791e-06 -1.314717462e-06 -1.681484255e-06
1224 0.001527782838 0.001787604427 300.0000001 -1.069447985e-06 -1.251323097e-06 -1.646064545e-06
1225 0.001558500901 0.001717145743 300.0000002 -1.090950629e-06 -1.202002019e-06 -1.623262803e-06
1226 0.001549794492 0.00163647119 300.0000002 -1.084856143e-06 -1.145529831e-06 -1.577704486e-06
1227 0.001546588748 0.001528235717 300.0000002 -1.082612122e-06 -1.069765e-06 -1.521987569e-06
1228 0.001585028701 0.00144332032 300.0000002 -1.109520089e-06 -1.010324223e-06 -1.500596502e-06
1229 0.001574680836 0.001346857281 300.0000002 -1.102276583e-06 -9.428000952e-07 -1.450477744e-06
1230 0.001618042633 0.001249478561 300.0000002 -1.132629841e-06 -8.746349913e-07 -1.431026459e-06
1231 0.001776589501 0.0006391744154 300.0000002 -1.243612649e-06 -4.474220901e-07 -1.321650085e-06
1232 0.001730654434 0.0007281288401 300.0000002 -1.211458102e-06 -5.096901873e-07 -1.314311539e-06
1233 0.001348205852 0.002298710592 300.0000001 -9.437440947e-07 -1.609097412e-06 -1.865434908e-06
1234 0.001428092645 0.002250390603 300.0000001 -9.996648504e-07 -1.57527342e-06 -1.865694551e-06
1235 0.001987923958 0.0006349467389 300.0000002 -1.391546769e-06 -4.444627166e-07 -1.460804407e-06
1236 0.001881743428 0.0006336976619 300.0000002 -1.317220398e-06 -4.435883626e-07 -1.389906548e-06
1237 0.002087928718 0.000640692594 300.0000002 -1.4615501e-06 -4.484848151e-07 -1.52881239e-06
1238 0.002138620466 0.0007194513093 300.0000002 -1.497034324e-06 -5.036159158e-07 -1.579474836e-06
1239 0.002100120964 0.0008193517893 300.0000002 -1.470084673e-06 -5.735462516e-07 -1.578006416e-06
1240 0.002109338606 0.0009251704815 300.0000002 -1.476537022e-06 -6.476193361e-07 -1.612318946e-06
1241 0.002039589722 0.0007250173919 300.0000002 -1.427712803e-06 -5.075121736e-07 -1.515233465e-06
1242 0.001935949764 0.0007233386693 300.0000002 -1.355164833e-06 -5.063370678e-07 -1.446668224e-06
1243 0.001833046984 0.0007243229866 300.0000002 -1.283132887e-06 -5.070260899e-07 -1.379675854e-06
1244 0.002031484505 0.0008870158327 300.0000002 -1.422039151e-06 -6.209110819e-07 -1.551684865e-06
1245 0.001988155131 0.0008117569575 300.0000002 -1.391708589e-06 -5.682298694e-07 -1.50324249e-06
1246 0.002025572076 0.0009721976564 300.0000002 -1.417900451e-06 -6.805383584e-07 -1.572760041e-06
1247 0.001934685967 0.001017116426 300.0000002 -1.354280175e-06 -7.119814975e-07 -1.530030211e-06
1248 0.001842779304 0.001065177414 300.0000002 -1.289945511e-06 -7.456241884e-07 -1.489937868e-06
1249 0.001752082588 0.00111459638 300.0000002 -1.22645781e-06 -7.80217465e-07 -1.453594872e-06
1250 0.001673784845 0.001174045026 300.0000002 -1.17164939e-06 -8.218315167e-07 -1.431142667e-06
1251 0.00188691509 0.0008094643397 300.0000002 -1.320840561e-06 -5.66625037e-07 -1.437248663e-06
1252 0.001936002946 0.0009058313254 300.0000002 -1.35520206e-06 -6.340819268e-07 -1.49620604e-06
1253 0.001843816797 0.0009636232402 300.0000002 -1.290671756e-06 -6.745362671e-07 -1.45630792e-06
1254 0.001842461122 0.000879171742 300.0000002 -1.289722783e-06 -6.154202185e-07 -1.429030057e-06
1255 0.001787498258 0.0008116064535 300.0000002 -1.251248779e-06 -5.681245166e-07 -1.374186659e-06
1256 0.00174940343 0.001008924597 300.0000002 -1.224582399e-06 -7.062472167e-07 -1.413643231e-06
1257 0.001641607135 0.001062636929 300.0000002 -1.149124993e-06 -7.438458493e-07 -1.368866282e-06
1258 0.001759077437 0.000904847807 300.0000002 -1.231354204e-06 -6.33393464e-07 -1.384709521e-06
1259 0.001658393072 0.000942085778 300.0000002 -1.160875149e-06 -6.594600436e-07 -1.33510998e-06
1260 0.00167377896 0.0008232389993 300.0000002 -1.17164527e-06 -5.762672987e-07 -1.30569393e-06
1261 0.001571764899 0.0008756424707 300.0000002 -1.100235428e-06 -6.129497286e-07 -1.259454392e-06
1262 0.001555943593 0.0009766116476 300.0000002 -1.089160513e-06 -6.836281523e-07 -1.28593082e-06
1263 0.001489778181 0.0009116515143 300.0000002 -1.042844725e-06 -6.381560591e-07 -1.222607164e-06
1264 0.001571132934 0.001155448418 300.0000002 -1.099793052e-06 -8.088138915e-07 -1.365183016e-06
1265 0.001531993129 0.001066152254 300.0000002 -1.072395189e-06 -7.463065765e-07 -1.306523994e-06
1266 0.001443106374 0.001001048497 300.0000002 -1.010174461e-06 -7.007339472e-07 -1.229422834e-06
1267 0.001321934355 0.0009736899803 300.0000002 -9.253540471e-07 -6.815829852e-07 -1.149276067e-06
1268 0.001198285008 0.0009626542096 300.0000002 -8.387995046e-07 -6.738579457e-07 -1.075950343e-06
1269 0.001096751481 0.0009104493763 300.0000002 -7.677260354e-07 -6.373145625e-07 -9.977841034e-07
1270 0.001095141514 0.001006405922 300.0000002 -7.665990586e-07 -7.044841446e-07 -1.041139773e-06
1271 0.001020270335 0.001040529173 300.0000002 -7.141892338e-07 -7.283704202e-07 -1.020093001e-06
1272 0.001264171857 0.001063325078 300.0000002 -8.849202986e-07 -7.443275537e-07 -1.156333621e-06
1273 0.001169954936 0.001061907777 300.0000002 -8.189684542e-07 -7.433354425e-07 -1.106009453e-06
1274 0.001360938191 0.001065263315 300.0000002 -9.52656732e-07 -7.456843193e-07 -1.209793351e-06
1275 0.001448743405 0.001134790373 300.0000002 -1.014120382e-06 -7.943532601e-07 -1.288191465e-06
1276 0.00151349875 0.001245341419 300.0000002 -1.059449123e-06 -8.717389923e-07 -1.371991733e-06
1277 0.001084966267 0.001114224541 300.0000002 -7.594763855e-07 -7.799571773e-07 -1.088640243e-06
1278 0.001491913535 0.001424399558 300.0000002 -1.044339473e-06 -9.970796893e-07 -1.443888099e-06
1279 0.001474803473 0.001328629616 300.0000002 -1.03236243e-06 -9.300407295e-07 -1.389513564e-06
1280 0.001459261016 0.001588555915 300.0000002 -1.02148271e-06 -1.111989139e-06 -1.509949261e-06
1281 0.001454460559 0.001503707894 300.0000002 -1.018122389e-06 -1.052595524e-06 -1.464421571e-06
1282 0.001467691496 0.00169877346 300.0000002 -1.027384045e-06 -1.18914142e-06 -1.571488242e-06
1283 0.001408141708 0.001450638182 300.0000002 -9.85699194e-07 -1.015446726e-06 -1.415180184e-06
1284 0.001400275628 0.001369738737 300.0000002 -9.801929384e-07 -9.588171143e-07 -1.371170469e-06
1285 0.0009791700338 0.001106420459 300.0000002 -6.854190227e-07 -7.744943204e-07 -1.034234349e-06
1286 0.000903954623 0.001090011357 300.0000002 -6.327682352e-07 -7.630079491e-07 -9.912501046e-07
1287 0.0009118720134 0.001173413608 300.0000002 -6.383104085e-07 -8.213895244e-07 -1.040250416e-06
1288 0.0008288063018 0.001198948655 300.0000002 -5.801644105e-07 -8.392640571e-07 -1.020271974e-06
1289 0.0007798372687 0.001270679833 300.0000002 -5.458860873e-07 -8.894758818e-07 -1.04362779e-06
1290 0.0007023104569 0.001232208157 300.0000002 -4.916173191e-07 -8.625457084e-07 -9.928104994e-07
1291 0.0006912309129 0.001308319369 300.0000002 -4.838616383e-07 -9.158235567e-07 -1.035787079e-06
1292 0.0006062382493 0.001338209973 300.0000002 -4.243667739e-07 -9.367469795e-07 -1.028388089e-06
1293 0.0005361049633 0.001360861655 300.0000002 -3.752734738e-07 -9.526031572e-07 -1.023856902e-06
1294 0.0004681917923 0.001338361853 300.0000002 -3.277342542e-07 -9.36853296e-07 -9.925239743e-07
1295 0.00041317191 0.00139687042 300.0000002 -2.892203366e-07 -9.778092926e-07 -1.01968594e-06
1296 0.0003422714287 0.001378853854 300.0000002 -2.395899997e-07 -9.651976961e-07 -9.944897991e-07
1297 0.0004949497672 0.001417003744 300.0000002 -3.464648366e-07 -9.919026192e-07 -1.05067059e-06
1298 0.0003523513373 0.001457444951 300.0000002 -2.466459357e-07 -1.020211464e-06 -1.049602615e-06
1299 0.0002772512764 0.001514754959 300.0000002 -1.940758932e-07 -1.06032847e-06 -1.077943374e-06
1300 0.0004406686805 0.001483727081 300.0000002 -3.084680759e-07 -1.038608955e-06 -1.083448714e-06
1301 0.0002818656091 0.001615182158 300.0000002 -1.973059261e-07 -1.130627509e-06 -1.147714334e-06
1302 0.0002133958892 0.001661984359 300.0000002 -1.493771222e-07 -1.163389049e-06 -1.172939728e-06
1303 0.0003750627054 0.00156358736 300.0000002 -2.625438934e-07 -1.094511151e-06 -1.125559396e-06
1304 0.0002768098413 0.001710834727 300.0000002 -1.937668886e-07 -1.197584307e-06 -1.213158596e-06
1305 0.0002674027165 0.001804566723 300.0000002 -1.871819012e-07 -1.263196704e-06 -1.276989811e-06
1306 0.0002601986077 0.001886089936 300.0000002 -1.821390251e-07 -1.320262953e-06 -1.332767381e-06
1307 0.000360448914 0.001668303354 300.0000002 -2.523142395e-07 -1.167812346e-06 -1.194758616e-06
1308 0.0003547107653 0.001765242186 300.0000002 -2.482975353e-07 -1.235669528e-06 -1.260369331e-06
1309 0.0003397762456 0.001862629155 300.0000002 -2.378433716e-07 -1.303840407e-06 -1.325356282e-06
1310 0.0004773465439 0.001569632342 300.0000002 -3.341425802e-07 -1.098742638e-06 -1.148427903e-06
1311 0.0004349630308 0.001636250636 300.0000002 -3.044741211e-07 -1.145375443e-06 -1.185153744e-06
1312 0.0005306114825 0.001497935831 300.0000002 -3.714280372e-07 -1.04855508e-06 -1.112396756e-06
1313 0.0004387132742 0.001718998274 300.0000002 -3.070992915e-07 -1.20329879e-06 -1.241868734e-06
1314 0.0005804580631 0.001424319915 300.0000002 -4.063206436e-07 -9.970239388e-07 -1.076639773e-06
1315 0.000683975682 0.00141454203 300.0000002 -4.787829767e-07 -9.901794198e-07 -1.099858365e-06
1316 0.0007596575241 0.001359456646 300.0000002 -5.317602661e-07 -9.516196509e-07 -1.090114187e-06
1317 0.0004445169937 0.001826517254 300.0000002 -3.111618951e-07 -1.278562076e-06 -1.315880962e-06
1318 0.0003035086912 0.001963278437 300.0000002 -2.124560835e-07 -1.374294904e-06 -1.390620031e-06
1319 0.0002335824325 0.002020905435 300.0000002 -1.635077025e-07 -1.414633803e-06 -1.424051812e-06
1320 0.0002957428235 0.002067520327 300.0000002 -2.070199761e-07 -1.447264227e-06 -1.461995558e-06
1321 0.0002789054002 0.002164859048 300.0000002 -1.952337798e-07 -1.515401331e-06 -1.527925857e-06
1322 0.0003622359346 0.002235881435 300.0000002 -2.535651539e-07 -1.565117002e-06 -1.585524052e-06
1323 0.0004113625632 0.002334919585 300.0000001 -2.879537938e-07 -1.634443707e-06 -1.659615504e-06
1324 0.0003712574556 0.002126821582 300.0000002 -2.598802186e-07 -1.488775105e-06 -1.511287213e-06
1325 0.0005122139267 0.002339159281 300.0000001 -3.585497482e-07 -1.637411494e-06 -1.676208317e-06
1326 0.0006244222228 0.002334122086 300.0000001 -4.370955553e-07 -1.633885458e-06 -1.691340951e-06
1327 0.0003867280774 0.00202865938 300.0000002 -2.707096538e-07 -1.420061564e-06 -1.445634311e-06
1328 0.0004077224835 0.001930583223 300.0000002 -2.85405738e-07 -1.351408254e-06 -1.38121711e-06
1329 0.0004408604307 0.002174258421 300.0000002 -3.08602301e-07 -1.521980892e-06 -1.552952419e-06
1330 0.000470102065 0.002252118276 300.0000002 -3.29071445e-07 -1.576482791e-06 -1.610461426e-06
1331 0.0004624042878 0.002090583026 300.0000002 -3.23683001e-07 -1.463408116e-06 -1.498777501e-06
1332 0.0004790583408 0.001993907735 300.0000002 -3.353408381e-07 -1.395735413e-06 -1.435454917e-06
1333 0.0004922837364 0.001908980789 300.0000002 -3.44598615e-07 -1.33628655e-06 -1.380003605e-06
1334 0.0005141638368 0.001757144318 300.0000002 -3.599146852e-07 -1.230001021e-06 -1.281577579e-06
1335 0.0005633544204 0.001842811964 300.0000002 -3.943480937e-07 -1.289968373e-06 -1.348899115e-06
1336 0.0005228392069 0.001660939875 300.0000002 -3.659874443e-07 -1.162657911e-06 -1.218901238e-06
1337 0.0005591762869 0.001575624982 300.0000002 -3.914234003e-07 -1.102937486e-06 -1.170334728e-06
1338 0.0006305416965 0.001517445386 300.0000002 -4.413791869e-07 -1.062211769e-06 -1.150264938e-06
1339 0.0007973950814 0.00145002855 300.0000002 -5.581765562e-07 -1.015019983e-06 -1.158372407e-06
1340 0.0007217039313 0.00150420492 300.0000002 -5.051927512e-07 -1.052943442e-06 -1.167865407e-06
1341 0.0007031458795 0.00157343123 300.0000002 -4.922021149e-07 -1.101401859e-06 -1.206378455e-06
1342 0.0006341590298 0.001632347365 300.0000002 -4.439113202e-07 -1.142643154e-06 -1.225842827e-06
1343 0.0006007334886 0.001736935089 300.0000002 -4.205134414e-07 -1.21585456e-06 -1.286520061e-06
1344 0.0007356450932 0.00164775047 300.0000002 -5.149515645e-07 -1.153425327e-06 -1.263156799e-06
1345 0.000686386742 0.001714804339 300.0000002 -4.804707187e-07 -1.200363036e-06 -1.29295148e-06
1346 0.000683042319 0.001813982596 300.0000002 -4.781296226e-07 -1.269787815e-06 -1.35682314e-06
1347 0.0006415026367 0.001905513261 300.0000002 -4.49051845e-07 -1.333859281e-06 -1.407418964e-06
1348 0.0005662873096 0.001951569886 300.0000002 -3.964011162e-07 -1.366098918e-06 -1.422448628e-06
1349 0.0005582013036 0.002053886478 300.0000002 -3.907409119e-07 -1.437720533e-06 -1.489872072e-06
1350 0.0006628195504 0.002004988128 300.0000002 -4.639736845e-07 -1.403491688e-06 -1.478195013e-06
1351 0.0005375921394 0.002166911245 300.0000002 -3.76314497e-07 -1.516837869e-06 -1.562821078e-06
1352 0.000555852459 0.002262364967 300.0000002 -3.890967207e-07 -1.583655474e-06 -1.630754708e-06
1353 0.000634672559 0.002219955516 300.0000002 -4.442707907e-07 -1.553968859e-06 -1.616228867e-06
1354 0.0007255140453 0.002270959116 300.0000001 -5.07859831e-07 -1.589671379e-06 -1.668824946e-06
1355 0.000640286339 0.002116465302 300.0000002 -4.482004366e-07 -1.481525709e-06 -1.547837866e-06
1356 0.0007235841571 0.002170266121 300.0000002 -5.065089092e-07 -1.519186282e-06 -1.601398837e-06
1357 0.0007983554403 0.002214725422 300.0000001 -5.588488074e-07 -1.550307793e-06 -1.647958204e-06
1358 0.0007243251567 0.002083655337 300.0000002 -5.07027609e-07 -1.458558733e-06 -1.544173104e-06
1359 0.0008175720376 0.002117220723 300.0000002 -5.723004255e-07 -1.482054504e-06 -1.588714364e-06
1360 0.0007312630608 0.001915150896 300.0000002 -5.118841418e-07 -1.340605625e-06 -1.435008299e-06
1361 0.0007768542107 0.002010191279 300.0000002 -5.437979467e-07 -1.407133893e-06 -1.508556263e-06
1362 0.0007779012914 0.001743471097 300.0000002 -5.445309032e-07 -1.220429766e-06 -1.336399161e-06
1363 0.0007792097975 0.001840303126 300.0000002 -5.454468574e-07 -1.288212186e-06 -1.398929201e-06
1364 0.0008434283652 0.001916962025 300.0000002 -5.903998548e-07 -1.341873415e-06 -1.466013728e-06
1365 0.0008812376505 0.002023959656 300.0000002 -6.168663544e-07 -1.416771757e-06 -1.545239888e-06
1366 0.0008793454015 0.001264992286 300.0000002 -6.155417801e-07 -8.85494599e-07 -1.078421239e-06
1367 0.0008456150838 0.001353785127 300.0000002 -5.919305578e-07 -9.476495879e-07 -1.117327851e-06
1368 0.001012670697 0.001193163411 300.0000002 -7.088694867e-07 -8.352143866e-07 -1.095481182e-06
1369 0.0009576264467 0.00125163172 300.0000002 -6.703385117e-07 -8.761422029e-07 -1.103167657e-06
1370 0.0009521406716 0.001341516607 300.0000002 -6.664984691e-07 -9.390616233e-07 -1.151545458e-06
1371 0.0009051555411 0.001436125297 300.0000002 -6.336088778e-07 -1.005287706e-06 -1.188302816e-06
1372 0.0008718791783 0.001516664876 300.0000002 -6.103154239e-07 -1.061665412e-06 -1.224589059e-06
1373 0.0007931007171 0.001565798125 300.0000002 -5.551705012e-07 -1.096058686e-06 -1.22864109e-06
1374 0.0009032072761 0.001611503173 300.0000002 -6.322450924e-07 -1.128052219e-06 -1.293149514e-06
1375 0.0008183798526 0.001657357332 300.0000002 -5.72865896e-07 -1.160150131e-06 -1.293879307e-06
1376 0.0008818528547 0.001718501932 300.0000002 -6.172969974e-07 -1.20295135e-06 -1.352090061e-06
1377 0.0008599613587 0.001812600265 300.0000002 -6.019729502e-07 -1.268820183e-06 -1.404377474e-06
1378 0.0009257149894 0.001867659399 300.0000002 -6.480004916e-07 -1.307361577e-06 -1.459143218e-06
1379 0.0009488600289 0.001950351869 300.0000002 -6.642020193e-07 -1.365246306e-06 -1.518242998e-06
1380 0.0009512532988 0.001789356101 300.0000002 -6.658773082e-07 -1.252549269e-06 -1.418545826e-06
1381 0.0009798446263 0.001697567831 300.0000002 -6.858912374e-07 -1.18829748e-06 -1.372041432e-06
1382 0.0009600943344 0.00152028544 300.0000002 -6.720660331e-07 -1.064199806e-06 -1.258647679e-06
1383 0.001016523862 0.001605329071 300.0000002 -7.115667022e-07 -1.123730348e-06 -1.330074083e-06
1384 0.001003489177 0.001434781669 300.0000002 -7.024424225e-07 -1.004347167e-06 -1.225617635e-06
1385 0.001060049569 0.001517718876 300.0000002 -7.42034697e-07 -1.062403212e-06 -1.295884283e-06
1386 0.001032044872 0.001285097505 300.0000002 -7.224314095e-07 -8.995682524e-07 -1.153746152e-06
1387 0.001041508252 0.0013643948 300.0000002 -7.290557755e-07 -9.550763583e-07 -1.201537837e-06
1388 0.001101863552 0.001428921246 300.0000002 -7.713044853e-07 -1.000244871e-06 -1.263091608e-06
1389 0.001110369654 0.001228157548 300.0000002 -7.772587565e-07 -8.597102823e-07 -1.158979268e-06
1390 0.001118000394 0.001331778975 300.0000002 -7.826002748e-07 -9.322452813e-07 -1.217187108e-06
1391 0.001207406656 0.001162813464 300.0000002 -8.45184658e-07 -8.139694237e-07 -1.173406719e-06
1392 0.001327194393 0.001153317963 300.0000002 -9.290360738e-07 -8.073225726e-07 -1.230803706e-06
1393 0.001393989607 0.001256854881 300.0000002 -9.757927233e-07 -8.797984152e-07 -1.313855658e-06
1394 0.001207355289 0.001281861237 300.0000002 -8.451487007e-07 -8.973028642e-07 -1.232651109e-06
1395 0.001288249797 0.001236832977 300.0000002 -9.017748565e-07 -8.657830828e-07 -1.25011129e-06
1396 0.001305418012 0.00132935335 300.0000002 -9.13792607e-07 -9.305473435e-07 -1.304199098e-06
1397 0.001214983017 0.001402332291 300.0000002 -8.504881107e-07 -9.816326025e-07 -1.298819692e-06
1398 0.001327778414 0.001428679517 300.0000002 -9.294448887e-07 -1.000075661e-06 -1.365290858e-06
1399 0.001271366041 0.001493337364 300.0000002 -8.899562273e-07 -1.045336153e-06 -1.372861887e-06
1400 0.001173181957 0.001522792265 300.0000002 -8.212273684e-07 -1.065954584e-06 -1.34561271e-06
1401 0.001366570479 0.001526984365 300.0000002 -9.565993339e-07 -1.068889054e-06 -1.434435811e-06
1402 0.001370646088 0.001637995187 300.0000002 -9.594522599e-07 -1.146596629e-06 -1.495069386e-06
1403 0.001274331897 0.001586426694 300.0000002 -8.920323263e-07 -1.110498684e-06 -1.424404788e-06
1404 0.001184504442 0.001636804488 300.0000002 -8.29153108e-07 -1.14576314e-06 -1.414308329e-06
1405 0.001105008194 0.001594646902 300.0000002 -7.735057349e-07 -1.11625283e-06 -1.358061671e-06
1406 0.001090658043 0.001690852852 300.0000002 -7.634606286e-07 -1.183596995e-06 -1.408465114e-06
1407 0.001035164294 0.001770626246 300.0000002 -7.246150046e-07 -1.23943837e-06 -1.435713891e-06
1408 0.001024465509 0.001870107853 300.0000002 -7.171258554e-07 -1.309075495e-06 -1.492631282e-06
1409 0.001183883851 0.001725985886 300.0000002 -8.287186943e-07 -1.208190119e-06 -1.465093184e-06
1410 0.001129263038 0.001805965925 300.0000002 -7.904841255e-07 -1.264176146e-06 -1.49097501e-06
1411 0.001279592803 0.001701172134 300.0000002 -8.95714961e-07 -1.190820492e-06 -1.490086821e-06
1412 0.001431453994 0.001797683868 300.0000002 -1.002017794e-06 -1.258378705e-06 -1.608588395e-06
1413 0.00137632288 0.001726858807 300.0000002 -9.634260147e-07 -1.208801163e-06 -1.545765163e-06
1414 0.001387005303 0.00189675386 300.0000001 -9.70903711e-07 -1.3277277e-06 -1.644844936e-06
1415 0.001332149232 0.001799025329 300.0000002 -9.325044613e-07 -1.259317729e-06 -1.566986188e-06
1416 0.001235085308 0.001796121508 300.0000002 -8.645597142e-07 -1.257285054e-06 -1.525853599e-06
1417 0.00137858072 0.002003111996 300.0000001 -9.650065028e-07 -1.402178395e-06 -1.702157984e-06
1418 0.001359640286 0.002098904056 300.0000001 -9.517481986e-07 -1.469232837e-06 -1.750562699e-06
1419 0.001345693134 0.002198364375 300.0000001 -9.419851922e-07 -1.53885506e-06 -1.804275755e-06
1420 0.001243548746 0.002249590478 300.0000001 -8.704841208e-07 -1.574713332e-06 -1.799295607e-06
1421 0.00131261955 0.001950193958 300.0000001 -9.188336839e-07 -1.365135769e-06 -1.645554923e-06
1422 0.001283200836 0.001876320054 300.0000002 -8.98240584e-07 -1.313424036e-06 -1.591200442e-06
1423 0.001283973648 0.002028527141 300.0000001 -8.98781552e-07 -1.419968996e-06 -1.680511895e-06
1424 0.001258373487 0.002130982924 300.0000001 -8.808614399e-07 -1.491688045e-06 -1.732353918e-06
1425 0.001202154354 0.001869063863 300.0000002 -8.415080467e-07 -1.308344702e-06 -1.555603308e-06
1426 0.001133000348 0.001920173654 300.0000002 -7.931002426e-07 -1.344121555e-06 -1.560663561e-06
1427 0.001229889848 0.001947605515 300.0000002 -8.609228925e-07 -1.363323858e-06 -1.612401988e-06
1428 0.001047473694 0.001987838651 300.0000002 -7.332315846e-07 -1.391487054e-06 -1.572852433e-06
1429 0.001164198656 0.0020418465 300.0000001 -8.14939058e-07 -1.429292548e-06 -1.645297194e-06
1430 0.001152781476 0.002169715028 300.0000001 -8.069470319e-07 -1.518800518e-06 -1.71986003e-06
1431 0.001144934805 0.002262440807 300.0000001 -8.014543622e-07 -1.583708563e-06 -1.774954058e-06
1432 0.001083393408 0.002333171487 300.0000001 -7.583753846e-07 -1.633220038e-06 -1.800705672e-06
1433 0.0009663578666 0.00229240394 300.0000001 -6.764505057e-07 -1.604682756e-06 -1.741433901e-06
1434 0.0008878517042 0.002206063259 300.0000001 -6.214961921e-07 -1.544244279e-06 -1.664616445e-06
1435 0.0009298034859 0.002113528564 300.0000002 -6.508624392e-07 -1.479469992e-06 -1.616308564e-06
1436 0.0009702119334 0.002036863857 300.0000002 -6.791483524e-07 -1.425804698e-06 -1.579291461e-06
1437 0.001043461121 0.002109152311 300.0000001 -7.304227838e-07 -1.476406615e-06 -1.647207922e-06
1438 0.001061493713 0.002225961201 300.0000001 -7.430455978e-07 -1.558172838e-06 -1.726273256e-06
1439 0.0009777935782 0.002189421855 300.0000001 -6.844555037e-07 -1.532595296e-06 -1.678489702e-06
