id x y T ux uy ur sigma_xx sigma_yy tau_xy sigma_rr sigma_tt tau_rt von_mises
0 0.001 0 300.0000007 -3.053294237e-06 0 -3.053294237e-06 -30225571.64 -449921577 15069702.86 -30225571.64 -449921577 15069702.86 436377315.6
1 0.004 0 300 -6.36805159e-06 0 -6.36805159e-06 -228184956 -250428983.6 6890857.93 -228184956 -250428983.6 6890857.93 240377567.8
2 0.003984778792 0.000348622971 300 -6.344980373e-06 -5.550743332e-07 -6.369213723e-06 -230244094.6 -250557404.7 1958383.33 -230058327.3 -250743172 164946.4429 241067416.2
3 0.003939231012 0.0006945927107 300 -6.270481894e-06 -1.10557954e-06 -6.367201056e-06 -229261211.5 -249852998.7 3978959.075 -228521245.7 -250592964.5 217595.4688 240318786.7
4 0.003863703305 0.00103527618 300 -6.15199406e-06 -1.648741586e-06 -6.369095669e-06 -231108337 -249275119.7 5507379.827 -229571590.8 -250811865.9 227835.1657 240895379.9
5 0.003758770483 0.001368080573 300 -5.982974589e-06 -2.177562497e-06 -6.366927309e-06 -230756725.1 -247893049.2 7349613.93 -228037053.4 -250612720.8 122622.494 240122244.4
6 0.003625231148 0.001690473047 300 -5.77105221e-06 -2.691309705e-06 -6.367746186e-06 -232398496.6 -246836515.5 8360459.083 -228572733 -250662279.1 -156082.5719 240380081
7 0.003464101615 0.002 300 -5.515912508e-06 -3.184496132e-06 -6.369168423e-06 -234888020 -245194691 9242946.116 -229460061.6 -250622649.4 158553.5921 240740148.5
8 0.003276608177 0.002294305745 300 -5.215411441e-06 -3.652120091e-06 -6.36698497e-06 -235816682.3 -242873895.4 10780287.3 -228008277.9 -250682299.8 371269.8957 240150295.2
9 0.003064177772 0.002571150439 300 -4.878419892e-06 -4.093474275e-06 -6.368320994e-06 -237973611.6 -241613109.1 10727386.79 -228912950.6 -250673770.1 70688.51609 240532784.9
10 0.002828427125 0.002828427125 300 -4.502955065e-06 -4.503060244e-06 -6.368214497e-06 -239841197.7 -239645685.2 10929984.73 -228813456.8 -250673426.2 97756.27136 240489792.1
11 0.002571150439 0.003064177772 300 -4.093399763e-06 -4.878378797e-06 -6.368241618e-06 -241882658.8 -237606157.4 10716157.13 -228819750.1 -250669066.1 244924.7196 240490344.2
12 0.002294305745 0.003276608177 300 -3.652252382e-06 -5.216062524e-06 -6.367594186e-06 -243387856.5 -235698572.4 10457305.86 -228401616.3 -250684812.6 36172.55095 240319290
13 0.002 0.003464101615 300 -3.184406895e-06 -5.515549405e-06 -6.368809348e-06 -245250612.7 -234603551 9362000.173 -229157586.5 -250696577.2 -70687.16453 240651128.6
14 0.001690473047 0.003625231148 300 -2.691371222e-06 -5.772058368e-06 -6.368684074e-06 -247130818.9 -232547458.5 7915870.973 -229088228.1 -250590049.4 497527.3316 240562468.6
15 0.001368080573 0.003758770483 300 -2.17810447e-06 -5.984482627e-06 -6.368529767e-06 -248573973.3 -231402240.1 6732230.512 -229083556.9 -250892656.5 361700.9002 240730994
16 0.00103527618 0.003863703305 300 -1.64832173e-06 -6.151734051e-06 -6.368735853e-06 -249237227 -230572023.3 5295798.1 -229174455.8 -250634794.5 80005.23591 240623477.6
17 0.0006945927107 0.003939231012 300 -1.105780867e-06 -6.27126821e-06 -6.368010387e-06 -250257805.6 -229306004.8 3521300.734 -228733423.1 -250830387.3 274028.644 240544786.3
18 0.000348622971 0.003984778792 300 -5.549693537e-07 -6.343777569e-06 -6.368006346e-06 -250435766.6 -228740424.5 1845698.708 -228584722.8 -250591468.3 66019.91001 240344942.2
19 0 0.004 300 0 -6.371885699e-06 -6.371885699e-06 -250176643 -230487355 9799542.377 -230487355 -250176643 -9799542.377 241533256.3
20 0 0.001 300.0000007 0 -3.05366047e-06 -3.05366047e-06 -452352379.5 -29193373.46 14895340.14 -29193373.46 -452352379.5 -14895340.14 439243497.1
21 8.715574275e-05 0.0009961946981 300.0000007 -2.660595543e-07 -3.047034674e-06 -3.058628406e-06 -461899664.6 -28722764.47 40939813.79 -24904105.64 -465718323.4 -2707656.373 453803335.3
22 0.0001736481777 0.000984807753 300.0000007 -5.315290189e-07 -3.01077554e-06 -3.05733414e-06 -451106860.5 -38126393.31 78192636.2 -23835821.49 -465397432.3 -2853223.954 453976000.4
23 0.0002588190451 0.0009659258263 300.0000007 -7.925251265e-07 -2.951734912e-06 -3.056277581e-06 -433392532 -55142437.25 111345728.7 -24807524.75 -463727444.5 -1865705.971 451846288.7
24 0.0003420201433 0.0009396926208 300.0000007 -1.046806659e-06 -2.871387266e-06 -3.056250389e-06 -410353792.7 -77733829.92 141444488.3 -25724209.68 -462363413 -1450768.883 450060042
25 0.0004226182617 0.000906307787 300.0000007 -1.292907373e-06 -2.769625675e-06 -3.056539583e-06 -383171375.2 -104818777.1 167583565.9 -26157816.18 -461832336.1 -1105409.243 449328920.1
26 0.0005 0.0008660254038 300.0000007 -1.528989642e-06 -2.646919596e-06 -3.056794433e-06 -351924861.5 -135934566.5 188876882.2 -26359962.07 -461499465.9 -911899.8348 448903097.5
27 0.0005735764364 0.0008191520443 300.0000007 -1.753537544e-06 -2.504122751e-06 -3.057045086e-06 -317856196.9 -170106371.2 204650649.4 -26405870.76 -461556697.4 -574933.9609 448937679.5
28 0.0006427876097 0.0007660444431 300.0000007 -1.964620561e-06 -2.342259863e-06 -3.057108907e-06 -281298194.6 -206466237.9 214337283.3 -26303981.49 -461460451.1 -371733.0653 448887307.4
29 0.0007071067812 0.0007071067812 300.0000007 -2.160814022e-06 -2.162568909e-06 -3.057093388e-06 -243863993.4 -243812797.2 217712412.8 -26125982.48 -461550808.1 25598.12181 449058180
30 0.0007660444431 0.0006427876097 300.0000007 -2.340226077e-06 -1.966439072e-06 -3.056719853e-06 -206024243.9 -281373040.4 214420295.2 -25993782.42 -461403501.9 131654.0458 448971377.8
31 0.0008191520443 0.0005735764364 300.0000007 -2.501321991e-06 -1.755139209e-06 -3.055669516e-06 -169210773 -318154036.3 204894663.6 -25673603.09 -461691206.2 97659.48336 449404779.2
32 0.0008660254038 0.0005 300.0000007 -2.642944739e-06 -1.530155151e-06 -3.05393486e-06 -133366040.5 -352374318.5 190847842.4 -22839030.23 -462901328.8 590555.0345 451916021.3
33 0.000906307787 0.0004226182617 300.0000007 -2.769408727e-06 -1.293829231e-06 -3.056732556e-06 -103498431.6 -387301707 174666505.6 -20385148.78 -470414989.8 3570504.583 460602413
34 0.0009396926208 0.0003420201433 300.0000007 -2.873740496e-06 -1.044685208e-06 -3.057736123e-06 -72472645.24 -418052355.7 145100465.4 -19629010.75 -470895990.2 86227.1571 461394767.5
35 0.0009659258263 0.0002588190451 300.0000007 -2.952581225e-06 -7.88522621e-07 -3.056059131e-06 -51637544.9 -432723426.8 112875140.2 -20727888.37 -463633083.4 2481268.404 453644813.3
36 0.000984807753 0.0001736481777 300.0000007 -3.011744846e-06 -5.286600425e-07 -3.057790528e-06 -38086036.22 -448179133.2 78325532.14 -23662946.44 -462602222.9 3471874.679 451276391.8
37 0.0009961946981 8.715574275e-05 300.0000007 -3.046588635e-06 -2.649635057e-07 -3.058088537e-06 -29377999.12 -457554078.4 40950106.18 -25519566.18 -461412511.4 3151984.108 449229909.7
38 0.001125 0 300.0000007 -3.069786811e-06 0 -3.069786811e-06 -53007019.47 -416280678 12148436.66 -53007019.47 -416280678 12148436.66 393034734.5
39 0.00125 0 300.0000007 -3.117776097e-06 0 -3.117776097e-06 -86504091.75 -383586928.9 9858786.061 -86504091.75 -383586928.9 9858786.061 348900613.3
40 0.001375 0 300.0000007 -3.190732365e-06 0 -3.190732365e-06 -110374642.2 -361468656.8 7667890.233 -110374642.2 -361468656.8 7667890.233 321125469.9
41 0.0015 0 300.0000007 -3.28162651e-06 0 -3.28162651e-06 -131178021.8 -338772182.5 5964267.823 -131178021.8 -338772182.5 5964267.823 296043101.2
42 0.001625 0 300.0000007 -3.387816784e-06 0 -3.387816784e-06 -145890975.6 -325777529 4567872.544 -145890975.6 -325777529 4567872.544 282753903.6
43 0.00175 0 300.0000006 -3.505150098e-06 0 -3.505150098e-06 -159474495 -312227497.7 4092635.899 -159474495 -312227497.7 4092635.899 270510723.2
44 0.001875 0 300.0000006 -3.632061607e-06 0 -3.632061607e-06 -168437229.9 -303601409.7 3040489.707 -168437229.9 -303601409.7 3040489.707 263504970.9
45 0.002 0 300.0000006 -3.765849499e-06 0 -3.765849499e-06 -177436042.2 -294797466 2856346.783 -177436042.2 -294797466 2856346.783 257110629
46 0.002125 0 300.0000006 -3.906392512e-06 0 -3.906392512e-06 -183720391.5 -288493033 2107197.148 -183720391.5 -288493033 2107197.148 252967745.4
47 0.00225 0 300.0000005 -4.051783146e-06 0 -4.051783146e-06 -189887019.2 -282407685.5 1965875.128 -189887019.2 -282407685.5 1965875.128 249393707.4
48 0.002375 0 300.0000005 -4.201715354e-06 0 -4.201715354e-06 -194229797.5 -278222450.4 1490263.835 -194229797.5 -278222450.4 1490263.835 247185190.9
49 0.0025 0 300.0000005 -4.355037588e-06 0 -4.355037588e-06 -198659847.8 -273769311.5 1446716.777 -198659847.8 -273769311.5 1446716.777 245019754.8
50 0.002625 0 300.0000004 -4.511752613e-06 0 -4.511752613e-06 -201919454.2 -270509394.7 1095864.936 -201919454.2 -270509394.7 1095864.936 243576049.8
51 0.00275 0 300.0000004 -4.671030999e-06 0 -4.671030999e-06 -205196269.8 -267241204.4 1061537.468 -205196269.8 -267241204.4 1061537.468 242259886.8
52 0.002875 0 300.0000003 -4.832775892e-06 0 -4.832775892e-06 -207626137.6 -264885826.4 825162.582 -207626137.6 -264885826.4 825162.582 241408234.5
53 0.003 0 300.0000003 -4.996455164e-06 0 -4.996455164e-06 -210104474 -262404485.9 818453.4787 -210104474 -262404485.9 818453.4787 240561130.1
54 0.003125 0 300.0000003 -5.162029414e-06 0 -5.162029414e-06 -212046108.1 -260516625.2 655028.9797 -212046108.1 -260516625.2 655028.9797 239983780
55 0.00325 0 300.0000002 -5.329208379e-06 0 -5.329208379e-06 -214070084 -258513432.9 705109.9219 -214070084 -258513432.9 705109.9219 239409053.9
56 0.003375 0 300.0000002 -5.497860948e-06 0 -5.497860948e-06 -215563006 -257048480.4 557210.6644 -215563006 -257048480.4 557210.6644 239023260.7
57 0.0035 0 300.0000002 -5.667726866e-06 0 -5.667726866e-06 -217167062.4 -255429608.5 559711.338 -217167062.4 -255429608.5 559711.338 238612363.4
58 0.003625 0 300.0000001 -5.83886701e-06 0 -5.83886701e-06 -218562337.4 -254247168.1 518799.9032 -218562337.4 -254247168.1 518799.9032 238417847.4
59 0.00375 0 300.0000001 -6.011271851e-06 0 -6.011271851e-06 -220177350.2 -252820118.6 1214133.851 -220177350.2 -252820118.6 1214133.851 238191596.1
60 0.003875 0 300 -6.18567768e-06 0 -6.18567768e-06 -225120523.3 -250845148.7 3237609.874 -225120523.3 -250845148.7 3237609.874 239089091.9
61 0.003994926264 0.000116207657 300 -6.345414026e-06 -1.839622631e-07 -6.348080095e-06 -216670794.4 -250975167.7 4567923.081 -216434270.5 -251211691.5 3563169.436 235835486.6
62 0.003989852528 0.000232415314 300 -6.336271655e-06 -3.698340374e-07 -6.347055629e-06 -216225622.2 -251776538.6 -2334853.305 -216616945.4 -251385215.4 -4382956.042 236052453.9
63 0.003969596199 0.0004639462176 300 -6.303776271e-06 -7.357602902e-07 -6.346568955e-06 -217755281.1 -250180027.2 7915140.673 -216366995.7 -251568312.6 3963245.494 236045196.2
64 0.003954413605 0.0005792694641 300 -6.281921582e-06 -9.210735201e-07 -6.349087688e-06 -217644962.8 -251991668.5 976841.9033 -218086327.8 -251550303.5 -3989843.552 236700815.8
65 0.00391405511 0.0008081538672 300 -6.217067897e-06 -1.28269097e-06 -6.348009802e-06 -220310342.2 -248635290.4 10065287.42 -217482007.5 -251463625.2 3632918.579 236396190
66 0.003888879207 0.0009217150238 300 -6.177211982e-06 -1.464702161e-06 -6.348488003e-06 -217677459.7 -251911875.6 4089426.481 -217662906.8 -251926428.5 -4028025.197 236765078.9
67 0.003828725698 0.001146210978 300 -6.080306246e-06 -1.819241091e-06 -6.346633849e-06 -221749004.5 -246473614.6 12845143.39 -216724297.4 -251498321.6 3939048.616 236138895.8
68 0.00379374809 0.001257145776 300 -6.026255147e-06 -1.997968246e-06 -6.348828809e-06 -218987770.3 -250595682.3 6861038.913 -218017942.9 -251565509.6 -3934345.093 236680525.9
69 0.003714257371 0.001475544731 300 -5.899763117e-06 -2.342972426e-06 -6.347970075e-06 -224833245.5 -244341009 14256234.27 -217709249.6 -251465005 3676366.352 236487326.4
70 0.00366974426 0.001583008889 300 -5.828256815e-06 -2.514835277e-06 -6.347674657e-06 -220051123.1 -248978807.5 9874432.498 -217406934.1 -251622996.5 -3744651.73 236468582.2
71 0.003571521304 0.001793648698 300 -5.673213089e-06 -2.847999191e-06 -6.347948102e-06 -227770980.1 -241393521.5 15990239.39 -217688767.2 -251475734.4 4085508.02 236505974.3
72 0.003517811459 0.001896824349 300 -5.586098686e-06 -3.013116033e-06 -6.346917826e-06 -221303438.6 -247257968.2 12220925.11 -216939213.7 -251622193.1 -4127123.236 236306430.8
73 0.003401603802 0.002098101915 300 -5.401780069e-06 -3.330871911e-06 -6.346174829e-06 -229571200.7 -238553880.3 17384907.5 -216511172.3 -251613908.7 3789012.581 236119661
74 0.00333910599 0.00219620383 300 -5.304541634e-06 -3.489802361e-06 -6.349557616e-06 -224949672.8 -245414147.8 13562011.65 -218676336.6 -251687484 -4024037.901 237015635.5
75 0.003205798042 0.00238658731 300 -5.092180937e-06 -3.789783048e-06 -6.347657947e-06 -233083782.3 -235725779.8 17341624.15 -217412881.2 -251396681 3708409.902 236332461.3
76 0.003134987907 0.002478868874 300 -4.978596917e-06 -3.937746199e-06 -6.347619367e-06 -226711374.8 -242360152 15707319.54 -217447474 -251624052.8 -3991404.629 236497034.1
77 0.002985594223 0.002656909334 300 -4.742090997e-06 -4.218967577e-06 -6.347213074e-06 -236295214.9 -232387821.7 17518491.52 -217168356.1 -251514680.4 3974541.125 236322006.2
78 0.002907010674 0.002742668229 300 -4.616686214e-06 -4.356748878e-06 -6.347838356e-06 -229518101.9 -239602791.5 16756026.72 -217539648.9 -251581244.5 -4059817.158 236510406.1
79 0.002742668229 0.002907010674 300 -4.356499857e-06 -4.616225429e-06 -6.347332305e-06 -239247827.7 -229498970.3 16923535.84 -217195136 -251551662 3882447.896 236350139.7
80 0.002656909334 0.002985594223 300 -4.219555199e-06 -4.74288664e-06 -6.348198088e-06 -232650074.6 -236782957.4 17301591.53 -217771877.5 -251661154.4 -4061339.264 236648872
81 0.002478868874 0.003134987907 300 -3.937324415e-06 -4.978191038e-06 -6.347039383e-06 -241937166.6 -226541486.3 15916916 -216976271.6 -251502381.3 3819933.893 236232675.4
82 0.00238658731 0.003205798042 300 -3.790311504e-06 -5.092696729e-06 -6.348387247e-06 -235749703.1 -233662707.6 17284705.05 -217848425.6 -251563985.1 -3957926.189 236614776.8
83 0.00219620383 0.00333910599 300 -3.489125954e-06 -5.303290853e-06 -6.348140913e-06 -244900203.9 -224262723.4 13970508.4 -217666538.3 -251496389 3941675.54 236502468.5
84 0.002098101915 0.003401603802 300 -3.331433258e-06 -5.402750909e-06 -6.347295822e-06 -238520734 -230135827.8 17211135.1 -217066344.6 -251590217.2 -3978113.796 236328463.6
85 0.001896824349 0.003517811459 300 -3.013345883e-06 -5.586716739e-06 -6.347570923e-06 -247222232.9 -221673931.2 12177000.06 -217254901.7 -251641262.4 3981558.791 236432396.1
86 0.001793648698 0.003571521304 300 -2.848298808e-06 -5.673514551e-06 -6.348351965e-06 -241583871.1 -227941164.8 16081070.11 -217790156.9 -251734879 -4131662.324 236704108.2
87 0.001583008889 0.00366974426 300 -2.514370069e-06 -5.826606804e-06 -6.345975332e-06 -248553150.7 -218875931.3 10246921.23 -216078390.5 -251350691.5 3761639.166 235792361.8
88 0.001475544731 0.003714257371 300 -2.343397528e-06 -5.900932159e-06 -6.349213472e-06 -244110628.3 -225906778.6 14641866 -218340417.4 -251676989.5 -4404261.259 236898245.1
89 0.001257145776 0.00379374809 300 -1.997327167e-06 -6.025172501e-06 -6.347599465e-06 -250488542 -218094952.7 6999620.392 -217120105.8 -251463388.8 4057779.201 236276565.5
90 0.001146210978 0.003828725698 300 -1.819664409e-06 -6.081077687e-06 -6.347494289e-06 -246396667.9 -222192127.8 12876441.54 -217107445.9 -251481349.8 -4108086.111 236285141.1
91 0.0009217150238 0.003888879207 300 -1.464744256e-06 -6.176013734e-06 -6.347331764e-06 -251494591.9 -217017633.7 4444218.396 -216856745.5 -251655480.1 3765402.348 236276691.8
92 0.0008081538672 0.00391405511 300 -1.282920681e-06 -6.218249612e-06 -6.349213555e-06 -248742922.3 -221186070.7 10320511.64 -218225244.1 -251703748.8 -4019379.202 236848872.8
93 0.0005792694641 0.003954413605 300 -9.207083035e-07 -6.281176172e-06 -6.348297215e-06 -251959623.4 -216955109.4 1224869.322 -217339154.5 -251575578.4 3846572.996 236418579.2
94 0.0004639462176 0.003969596199 300 -7.360529972e-07 -6.305217362e-06 -6.348034283e-06 -250158079.5 -218352297.7 7517428.17 -217047383.9 -251462993.4 -3647618.439 236228140.6
95 0.000232415314 0.003989852528 300 -3.69938308e-07 -6.33854581e-06 -6.349331999e-06 -251796487.6 -217821006.7 -2893236.037 -218271835.5 -251345658.8 4846100.832 236698141.4
96 0.000116207657 0.003994926264 300 -1.839702869e-07 -6.342288712e-06 -6.344956336e-06 -250897336.5 -214062989.6 4672884.879 -213822503.5 -251137822.6 -3594422.051 234798020.9
97 0 0.003875 300 0 -6.186195022e-06 -6.186195022e-06 -250445266.2 -226551942.2 4383273.821 -226551942.2 -250445266.2 -4383273.821 239514909.1
98 0 0.00375 300.0000001 0 -6.011526111e-06 -6.011526111e-06 -252831005.6 -220324920.4 1365427.011 -220324920.4 -252831005.6 -1365427.011 238258703.8
99 0 0.003625 300.0000001 0 -5.839050479e-06 -5.839050479e-06 -254261258.1 -218557631 591190.6828 -218557631 -254261258.1 -591190.6828 238425115.5
100 0 0.0035 300.0000002 0 -5.6679371e-06 -5.6679371e-06 -255457311.4 -217126988.2 604494.1382 -217126988.2 -255457311.4 -604494.1382 238614724.1
101 0 0.003375 300.0000002 0 -5.498067611e-06 -5.498067611e-06 -257031450.1 -215507422.9 531242.3624 -215507422.9 -257031450.1 -531242.3624 238992211
102 0 0.00325 300.0000002 0 -5.329450047e-06 -5.329450047e-06 -258512725.1 -213997724 672971.9748 -213997724 -258512725.1 -672971.9748 239382703.6
103 0 0.003125 300.0000003 0 -5.162326728e-06 -5.162326728e-06 -260508051.2 -212062561.9 672684.6134 -212062561.9 -260508051.2 -672684.6134 239984015.5
104 0 0.003 300.0000003 0 -4.996710545e-06 -4.996710545e-06 -262364353.5 -210168570.3 870479.4988 -210168570.3 -262364353.5 -870479.4988 240556467.5
105 0 0.002875 300.0000003 0 -4.833017939e-06 -4.833017939e-06 -264909814.4 -207631676.3 866806.5832 -207631676.3 -264909814.4 -866806.5832 241426402.9
106 0 0.00275 300.0000004 0 -4.67128177e-06 -4.67128177e-06 -267278566.1 -205170630.6 1116687.368 -205170630.6 -267278566.1 -1116687.368 242278452.6
107 0 0.002625 300.0000004 0 -4.512021863e-06 -4.512021863e-06 -270558811.5 -201883871.8 1115217.04 -201883871.8 -270558811.5 -1115217.04 243600982.9
108 0 0.0025 300.0000005 0 -4.355328574e-06 -4.355328574e-06 -273660969.3 -198658401.1 1447253.399 -198658401.1 -273660969.3 -1447253.399 244942277.8
109 0 0.002375 300.0000005 0 -4.201925898e-06 -4.201925898e-06 -278079389.6 -194297604 1515134.557 -194297604 -278079389.6 -1515134.557 247096000.8
110 0 0.00225 300.0000005 0 -4.051928297e-06 -4.051928297e-06 -282490668.2 -189941306.6 2028350.908 -189941306.6 -282490668.2 -2028350.908 249468181.5
111 0 0.002125 300.0000006 0 -3.906561931e-06 -3.906561931e-06 -288724130.5 -183810441.2 2125352.514 -183810441.2 -288724130.5 -2125352.514 253161891.7
112 0 0.002 300.0000006 0 -3.76595755e-06 -3.76595755e-06 -294702905.7 -177698762.8 2866000.339 -177698762.8 -294702905.7 -2866000.339 257066048
113 0 0.001875 300.0000006 0 -3.631747717e-06 -3.631747717e-06 -303860411.7 -168836558.3 3149178.023 -168836558.3 -303860411.7 -3149178.023 263749766
114 0 0.00175 300.0000006 0 -3.504822988e-06 -3.504822988e-06 -312285091.4 -159132379.2 4007113.9 -159132379.2 -312285091.4 -4007113.9 270552386.3
115 0 0.001625 300.0000007 0 -3.387810587e-06 -3.387810587e-06 -325436266.4 -145928599.7 4576056.893 -145928599.7 -325436266.4 -4576056.893 282446954.2
116 0 0.0015 300.0000007 0 -3.28175707e-06 -3.28175707e-06 -340156674.9 -131810054.6 7288557.866 -131810054.6 -340156674.9 -7288557.866 297327686.7
117 0 0.001375 300.0000007 0 -3.18995562e-06 -3.18995562e-06 -361170418 -110924465.8 7596755.664 -110924465.8 -361170418 -7596755.664 320716080.6
118 0 0.00125 300.0000007 0 -3.117284438e-06 -3.117284438e-06 -384623553.6 -85313721.55 10203458.09 -85313721.55 -384623553.6 -10203458.09 350303260
119 0 0.001125 300.0000007 0 -3.068924925e-06 -3.068924925e-06 -415685882.7 -52417431.17 12133293.59 -52417431.17 -415685882.7 -12133293.59 392676462.9
120 7.796756876e-05 0.003920468411 300 -1.214880112e-07 -6.24627938e-06 -6.247460121e-06 -251296306.1 -221728561.9 6694420.758 -221474088.7 -251550779.3 -6101337.09 238176963.3
121 0.003918874174 7.956990852e-05 300 -6.244363244e-06 -1.247911686e-07 -6.245609752e-06 -222141949 -251197375.1 5015302.689 -221950342.3 -251388981.8 4421462.82 238162029
122 8.145204232e-05 0.001090160484 300.0000007 -2.288321447e-07 -3.054169137e-06 -3.062729643e-06 -435261762.5 -42126554.87 26813664.6 -40324463.26 -437063854.1 2694329.942 418387724.2
123 0.001094159386 8.56623403e-05 300.0000007 -3.054502551e-06 -2.394541845e-07 -3.063874025e-06 -44206192.76 -431342851.8 28011466.06 -42205310.22 -433343734.4 -2454326.161 413880109.1
124 0.001071769829 0.0001714515378 300.0000007 -3.023391243e-06 -4.844559352e-07 -3.061958774e-06 -46352010.96 -427816972.7 60922347.13 -36865131.14 -437303852.5 -1618408.057 420095573.9
125 0.000160015097 0.001068591014 300.0000007 -4.552273396e-07 -3.026308747e-06 -3.060354951e-06 -431474455.6 -41824401.57 59777161.94 -32860094.56 -440438762.6 -87051.45678 424962648.7
126 0.001048010815 0.0002588256104 300.0000007 -2.97012166e-06 -7.343281417e-07 -3.059552237e-06 -58366192.78 -414940292.7 92328922.22 -35881614.55 -437424871 -1286613.37 420639350.9
127 0.0002440668885 0.001053333816 300.0000007 -6.924724605e-07 -2.980263013e-06 -3.059653942e-06 -416292875.6 -55721541.57 89074929.25 -34918260.89 -437096156.3 -707011.9518 420726986
128 0.00101553996 0.0003452798108 300.0000007 -2.89458013e-06 -9.843179423e-07 -3.05736421e-06 -72720302.09 -398105258.1 122210454.3 -31945270.72 -438880289.5 -2282580.112 423830024.5
129 0.0003318935973 0.00103158228 300.0000007 -9.386876949e-07 -2.912869881e-06 -3.06038289e-06 -398244600.8 -74662493.15 116618410.7 -37014233.55 -435892860.4 -398843.5338 418615427.7
130 0.0009745841954 0.0004101950327 300.0000007 -2.817346008e-06 -1.186877547e-06 -3.057141779e-06 -91357788.97 -386769525.8 151865367.6 -27215053.92 -450912260.8 531640.8072 437940375.6
131 0.0004198071816 0.001001178406 300.0000007 -1.184517443e-06 -2.822489789e-06 -3.060968689e-06 -375071770 -97485232.24 141781489.7 -37871316.21 -434685686.1 -388935.3625 417042224.5
132 0.0005054845379 0.0009621391219 300.0000007 -1.424505306e-06 -2.710082541e-06 -3.061660067e-06 -348883398.4 -124206509.9 163189215.3 -38427213.53 -434662694.7 -83072.36143 416779862.1
133 0.0005874672046 0.0009149938443 300.0000007 -1.654420062e-06 -2.576435184e-06 -3.061882421e-06 -318650058.7 -153998827.2 179877909.2 -38502378.64 -434146507.3 -10497.56219 416233047.8
134 0.0006648063687 0.0008603560753 300.0000007 -1.872289057e-06 -2.423094729e-06 -3.062164982e-06 -286819753.4 -186373409.1 191572114.2 -38550702.42 -434642460.1 268044.7331 416706933.2
135 0.0007368005818 0.0007987583835 300.0000007 -2.075764837e-06 -2.250907234e-06 -3.0619247e-06 -252683030.9 -220029554.1 197459704.3 -38223095.1 -434489489.9 365080.7574 416695318.6
136 0.0008027980184 0.0007306137128 300.0000007 -2.26401793e-06 -2.061204966e-06 -3.061754854e-06 -218710146.5 -254736527 197842464.7 -38063600.3 -435383073.3 651878.9424 417655702.4
137 0.0008623619223 0.0006562056429 300.0000007 -2.435296889e-06 -1.854113299e-06 -3.060785264e-06 -184258171.8 -289298258.4 191862805.2 -37857606.79 -435698823.4 531566.9016 418058603.6
138 0.0009145669931 0.000575288105 300.0000007 -2.5887887e-06 -1.629552009e-06 -3.058964819e-06 -151580185.7 -322800087.4 180118798.3 -37763035.62 -436617237.5 822555.7672 419016343.9
139 0.0009558617083 0.0004882796189 300.0000007 -2.720655368e-06 -1.391880855e-06 -3.056025925e-06 -119475460.6 -351800835.7 165310218.8 -33614502.16 -437661794.1 2772165.121 421887487.5
140 0.0001684622102 0.003906935843 300 -2.683782978e-07 -6.224198037e-06 -6.229981389e-06 -253254651.5 -215057978.2 976362.6913 -215044819.9 -253267809.9 671197.6862 236487376.1
141 0.00390512919 0.0001732399841 300 -6.221907235e-06 -2.756719501e-07 -6.228011283e-06 -215629758.1 -253115607.6 1533875.313 -215567560.6 -253177805 -131837.3278 236625240.5
142 0.0001051488087 0.003825513748 300.0000001 -1.675829145e-07 -6.114446337e-06 -6.116742418e-06 -252685160.9 -219255304.3 2559066.544 -219139969.4 -252800495.8 -1637036.94 237780915.1
143 0.003819352092 0.0001083820605 300.0000001 -6.105797205e-06 -1.727750562e-07 -6.108241195e-06 -219336114.1 -252577767 2180241.583 -219239222.4 -252674658.6 1234191.032 237736605.9
144 0.000280089893 0.003881158517 300 -4.483755254e-07 -6.191732001e-06 -6.207945186e-06 -251306232.7 -223545520.6 -445512.5949 -223753318.8 -251098434.5 2433911.848 238641226.9
145 0.0003980238381 0.003883175792 300 -6.325861089e-07 -6.192694898e-06 -6.224920132e-06 -250327028.1 -224558630.7 5786937.703 -223652559.7 -251233099.1 -3052816.24 238699750.5
146 0.0005071578518 0.003868144057 300 -8.08128348e-07 -6.16516672e-06 -6.217905763e-06 -252549626.6 -216687809 4866472.221 -216039328.3 -253198107.3 -79555.24967 236815419.4
147 0.003893446469 0.0002832518292 300 -6.208611584e-06 -4.535589603e-07 -6.225156225e-06 -223487828.6 -251340746.3 -934406.451 -223769711.6 -251058863.3 -2940224.702 238641995.5
148 0.003880948049 0.0003964204089 300 -6.189362261e-06 -6.301324802e-07 -6.221355789e-06 -224182343.7 -250204878.3 5691162.416 -223300405.2 -251086816.8 2942998.279 238465629.2
149 0.003868639701 0.000508957429 300 -6.165493942e-06 -8.113495705e-07 -6.218649663e-06 -216344249.4 -252601671.4 4537173.527 -215787607.2 -253158313.5 -306077.0428 236696593.7
150 9.221041555e-05 0.001205731754 300.0000007 -2.3590975e-07 -3.089012772e-06 -3.098007942e-06 -396371198.8 -76154560.63 23013927.6 -74516926.7 -398008832.8 1600432.997 366487506.6
151 0.0001492566805 0.001145413451 300.0000007 -3.981714552e-07 -3.051888288e-06 -3.077752817e-06 -407658822.7 -66348671.48 46349239.84 -60169743.06 -413837751.1 -1068589.005 387278965
152 0.0002244137646 0.001141591311 300.0000007 -5.951451142e-07 -3.022139955e-06 -3.080182876e-06 -396634434.6 -77882322.08 67809100.48 -64073866.84 -410442889.8 -2434418.449 382476067.7
153 0.0003154893771 0.001127445875 300.0000007 -8.310233929e-07 -2.968682644e-06 -3.08280334e-06 -381957570.8 -91139064.3 89056006.45 -66036156.42 -407060478.7 -652782.4949 378390771.8
154 0.0004110240953 0.001101844696 300.0000007 -1.078925636e-06 -2.890695238e-06 -3.085482e-06 -364468914 -109719380.8 111495789.4 -67816430.36 -406371864.5 -834714.2568 377068377.7
155 0.0005056735697 0.001065419078 300.0000007 -1.323337156e-06 -2.788516748e-06 -3.086591464e-06 -342859989.4 -130049748.6 130259020.4 -68260170.01 -404649568 72671.45883 375205665.2
156 0.0005972378017 0.001018812825 300.0000007 -1.561893564e-06 -2.663741436e-06 -3.087884362e-06 -318838277.8 -155073058.2 146823852.2 -68842818.33 -405068517.7 -274127.8996 375411780.2
157 0.0006836370034 0.0009633660133 300.0000007 -1.786725334e-06 -2.518347816e-06 -3.087792584e-06 -292208812.1 -180689869.3 158268640.7 -68646070.1 -404252611.4 379018.5587 374676573.3
158 0.0007645618063 0.0008996933217 300.0000007 -1.999857024e-06 -2.352905416e-06 -3.087975379e-06 -263950220.1 -209916573.7 166168115.3 -68583373.71 -405283420.1 -144843.4208 375716233.9
159 0.0008387936595 0.000828588366 300.0000007 -2.195876322e-06 -2.169572709e-06 -3.086894633e-06 -234971541.4 -238025857.6 168476850.5 -68015777.83 -404981621.2 535220.6855 375622122.5
160 0.0009057876782 0.0007500677416 300.0000007 -2.377093545e-06 -1.967973655e-06 -3.086015863e-06 -205410230.8 -269180879.1 166667614.7 -67605533.46 -406985576.4 -253583.1909 377747910
161 0.0009659767714 0.0006647146119 300.0000007 -2.54046301e-06 -1.747891775e-06 -3.083679282e-06 -176258916.2 -298107385.3 158734643.8 -67158404.56 -407207897 -187564.9167 378128543.6
162 0.001018209195 0.0005687573989 300.0000007 -2.690002496e-06 -1.501700306e-06 -3.080781821e-06 -147210145.2 -327432990.2 144619078.2 -66928068.33 -407715067.1 -895323.5161 378715942.6
163 0.001055632633 0.0004526650209 300.0000007 -2.825251397e-06 -1.213136565e-06 -3.07469405e-06 -117645332.9 -356703916 127200277.7 -62629628.92 -411719620 1098507.868 384256800.9
164 0.00120513139 8.659102462e-05 300.0000007 -3.090216995e-06 -2.218394355e-07 -3.098169423e-06 -77199097.15 -396763804 22676615.51 -75598460.25 -398364440.9 -399736.5183 366461588.7
165 0.001166978486 0.0001686600731 300.0000007 -3.054980568e-06 -4.422547172e-07 -3.086826038e-06 -73407200.51 -401287310.3 48171381.07 -66476614.01 -408217896.8 -217854.2123 379373418
166 0.001140628009 0.0002546015066 300.0000007 -3.008002253e-06 -6.737791097e-07 -3.082539626e-06 -81775010.5 -392625236.9 74922661.77 -64667758.42 -409732488.9 1718718.482 381542935.8
167 0.001109579786 0.0003489740492 300.0000007 -2.937677372e-06 -9.256836549e-07 -3.080070741e-06 -97024260.8 -377853466.2 99491557.49 -65353496.82 -409524230.2 1207160.923 381079658.2
168 0.0006184106209 0.003849331709 300 -9.879395656e-07 -6.139110376e-06 -6.218094409e-06 -251493682.9 -222985516.1 1829631.779 -223129706.9 -251349492.2 2727155.054 238541834.7
169 0.0007304074278 0.003827810768 300 -1.163452447e-06 -6.106190659e-06 -6.216042403e-06 -249303545 -225519833.1 7328787.806 -223656752.1 -251166625.9 -2434970.131 238641346.3
170 0.000841882212 0.0038034514 300 -1.341883759e-06 -6.063531244e-06 -6.210238571e-06 -251350210 -218153214.1 8114918.332 -216279080.7 -253224343.3 -352032.272 236922882.8
171 0.0009526222739 0.003777188714 300 -1.521246536e-06 -6.024402936e-06 -6.213502916e-06 -250820722.6 -223415758.9 4205016.096 -223060458.6 -251176023 2796234.795 238414304.6
172 0.001062209777 0.00374735349 300 -1.692542666e-06 -5.97795176e-06 -6.21293847e-06 -247621330 -226876533.2 9704349.903 -223327004.5 -251170858.8 -2817977.913 238521149.4
173 0.001170688725 0.003713897103 300 -1.866224842e-06 -5.920491304e-06 -6.207657565e-06 -249732474.2 -219194514.4 10700518.38 -215818314.3 -253108674.3 -10150.94891 236677119.1
174 0.001278427012 0.003678276922 300 -2.040985302e-06 -5.866802274e-06 -6.211681468e-06 -250008013.7 -224389933.1 6436509.206 -223159089.9 -251238857 2895139.872 238494975.8
175 0.001384869656 0.003639140974 300 -2.207683147e-06 -5.806041972e-06 -6.211600876e-06 -245977785.4 -229080881.4 11009874.02 -223898726 -251159940.8 -2607720.992 238742466.3
176 0.001489973178 0.003596517409 300 -2.375001722e-06 -5.733774581e-06 -6.206190779e-06 -247329418.2 -221765753.7 13536062.46 -215937961.8 -253157210.2 -531140.5105 236753818.9
177 0.00159417477 0.003551827766 300 -2.544586473e-06 -5.66462014e-06 -6.209898381e-06 -248661510.3 -225123687.9 8667931.7 -222594086 -251191112.3 3031968.46 238241525.4
178 0.001696778538 0.003503755679 300 -2.705235892e-06 -5.590102055e-06 -6.210276908e-06 -243891278.9 -230894621.7 12421888.2 -223617952.6 -251167948.1 -2604038.967 238631531.1
179 0.001797735254 0.00345231527 300 -2.866078497e-06 -5.50413646e-06 -6.205636479e-06 -245215414.3 -224195676.2 15198813.72 -216227165 -253183925.6 -103669.2221 236877767.7
180 0.001897603128 0.003398871121 300 -3.028663912e-06 -5.421135249e-06 -6.20979141e-06 -246934573.4 -227581268.7 10421333.7 -223308919.4 -251206922.7 2768961.948 238533114
181 0.001995576426 0.003342163439 300 -3.181739923e-06 -5.332360171e-06 -6.20947103e-06 -241323127.1 -233054940.7 13698717.24 -223168590.8 -251209477 -2858803.102 238480344.2
182 0.002091612169 0.00328220602 300 -3.334669786e-06 -5.232743972e-06 -6.204968336e-06 -242553594 -226743173.9 16723637.71 -216150761.2 -253146006.6 101779.6885 236825634.8
183 0.002186392195 0.003220310093 300 -3.489043119e-06 -5.136085779e-06 -6.20908982e-06 -244729388.3 -229554198.2 12082533.83 -223112205.3 -251171381.2 2594201.936 238425895.8
184 0.002279011378 0.003155296405 300 -3.634153086e-06 -5.034285211e-06 -6.208952695e-06 -239178855.8 -235241676 14099388.32 -223206730 -251213801.8 -2563021.59 238488395
185 0.002369433983 0.003087191701 300 -3.777453604e-06 -4.921969761e-06 -6.204429227e-06 -239257115.8 -230050677.8 17858930.6 -216212054.9 -253095738.7 -171739.2329 236818167.3
186 0.002458456411 0.003017253494 300 -3.923043264e-06 -4.811917306e-06 -6.208446943e-06 -242695959.1 -231472131.6 13292056.74 -222932400.4 -251235690.3 2811279.528 238397486.6
187 0.002545073709 0.002944395651 300 -4.058733425e-06 -4.698134849e-06 -6.208525204e-06 -236697095 -237864574 14118863.81 -223395085.7 -251166583.3 -2620886.532 238539815.6
188 0.00262924951 0.002868655108 300 -4.191822877e-06 -4.573658845e-06 -6.204009531e-06 -236201428.4 -233243486.1 18398772.3 -216264767.3 -253180147.1 -125939.0966 236889717.9
189 0.002711882378 0.002791219276 300 -4.327246065e-06 -4.451344654e-06 -6.208020998e-06 -240257809.1 -233967560.7 13983648.46 -223044181.9 -251181187.9 2740703.023 238408741.5
190 0.002791872041 0.002711095087 300 -4.452470263e-06 -4.326054416e-06 -6.207997686e-06 -234145009.8 -240355895.9 13888896.84 -223276391.2 -251224514.5 -2696448.261 238527594
191 0.00286918172 0.002628321867 300 -4.574274061e-06 -4.190368952e-06 -6.203480888e-06 -232920408.2 -236296874.9 18421369.99 -216110209 -253107074.1 -70681.29667 236786413.7
192 0.002944807344 0.002544002334 300 -4.698740028e-06 -4.056881743e-06 -6.207772887e-06 -237879969.7 -236461051.7 14303497.65 -223121806.4 -251219215 2779799.436 238464109
193 0.00301756464 0.002457240608 300 -4.812550135e-06 -3.921179357e-06 -6.207759925e-06 -231694772.6 -242697029.3 13132279.4 -223221519.2 -251170282.7 -2726871.932 238474428.3
194 0.003087419725 0.002368076282 300 -4.922304289e-06 -3.775471495e-06 -6.203488093e-06 -229902333.3 -239526905.7 17793625.67 -216281769.9 -253147469.2 -35584.42624 236876056.7
195 0.003155461021 0.002277518109 300 -5.034357823e-06 -3.631643342e-06 -6.207542945e-06 -234915172.5 -238955190 14331902.49 -222696495 -251173867.6 2596858.971 238257700.2
196 0.003220431702 0.002184773682 300 -5.136654161e-06 -3.486486286e-06 -6.208123755e-06 -230109740.3 -244634757.6 12053309.01 -223488107.5 -251256390.5 -2292793.958 238620333.3
197 0.003282303433 0.002089882019 300 -5.232941315e-06 -3.332235305e-06 -6.20382679e-06 -226580780.2 -242856825.3 16475119.29 -216347788.9 -253089816.7 -403502.6246 236866813.4
198 0.003342251547 0.001993749579 300 -5.332555889e-06 -3.178773561e-06 -6.208119677e-06 -233055737.5 -241274224.5 13826736.77 -223046070.5 -251283891.6 2953116.409 238477298.3
199 0.003398959485 0.001895692794 300 -5.421052272e-06 -3.02562842e-06 -6.208239003e-06 -227384494.9 -246987134 10311018.93 -223262729.1 -251108899.8 -2920731.42 238462281.1
200 0.003452408652 0.001795749365 300 -5.504112594e-06 -2.862813042e-06 -6.204107829e-06 -224118313.2 -245194565.8 15303706.77 -216076056.9 -253236822 157891.4459 236853142.7
201 0.003503857111 0.00169471662 300 -5.590002127e-06 -2.701873105e-06 -6.208722838e-06 -230550732.6 -243748833.2 12509048.61 -223246474.1 -251053091.6 2592637.213 238411599.6
202 0.003551944317 0.001592025982 300 -5.665135778e-06 -2.541036825e-06 -6.208915258e-06 -225759889.6 -248581543.4 8792930.821 -223014053.5 -251327379.5 -2666738.759 238479593.6
203 0.003596668757 0.001487716138 300 -5.734017322e-06 -2.371752901e-06 -6.205172558e-06 -221782781.6 -247580604.5 12993940.21 -216372757.1 -252990629.1 85212.33202 236814632.7
204 0.00363937137 0.001382475247 300 -5.805776903e-06 -2.203713836e-06 -6.209943444e-06 -228176217.5 -246060023 11229858.85 -222975575.6 -251260664.9 2460850.726 238418130.7
205 0.003678671362 0.001275867639 300 -5.867222271e-06 -2.036528615e-06 -6.210615401e-06 -224582174.8 -249620666.1 6751999.631 -223089979 -251112861.9 -2449595.702 238377949.1
206 0.003714600333 0.001167961626 300 -5.921677538e-06 -1.862055665e-06 -6.207537044e-06 -219427293.3 -249945797.6 10521619.72 -216151755.7 -253221335.2 -104057.4971 236872164.6
207 0.003748581842 0.001059386439 300 -5.979877272e-06 -1.687907025e-06 -6.213530266e-06 -226844054.5 -247508844.2 9800820.208 -223242546.1 -251110352.6 2942923.486 238455680.4
208 0.00377920475 0.0009499341656 300 -6.027689359e-06 -1.516924624e-06 -6.215633212e-06 -224061890.6 -251014836 4073600.454 -223737436.8 -251339289.8 -2782797.94 238786730.5
209 0.003806435833 0.0008398251919 300 -6.067536161e-06 -1.338677529e-06 -6.213457378e-06 -217994208.5 -251400265.9 7754299.109 -216282018.4 -253112456.1 6056.318905 236854711
210 0.00383152356 0.0007297327372 300 -6.110853219e-06 -1.162094838e-06 -6.220368842e-06 -225081214.9 -249235158.3 7536526.953 -223156432.9 -251159940.2 2569703.878 238436496.6
211 0.003852543175 0.0006195890405 300 -6.143454119e-06 -9.896269101e-07 -6.222651159e-06 -223413052.6 -251128934.8 1855145.284 -223530183.1 -251011804.3 -2583451.07 238503619.9
212 7.120080587e-05 0.003666932101 300.0000001 -1.143820882e-07 -5.896336019e-06 -5.897445354e-06 -253805983.8 -218914604.8 902211.1725 -218892731.4 -253827857.3 -224300.6907 238289082.7
213 0.0001145711208 0.003727340074 300.0000001 -1.837864179e-07 -5.979074381e-06 -5.981898353e-06 -253237773.6 -218965646.9 1395315.634 -218912300 -253291120.5 -340217.9199 237972251.1
214 0.0001034720765 0.00357718704 300.0000001 -1.669716837e-07 -5.772986194e-06 -5.775400345e-06 -254773366.6 -217823877.6 1079615.05 -217792362.3 -254804882 -9919.428441 238462752
215 0.003719177476 0.0001113339676 300.0000001 -5.967780535e-06 -1.787055603e-07 -5.970455609e-06 -219055331.5 -253292813.5 1250460.279 -219011186.3 -253336958.7 224236.1759 238037890.6
216 0.003663532416 6.72729575e-05 300.0000001 -5.891556361e-06 -1.080924169e-07 -5.892547862e-06 -218927649.8 -253829720.6 792073.7059 -218910334.9 -253847035.5 150853.6802 238307324.4
217 0.00357635534 9.44123828e-05 300.0000001 -5.771752116e-06 -1.523352333e-07 -5.773762076e-06 -217876019.4 -254714857.4 966467.064 -217850682.8 -254740194 -6712.116703 238445300.6
218 0.003480495461 0.000106825963 300.0000002 -5.640744511e-06 -1.731165663e-07 -5.643400392e-06 -217056410.3 -255693060.2 1122090.558 -217023958.3 -255725512.2 -64770.36417 238739158.4
219 0.003419304517 6.800098143e-05 300.0000002 -5.557657935e-06 -1.104942751e-07 -5.558756219e-06 -216210006.4 -256394527.8 784613.669 -216194697.9 -256409836.3 -14855.30893 238854987.7
220 0.003330683994 0.0001016497925 300.0000002 -5.437426973e-06 -1.659624454e-07 -5.439959156e-06 -215045054.2 -257627505.5 1261015.655 -215007780.8 -257664778.9 -39704.01147 239206096.3
221 0.003221657159 0.0001162301246 300.0000002 -5.290568363e-06 -1.908581908e-07 -5.294009865e-06 -213871458.3 -258845817.7 1547216.837 -213818425.9 -258898850 -77269.91032 239561280.5
222 0.003162598629 6.817368715e-05 300.0000003 -5.211837602e-06 -1.122853477e-07 -5.213047015e-06 -212758136.3 -259661521.1 967918.0717 -212738210.8 -259681446.6 -43571.3555 239682789.1
223 0.003072999415 9.297337102e-05 300.0000003 -5.09245525e-06 -1.540777011e-07 -5.09478561e-06 -211272704.5 -261263452.8 1401526.991 -211233693.5 -261302463.8 -112119.6926 240214079.6
224 0.002975662598 0.0001052049735 300.0000003 -4.963856399e-06 -1.755277953e-07 -4.966958864e-06 -209983658.3 -262826898.6 1724410.001 -209927847.9 -262882709 -145843.4444 240812546.3
225 0.002916188968 6.565522467e-05 300.0000003 -4.886131333e-06 -1.099539654e-07 -4.887368338e-06 -208602706.5 -263873297.6 1188269.691 -208577229.6 -263898774.6 -56668.75769 241047211.7
226 0.002827516398 9.44977e-05 300.0000004 -4.770425758e-06 -1.594163174e-07 -4.773088672e-06 -206731021.8 -265759422 1867046.417 -206672222.9 -265818220.9 -107691.703 241734413.1
227 0.002727376237 0.0001060311887 300.0000004 -4.641264516e-06 -1.804163551e-07 -4.644769786e-06 -205072587.7 -267794115.9 2237724.311 -204993513.6 -267873189.9 -203751.2786 242623668.7
228 0.002667143614 6.555634031e-05 300.0000004 -4.564690068e-06 -1.120920483e-07 -4.566066144e-06 -203247829.9 -269146477.1 1552963.938 -203211322.6 -269182984.5 -67671.48912 243008856.2
229 0.002579224995 9.369487146e-05 300.0000004 -4.45316474e-06 -1.617348412e-07 -4.456100802e-06 -200796970.5 -271667463.6 2443329.034 -200713087.8 -271751346.3 -134213.1062 244111736.8
230 0.002479914731 0.0001065440127 300.0000005 -4.329156826e-06 -1.860140554e-07 -4.333151284e-06 -198563470.4 -274497492.4 3055660.465 -198441295.7 -274619667.1 -211924.6189 245558876
231 0.002418094018 6.661345704e-05 300.0000005 -4.253509611e-06 -1.171141211e-07 -4.255121588e-06 -196034663.2 -276414916.8 2136105.744 -195978015.2 -276471564.7 -79763.46624 246295714.8
232 0.002329386896 9.583803651e-05 300.0000005 -4.145338258e-06 -1.705403642e-07 -4.148844813e-06 -192762807.8 -279688176.5 3389739.722 -192631245 -279819739.3 -192046.2816 247999937.4
233 0.002229108106 0.0001069791969 300.0000005 -4.025731253e-06 -1.931336658e-07 -4.030361365e-06 -189756623.6 -283333089.9 4157185.137 -189573550.3 -283516163.3 -342515.9881 250145422
234 0.002168107351 6.599277221e-05 300.0000005 -3.955063204e-06 -1.201935123e-07 -3.956889105e-06 -186306595.4 -285908212.9 2944913.44 -186219679.5 -285995128.9 -89402.49359 251422126.1
235 0.002080421106 9.405003184e-05 300.0000006 -3.853942881e-06 -1.741878665e-07 -3.857877284e-06 -181705542.4 -290627247.3 4707052.239 -181502973.4 -290829816.3 -226151.6231 254438574.9
236 0.001981112074 0.0001060453137 300.0000006 -3.743197105e-06 -2.00467711e-07 -3.748561306e-06 -177434882.4 -296136563 6026895.08 -177130648.6 -296440796.8 -343274.3303 258348631.9
237 0.001919018367 6.580109336e-05 300.0000006 -3.677023713e-06 -1.260220661e-07 -3.679182646e-06 -172250397.2 -300026779.9 4269475.928 -172108003.7 -300169173.4 -116722.4942 260885456.2
238 0.001830936372 9.411003855e-05 300.0000006 -3.583926663e-06 -1.842196591e-07 -3.588658135e-06 -165600279.5 -306486880.1 6890687.205 -165265019.3 -306822140.3 -368109.4249 265980811.3
239 0.001729484118 0.0001055903568 300.0000006 -3.482270431e-06 -2.124519355e-07 -3.488745212e-06 -159128455.3 -314166817.6 8971567.342 -158612796 -314682476.9 -525486.9907 272527505.4
240 0.001668822974 6.32911404e-05 300.0000006 -3.425921428e-06 -1.294665767e-07 -3.428366814e-06 -151788185.2 -319690572.1 6151581.028 -151563406.3 -319915351 -224745.4133 277182230.9
241 0.00158248881 8.866488883e-05 300.0000007 -3.346942706e-06 -1.878221218e-07 -3.352208606e-06 -142178532.1 -330655419.9 9977948.743 -141653746.2 -331180205.9 -611581.0486 287809516.6
242 0.001490703758 9.428381013e-05 300.0000007 -3.270605099e-06 -2.062604308e-07 -3.277102488e-06 -131635436.5 -340792877.3 12758957.94 -130861270.6 -341567043.2 -518765.1624 298488906.3
243 0.001423651754 6.532828889e-05 300.0000007 -3.221398845e-06 -1.470019395e-07 -3.224751063e-06 -119735449.8 -351289081.4 10803425.51 -119232598 -351791933.2 154857.1745 309885434.4
244 0.001328292296 9.22320311e-05 300.0000007 -3.154683946e-06 -2.193064067e-07 -3.162297587e-06 -103637043.9 -369464377.9 18142723.49 -102405116.4 -370696305.4 -400949.6025 331574792
245 0.001266538437 0.0001728221691 300.0000007 -3.102391913e-06 -4.229492246e-07 -3.131089505e-06 -96035437.24 -373740748.9 38503495.35 -90795872.04 -378980314.1 -105003.1759 342724603.5
246 0.001223882184 0.0002406078009 300.0000007 -3.057340935e-06 -6.007804103e-07 -3.115809786e-06 -96593257.47 -375627719.2 59035022.84 -84628290.55 -387592686.1 1826303.324 352985463.7
247 0.001223840788 0.0003388175759 300.0000007 -3.012708325e-06 -8.337937663e-07 -3.125959602e-06 -110844200.5 -360200836.9 76240694.2 -89386545.06 -381658492.4 1266365.221 345749672.9
248 0.001174079022 0.0004434255553 300.0000007 -2.917879453e-06 -1.10203198e-06 -3.11905354e-06 -122775898.6 -347533987.8 101034299 -84043491.48 -386266394.9 1519345.169 351864725.5
249 0.001141921337 0.0005634255389 300.0000007 -2.804292561e-06 -1.384650244e-06 -3.127508953e-06 -145975774.2 -324749067.7 116002807.1 -88916198.39 -381808643.5 -357450.9991 346027948
250 0.001075627796 0.0006678584421 300.0000007 -2.654827124e-06 -1.648276697e-06 -3.124887697e-06 -168634100.5 -300727465.3 131441307 -87581601.05 -381779964.8 -901186.7579 346398634.9
251 0.001019599633 0.0007698117171 300.0000007 -2.499253036e-06 -1.886071367e-06 -3.131058994e-06 -194253909.3 -276344282.1 140237519.3 -89182295.81 -381415895.5 -1072349.15 345571225.4
252 0.0009454208642 0.0008502033126 300.0000007 -2.326434077e-06 -2.092380793e-06 -3.128953957e-06 -220831708.1 -250015574.8 146127005.6 -88572917.14 -382274365.7 943958.0023 346586742.1
253 0.0008775304316 0.0009419603696 300.0000007 -2.138638848e-06 -2.294517512e-06 -3.136652057e-06 -244732740 -225811005.7 142992063.2 -91968768.71 -378574977 -677123.039 341996445.3
254 0.0007858458503 0.001004931624 300.0000007 -1.928576728e-06 -2.466922375e-06 -3.13131187e-06 -271317827.8 -198986030 141678640.7 -88933195.69 -381370662.1 944203.423 345599273.8
255 0.0007018506999 0.001081240847 300.0000007 -1.708764321e-06 -2.631549839e-06 -3.137663114e-06 -293067188.5 -177628154.5 130650048.1 -92516451.45 -378178891.6 -469362.1349 341454916
256 0.0005991815627 0.001125575953 300.0000007 -1.470561449e-06 -2.763879296e-06 -3.130747404e-06 -317926071.7 -152599607.3 120698554 -88975588.17 -381550090.8 1179412.608 345763873.7
257 0.0005011148851 0.001182842152 300.0000007 -1.222933087e-06 -2.886404642e-06 -3.134788204e-06 -334992046.4 -136157950.9 103560567.3 -92019606.97 -379130390.3 -624511.2305 342521826.2
258 0.000391947198 0.001202496375 300.0000007 -9.674963708e-07 -2.971447376e-06 -3.124987644e-06 -355959246.1 -115592516 86898342.56 -87468816.61 -384082945.5 614662.6309 348678011.4
259 0.0002893788981 0.001233740374 300.0000007 -7.132592309e-07 -3.04257489e-06 -3.125060087e-06 -367525998.7 -104753915.7 66204851.69 -89018918.17 -383260996.2 -879866.1567 347416468
260 0.0001880999582 0.001220956917 300.0000007 -4.726048276e-07 -3.074031295e-06 -3.110148355e-06 -383083216.4 -89820223.78 47184023.81 -82418016.56 -390485423.6 -863706.7509 356497965.4
261 6.870924156e-05 0.003413756571 300.0000002 -1.11667479e-07 -5.550334344e-06 -5.551457552e-06 -256395978.5 -216080878 779783.7633 -216065826.2 -256411030.3 31947.86371 238808290.6
262 0.0001157569499 0.003471394676 300.0000002 -1.876819389e-07 -5.628453443e-06 -5.63158172e-06 -255744492.4 -216920656.7 1245878.179 -216880781.3 -255784367.7 50069.14749 238722035.2
263 9.553558849e-05 0.003326042318 300.0000002 -1.559995974e-07 -5.431454358e-06 -5.433694169e-06 -257608213.8 -214913479.1 1120189.727 -214884376.4 -257637316.5 106988.5696 239144480
264 6.970501459e-05 0.003166802707 300.0000003 -1.148044318e-07 -5.217720763e-06 -5.218983619e-06 -259681156.8 -212822246.3 993356.6237 -212801229.3 -259702173.7 38525.16059 239717844.3
265 0.0001112964116 0.00322827245 300.0000002 -1.827046869e-07 -5.2997812e-06 -5.302929546e-06 -258819315.4 -213926395 1433809.163 -213880944.4 -258864766 115465.1053 239561734.9
266 0.0001000161689 0.003077092282 300.0000003 -1.656974516e-07 -5.098085645e-06 -5.100777675e-06 -261172943.6 -211384625.4 1534617.848 -211337514.5 -261220054.5 85206.40231 240195517.5
267 6.928265245e-05 0.002915585724 300.0000003 -1.160353173e-07 -4.885531577e-06 -4.886909348e-06 -263862508.5 -208607446.5 1271525.204 -208578233.9 -263891721.1 42187.2181 241042851.6
268 0.0001116866432 0.002976044722 300.0000003 -1.863088095e-07 -4.96451615e-06 -4.968010827e-06 -262800048.4 -210054912 1857592.104 -209989864 -262865096.4 124297.5419 240821183.5
269 9.907259417e-05 0.002825851327 300.0000004 -1.67156539e-07 -4.768436225e-06 -4.771365144e-06 -265780650.3 -206706405.2 1985373.619 -206639886.7 -265847168.8 88064.85979 241743985.2
270 6.802771717e-05 0.002665717083 300.0000004 -1.163472495e-07 -4.5630956e-06 -4.564578636e-06 -269192885.7 -203165077.5 1622150.406 -203125310.8 -269232652.5 63859.83598 243018845.1
271 0.0001104924425 0.002725225111 300.0000004 -1.880583159e-07 -4.638662034e-06 -4.642472552e-06 -267842564.6 -205012584.2 2374501.861 -204923468.1 -267931680.7 176511.1279 242642983.7
272 9.655345272e-05 0.002577299897 300.0000004 -1.667075572e-07 -4.450985887e-06 -4.454106731e-06 -271688548.7 -200729814.6 2489938.326 -200642964.3 -271775399.1 171644.2436 244110084.5
273 6.79084649e-05 0.002417812026 300.0000005 -1.193138189e-07 -4.253379064e-06 -4.2550522e-06 -276227200.4 -196084751.2 2169417.696 -196026155.3 -276285796.4 83168.44278 246172446
274 0.0001085067512 0.002478851522 300.0000005 -1.893630653e-07 -4.328074169e-06 -4.332214719e-06 -274326484.4 -198506589.5 3048086.158 -198385250.9 -274447823 276088.9496 245422378.3
275 9.794126349e-05 0.002329464556 300.0000005 -1.742221437e-07 -4.145574315e-06 -4.149233634e-06 -279601095.7 -192818793.7 3446139.184 -192682660.5 -279737228.9 208306.3592 247949877.1
276 6.829915465e-05 0.002167411389 300.0000005 -1.244924818e-07 -3.954358433e-06 -3.956317604e-06 -286140923.6 -186344111.7 3031933.614 -186252217.2 -286232818.1 115744.8771 251610130.5
277 0.0001103848041 0.002228776957 300.0000005 -1.993368689e-07 -4.025427261e-06 -4.030359763e-06 -283452119.2 -189830981.9 4305992.807 -189634583.4 -283648517.7 340515.3503 250256940.4
278 9.740280575e-05 0.002078859923 300.0000006 -1.804811174e-07 -3.852248092e-06 -3.856473621e-06 -290782403.3 -181835293.9 4770866.866 -181627852.1 -290989845 343455.3757 254582520.9
279 6.803470945e-05 0.001916722373 300.0000006 -1.301660988e-07 -3.674368862e-06 -3.676673725e-06 -299799777.9 -172551847.5 4421931.606 -172398447 -299953178.4 100221.7594 260733008.6
280 0.0001112298422 0.001978704288 300.0000006 -2.101202356e-07 -3.740425753e-06 -3.746322905e-06 -295923934 -177408891.2 6218402.073 -177085300 -296247525.3 461930.4045 258188609.3
281 9.569378825e-05 0.001825789767 300.0000006 -1.87669356e-07 -3.578220441e-06 -3.58313847e-06 -307161674.9 -165961922.8 7224519.177 -165593510.2 -307530087.5 195389.85 266591622.5
282 6.372503727e-05 0.001671071495 300.0000006 -1.304565028e-07 -3.428010008e-06 -3.430491429e-06 -320010941.8 -151953028.7 6779075.492 -151680788 -320283182.5 -359933.4291 277503083.9
283 9.602501792e-05 0.001731788986 300.0000006 -1.931553604e-07 -3.484603475e-06 -3.489952774e-06 -314114931.7 -159173003.1 8608642.827 -158696171.1 -314591763.8 9086.817813 272448058.2
284 8.44283826e-05 0.001586444654 300.0000007 -1.785408536e-07 -3.350265419e-06 -3.355019397e-06 -330379382.1 -142696964.1 10300018.97 -142133811.7 -330942534.6 -281850.9829 287553640.3
285 7.065839093e-05 0.001413918755 300.0000007 -1.601200338e-07 -3.213230186e-06 -3.217217189e-06 -351355373.9 -119697767.9 12088475.91 -119069659.9 -351983481.9 -480358.5963 310096910.9
286 0.0001169946053 0.001488641981 300.0000007 -2.561566709e-07 -3.265715128e-06 -3.275745913e-06 -340117092.4 -132367390.3 15925247.94 -131154892.9 -341329589.7 497404.6187 298230097.7
287 7.820495403e-05 0.001319893481 300.0000007 -1.860594477e-07 -3.149811992e-06 -3.155302423e-06 -369607489.7 -100650225.7 16094990.71 -99690529.45 -370567186 -102152.068 332138876.6
288 0.0001483027831 0.001288647211 300.0000007 -3.593218351e-07 -3.120871724e-06 -3.141488895e-06 -373106759.3 -99199211.75 31509300.02 -95621879.76 -376684091.3 424793.017 339139719
289 0.0001579479729 0.001386040194 300.0000007 -3.617497276e-07 -3.181866218e-06 -3.202363938e-06 -354247593.6 -119323660.3 27546736.16 -116137518.6 -357433735.3 -412599.764 315809819.3
290 0.0001760813957 0.003769184452 300.0000001 -2.820700908e-07 -6.036141966e-06 -6.042728967e-06 -253351649.6 -218825130.6 1267808.041 -218782120.8 -253394659.4 347143.6727 237984475
291 0.0001988991447 0.003829776371 300 -3.18654537e-07 -6.119167739e-06 -6.127459001e-06 -253485832 -218532320.7 389808.4178 -218585964.6 -253432188.2 1422713.545 237943377.6
292 0.003814408372 0.0002195678043 300.0000001 -6.098292075e-06 -3.51888678e-07 -6.108436064e-06 -219657177.1 -253349411.4 881161.187 -219667337.5 -253339251 -1057671.338 238301306.1
293 0.003752992912 0.0001749001986 300.0000001 -6.013983008e-06 -2.804397381e-07 -6.020518088e-06 -219551306.9 -253667169.8 1340387.525 -219500579.1 -253717897.7 -251873.2786 238458048.1
294 0.001424401063 0.0001400025446 300.0000007 -3.214057572e-06 -3.160398693e-07 -3.229558369e-06 -123744989 -349066557.3 22974319.88 -121427898.5 -351383647.8 600009.5048 309109211.4
295 0.001353588153 0.0001806429973 300.0000007 -3.156145912e-06 -4.208565458e-07 -3.184081835e-06 -115755235.2 -357704863.3 33731068.7 -111143394 -362316704.5 826227.7854 321495238.1
296 0.001321679148 0.0002679108858 300.0000007 -3.108381178e-06 -6.293352915e-07 -3.171450129e-06 -118377472.7 -355066421.3 51637637.46 -107610839.2 -365833054.9 1477169.779 325657582.1
297 0.001333384633 0.0003816042713 300.0000007 -3.073945934e-06 -8.789083365e-07 -3.197127278e-06 -131505113.1 -339931236.4 64076341.43 -113384357.8 -358051991.6 -759606.3942 316956585.6
298 0.00126426456 0.0004340656597 300.0000007 -2.992328038e-06 -1.026349401e-06 -3.163450529e-06 -132815295.5 -341547572.4 82047120.01 -104427463.2 -369935404.8 635602.2944 330343904
299 0.001249727089 0.0005221773054 300.0000007 -2.927929077e-06 -1.223951964e-06 -3.173456604e-06 -147336937.8 -328318854.2 91962122.17 -108810122.7 -366845669.4 244115.1299 326341913.4
300 0.001238925472 0.0006104740681 300.0000007 -2.86455506e-06 -1.411032865e-06 -3.193225527e-06 -160204136.7 -310381027.4 97031308.92 -112601221.2 -357983943 -423659.6236 317053067.8
301 0.001181919835 0.0006780384904 300.0000007 -2.75850528e-06 -1.581883938e-06 -3.179891177e-06 -173098051.6 -301025765 110146371.3 -109690592.5 -364433224.1 382064.2647 323835054.6
302 0.001126555474 0.0007620164838 300.0000007 -2.632652483e-06 -1.780609877e-06 -3.178274786e-06 -186783901.3 -285004497.9 118247715.3 -107863460.9 -363924938.3 -1572740.271 323773229.4
303 0.001088137502 0.0008312902435 300.0000007 -2.532066535e-06 -1.933607808e-06 -3.185937806e-06 -199188517 -267710594.5 120303291.7 -108370904.3 -358528207.3 -1425377.398 318494579.8
304 0.001030120527 0.0008620795362 300.0000007 -2.430765145e-06 -2.0323058e-06 -3.168419773e-06 -213673645.2 -259070849 129551432.3 -104848244.7 -367896249.4 486776.6202 328280733
305 0.001000886384 0.0009484331709 300.0000007 -2.31700081e-06 -2.194800934e-06 -3.191495508e-06 -229717960.5 -243473136.3 125169124.6 -111237691 -361953405.8 -136289.2652 321125032.4
306 0.0009412881542 0.001027029267 300.0000007 -2.163690992e-06 -2.361150258e-06 -3.202591011e-06 -243953061.3 -225590864.6 121684604.8 -112749929.6 -356793996.4 -1434912.097 315899005.1
307 0.0008660115957 0.001034534006 300.0000007 -2.037121888e-06 -2.431418072e-06 -3.172011598e-06 -258712997.4 -212490823.2 128733313.6 -104810555 -366393265.5 98893.75148 326844650.1
308 0.0008214133339 0.0011086123 300.0000007 -1.900738097e-06 -2.564516704e-06 -3.192107614e-06 -273624632.5 -199808887.6 119698402.5 -111458267.8 -361975252.3 456871.1579 321098926.1
309 0.0007514181129 0.001177003844 300.0000007 -1.724375315e-06 -2.70167236e-06 -3.205074671e-06 -285307890.9 -185391691.5 110319806.8 -114250532.8 -356449049.6 -1114048.499 315259161.2
310 0.0006739836905 0.001170186889 300.0000007 -1.584746713e-06 -2.748769748e-06 -3.172878101e-06 -301636700.2 -169619250.8 112349818 -105324036.5 -365931914.5 718901.9385 326281232.8
311 0.000614966522 0.001234834114 300.0000007 -1.423117524e-06 -2.856425628e-06 -3.191305469e-06 -312464596 -160139746.2 99242173.59 -111207208.9 -361397133.3 987123.6612 320605502.2
312 0.0005302470934 0.001286398373 300.0000007 -1.220147994e-06 -2.959633631e-06 -3.201279795e-06 -320731377.2 -149072706.7 87378956.64 -112429790.7 -357374293.2 -1518065.399 316518940.8
313 0.0004543543063 0.001263194837 300.0000007 -1.073135591e-06 -2.980774638e-06 -3.168065115e-06 -339193106.4 -134844624.4 83348344.39 -105163509.6 -368874221.2 828974.8875 329146637.1
314 0.0003800318574 0.00130582661 300.0000007 -8.878472829e-07 -3.052109808e-06 -3.178623433e-06 -346613236.2 -128544780.4 69397901.2 -108333006.9 -366825009.6 -51728.11332 326431278.8
315 0.0003004259887 0.001327196385 300.0000007 -7.008227449e-07 -3.102613093e-06 -3.18077953e-06 -349695362.8 -120483484.9 54963691.47 -107985268.9 -362193578.7 -249864.0506 322077045.3
316 0.0002249162371 0.001310587126 300.0000007 -5.34696654e-07 -3.114314805e-06 -3.15988246e-06 -361083051.2 -110906825.2 44084268.02 -103365989.6 -368623886.8 143811.5874 329340229.8
317 0.0002652403762 0.001406931068 300.0000007 -5.974415425e-07 -3.173342924e-06 -3.229092919e-06 -343433169.8 -129197001.9 40474124.32 -121812983.7 -350817188 1306615.958 308516021.9
318 0.0002010564185 0.001473632662 300.0000007 -4.41953376e-07 -3.24076301e-06 -3.270759488e-06 -339602744.4 -134035999.8 27901366.04 -130318282.8 -343320461.4 652550.6914 300186839.4
319 0.0001876334166 0.001571816397 300.0000007 -3.974840327e-07 -3.326188618e-06 -3.34985434e-06 -327815926.3 -144508221.6 21886210.4 -141931809.3 -330392338.6 303449.9553 287072864.9
320 0.0001379929287 0.001662168044 300.0000006 -2.835767062e-07 -3.414022525e-06 -3.42577955e-06 -321034209.9 -153489074.5 14462858.6 -152250969.8 -322272314.7 -450500.6422 279238498.4
321 0.003682146116 0.000186783226 300.0000001 -5.916118164e-06 -3.001429997e-07 -5.923726863e-06 -218936409.6 -253513102.7 1730810.774 -218850008 -253599504.4 -27534.6191 238133960.9
322 0.003647219861 0.0001305715477 300.0000001 -5.86863074e-06 -2.100895391e-07 -5.872390006e-06 -218578805 -254070283.9 1272797.053 -218533218.5 -254115870.5 559.620375 238325164.8
323 0.003594965145 0.0001930158311 300.0000001 -5.796268427e-06 -3.111873651e-07 -5.804615857e-06 -218171149.9 -254390628.5 1955626.914 -218065865 -254495913.4 5328.612026 238377893.3
324 0.00352353541 0.0001630681931 300.0000001 -5.698871581e-06 -2.637487416e-07 -5.704971577e-06 -217375988.4 -255065492 1779905.074 -217292144.8 -255149335.6 31765.56019 238485044.2
325 0.003453583429 0.0001838703692 300.0000002 -5.603220311e-06 -2.983249325e-07 -5.611156353e-06 -216690173.3 -255818478.3 2172473.682 -216570097.7 -255938553.9 82871.85777 238701767
326 0.003410488086 0.0001314595798 300.0000002 -5.545241022e-06 -2.137704725e-07 -5.549359945e-06 -216222384.2 -256547463.7 1546544.692 -216163160.7 -256606687.2 -10095.69755 238965670.6
327 0.003368490429 0.000196895071 300.0000002 -5.48743317e-06 -3.207628285e-07 -5.496800122e-06 -215765731.5 -256919153.1 2476107.819 -215617377.8 -257067506.9 61935.60597 239053020.2
328 0.003270269365 0.0001987645347 300.0000002 -5.354677262e-06 -3.254837296e-07 -5.364560396e-06 -214495042.6 -258008251.2 2668614.494 -214331995 -258171298.8 14004.19259 239282792.3
329 0.003173318464 0.0001970061033 300.0000003 -5.224584268e-06 -3.24387402e-07 -5.234644969e-06 -213232847 -259453229 2920490.613 -213049076.9 -259636999.1 39625.90031 239762095
330 0.003143534349 0.0001315746004 300.0000003 -5.18583488e-06 -2.170532125e-07 -5.190375275e-06 -212634108.4 -260134434.3 1949876.442 -212554237.2 -260214305.5 -41622.52944 239960706.2
331 0.003087258463 0.0001834170672 300.0000003 -5.11011909e-06 -3.036010965e-07 -5.119129881e-06 -211906565.6 -260857342.7 2995101.744 -211724105.6 -261039802.7 76047.71527 240209229.8
332 0.003017475367 0.0001622008436 300.0000003 -5.018060046e-06 -2.698127634e-07 -5.025308503e-06 -210601435.3 -261879057.2 2818911.301 -210446992.3 -262033500.2 54241.07117 240427408.2
333 0.002944847268 0.0001816910578 300.0000003 -4.921960969e-06 -3.037037436e-07 -4.931321906e-06 -209352796.6 -263022574 3381447.442 -209140648.8 -263234721.9 57042.77649 240788826.6
334 0.002903009607 0.0001284614063 300.0000003 -4.868163435e-06 -2.154478133e-07 -4.872928585e-06 -208586149.9 -264241222.3 2437551.993 -208479611.4 -264347760.9 -29961.35606 241313843.9
335 0.00285104081 0.0001951630229 300.0000004 -4.799034203e-06 -3.284657676e-07 -4.810261847e-06 -207686158 -264993434.5 4026446.507 -207404763.1 -265274829.5 84314.51049 241595176
336 0.002770661078 0.0001658667972 300.0000004 -4.695636112e-06 -2.811805642e-07 -4.7040473e-06 -205944779.8 -266504474 3703412.723 -205719213.5 -266730040.3 64477.40002 242061619.4
337 0.002695186786 0.0001820400022 300.0000004 -4.5982167e-06 -3.104873523e-07 -4.608687363e-06 -204129300.5 -267966066.2 4372717.472 -203831194.5 -268264172.2 40879.60232 242553541.1
338 0.002654393883 0.0001279204342 300.0000004 -4.54753893e-06 -2.191021548e-07 -4.552814083e-06 -203198368 -269558341.9 3163849.869 -203047892 -269708817.9 -41418.83179 243325894.9
339 0.002603271489 0.0001921662295 300.0000004 -4.481090443e-06 -3.306363381e-07 -4.493271851e-06 -202052150 -270477775.2 5183602.125 -201661848.5 -270868076.7 103802.6378 243748418.2
340 0.002525588753 0.0001633116816 300.0000004 -4.384347998e-06 -2.835935665e-07 -4.39351029e-06 -199746288.8 -272568077.6 4836498.024 -199426630.5 -272887735.9 106966.0653 244576470.7
341 0.002450816351 0.0001847559867 300.0000005 -4.290721465e-06 -3.235487134e-07 -4.302903026e-06 -197722700.7 -274831228.5 6041301.187 -197252724.3 -275301205 193007.7831 245755141.9
342 0.002406466069 0.000130524916 300.0000005 -4.237954291e-06 -2.299683859e-07 -4.244189206e-06 -196250657.9 -276966995.4 4363044.105 -196015512.3 -277202141 -27703.66791 246834338.5
343 0.002354371427 0.0001987376997 300.0000005 -4.171856053e-06 -3.521063054e-07 -4.186688641e-06 -194815103.5 -277966330.6 7172077.588 -194201143.9 -278580290.2 101272.899 247427731.1
344 0.002273449622 0.0001675823472 300.0000005 -4.075884703e-06 -3.00546604e-07 -4.086950497e-06 -191401549.3 -280809900.4 6759823.257 -190893545.8 -281317904 131836.5992 248753671.1
345 0.002198114918 0.0001832930174 300.0000005 -3.985848218e-06 -3.322090904e-07 -3.999668596e-06 -188196656.3 -283494762.9 8130787.251 -187508085.5 -284183333.7 126798.2079 250265508.3
346 0.002156291666 0.0001287616717 300.0000005 -3.939601243e-06 -2.351610076e-07 -3.946613567e-06 -186319997.2 -286519200.2 5961354.89 -185966591.2 -286872606.2 -43084.2266 252053070.1
347 0.002105945049 0.0001933497775 300.0000006 -3.878431511e-06 -3.558100634e-07 -3.894718438e-06 -184313272.6 -288074895.2 9856563.875 -183385841.6 -289002326.1 244914.5979 253286313.4
348 0.002027220228 0.0001637488402 300.0000006 -3.791023538e-06 -3.064386205e-07 -3.803388496e-06 -179923876 -292136260.8 9391756.687 -179143867.9 -292916268.9 264789.1076 255770449.7
349 0.001952353119 0.0001835777296 300.0000006 -3.706942141e-06 -3.488749638e-07 -3.723322935e-06 -176313425.9 -296444888 11940525.63 -175140422.3 -297617891.6 534393.1103 259087843.1
350 0.001908291985 0.0001286773461 300.0000006 -3.662963007e-06 -2.473212015e-07 -3.671302992e-06 -172925480.3 -300900927.4 8710467.802 -172335349.1 -301491058.5 41208.82733 261990017.4
351 0.001858248267 0.0001937097339 300.0000006 -3.604929218e-06 -3.758905443e-07 -3.624473529e-06 -170541389.5 -302539807.8 14056005.78 -169061366.3 -304019831.1 141786.7564 263840587.4
352 0.001777136986 0.0001645497404 300.0000006 -3.524214978e-06 -3.264092357e-07 -3.539298545e-06 -162770720.9 -308565442.4 13968760.2 -161445232.1 -309890931.2 346516.8958 268452787.5
353 0.001693192907 0.0001891522907 300.0000006 -3.43884442e-06 -3.840763376e-07 -3.460226231e-06 -157018644.7 -315218286 18839003.4 -154811366.2 -317425564.5 919405.3404 274930898.1
354 0.001657325643 0.0001220542341 300.0000006 -3.412077866e-06 -2.509900329e-07 -3.421296724e-06 -151260800.5 -320066620.1 12427762.85 -150350783.8 -320976636.9 -71009.80462 278158742.1
355 0.001612777767 0.0001634633358 300.0000007 -3.367218065e-06 -3.409571316e-07 -3.384436313e-06 -148122659.2 -324303929.3 18850011.55 -146131905.1 -326294683.4 791358.944 283094629.3
356 0.001523238859 0.0001772012467 300.0000007 -3.286604853e-06 -3.823592396e-07 -3.308771682e-06 -137997061.8 -333394529.2 23915975.38 -135116005.4 -336275585.6 849861.0863 293093086.5
357 0.001427302483 0.0002300128852 300.0000007 -3.198100467e-06 -5.14482647e-07 -3.239218765e-06 -129485952.3 -342002652.8 36119709.32 -123518452.7 -347970152.4 910507.4645 305551611.7
358 0.001423735866 0.0003304356555 300.0000007 -3.166321089e-06 -7.347244193e-07 -3.250447537e-06 -136858647.3 -335786192 48362427.19 -125724889.7 -346919949.6 -390818.2577 304210757.8
359 0.001607969534 0.0002399863289 300.0000007 -3.350239013e-06 -5.001319249e-07 -3.387363779e-06 -151069681.4 -321873826.8 26999338.14 -146907848 -326035660.2 886005.7303 282818537.8
360 0.001517565495 0.0002835679682 300.0000007 -3.260025566e-06 -6.093668429e-07 -3.316488293e-06 -143838334.1 -328743586.1 35779735.67 -137156318.5 -335425601.6 -19715.73598 292089798.6
361 0.0001378885491 0.003655267952 300.0000001 -2.218448298e-07 -5.87976559e-06 -5.883949228e-06 -254106814.4 -218571518.1 1335064.354 -218521431.7 -254156900.8 7331.568683 238345582.4
362 0.0001970231916 0.003697297338 300.0000001 -3.165395481e-07 -5.936978573e-06 -5.94541099e-06 -253452349.6 -219034288.9 1697305.086 -218951366.4 -253535272.1 141198.3348 238134417.1
363 0.0001962000474 0.003514294718 300.0000001 -3.174619054e-07 -5.686011353e-06 -5.694866739e-06 -255110154.8 -217295136.6 2112354.904 -217177506.7 -255227784.7 5392.166266 238490162.6
364 0.000203099209 0.003607728285 300.0000001 -3.27333563e-07 -5.813796362e-06 -5.823003984e-06 -254280218.9 -218268368.8 2005371.326 -218157062.9 -254391524.8 28203.21991 238349001.5
365 0.0002646817165 0.0037661484 300.0000001 -4.24123174e-07 -6.03133194e-06 -6.046225713e-06 -252444959.7 -220372339 1612040.928 -220304500.1 -252512798.6 646763.3198 238051119
366 0.0003494248817 0.003807626036 300.0000001 -5.585103733e-07 -6.087446973e-06 -6.113014352e-06 -250035055.8 -221789812.6 3115831.648 -221458596.5 -250366272 -493377.178 237238587
367 0.0004388102184 0.00378792452 300.0000001 -7.011561434e-07 -6.057938719e-06 -6.098380201e-06 -252600238 -220264340.9 4912262.475 -219569494.5 -253295084.3 -1085832.55 238236911.8
368 0.0005443778532 0.003764636097 300.0000001 -8.713829163e-07 -6.022552311e-06 -6.08526452e-06 -252875777.3 -219976110.7 4121783.133 -219482324.4 -253369563.7 707011.9376 238243542.1
369 0.0006545346199 0.003742005562 300.0000001 -1.047392347e-06 -5.987848767e-06 -6.078763327e-06 -250420131.9 -221844821.1 5010498.298 -220992349.1 -251272603.9 136875.8345 237584244.1
370 0.0007647372031 0.003719069742 300.0000001 -1.223173904e-06 -5.951559651e-06 -6.075953942e-06 -251508989.6 -221423264.8 7380647.621 -219731573.2 -253200681.2 -846386.578 238240454.8
371 0.0008735197426 0.003694005533 300.0000001 -1.398280183e-06 -5.911325931e-06 -6.074451544e-06 -251958196.2 -221052457.9 7024479.623 -219542900.4 -253467753.7 640750.0565 238325771.1
372 0.0009809926406 0.003666053783 300.0000001 -1.569838067e-06 -5.866840011e-06 -6.073236639e-06 -249111110.8 -222815196.1 7596667.139 -220778361.6 -251147945.3 -15158.48718 237424396.8
373 0.001087332465 0.003634874539 300.0000001 -1.739517355e-06 -5.817160378e-06 -6.071678116e-06 -250174480 -222687929 10013256.39 -219446853.4 -253415555.6 -821427.1615 238258563.8
374 0.001192675591 0.003600728578 300.0000001 -1.909241894e-06 -5.762356444e-06 -6.070416469e-06 -250572926.1 -222263693.5 9477532.211 -219404771.9 -253431847.7 846349.7187 238252277.1
375 0.001296976589 0.003563698909 300.0000001 -2.075828503e-06 -5.703676983e-06 -6.069678336e-06 -247718896.6 -224469774.1 9622764.312 -221004006 -251184664.7 99883.03536 237536774.5
376 0.001400096248 0.003523641389 300.0000001 -2.240209834e-06 -5.639735789e-06 -6.068373706e-06 -247996940 -224824965.1 12203342.82 -219609058.5 -253212846.6 -923600.6461 238200773.6
377 0.001502029823 0.003480800234 300.0000001 -2.404364499e-06 -5.570779385e-06 -6.067499602e-06 -248730997.8 -224199778.7 12022445.86 -219303588.6 -253627188 676026.7187 238329253.3
378 0.00160267323 0.00343521388 300.0000001 -2.565177993e-06 -5.498104919e-06 -6.067066493e-06 -245862816.6 -226008893.7 11600368.92 -220668587.4 -251203122.9 153809.4508 237413283.4
379 0.001701855263 0.003386707381 300.0000001 -2.723454709e-06 -5.4208643e-06 -6.066545561e-06 -245952088.4 -227009821.5 13945826.26 -219638577.3 -253323332.6 -723016.4848 238276745.3
380 0.001799589184 0.003335492695 300.0000001 -2.880809872e-06 -5.338516636e-06 -6.066203522e-06 -246413958.8 -226615620.2 13728439.28 -219605539.5 -253424039.5 735433.3135 238324645.1
381 0.001895777465 0.003281594667 300.0000001 -3.034305166e-06 -5.252526484e-06 -6.065974143e-06 -243539139.3 -228430014.1 13207315.15 -220769394.9 -251199758.5 -53232.25233 237451540.7
382 0.001990241955 0.003224839541 300.0000001 -3.185056034e-06 -5.161884711e-06 -6.065446018e-06 -243399346.5 -229551703.9 15525347.33 -219493768.4 -253457282.1 -771780.8273 238301492.2
383 0.002083027266 0.003165432544 300.0000001 -3.334408344e-06 -5.066231866e-06 -6.065062581e-06 -243783909.3 -229019138.8 15267349.87 -219459137.5 -253343910.6 739676.7041 238219342.9
384 0.002174054774 0.003103413415 300.0000001 -3.479787865e-06 -4.967371986e-06 -6.064957381e-06 -241258936.4 -230808832.6 14368080.27 -220745232.1 -251322536.9 2520.99105 237514680.2
385 0.002263147291 0.003038641292 300.0000001 -3.621921086e-06 -4.863912572e-06 -6.064318393e-06 -240513442.2 -232270499.3 16426388.29 -219473302.2 -253310639.3 -755918.7128 238204958.2
386 0.002350377051 0.002971339323 300.0000001 -3.762392693e-06 -4.755655532e-06 -6.063980384e-06 -241092058.3 -231831979.8 16381889.95 -219454230.9 -253469807.2 733978.4845 238293300.8
387 0.002435671301 0.002901576631 300.0000001 -3.898647568e-06 -4.64437501e-06 -6.063800136e-06 -238695842.8 -233284957.2 15031987.14 -220717009.4 -251263790.6 59990.09491 237468543.3
388 0.0025188364 0.00282924643 300.0000001 -4.031364571e-06 -4.528963406e-06 -6.063283727e-06 -237666005.2 -235235101.7 16856985.26 -219566143.3 -253334963.7 -742944.933 238255682.1
389 0.002599954738 0.002754576098 300.0000001 -4.16195544e-06 -4.408815849e-06 -6.062963802e-06 -238156099.2 -234790449.1 16896528.13 -219507793.4 -253438754.9 705000.7982 238295159.6
390 0.002678949762 0.002677645725 300.0000001 -4.288097831e-06 -4.286041345e-06 -6.062832129e-06 -235981969.4 -235995133.4 15284542.34 -220704007.7 -251273095.1 859.8905369 237468836.3
391 0.002755610266 0.002598365747 300.0000001 -4.410395591e-06 -4.159460357e-06 -6.062400469e-06 -234671853.5 -238178709 16876844.88 -219474620 -253375942.5 -759925.018 238244875.8
392 0.002830031324 0.002516952319 300.0000001 -4.530231077e-06 -4.028420216e-06 -6.062273733e-06 -235212696.9 -237696489.1 16954280.53 -219471231.8 -253437954.2 745236.0738 238280809.9
393 0.002902139193 0.002433487065 300.0000001 -4.645364708e-06 -3.895226253e-06 -6.062359345e-06 -233311522.7 -238638316.8 15044097.97 -220696877.7 -251252961.8 -66.7059221 237454034.4
394 0.002971713309 0.0023478936 300.0000001 -4.756366563e-06 -3.75856671e-06 -6.062165152e-06 -231799358.5 -241097716.5 16310529.65 -219504912 -253392163.1 -749530.4409 238266354.4
395 0.003038866643 0.002260373037 300.0000001 -4.864399091e-06 -3.617663743e-06 -6.062167043e-06 -232170636.8 -240602281.1 16493566.11 -219377270.1 -253395647.8 705955.689 238218367.5
396 0.003103533872 0.002171006858 300.0000001 -4.967822962e-06 -3.475038392e-06 -6.062603137e-06 -230904926.7 -241229283.5 14452402.99 -220720810.2 -251413400 106164.7776 237558915.3
397 0.00316549135 0.002079731489 300.0000001 -5.066558647e-06 -3.329331117e-06 -6.062545832e-06 -229034570.2 -243711507.4 15134453.19 -219568992.8 -253177084.9 -727206.9752 238161558.3
398 0.003224873945 0.001986730217 300.0000001 -5.162210671e-06 -3.179708729e-06 -6.062917317e-06 -229558197.8 -243588153.7 15483203.26 -219589307.4 -253557044 698367.0639 238398166.9
399 0.003281631052 0.001892082281 300.0000001 -5.252653774e-06 -3.028532139e-06 -6.063198709e-06 -228236792 -243581872.1 13179936.18 -220658848.8 -251159815.3 -36737.35077 237383547.7
400 0.003335544803 0.001795736125 300.0000001 -5.338643614e-06 -2.874710226e-06 -6.063421003e-06 -226502133.5 -246458685.1 13785730.16 -219478480.4 -253482338.1 -739431.7036 238310346
401 0.003386779568 0.001697855299 300.0000001 -5.421034901e-06 -2.717095376e-06 -6.063845844e-06 -226891721.7 -245926274.9 14011051.52 -219488157.1 -253329839.5 757133.5981 238222330.7
402 0.003435309973 0.001598516993 300.0000001 -5.498472704e-06 -2.558558883e-06 -6.064604326e-06 -226123887.6 -245880343.6 11673838.94 -220709750.9 -251294480.4 -38530.69101 237483835.8
403 0.003480937605 0.001497684852 300.0000001 -5.571116618e-06 -2.397506446e-06 -6.065094995e-06 -224250476.5 -248597180.7 11829715.67 -219464001.2 -253383656 -704930.6129 238244884
404 0.003523870521 0.001395507783 300.0000001 -5.64010623e-06 -2.23302365e-06 -6.066068962e-06 -224591599 -248223745.6 12104736.27 -219507752.2 -253307592.4 732754.2158 238216330.7
405 0.0035641308 0.00129207458 300.0000001 -5.704282454e-06 -2.067902249e-06 -6.067541349e-06 -224235190.4 -247841709.9 9798668.94 -220698009.1 -251378891.2 -41510.28278 237529245.6
406 0.003601573332 0.001187397126 300.0000001 -5.763651756e-06 -1.9006589e-06 -6.068952598e-06 -222306501 -250348081.5 9562295.211 -219368638.6 -253285943.8 -651269.2385 238148375.4
407 0.003636488709 0.001081680594 300.0000001 -5.819828795e-06 -1.73046844e-06 -6.071649515e-06 -222885062.1 -250246723 9988292.139 -219650105.4 -253481679.7 887269.0986 238378301.9
408 0.003668970419 0.0009751650671 300.0000001 -5.871295386e-06 -1.560422564e-06 -6.075115479e-06 -223012534.9 -249120362.1 7476300.773 -221023188.8 -251109708.2 8434.116328 237500036.4
409 0.003698868399 0.0008681406385 300.0000001 -5.918219313e-06 -1.389573738e-06 -6.079163983e-06 -221114179.4 -251934586.8 6780502.752 -219706664 -253342102.1 -783532.0897 238315195.9
410 0.003726295374 0.0007611749902 300.0000001 -5.961499562e-06 -1.217212442e-06 -6.084495285e-06 -221320188.7 -251647571 7313576.068 -219666738.1 -253301021.6 780811.5498 238274848
411 0.003750785728 0.0006549612545 300.0000001 -5.999760885e-06 -1.047640248e-06 -6.090540269e-06 -221948395.3 -250257657.8 5012935.497 -221087149 -251118904.1 -80811.36415 237531236.8
412 0.003770821194 0.0005499436371 300.0000001 -6.030708119e-06 -8.8007299e-07 -6.094585186e-06 -219951424.5 -252747021.1 3941387.028 -219508758.9 -253189686.7 -906143.4804 238147479.7
413 0.003783698604 0.0004444835751 300.0000001 -6.051833704e-06 -7.102181662e-07 -6.093365288e-06 -220307635.6 -252839480.3 4780318.681 -219642631.7 -253504484.3 880575.2017 238389058.8
414 0.003785691957 0.000329176156 300.0000001 -6.057087723e-06 -5.266192438e-07 -6.07993746e-06 -221352472 -250708753.3 2570700.975 -221129058.6 -250932166.8 -1333.497927 237437610.9
415 0.003730003562 0.0002483695242 300.0000001 -5.981143768e-06 -3.983555414e-07 -5.994394707e-06 -219492524.2 -252565567 1952449.835 -219379649.3 -252678441.9 -257298.8844 237784600.4
416 0.003701418903 0.0003946807286 300.0000001 -5.938983312e-06 -6.332137965e-07 -5.972644514e-06 -219707391.1 -252524948.4 3707182.309 -219294624.9 -252937714.6 163846.9994 237907165.2
417 0.003696159706 0.000317335881 300.0000001 -5.933432818e-06 -5.094327841e-07 -5.955262107e-06 -219532061.7 -253015576 2889705.929 -219284504.8 -253263133 -6294.262447 238099197.8
418 0.003648791307 0.0002623672858 300.0000001 -5.869094007e-06 -4.220772973e-07 -5.884251329e-06 -218823499.6 -253736988.2 2485322.068 -218647509.6 -253912978.2 -37795.99541 238245877
419 0.003694927007 0.0004875935485 300.0000001 -5.92782404e-06 -7.821915862e-07 -5.979207432e-06 -220034474 -253152335.1 4518428.27 -219429205.7 -253757603.4 68223.89681 238453941.5
420 0.003674617499 0.0005839354864 300.0000001 -5.896373347e-06 -9.370330143e-07 -5.97036427e-06 -220082543.7 -252308966.8 5147034.347 -219280754.6 -253110755.9 -101497.0048 238005919
421 0.003649224142 0.0006852410405 300.0000001 -5.857450878e-06 -1.099823936e-06 -5.959810691e-06 -220455403 -252013662.7 6196978.993 -219282220.1 -253186845.7 50760.78965 238052315.7
422 0.003621263441 0.0007889940039 300.0000001 -5.81429907e-06 -1.266808056e-06 -5.950703852e-06 -220878056.4 -252267260.8 7192383.935 -219308510.9 -253836806.3 11394.07142 238454976
423 0.003591376918 0.0008935964127 300.0000001 -5.767267639e-06 -1.435009634e-06 -5.943116074e-06 -221158785.7 -251291601.3 7927476.817 -219200557.1 -253249830 -57327.51848 238058536.2
424 0.003559633768 0.0009981046586 300.0000001 -5.717194518e-06 -1.602946459e-06 -5.937655302e-06 -221727984.2 -250757842.7 8959296.191 -219185927.2 -253299899.7 106678.7731 238083117.1
425 0.003525888456 0.001101932167 300.0000001 -5.663714511e-06 -1.769947921e-06 -5.933833305e-06 -222279798.1 -250776117.2 10012629.51 -219113910.9 -253942004.5 117363.6519 238443417.1
426 0.003489950127 0.001204743873 300.0000001 -5.606091692e-06 -1.935243825e-06 -5.93071941e-06 -222584157.5 -249760724.5 10606627.48 -218934668.7 -253410213.3 -34642.57905 238052195.7
427 0.003451603577 0.00130634952 300.0000001 -5.544832524e-06 -2.09850299e-06 -5.928649299e-06 -223327638.1 -249038919.1 11434800.76 -218978080 -253388477.1 57491.11214 238055891.7
428 0.003410726084 0.001406656548 300.0000001 -5.479559818e-06 -2.259863599e-06 -5.9272725e-06 -224121702.4 -248864314.3 12315393.01 -219036836.9 -253949179.8 13901.96839 238417904.8
429 0.003367276495 0.001505611836 300.0000001 -5.40971239e-06 -2.418888246e-06 -5.925876179e-06 -224650852.3 -247712811.6 12804307.06 -218950737.2 -253412926.7 -56092.05878 238060074.5
430 0.003321188389 0.001603148414 300.0000001 -5.335844142e-06 -2.575579388e-06 -5.924933915e-06 -225493712.7 -246849436.5 13513819.45 -218948394.1 -253394755 45895.75407 238048173.2
431 0.003272444473 0.001699218858 300.0000001 -5.257830391e-06 -2.730140022e-06 -5.924394058e-06 -226461669.4 -246560515.1 14285679.46 -219044795.2 -253977389.3 -1875.49452 238438066.1
432 0.003221074406 0.001793785075 300.0000001 -5.175167724e-06 -2.882061257e-06 -5.92356633e-06 -227043175.9 -245304073.1 14633308.17 -218925563.9 -253421685 -56627.55219 238055618.1
433 0.00316706525 0.001886778397 300.0000001 -5.088536734e-06 -3.031486212e-06 -5.923100096e-06 -228003664 -244391113.6 15142261.5 -218980385.7 -253414391.9 3826.174057 238072430.4
434 0.003110440751 0.001978147486 300.0000001 -4.997816094e-06 -3.178455588e-06 -5.922900103e-06 -229149426.6 -243899372.9 15793622.49 -219093725.2 -253955074.4 17970.84073 238443448
435 0.003051263655 0.002067850647 300.0000001 -4.902542667e-06 -3.322512704e-06 -5.922331911e-06 -229763921.4 -242583657.1 15979866.7 -218956312.9 -253391265.6 -32456.20865 238049125.9
436 0.002989551164 0.002155809452 300.0000001 -4.80347641e-06 -3.463784072e-06 -5.922093018e-06 -230831327.5 -241576288.3 16402903.14 -218943679.9 -253463936 82195.2559 238088208.9
437 0.002925350119 0.002241964337 300.0000001 -4.700439939e-06 -3.602396301e-06 -5.922110664e-06 -231940243.2 -241043040.6 16893037.29 -218996216 -253987067.8 -3468.28857 238425180.1
438 0.002858740383 0.002326268105 300.0000001 -4.593227203e-06 -3.737765267e-06 -5.921876842e-06 -232620131.8 -239734952.9 16876345.28 -218930415.7 -253424669 -53114.85989 238059299.5
439 0.002789755325 0.002408633154 300.0000001 -4.482436995e-06 -3.870047213e-06 -5.921951271e-06 -233706585.9 -238653220.7 17067447.5 -218934229.4 -253425577.2 42364.42725 238061319.6
440 0.002718452716 0.002488993851 300.0000001 -4.367994788e-06 -3.999339351e-06 -5.922338534e-06 -234971763.8 -238049695 17414993.77 -219027868.6 -253993590.2 -1240.350588 238441347.9
441 0.002644919422 0.002567300404 300.0000001 -4.249616846e-06 -4.125019946e-06 -5.922417824e-06 -235598907.2 -236749629.3 17235288.69 -218929489.8 -253419046.8 -61892.88702 238055547.4
442 0.002569197221 0.002643459108 300.0000001 -4.127992313e-06 -4.247312952e-06 -5.922836132e-06 -236716349.9 -235674296.1 17223436.19 -218964034.2 -253426611.8 30169.10318 238073487.1
443 0.002491347925 0.002717400399 300.0000001 -4.002993588e-06 -4.366256704e-06 -5.923525578e-06 -238027294.5 -235009917.5 17381027.75 -219072223.6 -253964988.4 -2772.934769 238441145.3
444 0.002411458044 0.002789073216 300.0000001 -3.874396057e-06 -4.481199337e-06 -5.923857889e-06 -238631308 -233727876 17039077.41 -218965068.7 -253394115.3 -35468.2544 238054243.6
445 0.002329569261 0.002858379763 300.0000001 -3.742834089e-06 -4.592429511e-06 -5.924459117e-06 -239731567.3 -232657480.9 16865125.74 -218962595.7 -253426452.5 61511.71709 238072851.5
446 0.002245736734 0.002925250769 300.0000001 -3.608171484e-06 -4.699982599e-06 -5.925262685e-06 -241023558.2 -231983246.8 16877432.78 -219031152.9 -253975652 6300.01266 238431747.1
447 0.002160034487 0.002989643192 300.0000001 -3.47024524e-06 -4.803230077e-06 -5.925674746e-06 -241523895 -230831315.4 16371106.6 -218955768.6 -253399441.7 -65504.84711 238053878.4
448 0.002072493921 0.003051472825 300.0000001 -3.329640727e-06 -4.902456028e-06 -5.9262621e-06 -242576167.7 -229790974.8 15986800.06 -218966117.9 -253401024.6 48631.83919 238058834.2
449 0.00198315981 0.003110697349 300.0000001 -3.186155879e-06 -4.997773881e-06 -5.927000342e-06 -243861247.8 -229165516.1 15836364.07 -219055401.6 -253971362.4 -21917.40826 238438513.1
450 0.001892102107 0.003167314529 300.0000001 -3.039687883e-06 -5.088538613e-06 -5.927303571e-06 -244279250.3 -228110069.5 15183450.48 -218993157.2 -253396162.6 -77950.3824 238066399.7
451 0.001799365724 0.003221284376 300.0000001 -2.890762807e-06 -5.175166817e-06 -5.927804078e-06 -245219909.5 -227179579.5 14605732.7 -219033197.7 -253366291.3 21809.05229 238063839.6
452 0.001705019354 0.003272606328 300.0000001 -2.739257214e-06 -5.257766666e-06 -5.928544543e-06 -246523937.8 -226567451.7 14240661.48 -219157150.5 -253934239.1 17363.2972 238455343.9
453 0.001609161041 0.003321307242 300.0000001 -2.585063002e-06 -5.335666665e-06 -5.92890289e-06 -246820389.6 -225513408 13486886.55 -218979898.7 -253353898.9 1728.001623 238035675.9
454 0.001511865298 0.003367353683 300.0000001 -2.428756795e-06 -5.40949426e-06 -5.929712279e-06 -247704045.5 -224690273.8 12856093.4 -218943628.2 -253450691 56680.52164 238080156.4
455 0.001413218477 0.003410735253 300.0000001 -2.270238316e-06 -5.479287282e-06 -5.930983993e-06 -248828410.5 -224223347.6 12380889.52 -219072052.8 -253979705.3 -51514.35299 238450010.6
456 0.001313326069 0.003451459287 300.0000001 -2.109577065e-06 -5.544344733e-06 -5.932122209e-06 -248898182.6 -223458062.7 11440595.79 -219070260.9 -253285984.4 -90675.681 238029760.9
457 0.001212273357 0.003489461262 300.0000001 -1.947309878e-06 -5.605110838e-06 -5.933741085e-06 -249718349.9 -222694352 10544770.45 -219067053.2 -253345648.7 103793.1926 238064569.2
458 0.001110155165 0.003524683256 300.0000001 -1.783174452e-06 -5.661605472e-06 -5.935780289e-06 -250834106.3 -222225448.6 9990340.72 -219082123.6 -253977431.2 10452.24045 238452506.4
459 0.001007064727 0.003557050377 300.0000001 -1.61735232e-06 -5.713080679e-06 -5.937602156e-06 -250739909.5 -221599632.5 9071993.932 -219006370.3 -253333171.7 -87660.12075 238033465.6
460 0.0009029929872 0.0035863605 300.0000001 -1.450218913e-06 -5.759901401e-06 -5.93966321e-06 -251283542.5 -221124819.4 8114255.427 -219080272.2 -253328089.7 -5944.161393 238059026.2
461 0.0007976752923 0.003612402064 300.0000001 -1.281057699e-06 -5.801789843e-06 -5.941538034e-06 -252219784.4 -220876496 7345042.989 -219240738.6 -253855541.8 -62750.06198 238440082.4
462 0.0006901912991 0.003635209197 300.0000001 -1.108373116e-06 -5.838078516e-06 -5.942360787e-06 -252001813.8 -220378103 6282458.631 -219175800.9 -253204115.9 -50017.18518 238021319.7
463 0.0005788808279 0.00365640351 300.0000001 -9.297009409e-07 -5.871608143e-06 -5.944756178e-06 -252518121.4 -219899429.2 5161992.649 -219102505.6 -253315045 128358.7246 238059883.9
464 0.0004682901579 0.003684380457 300.0000001 -7.517123147e-07 -5.913947755e-06 -5.961530797e-06 -253152086.5 -219755684.3 4398947.192 -219186171 -253721599.8 -81829.53222 238337957.3
465 0.0003654335174 0.003719887593 300.0000001 -5.85985536e-07 -5.965421372e-06 -5.994133064e-06 -252462687.4 -219777995.1 3409263.757 -219426974.6 -252813707.9 -163908.5082 237884218.9
466 0.0002856931319 0.003658352594 300.0000001 -4.594025763e-07 -5.88211393e-06 -5.900026696e-06 -253494353.1 -219033944.5 2651898.043 -218831149.3 -253697148.3 55068.82609 238185821.4
467 0.003574602344 0.0002766035945 300.0000001 -5.766957573e-06 -4.462689847e-07 -5.784198791e-06 -218138244.4 -254456219.4 2822455.315 -217920206.6 -254674257.2 -4710.203578 238431388.6
468 0.003512483059 0.0002371156369 300.0000001 -5.68269458e-06 -3.835983288e-07 -5.695626863e-06 -217410818.3 -255128344.2 2630134.548 -217228430.7 -255310731.9 71641.88459 238560320.8
469 0.003615090852 0.0003519858588 300.0000001 -5.821032999e-06 -5.668135993e-07 -5.848564168e-06 -218689576.1 -253781267.6 3441422.58 -218355264.4 -254115579.3 -7855.089514 238256741.3
470 0.003633365589 0.0004372989793 300.0000001 -5.844135285e-06 -7.033925831e-07 -5.886312798e-06 -219259394.2 -253344717.8 4114041.052 -218769930.6 -253834181.4 -47257.55076 238245240.5
471 0.003606012165 0.0005150372629 300.0000001 -5.804071451e-06 -8.289518452e-07 -5.862969092e-06 -219346889.6 -253369999.4 5064475.25 -218609304.5 -254107584.5 99696.33093 238349407.4
472 0.003576347934 0.000610639524 300.0000001 -5.75964695e-06 -9.834382332e-07 -5.843002973e-06 -219349215.3 -253134681.6 5957189.45 -218329597.1 -254154299.8 14434.2731 238270467.8
473 0.003546478543 0.0007115357988 300.0000001 -5.714208492e-06 -1.146487355e-06 -5.82808819e-06 -219788512 -252913732.8 6895687.01 -218410391 -254291853.9 -26774.96932 238385118.6
474 0.003515795536 0.0008140695051 300.0000001 -5.666727523e-06 -1.312078013e-06 -5.816644181e-06 -220213263.5 -252508232.8 7951175.998 -218361846.5 -254359649.8 44706.03951 238407824.2
475 0.003484186033 0.0009169060898 300.0000001 -5.617084322e-06 -1.478163378e-06 -5.808321896e-06 -220531476.4 -252016961 8933560.64 -218173343 -254375094.4 27199.38422 238345198.7
476 0.00345132999 0.001019162469 300.0000001 -5.565114373e-06 -1.643306935e-06 -5.802667978e-06 -221136107 -251539922.1 9865439.347 -218215535 -254460494.1 24895.3427 238413363.3
477 0.003416760587 0.001120336925 300.0000001 -5.509998947e-06 -1.806610486e-06 -5.798614476e-06 -221725880.4 -250944162 10849979.42 -218137757.3 -254532285 92940.5467 238427534.8
478 0.003380106332 0.001220225912 300.0000001 -5.45123165e-06 -1.967861726e-06 -5.795550558e-06 -222200792.5 -250274725.6 11686844.69 -217972543.2 -254502974.8 25684.94912 238346670
479 0.003341147911 0.001318762652 300.0000001 -5.388805848e-06 -2.12696958e-06 -5.793377949e-06 -222978920 -249649159.6 12438701.6 -218078190.1 -254549889.4 -22469.38884 238415531.3
480 0.003299772763 0.001415917741 300.0000001 -5.322355367e-06 -2.283760212e-06 -5.791634257e-06 -223771897.9 -248858611.4 13252851.83 -218067728 -254562781.3 40621.39744 238419422.9
481 0.003255915008 0.001511661288 300.0000001 -5.251749008e-06 -2.438283996e-06 -5.790172405e-06 -224430178.4 -248042561.3 13976677.77 -217940641.4 -254532098.2 911.5563804 238352309.6
482 0.003209532605 0.001605959351 300.0000001 -5.177171579e-06 -2.590537754e-06 -5.789126999e-06 -225334952.1 -247294341.1 14589006.34 -218055646.1 -254573647.1 -41209.76758 238421455.8
483 0.00316061192 0.001698779147 300.0000001 -5.098427649e-06 -2.740312646e-06 -5.788201611e-06 -226264235 -246365812.7 15249471.61 -218051295.1 -254578752.6 30864.17685 238422911.5
484 0.00310915237 0.001790082405 300.0000001 -5.015472532e-06 -2.887660234e-06 -5.787360914e-06 -227043315.3 -245454137.3 15823779.51 -217942133.8 -254555318.8 -16149.68731 238367060.3
485 0.003055163626 0.001879826385 300.0000001 -4.92854527e-06 -3.032546658e-06 -5.786786476e-06 -228054455.3 -244581487.1 16267346.28 -218072140.5 -254563802 -43717.66286 238421727.8
486 0.00299867612 0.001967969054 300.0000001 -4.83753122e-06 -3.174747722e-06 -5.786253658e-06 -229102539.5 -243545359.3 16771109.96 -218064252 -254583646.8 48386.77644 238430840.6
487 0.0029397273 0.002054460607 300.0000001 -4.742409893e-06 -3.314285575e-06 -5.785753232e-06 -229958948.5 -242525071.7 17201764.57 -217928697.6 -254555322.6 12319.20617 238361951.8
488 0.00287835833 0.002139244789 300.0000001 -4.643492254e-06 -3.4511494e-06 -5.785538219e-06 -231026706.9 -241616419.2 17505381.44 -218032949.5 -254610176.6 -22253.70544 238435112.4
489 0.002814623922 0.002222266282 300.0000001 -4.540699285e-06 -3.58507187e-06 -5.785385926e-06 -232102957.6 -240518744.5 17802387.38 -218017956.5 -254603745.6 37050.38732 238425486
490 0.002748579949 0.002303462526 300.0000001 -4.434082309e-06 -3.716039322e-06 -5.785329218e-06 -233029898 -239449109.9 18046886.96 -217909428.2 -254569579.8 -4561.657177 238363332.6
491 0.002680281229 0.002382765817 300.0000001 -4.323925678e-06 -3.844032049e-06 -5.785578248e-06 -234131790.5 -238498658.8 18152996.72 -218031437.2 -254599012.1 -42331.23139 238427727.9
492 0.002609792033 0.002460111868 300.0000001 -4.210200376e-06 -3.968754861e-06 -5.785914132e-06 -235268774.7 -237365680.6 18253542.47 -218033624.3 -254600831 30243.2276 238429665.2
493 0.002537175509 0.002535430276 300.0000001 -4.092931473e-06 -4.090180031e-06 -5.786333962e-06 -236217736.8 -236270249.5 18315879.89 -217928099.5 -254559886.8 -13653.1469 238364512.3
494 0.002462491624 0.002608645707 300.0000001 -3.972428406e-06 -4.208292238e-06 -5.787046828e-06 -237330270.4 -235314159.4 18229823.79 -218064593.1 -254579836.8 -43540.7924 238428641.8
495 0.00238580637 0.002679686773 300.0000001 -3.848670827e-06 -4.322771793e-06 -5.787799505e-06 -238471326.9 -234168902.9 18127803.11 -218065161.5 -254575068.3 40424.61868 238425945.7
496 0.002307180753 0.002748475692 300.0000001 -3.721677947e-06 -4.433584641e-06 -5.788571457e-06 -239419695.4 -233071003.3 18019098.62 -217948782.2 -254541916.4 4447.204383 238361402.6
497 0.002226666946 0.002814930684 300.0000001 -3.591736309e-06 -4.540734128e-06 -5.789545417e-06 -240491860 -232146608.8 17770156.57 -218065787.4 -254572681.4 -30680.86346 238424722.6
498 0.002144315418 0.002878978854 300.0000001 -3.458831387e-06 -4.643907474e-06 -5.790456907e-06 -241578909.3 -231058718.4 17479425.22 -218065108.8 -254572518.9 34077.85343 238424366.4
499 0.002060165409 0.002940550337 300.0000001 -3.322949023e-06 -4.743063812e-06 -5.791255868e-06 -242472759.3 -230003961.3 17187703.84 -217954903.7 -254521817 -10362.06183 238351458.1
500 0.001974245181 0.002999587147 300.0000001 -3.184323966e-06 -4.838274025e-06 -5.79213386e-06 -243487278.6 -229157773.6 16768689.68 -218087394.9 -254557657.4 -51189.68981 238423791.3
501 0.001886587307 0.003056061935 300.0000001 -3.042916724e-06 -4.929266184e-06 -5.792841039e-06 -244505739.1 -228142815.5 16282880.62 -218101538.1 -254547016.6 17126.24099 238422670.1
502 0.00179723206 0.003109969625 300.0000001 -2.898699426e-06 -5.016088337e-06 -5.793410098e-06 -245347610.1 -227159156 15819799.31 -218005899.7 -254500866.4 -19195.31586 238358079.5
503 0.001706234928 0.003161322842 300.0000001 -2.751918481e-06 -5.09890631e-06 -5.794126412e-06 -246277267.3 -226386444.7 15223402.7 -218147756 -254515956 -41291.58202 238421340.8
504 0.001613675382 0.0032101497 300.0000001 -2.602624377e-06 -5.177511254e-06 -5.794849129e-06 -247228140.9 -225423787.8 14569197.63 -218129382.4 -254522546.3 58142.09367 238418368.3
505 0.001519643107 0.003256467612 300.0000001 -2.450833622e-06 -5.252002668e-06 -5.795698186e-06 -247986222.8 -224511927.5 13993832.51 -217984685.2 -254513465.2 6500.170272 238357692.3
506 0.001424227101 0.003300277943 300.0000001 -2.296867723e-06 -5.322560619e-06 -5.797003784e-06 -248789086.3 -223874991.2 13285789.24 -218119744.1 -254544333.4 -50507.52518 238427983.3
507 0.001327519291 0.003341578854 300.0000001 -2.14083611e-06 -5.388914238e-06 -5.798583958e-06 -249565936.7 -223089450.9 12466695.71 -218143379.2 -254512008.5 16640.20024 238417255.2
508 0.001229615007 0.003380353235 300.0000001 -1.982791683e-06 -5.451062832e-06 -5.80047833e-06 -250180285.8 -222303983.9 11697965.41 -218045586.6 -254438683.1 -8859.096627 238335246.3
509 0.001130623109 0.003416562828 300.0000001 -1.823047384e-06 -5.509154604e-06 -5.802954955e-06 -250895599.3 -221784019.5 10856051.89 -218181506.3 -254498112.5 -30168.87102 238423321.3
510 0.001030683081 0.003450136432 300.0000001 -1.661781067e-06 -5.562817866e-06 -5.805726391e-06 -251532392.6 -221135175.6 9938027.648 -218174451.7 -254493116.5 27220.39053 238417582.8
511 0.0009299464195 0.00348089362 300.0000001 -1.499168377e-06 -5.61186712e-06 -5.808662358e-06 -251980398.8 -220531746.4 9097115.428 -218089892.7 -254422252.5 -43016.59865 238342123.2
512 0.0008284715486 0.003508431485 300.0000001 -1.335476287e-06 -5.655949117e-06 -5.811476346e-06 -252469813.2 -220237617.7 8152143.573 -218293279 -254414151.9 -81788.95917 238414842.2
513 0.0007258561398 0.003531971814 300.0000001 -1.170088296e-06 -5.693731049e-06 -5.812717082e-06 -252911603.5 -219788140.6 7078674.857 -218338822.9 -254360921.2 26383.27662 238399785.6
514 0.0006191939526 0.003549987112 300.0000001 -9.98259072e-07 -5.723225143e-06 -5.809632279e-06 -253259707.1 -219213334 6046146.686 -218171656.9 -254301384.2 73962.42561 238299660
515 0.0004964519647 0.003562716652 300.0000001 -8.006233223e-07 -5.74528906e-06 -5.800805469e-06 -253741513.9 -218873706.4 4962220.004 -218181259.7 -254433960.5 -7024.361281 238384102.8
516 0.0003855848861 0.00361512365 300.0000001 -6.209199107e-07 -5.820534924e-06 -5.853560312e-06 -253785106.6 -218983555.7 3720493.223 -218590288.8 -254178373.5 33345.12575 238385064.9
517 0.0002982016372 0.003544201131 300.0000001 -4.817177694e-07 -5.725137219e-06 -5.745367541e-06 -254627379.9 -217952617.8 3086401.404 -217694704.4 -254885293.3 21036.32165 238474987.8
518 0.0001321370201 0.003396581375 300.0000002 -2.150138011e-07 -5.526581256e-06 -5.530762273e-06 -256760282.4 -216006683.9 1534632.933 -215949045.7 -256817920.6 53044.38325 239018531.2
519 0.0001938653593 0.003426865374 300.0000002 -3.14989851e-07 -5.566935113e-06 -5.575839413e-06 -256237855.5 -216468198.5 2267978.107 -216339281.4 -256366772.6 -10827.45527 238881568.5
520 0.0002625606346 0.003458882782 300.0000002 -4.258780076e-07 -5.609324237e-06 -5.625468022e-06 -255596644.2 -216972994.9 3009837.028 -216739946.6 -255829692.5 -60260.58034 238697576.5
521 0.0001696932567 0.003274041755 300.0000002 -2.77840859e-07 -5.36054841e-06 -5.367743921e-06 -258004072.2 -214352844.8 2298701.445 -214232148 -258124768.9 -30006.99587 239217868.4
522 0.0001866926012 0.003345105694 300.0000002 -3.045058981e-07 -5.456177761e-06 -5.464668298e-06 -257245825.8 -215453113.2 2379179.272 -215318143.7 -257380795.4 -39167.09932 239140181.4
523 0.0002696223707 0.003375394594 300.0000002 -4.390327586e-07 -5.495602545e-06 -5.51311138e-06 -256573719.7 -215980803.4 3331402.898 -215709326.8 -256845196.4 -67205.42445 238947855.6
524 0.000259124983 0.003272086027 300.0000002 -4.241758448e-07 -5.356117213e-06 -5.372887189e-06 -257857714.1 -214686184.6 3518887.928 -214401379.8 -258142518.9 -77468.05153 239289401.1
525 0.0003547347524 0.003434033833 300.0000002 -5.757190446e-07 -5.573266674e-06 -5.602923687e-06 -255593564.8 -216947716.7 4029467.803 -216532049.8 -256009231.7 5575.980309 238731337.9
526 0.0003992859828 0.003521516484 300.0000001 -6.453855217e-07 -5.691652019e-06 -5.7281258e-06 -254528166.8 -218010979.2 4116772.213 -217552780.2 -254986365.9 75669.78352 238483297.8
527 0.0001370613958 0.00315397661 300.0000003 -2.259919777e-07 -5.199943087e-06 -5.204851629e-06 -259978564.9 -212862657.4 2024323.348 -212775858.1 -260065364.2 26950.22771 239941514.9
528 0.0001955817824 0.003199206638 300.0000002 -3.21540274e-07 -5.25957335e-06 -5.269392752e-06 -258964249 -213459677.2 2876010.799 -213278776.4 -259145149.8 -83053.92621 239528506.4
529 0.0001728342719 0.003019574226 300.0000003 -2.874235225e-07 -5.020827788e-06 -5.029048017e-06 -261703603.2 -210715245.3 2974965.155 -210542297.3 -261876551.3 -46596.32063 240356616
530 0.0002085411338 0.003098876041 300.0000003 -3.448738246e-07 -5.125309849e-06 -5.136899746e-06 -260425628.2 -212197705 3327106.862 -211969349.6 -260653983.6 -66206.08825 240043458.8
531 0.0001354736501 0.002901423575 300.0000003 -2.272333954e-07 -4.866183701e-06 -4.871486306e-06 -264275484.4 -208644942.5 2607243.645 -208523016 -264397410.9 -4042.078566 241360505.4
532 0.000192268315 0.002943132167 300.0000003 -3.21391278e-07 -4.919699435e-06 -4.93018609e-06 -263052350.2 -209391249.2 3629885.067 -209147037.3 -263296562.2 -108370.1959 240831688.5
533 0.0001730655807 0.002767496981 300.0000004 -2.934564298e-07 -4.691569629e-06 -4.700738479e-06 -266530601.4 -205847429.8 3902548.304 -205597624.1 -266780407.1 -92101.11158 242059447.7
534 0.0002048602035 0.002846938347 300.0000004 -3.448914863e-07 -4.793602983e-06 -4.805994142e-06 -264962725.6 -207716150.9 4203275.341 -207409241.6 -265269634.9 -61837.4195 241593067.7
535 0.0001328891657 0.002651457572 300.0000004 -2.277088683e-07 -4.543929166e-06 -4.549631149e-06 -269704534.4 -203110458.8 3325210.058 -202944841 -269870152.2 20738.24302 243408614.6
536 0.0001896186089 0.002691399674 300.0000004 -3.23558999e-07 -4.593365331e-06 -4.60474706e-06 -268048026.2 -204041836.9 4630367.049 -203708746.4 -268381116.8 -97437.63482 242598690.9
537 0.0001665517367 0.002522667604 300.0000004 -2.892498545e-07 -4.380845694e-06 -4.39038432e-06 -272568179.9 -199655490.1 4871112.708 -199331520.5 -272892149.5 -35876.87052 244555059.4
538 0.0001995309706 0.002598085909 300.0000004 -3.435568504e-07 -4.47453327e-06 -4.48770312e-06 -270617003.7 -202047127.3 5437245.633 -201618933.8 -271045197.3 -138247.6998 243860425.4
539 0.0001328728875 0.002406093247 300.0000005 -2.339511105e-07 -4.237688592e-06 -4.244141576e-06 -276736526.8 -196167338.4 4403007.465 -195927477.6 -276976387.7 59550.96759 246649997.9
540 0.0001868490476 0.002449752342 300.0000005 -3.270022509e-07 -4.28960109e-06 -4.302046949e-06 -274565731.7 -197356023.6 6062969.135 -196883066.4 -275038688.9 -137908.153 245476717.5
541 0.0001711080978 0.002274169459 300.0000005 -3.068030439e-07 -4.076884222e-06 -4.088412046e-06 -280759722.3 -191427377.9 6826495.484 -190908778.3 -281278321.9 -66126.74233 248727096.1
542 0.000202917265 0.002354974541 300.0000005 -3.593254317e-07 -4.172817985e-06 -4.188260337e-06 -277735434.8 -194677477.5 7417405.22 -194020767.7 -278392144.6 -204099.5157 247249897.5
543 0.0001334782329 0.002154677129 300.0000005 -2.440110915e-07 -3.937713159e-06 -3.945266319e-06 -286906003.3 -186614765.5 6158024.112 -186238129.4 -287282639.4 78163.0824 252414327.5
544 0.0001911591056 0.002197342705 300.0000005 -3.466563848e-07 -3.984906433e-06 -3.999956241e-06 -283722865.8 -188624706.4 8580689.13 -187857275.2 -284490297 -240806.3624 250562740.4
545 0.0001685162325 0.002025336211 300.0000006 -3.152894299e-07 -3.78858334e-06 -3.801680042e-06 -292334543.3 -179721003.2 9336127.458 -178952331.3 -293103215.2 97734.97998 255894424.8
546 0.0001998957419 0.002101281908 300.0000006 -3.683596224e-07 -3.872754672e-06 -3.890233612e-06 -288052164.7 -184841943.1 9991144.715 -183883722.7 -289010385 -81561.46751 253369178.5
547 0.0001330291839 0.001904262358 300.0000006 -2.555548097e-07 -3.658404858e-06 -3.66731978e-06 -300529269.3 -172571368.2 8907541.179 -171954306.1 -301146331.4 74531.24338 261675380
548 0.000200074726 0.001947296588 300.0000006 -3.80012917e-07 -3.700363728e-06 -3.719825467e-06 -296012000.7 -175615962.9 12669918.85 -174297306.8 -297330656.8 -164358.997 258768659.2
549 0.0001825311297 0.001749978924 300.0000006 -3.647218639e-07 -3.495049482e-06 -3.514028015e-06 -310342211.2 -162438909.1 15559902.21 -160819693.1 -311961427.3 36007.98861 270209860.5
550 0.0001898722147 0.001852965344 300.0000006 -3.689609396e-07 -3.60022935e-06 -3.619086009e-06 -303208799.8 -169931301.2 13786236.61 -168520193.8 -304619907.2 15221.69016 264306145.4
551 0.0004613499414 0.003451736096 300.0000002 -7.477256584e-07 -5.594257997e-06 -5.644007105e-06 -255086134.1 -217756545.3 5104458.553 -217071158.9 -255771520.4 -23477.24916 238785133.5
552 0.0005622047479 0.003460660755 300.0000001 -9.101934544e-07 -5.602714564e-06 -5.67616619e-06 -254352977.7 -218174548.4 5987589.584 -217209400.2 -255318125.9 46603.62482 238557704.7
553 0.0006612572897 0.003453665344 300.0000001 -1.070021572e-06 -5.5888486e-06 -5.690358059e-06 -253934811.7 -218722755.6 6983091.696 -217388467.2 -255269100.1 14267.4281 238594847.7
554 0.0007580073174 0.003432906688 300.0000001 -1.22660322e-06 -5.555446493e-06 -5.689247858e-06 -253531373.5 -219141691.8 8027306.272 -217360269.7 -255312795.7 -40499.79024 238611100.5
555 0.0008560008928 0.003406880227 300.0000001 -1.385339243e-06 -5.513983531e-06 -5.685347763e-06 -253093536.8 -219541354.9 9070737.766 -217246225.9 -255388665.9 -63866.92084 238614923.6
556 0.0009541130465 0.003377371001 300.0000001 -1.544372198e-06 -5.466968356e-06 -5.680917927e-06 -252605519.5 -220023744.2 10017501.73 -217190218 -255439045.7 -12618.87991 238624884.1
557 0.0010518487 0.003345154339 300.0000001 -1.702800919e-06 -5.415522404e-06 -5.6769194e-06 -251983418.8 -220638851.1 10952885.31 -217190831.2 -255431438.7 -12721.02649 238620433
558 0.001148825947 0.003310500128 300.0000001 -1.859987622e-06 -5.35998772e-06 -5.673537019e-06 -251332764.8 -221269801.8 11898262.14 -217130649 -255471917.6 -29276.62176 238622795.9
559 0.0012447975 0.003273470906 300.0000002 -2.015570158e-06 -5.300491682e-06 -5.670779059e-06 -250646233.6 -221952302.8 12750165.44 -217105464.1 -255493072.3 4328.881023 238626382.8
560 0.001339619834 0.003234081385 300.0000002 -2.169258192e-06 -5.237092851e-06 -5.668582065e-06 -249859940.8 -222748470.5 13571750.73 -217122176.3 -255486235 -11127.68591 238628432.3
561 0.001433196079 0.003192337384 300.0000002 -2.320907397e-06 -5.169768793e-06 -5.666843965e-06 -249064028.3 -223541386.2 14385287.66 -217072853 -255532561.4 -22887.52039 238638498.4
562 0.001525440953 0.003148240201 300.0000002 -2.470415511e-06 -5.098558472e-06 -5.665531863e-06 -248235929 -224369335.2 15083322.92 -217069590.6 -255535673.5 17941.84467 238639193.2
563 0.001616263113 0.003101782343 300.0000002 -2.617574981e-06 -5.023492785e-06 -5.664554575e-06 -247299839.7 -225304180.2 15730614.95 -217108143.6 -255495876.2 1541.335298 238629112.7
564 0.001705561759 0.003052936187 300.0000002 -2.762242451e-06 -4.944506951e-06 -5.663756028e-06 -246362414.4 -226240950 16387748.66 -217072120.4 -255531244 -24352.15313 238637413.1
565 0.00179324057 0.003001648836 300.0000002 -2.90431666e-06 -4.861541152e-06 -5.66300606e-06 -245420916.9 -227177998.9 16944436.3 -217055889.2 -255543026.5 1356.204312 238638594.1
566 0.001879231528 0.002947861593 300.0000002 -3.043655252e-06 -4.774553014e-06 -5.662172178e-06 -244399847.6 -228197218.7 17436026.2 -217072351 -255524715.3 -15027.45489 238633475.6
567 0.001963504139 0.002891540421 300.0000002 -3.180225921e-06 -4.683462689e-06 -5.661153563e-06 -243374284.2 -229213239.6 17922326.35 -217023506.4 -255564017.4 -28797.70947 238639419.7
568 0.002046051693 0.002832693162 300.0000002 -3.314062373e-06 -4.588294448e-06 -5.659987221e-06 -242363072.5 -230223761.2 18302508.26 -217010718.9 -255576114.7 9473.639644 238642088.5
569 0.002126870502 0.002771368686 300.0000002 -3.445107292e-06 -4.489151919e-06 -5.65873212e-06 -241278204.6 -231314774.7 18605807.87 -217035296.3 -255557683 -731.260459 238639920.7
570 0.00220594461 0.002707642539 300.0000002 -3.573329049e-06 -4.386102523e-06 -5.657435446e-06 -240180951.8 -232407893.4 18903800.16 -216995236.9 -255593608.3 -14156.48506 238647083.5
571 0.002283240582 0.0026416006 300.0000002 -3.698701951e-06 -4.279278928e-06 -5.656202283e-06 -239106337.4 -233484358.6 19101100.34 -216988524.5 -255602171.5 16205.98427 238649853.5
572 0.002358711405 0.002573330912 300.0000002 -3.821096092e-06 -4.168846467e-06 -5.655091176e-06 -237968360.2 -234623487.8 19210132.99 -217013127.4 -255578720.6 -2596.760625 238644594.5
573 0.002432300857 0.002502919069 300.0000002 -3.940414894e-06 -4.054898794e-06 -5.65412007e-06 -236823390.3 -235764369.1 19316040.65 -216970596.8 -255617162.5 -23380.63863 238652397.8
574 0.002503946649 0.002430444959 300.0000002 -4.056593515e-06 -3.937562036e-06 -5.653348188e-06 -235724811.9 -236862558.1 19326700.74 -216958615.1 -255628754.9 7024.768458 238655066
575 0.002573585183 0.002355984186 300.0000002 -4.169485e-06 -3.816998506e-06 -5.652794244e-06 -234584622.8 -238000892.3 19235544.65 -216981520.9 -255603994.1 -6603.151939 238648358.4
576 0.002641153358 0.00227960896 300.0000002 -4.278984077e-06 -3.693291339e-06 -5.65244245e-06 -233443197.4 -239137819 19135211.02 -216944628 -255636388.4 -19979.98777 238654551
577 0.002706588293 0.002201387167 300.0000002 -4.385025345e-06 -3.566550913e-06 -5.652321e-06 -232362627.4 -240217058.7 18946077.12 -216941028 -255638658.2 14658.74212 238654605.1
578 0.002769829532 0.002121383682 300.0000002 -4.487478086e-06 -3.436929139e-06 -5.652427928e-06 -231266936.4 -241321375 18650019.81 -216978459.1 -255609852.3 6033.244462 238650825.6
579 0.002830819353 0.002039660107 300.0000002 -4.586235942e-06 -3.304492751e-06 -5.652719033e-06 -230165163.1 -242419976.8 18339665.29 -216956376.3 -255628763.6 -7351.426739 238654235.1
580 0.002889502241 0.001956272348 300.0000002 -4.681249722e-06 -3.169330523e-06 -5.65320749e-06 -229139349.5 -243451055.9 17951879.32 -216969684.2 -255620721.2 23263.6095 238654250.8
581 0.002945828325 0.001871270495 300.0000002 -4.772400049e-06 -3.031569981e-06 -5.653867594e-06 -228099649.6 -244490311.6 17456458.11 -217010495.1 -255579466 529.2421727 238644069.7
582 0.002999755733 0.001784698203 300.0000002 -4.85961737e-06 -2.891244545e-06 -5.654659672e-06 -227061504.4 -245525992.3 16961871.24 -216982119.8 -255605376.8 -20244.09593 238649436.8
583 0.003051252132 0.001696591307 300.0000002 -4.942889656e-06 -2.748404813e-06 -5.655606702e-06 -226111899.1 -246477554.3 16408333.29 -216983504.5 -255605948.9 8722.112887 238650304.8
584 0.003100299721 0.001606979545 300.0000002 -5.022157998e-06 -2.603145653e-06 -5.656716207e-06 -225176736.4 -247407734.1 15749377.56 -217015378.8 -255569091.7 -3903.637743 238639502.3
585 0.003146897584 0.001515888278 300.0000002 -5.09741e-06 -2.455477792e-06 -5.657999637e-06 -224247623.4 -248332840.8 15083896.04 -216988726.4 -255591737.9 -14839.92067 238643497.4
586 0.003191061301 0.00142333865 300.0000002 -5.168698707e-06 -2.305420939e-06 -5.65954168e-06 -223418324.8 -249163256 14367821.71 -217000010.3 -255581570.6 21751.0863 238641450
587 0.003232824896 0.001329348016 300.0000002 -5.23603933e-06 -2.153053052e-06 -5.661426085e-06 -222622485.7 -249966783.9 13546528.87 -217047920.7 -255541348.9 10186.22325 238634580
588 0.003272241066 0.00123392562 300.0000002 -5.299482009e-06 -1.998349611e-06 -5.663736464e-06 -221832873.6 -250753334.9 12720676.68 -217033980.3 -255552228.2 5484.057362 238636067.6
589 0.003309387538 0.00113705875 300.0000002 -5.359175661e-06 -1.841279052e-06 -5.666663243e-06 -221170052.1 -251434445.1 11858068.3 -217077413.2 -255527083.9 53478.08885 238636845.7
590 0.003344409868 0.001038695384 300.0000002 -5.415277157e-06 -1.681813379e-06 -5.670425287e-06 -220554465.5 -252059477.2 10880539.23 -217162108 -255451834.6 42233.61291 238622227.4
591 0.003377653163 0.0009387742156 300.0000001 -5.468214717e-06 -1.519797364e-06 -5.675487311e-06 -219931212.8 -252678521.3 9883622.262 -217179432.5 -255430301.7 17117.99975 238615460.2
592 0.003409905603 0.0008374861871 300.0000001 -5.519071418e-06 -1.355479097e-06 -5.683086564e-06 -219446216.9 -253202269.4 8852609.843 -217265497.8 -255382988.5 26397.83044 238618644.1
593 0.003442148765 0.0007356447936 300.0000001 -5.56912523e-06 -1.190221895e-06 -5.694891042e-06 -219051824.9 -253603997.2 7738445.164 -217397863.9 -255257958.2 588.5862671 238591537.2
594 0.003474663318 0.0006343706226 300.0000001 -5.618702664e-06 -1.025860917e-06 -5.711585615e-06 -218627283.5 -253920503.9 6654892.635 -217414139 -255133648.4 -10088.49648 238521328.6
595 0.003507627772 0.0005334705294 300.0000001 -5.668073122e-06 -8.620945976e-07 -5.733259109e-06 -218367294.2 -254155925 5584373.605 -217516167.2 -255007052 11880.66469 238482123.9
596 0.003549664508 0.000437059749 300.0000001 -5.72898068e-06 -7.054112258e-07 -5.772246064e-06 -218354306.8 -254159294 4454317.835 -217808500.6 -254705100.2 -21448.42785 238407836.3
597 0.003502043066 0.0003383560105 300.0000001 -5.666326298e-06 -5.475141927e-07 -5.692716883e-06 -217678916.7 -255041372.7 3671319.375 -217321601.2 -255398688.2 26957.73817 238649363.3
598 0.000360456105 0.003316038395 300.0000002 -5.884042149e-07 -5.41280181e-06 -5.444689427e-06 -257005516.9 -215766225.3 4452457.868 -215291145.2 -257480597 81928.70173 239192940.1
599 0.0004312442603 0.003371375766 300.0000002 -7.017582672e-07 -5.485649634e-06 -5.530354109e-06 -256040285.8 -216618678.6 5115310.533 -215965738.4 -256693226 10762.54646 238947003.9
600 0.0005238156702 0.003360913506 300.0000002 -8.522473859e-07 -5.4678869e-06 -5.533905742e-06 -255640413.4 -217027049.7 6189880.161 -216059064 -256608399.1 -20923.11272 238928483.9
601 0.0006107769226 0.00338581261 300.0000002 -9.917994176e-07 -5.498140278e-06 -5.58687861e-06 -254879726.2 -217683785.3 6946266.508 -216428921.6 -256134589.9 -10010.19213 238770755
602 0.0006911095495 0.003361575388 300.0000002 -1.122709613e-06 -5.460995724e-06 -5.575208621e-06 -254621813.2 -217967426.9 7924193.162 -216327742 -256261498 -51277.87072 238812026.5
603 0.0007849413619 0.00333590538 300.0000002 -1.275419821e-06 -5.420562875e-06 -5.56859027e-06 -254188569.5 -218398387.2 8969028.466 -216276599.9 -256310356.9 -48309.88766 238823451.9
604 0.0008801156871 0.003306816078 300.0000002 -1.430400374e-06 -5.374571151e-06 -5.56165985e-06 -253738019.6 -218901716.2 10022148.41 -216224245.5 -256415490.3 -37782.70193 238869391.8
605 0.0009756785577 0.003275425369 300.0000002 -1.586047578e-06 -5.324630095e-06 -5.555828703e-06 -253153665.2 -219457313.2 11042446.76 -216161107.1 -256449871.2 -23161.7601 238867482.5
606 0.001070774318 0.003242031061 300.0000002 -1.74091351e-06 -5.271185001e-06 -5.5512315e-06 -252496397.4 -220104433.3 12036021.12 -216121834 -256478996.6 -22271.85776 238871122.6
607 0.001164916832 0.003206534601 300.0000002 -1.894222097e-06 -5.214139382e-06 -5.547551428e-06 -251800133.8 -220809096.3 12987922.37 -216085884.7 -256523345.4 -13127.11233 238885459.5
608 0.001257922246 0.003168875401 300.0000002 -2.045669671e-06 -5.153428302e-06 -5.544599865e-06 -251021980 -221575853.5 13885750.1 -216060769.8 -256537063.6 -7487.808717 238884754.6
609 0.001349703334 0.003129026544 300.0000002 -2.195104803e-06 -5.089035344e-06 -5.542270818e-06 -250194047.6 -222406454.1 14743513.47 -216041706.1 -256558795.6 -11925.71932 238891261.6
610 0.001440197173 0.003086980488 300.0000002 -2.342430794e-06 -5.020959197e-06 -5.540488541e-06 -249329944.5 -223283512.9 15544114.36 -216028080.2 -256585377.2 -7491.798549 238902785.6
611 0.001529329106 0.003042737102 300.0000002 -2.487512341e-06 -4.949214996e-06 -5.53917383e-06 -248396242.3 -224206411.2 16272155.79 -216026464.7 -256576188.7 -2579.653312 238896477.8
612 0.001616992081 0.002996278929 300.0000002 -2.630177536e-06 -4.873808887e-06 -5.538216945e-06 -247423149.6 -225175965.9 16953695.35 -216022427.2 -256576688.3 -7769.876461 238895306
613 0.00170305473 0.00294753808 300.0000002 -2.770237306e-06 -4.794659011e-06 -5.53741544e-06 -246430488.4 -226175779.2 17585007.72 -216010383 -256595884.5 -8609.084644 238902822.2
614 0.001787409153 0.002896397838 300.0000002 -2.907533159e-06 -4.711608736e-06 -5.536515687e-06 -245388673.6 -227202604 18147441.61 -215997539.7 -256593737.8 -9746.239297 238896772
615 0.00187001821 0.002842751045 300.0000002 -3.042023444e-06 -4.624519537e-06 -5.535348912e-06 -244322178.1 -228265960.6 18658591.6 -215981675.9 -256606462.7 -15645.29116 238898865.4
616 0.001950908351 0.002786559425 300.0000002 -3.173769665e-06 -4.533330312e-06 -5.533886302e-06 -243248320.8 -229350215.2 19112216.43 -215962944.2 -256635591.8 -9351.243035 238910113.9
617 0.002030122007 0.002727861303 300.0000002 -3.302829105e-06 -4.438087962e-06 -5.532206147e-06 -242134464.8 -230454835.1 19489924.96 -215948628 -256640671.9 -1968.048089 238908022.9
618 0.002107680375 0.00266674316 300.0000002 -3.429222128e-06 -4.338919105e-06 -5.53044152e-06 -240994306 -231594898.5 19812317.18 -215932502.5 -256656702 -4533.549109 238912085.1
619 0.002183573366 0.002603309621 300.0000002 -3.552923471e-06 -4.235965913e-06 -5.528713449e-06 -239844809.4 -232753280.3 20072897.52 -215915383.3 -256682706.4 -1655.493616 238921994.7
620 0.002257765183 0.002537665644 300.0000002 -3.67385091e-06 -4.129381557e-06 -5.527112497e-06 -238664965.5 -233922224.2 20251332.5 -215903894.9 -256683294.8 -771.5797682 238918150.3
621 0.00233020353 0.002469909235 300.0000002 -3.791907491e-06 -4.019322475e-06 -5.525714033e-06 -237471159.3 -235114110.3 20368208.15 -215890361.5 -256694908.2 -8086.947697 238920421.4
622 0.002400827137 0.002400129469 300.0000002 -3.906992223e-06 -3.905922088e-06 -5.524564742e-06 -236284061.8 -236310327.3 20421315.6 -215875876 -256718513.1 -7197.58387 238929812
623 0.002469571167 0.00232840734 300.0000002 -4.018984374e-06 -3.789309338e-06 -5.523685423e-06 -235085952.8 -237496920.9 20388918.45 -215866913.3 -256715960.5 -4690.472872 238924939.5
624 0.002536370563 0.002254817725 300.0000002 -4.127774945e-06 -3.669616302e-06 -5.523097844e-06 -233889751.6 -238691136.9 20290043.13 -215858872.7 -256722015.8 -7698.36975 238925765.8
625 0.002601161247 0.002179430763 300.0000002 -4.233262969e-06 -3.546954656e-06 -5.522807501e-06 -232713929.4 -239876039.3 20125872.12 -215853001.1 -256736967.6 -2271.937215 238932927.1
626 0.00266388051 0.00210231259 300.0000002 -4.335336483e-06 -3.421436879e-06 -5.522804789e-06 -231545992.6 -241036357.7 19875330.09 -215857245.4 -256725104.9 4181.706699 238927093.4
627 0.002724467201 0.00202352528 300.0000002 -4.433894319e-06 -3.293177707e-06 -5.523082314e-06 -230390568.6 -242192602.7 19556656.24 -215864035.6 -256719135.7 1815.880526 238925862.7
628 0.002782861793 0.00194312538 300.0000002 -4.528845423e-06 -3.162267899e-06 -5.523620111e-06 -229266057.7 -243329039.6 19176372.36 -215872684 -256722413.3 5049.709535 238931071.4
629 0.002839007735 0.001861161889 300.0000002 -4.620088678e-06 -3.028792954e-06 -5.524382875e-06 -228158263.1 -244426900.1 18715582.2 -215885716.8 -256699446.4 4903.13269 238921544.8
630 0.002892854344 0.001777674509 300.0000002 -4.707547875e-06 -2.892829842e-06 -5.525348088e-06 -227074651.2 -245510437.7 18196091.85 -215894816.5 -256690272.5 -2866.24502 238919167.3
631 0.002944360531 0.001692692497 300.0000002 -4.791165678e-06 -2.754422575e-06 -5.526491859e-06 -226032636.2 -246562518.9 17624969.57 -215901289.4 -256693865.7 -1959.119487 238923776.3
632 0.002993499447 0.00160623524 300.0000002 -4.870892138e-06 -2.613606725e-06 -5.527796155e-06 -225023637.5 -247560939.4 16983517.95 -215910375.5 -256674201.4 634.885167 238914865
633 0.00304026278 0.001518314698 300.0000002 -4.946716547e-06 -2.470410603e-06 -5.529279623e-06 -224050946.5 -248531217.5 16286656.79 -215917665.3 -256664498.7 -631.2590398 238911497.7
634 0.003084662667 0.001428938306 300.0000002 -5.018658209e-06 -2.324839486e-06 -5.530986246e-06 -223130414.4 -249462703.9 15541639.46 -215927713.4 -256665404.9 6899.444938 238915745.9
635 0.003126730771 0.001338111248 300.0000002 -5.08674619e-06 -2.176901435e-06 -5.532981715e-06 -222256222.1 -250330356.7 14728212.53 -215947299.2 -256639279.5 13688.23754 238906670.3
636 0.003166512837 0.001245835471 300.0000002 -5.151039328e-06 -2.026605644e-06 -5.535371406e-06 -221429143.3 -251163242.7 13859524.89 -215970952.1 -256621433.8 13440.51774 238904243.6
637 0.003204056486 0.001152096781 300.0000002 -5.211601254e-06 -1.873921943e-06 -5.538264266e-06 -220670713.5 -251942766.8 12944952.48 -216007563.6 -256605916.7 23572.308 238908030
638 0.003239400322 0.001056817992 300.0000002 -5.268467253e-06 -1.718738925e-06 -5.541733545e-06 -219974563.4 -252636299.7 11961438.48 -216062596.2 -256548267 29678.24786 238892395.8
639 0.00327262076 0.0009597439861 300.0000002 -5.321746217e-06 -1.560659635e-06 -5.545867047e-06 -219314405.5 -253282916 10925951.65 -216103591.1 -256493730.3 22569.91902 238873567.2
640 0.00330418367 0.0008603552303 300.0000002 -5.372078095e-06 -1.398797515e-06 -5.551203252e-06 -218703955.1 -253902249.4 9845522.417 -216137186.9 -256469017.7 12119.58583 238870569.6
641 0.003336183097 0.0007588623491 300.0000002 -5.422250361e-06 -1.233357248e-06 -5.560752564e-06 -218216406.1 -254452419.1 8695822.661 -216237659.6 -256431165.6 3331.484556 238884057.8
642 0.003370555635 0.0006572419996 300.0000002 -5.47482208e-06 -1.067552537e-06 -5.577933778e-06 -217860286.4 -254791547.4 7494929.096 -216397208.9 -256254625 8219.315756 238833413.6
643 0.003405456521 0.0005574041652 300.0000002 -5.527212513e-06 -9.047090263e-07 -5.600765714e-06 -217583803.5 -254950139.6 6275500.356 -216558024.3 -255975918.8 -8510.265861 238720359.1
644 0.003434177895 0.0004460539839 300.0000002 -5.570598085e-06 -7.236134112e-07 -5.6173997e-06 -217305105.1 -255171893.1 4961056.799 -216665970.8 -255811027.4 -40349.81646 238658511.1
645 0.003402336071 0.0003517920849 300.0000002 -5.529984873e-06 -5.718218855e-07 -5.559470565e-06 -216561487.8 -256044015.8 4077559.919 -216144832.6 -256460670.9 -47904.62468 238868211.6
646 0.003426446713 0.0002676467083 300.0000002 -5.564774059e-06 -4.346774796e-07 -5.581725077e-06 -216548952.6 -256000883.9 3141098.929 -216300469.1 -256249367.5 40018.93532 238794425.6
647 0.003319920225 0.0002977698316 300.0000002 -5.419605939e-06 -4.861048722e-07 -5.441362558e-06 -215372301.3 -257196260.2 3773444.151 -215034582 -257533979.5 -8115.33794 239133666.9
648 0.003208076417 0.0002827938743 300.0000002 -5.269224632e-06 -4.645562539e-07 -5.289663575e-06 -214020048.1 -258644568.2 3969620.012 -213669678 -258994938.3 5056.273043 239569915.4
649 0.003109801613 0.0002689457435 300.0000003 -5.13807217e-06 -4.44431974e-07 -5.157257546e-06 -212529149.7 -260179753.2 4173076.299 -212166455.7 -260542447.3 20730.39223 240038758.2
650 0.003007015466 0.0002475346332 300.0000003 -5.002145188e-06 -4.118360931e-07 -5.019070177e-06 -210951760.5 -261841230.8 4366404.638 -210580250.2 -262212741.2 146649.8082 240588452.1
651 0.003343121038 0.000495120657 300.0000002 -5.44470834e-06 -8.063877889e-07 -5.504099397e-06 -216547635.8 -255882118.1 5944749.824 -215668823.6 -256760930.2 -10892.38899 238880491.8
652 0.003329620165 0.0004088897927 300.0000002 -5.429524528e-06 -6.668290102e-07 -5.470319692e-06 -216031746.1 -256681092.5 5027094.035 -215419313.1 -257293525.5 -40006.59185 239122247
653 0.003234853017 0.0003773127143 300.0000002 -5.302427433e-06 -6.185235985e-07 -5.338380664e-06 -214737803.7 -257787248.5 5078112.455 -214146903.7 -258378148.5 -12090.04667 239347621.5
654 0.003141005316 0.0003566471116 300.0000003 -5.177020508e-06 -5.879171507e-07 -5.210296336e-06 -213374797.1 -259274881.1 5252880.714 -212781337 -259868341.3 -26253.37091 239817266.1
655 0.003042896956 0.0003459371359 300.0000003 -5.046511893e-06 -5.73768598e-07 -5.079024778e-06 -211833535.1 -260789088 5636393.418 -211192982.3 -261429640.8 -2027.800364 240282807.1
656 0.003243818108 0.0004850649667 300.0000002 -5.31038993e-06 -7.940928196e-07 -5.369434292e-06 -215446947.2 -257138171.7 6445884.25 -214473196 -258111923 65968.87253 239295717.9
657 0.003167485755 0.0004323540885 300.0000002 -5.209632087e-06 -7.11187509e-07 -5.257951517e-06 -214214147.9 -258386252.2 6206713.459 -213358680.4 -259241719.7 60559.60999 239617894.8
658 0.003083790745 0.000432155966 300.0000003 -5.09743819e-06 -7.14399562e-07 -5.147255855e-06 -212921502.8 -259610542.2 6710036.681 -211976312.9 -260555732.1 34675.71262 239982513.9
659 0.003303279024 0.0005778591115 300.0000002 -5.386861329e-06 -9.423268371e-07 -5.468661157e-06 -216665560.3 -256000486.1 7157259.979 -215403799.8 -257262246.5 55478.72805 239097060.3
660 0.003262372392 0.0006789746847 300.0000002 -5.325924963e-06 -1.108422752e-06 -5.440043907e-06 -216853410.2 -255759811.5 8498179.061 -215078208.3 -257535013.4 31402.31121 239150062.7
661 0.003228761692 0.0007831194854 300.0000002 -5.273770178e-06 -1.279153916e-06 -5.426682838e-06 -217326170 -255253363 9735220.974 -214973309.7 -257606223.2 -34498.06377 239156917.7
662 0.003200831539 0.0008837937618 300.0000002 -5.228625095e-06 -1.443682749e-06 -5.424273248e-06 -218016916.6 -254578543.8 10922102.55 -215002650 -257592810.4 -5347.895321 239159065.7
663 0.003170092714 0.0009796889528 300.0000002 -5.179080522e-06 -1.60051358e-06 -5.420748912e-06 -218701230.8 -253931054.9 12051161.09 -214973334.3 -257658951.3 11624.1225 239190021.1
664 0.003136649571 0.001073307251 300.0000002 -5.125184842e-06 -1.753715346e-06 -5.416921375e-06 -219409180.1 -253216893.1 13124813.62 -214912083.7 -257713989.6 17570.10277 239202538.8
665 0.003100910335 0.001165346118 300.0000002 -5.067449018e-06 -1.904362681e-06 -5.41346809e-06 -220181516 -252428990.3 14138628.34 -214860549.7 -257749956.6 20117.43246 239206604.9
666 0.00306300701 0.001255926539 300.0000002 -5.006060122e-06 -2.052626811e-06 -5.410537383e-06 -221016906.7 -251578027.1 15088349.99 -214822981.7 -257771952.1 17657.44069 239206927.9
667 0.003022926961 0.001345054827 300.0000002 -4.941019887e-06 -2.198512559e-06 -5.408062037e-06 -221915289.2 -250676907.5 15976845.33 -214800352.9 -257791843.9 13531.08944 239211303.8
668 0.002980615468 0.001432729986 300.0000002 -4.872260005e-06 -2.342018347e-06 -5.405919672e-06 -222864685.5 -249725301.3 16805671.8 -214782120.7 -257807866.1 9092.970109 239214830.7
669 0.002936022097 0.001518958454 300.0000002 -4.799718167e-06 -2.483159421e-06 -5.404014729e-06 -223859390.3 -248726843.4 17573888.83 -214765480.9 -257820752.8 3892.095062 239216961
670 0.002889117704 0.001603750788 300.0000002 -4.723360416e-06 -2.621955788e-06 -5.402294492e-06 -224902543.1 -247687513.9 18282682.91 -214753319.7 -257836737.3 894.0283501 239222649.7
671 0.002839899133 0.001687116205 300.0000002 -4.64317976e-06 -2.758418798e-06 -5.40074e-06 -225986199.6 -246603763.4 18930937.65 -214739207.7 -257850755.3 966.6144654 239226404.1
672 0.002788388132 0.00176905673 300.0000002 -4.559206871e-06 -2.892547225e-06 -5.399370032e-06 -227105463.3 -245480929.3 19514994.65 -214723554.4 -257862838.2 1376.552236 239228390.8
673 0.002734626423 0.001849561975 300.0000002 -4.471506762e-06 -3.024318354e-06 -5.398228805e-06 -228262110.6 -244327064 20032577.35 -214711611.8 -257877562.9 2194.471789 239233372.5
674 0.002678668825 0.001928606448 300.0000002 -4.380158944e-06 -3.153679038e-06 -5.39735897e-06 -229447621.8 -243141070.1 20480836.88 -214699385.9 -257889306.1 3196.981465 239236378.7
675 0.002620576859 0.00200615023 300.0000002 -4.285259232e-06 -3.280555296e-06 -5.396803659e-06 -230655079.8 -241928728.8 20855113.04 -214688443.3 -257895365.3 1649.072898 239236269.5
676 0.002560414277 0.002082141926 300.0000002 -4.186914094e-06 -3.404855938e-06 -5.396600188e-06 -231886940.5 -240699374 21153729.28 -214685403.8 -257900910.7 -963.7186241 239238669.9
677 0.002498244941 0.002156522218 300.0000002 -4.085226414e-06 -3.526473102e-06 -5.396766383e-06 -233134016.2 -239451370.9 21374451.48 -214686111 -257899276 -3289.455105 239237894.7
678 0.002434132699 0.002229226698 300.0000002 -3.980303685e-06 -3.645294507e-06 -5.39731317e-06 -234390897.4 -238191914.6 21516525.1 -214691110.8 -257891701.1 -5974.136309 239234919.9
679 0.002368142273 0.002300187131 300.0000002 -3.872259122e-06 -3.761204748e-06 -5.398245257e-06 -235657689 -236929446.1 21580554.78 -214703647.9 -257883487.2 -7461.947674 239234245.3
680 0.002300340151 0.002369330944 300.0000002 -3.761204268e-06 -3.874077896e-06 -5.399549712e-06 -236924809.8 -235663731.6 21567120.41 -214717936.1 -257870605.3 -6872.228779 239231262.9
681 0.002230794573 0.002436579125 300.0000002 -3.647257946e-06 -3.983784075e-06 -5.401205984e-06 -238184353.6 -234402209.6 21476697.27 -214733489.4 -257853073.8 -6407.224917 239225811.7
682 0.00215957354 0.002501842869 300.0000002 -3.530544524e-06 -4.09018307e-06 -5.403178896e-06 -239437061.9 -233155110.4 21310943.38 -214754916.1 -257837256.2 -5485.093715 239223549.1
683 0.002086739916 0.00256501974 300.0000002 -3.411178216e-06 -4.193112816e-06 -5.405398404e-06 -240672193 -231922201.5 21070534.51 -214777253.1 -257817141.4 -4028.119801 239218915.4
684 0.002012342655 0.002625990716 300.0000002 -3.28925731e-06 -4.292395055e-06 -5.407760068e-06 -241882070.2 -230711080.4 20757324.16 -214800895.7 -257792254.8 -4546.114359 239211756.1
685 0.001936402677 0.00268462073 300.0000002 -3.164842811e-06 -4.387838622e-06 -5.410116245e-06 -243067264.9 -229530505.7 20374551.6 -214829528.8 -257768241.8 -6822.459184 239206946.3
686 0.001858893188 0.00274076935 300.0000002 -3.037915563e-06 -4.479247781e-06 -5.41226308e-06 -244219843 -228376116.9 19926747.4 -214854307.8 -257741652.2 -9933.376232 239199140.6
687 0.00177972396 0.002794325089 300.0000002 -2.908348691e-06 -4.566481427e-06 -5.413986029e-06 -245341896 -227246508.2 19419447.87 -214870486.8 -257717917.4 -12007.66006 239190043.9
688 0.001698765379 0.002845274165 300.0000002 -2.775933733e-06 -4.649541371e-06 -5.415167869e-06 -246447594.2 -226147135.7 18852317.52 -214886224.1 -257708505.8 -8663.195543 239189790.3
689 0.001615954236 0.002893764672 300.0000002 -2.640540693e-06 -4.728642116e-06 -5.415949724e-06 -247524168.4 -225079672.6 18222736.91 -214900823.3 -257703017.7 -5003.709418 239191593.9
690 0.0015313949 0.002940043129 300.0000002 -2.502298876e-06 -4.804122575e-06 -5.416741953e-06 -248558599.6 -224046749.9 17537296.72 -214907245.6 -257698103.8 -9148.479049 239190818.1
691 0.001445296476 0.002984275694 300.0000002 -2.361514069e-06 -4.876190823e-06 -5.41793186e-06 -249559633.7 -223050277 16791545.1 -214912378.4 -257697532.2 -11742.89268 239192306.2
692 0.001357825628 0.003026487561 300.0000002 -2.218447952e-06 -4.944845463e-06 -5.419687073e-06 -250509086.8 -222093588.8 15976230.56 -214921441.3 -257681234.3 -9927.654899 239185330.8
693 0.001269060208 0.003066653561 300.0000002 -2.073232592e-06 -5.01002401e-06 -5.422050715e-06 -251405843 -221192945.8 15099295.53 -214940709.2 -257658079.6 -9084.191437 239177725.4
694 0.001179024835 0.003104766579 300.0000002 -1.925921662e-06 -5.071710902e-06 -5.425073799e-06 -252245262.4 -220353977.3 14163951.46 -214971681.6 -257627558 -9432.509383 239169716.8
695 0.001087730236 0.003140856885 300.0000002 -1.776537671e-06 -5.129928864e-06 -5.428835626e-06 -253024085.4 -219583171.1 13175561.14 -215015863.3 -257591393.2 -12690.63438 239162940.3
696 0.0009952042964 0.003175005805 300.0000002 -1.625137616e-06 -5.184787456e-06 -5.433515734e-06 -253723686.7 -218870080.1 12144661.52 -215055751.4 -257538015.5 -24212.69907 239143839.4
697 0.0009015609392 0.003207444999 300.0000002 -1.471890168e-06 -5.236577821e-06 -5.439504384e-06 -254380483.9 -218225828 11073298.98 -215103943.1 -257502368.9 -33298.27894 239138881.7
698 0.0008079374922 0.003239101598 300.0000002 -1.318575852e-06 -5.286469553e-06 -5.448431207e-06 -254945139.2 -217705346 9959717.044 -215209035.9 -257441449.3 -48237.9912 239138683.2
699 0.0007160163116 0.003269325457 300.0000002 -1.16807191e-06 -5.333536034e-06 -5.459944927e-06 -255277768.5 -217241256.8 8773502.146 -215315111.4 -257203913.9 -21264.20313 239028371.7
700 0.0006152083366 0.0032929317 300.0000002 -1.003533227e-06 -5.371163188e-06 -5.464107698e-06 -255753667.2 -216691425.3 7561916.404 -215278638.7 -257166453.8 -90.88553967 238991701
701 0.0004556001553 0.003294751815 300.0000002 -7.440851736e-07 -5.380708699e-06 -5.431913921e-06 -256699749.2 -215832732.3 5754506.505 -215037897.1 -257494584.3 6518.102051 239110151.1
702 0.0005297624528 0.003270424063 300.0000002 -8.657552781e-07 -5.344612205e-06 -5.414278514e-06 -256670289.3 -215978873.7 6785016.542 -214877342.8 -257771820.2 -15150.18378 239226379.5
703 0.0003438332352 0.003227314323 300.0000002 -5.640184007e-07 -5.293451008e-06 -5.323414348e-06 -258300976.8 -214509405 4695766.675 -214011550.1 -258798831.7 22762.52463 239565943.5
704 0.0004085283636 0.00323843852 300.0000002 -6.694287168e-07 -5.306303251e-06 -5.348363207e-06 -257583083.3 -214786471.5 5486626.542 -214094268.9 -258275285.9 -521.4103964 239263914.5
705 0.0004793642445 0.003212309552 300.0000002 -7.862222307e-07 -5.268202054e-06 -5.326546562e-06 -257743182.1 -214955526.8 6546883.619 -213976216.5 -258722492.4 -15658.01156 239505093.9
706 0.0002875754661 0.003168429215 300.0000003 -4.734074636e-07 -5.216160661e-06 -5.237599323e-06 -259289830.6 -213365852.9 4227853.555 -212979885.3 -259675798.2 -24633.84744 239762865.8
707 0.003194949563 0.0005930930538 300.0000002 -5.239105551e-06 -9.725814043e-07 -5.328615351e-06 -215561206.3 -257084531.4 8025719.93 -214064000 -258581737.7 39622.54782 239447018.7
708 0.003134591246 0.0005103167661 300.0000003 -5.161865733e-06 -8.403746448e-07 -5.229826708e-06 -214281545.8 -258350186.9 7438351.093 -213059982.8 -259571749.9 65029.11865 239724236.8
709 0.000574510501 0.003191955124 300.0000002 -9.425296788e-07 -5.23622226e-06 -5.320374587e-06 -257270310.2 -215382672.3 7828473.047 -213967436 -258685546.5 -34517.62163 239478592.1
710 0.0006599899407 0.003211660785 300.0000002 -1.080555941e-06 -5.258234207e-06 -5.368112156e-06 -256298371.6 -216220387.5 8614484.522 -214447219 -258071540.1 -14155.42289 239260958.1
711 0.0007364226871 0.003175985236 300.0000002 -1.206876489e-06 -5.205096699e-06 -5.343180935e-06 -256142140.7 -216418227.2 9836842.584 -214115971.7 -258444396.3 -92142.2721 239378586.6
712 0.0008280619669 0.003140437806 300.0000002 -1.358049284e-06 -5.150376955e-06 -5.326413487e-06 -255704777.3 -216853692.3 11028889.15 -213941199.6 -258617270 -16784.32874 239426066
713 0.0009218564346 0.003109265389 300.0000002 -1.512243586e-06 -5.100580986e-06 -5.320038257e-06 -255018287 -217561537.2 12196901.5 -213940054.9 -258639769.3 -17744.10557 239439912.8
714 0.001013119476 0.003076444932 300.0000002 -1.662303436e-06 -5.047872326e-06 -5.314533633e-06 -254328993.8 -218287225.2 13319252.89 -213899300 -258716919 -5148.092927 239474397.2
715 0.001102848075 0.0030418217 300.0000002 -1.809873265e-06 -4.992010639e-06 -5.30997283e-06 -253540896.3 -219059824.3 14403710.86 -213834766.5 -258765954.2 -7788.5528 239482711.7
716 0.001191193618 0.00300533049 300.0000002 -1.95515679e-06 -4.932891464e-06 -5.306228064e-06 -252690740.2 -219905574.8 15423855.49 -213790113.2 -258806201.8 -5192.301707 239492495.7
717 0.00127823007 0.00296690045 300.0000002 -2.098281535e-06 -4.870421518e-06 -5.303186887e-06 -251774909.4 -220823226.3 16390484.55 -213756895.6 -258841240.1 -11179.17903 239503023.8
718 0.001364019069 0.00292653205 300.0000002 -2.239322481e-06 -4.804612442e-06 -5.300836339e-06 -250802498.6 -221798566.8 17288119.46 -213735383.6 -258865681.8 -11612.35672 239510960.1
719 0.001448575378 0.002884282652 300.0000002 -2.378294646e-06 -4.73554673e-06 -5.299215815e-06 -249772307.6 -222839426.6 18120325.05 -213729533.1 -258882201 -18536.16605 239519386.3
720 0.001531788783 0.002840283623 300.0000002 -2.514988783e-06 -4.663452103e-06 -5.298391652e-06 -248704919.8 -223911734 18866517.82 -213733540.7 -258883113.1 -6159.702012 239521373.5
721 0.001613294357 0.002794480509 300.0000002 -2.648846021e-06 -4.588320703e-06 -5.298025303e-06 -247585143.9 -225009013.5 19555208.56 -213717738.8 -258876418.6 -3061.628736 239511563.8
722 0.001692712929 0.002746388787 300.0000002 -2.779328747e-06 -4.509508896e-06 -5.297201031e-06 -246434107.2 -226152236.6 20181863.92 -213706758.1 -258879585.7 -10645.92268 239509711.1
723 0.00177008938 0.0026955533 300.0000002 -2.906583732e-06 -4.426367005e-06 -5.295370984e-06 -245274247 -227322900.8 20749057.71 -213691362.4 -258905785.4 -9520.268858 239520926.7
724 0.001845745313 0.002641919471 300.0000002 -3.031145766e-06 -4.338772458e-06 -5.292711129e-06 -244084737.8 -228518506.9 21263848.6 -213658122.2 -258945122.5 -6658.987178 239534217.1
725 0.001919916875 0.002585661348 300.0000002 -3.15336369e-06 -4.246928649e-06 -5.289622435e-06 -242854052.4 -229745498.8 21716636.42 -213615622.5 -258983928.7 -6386.155115 239543934.3
726 0.001992691971 0.002526994959 300.0000002 -3.273336075e-06 -4.151120786e-06 -5.286448036e-06 -241588594.3 -231006794.3 22096389.78 -213576690.6 -259018698.1 -7269.453152 239552358.7
727 0.002064065821 0.00246610961 300.0000002 -3.391016851e-06 -4.051616798e-06 -5.283426346e-06 -240294376.2 -232297343.5 22398599.06 -213543161.1 -259048558.6 -8568.856959 239559574
728 0.00213398835 0.002403158039 300.0000002 -3.506296437e-06 -3.948640972e-06 -5.280708307e-06 -238978079.5 -233610434.2 22622412.23 -213513204.6 -259075309.2 -9772.733974 239566076.8
729 0.002202390072 0.002338262163 300.0000002 -3.619041618e-06 -3.842382335e-06 -5.278386519e-06 -237647718.1 -234938480.5 22764599.79 -213488233.3 -259097965.3 -8977.936352 239571732
730 0.002269195591 0.002271521027 300.0000002 -3.729113881e-06 -3.732999638e-06 -5.276511786e-06 -236307304.5 -236277961.8 22824140.58 -213468489.5 -259116776.8 -8706.527738 239576779.6
731 0.002334330686 0.002203018323 300.0000002 -3.836380004e-06 -3.620631382e-06 -5.275109774e-06 -234963764.4 -237620058.9 22801293.94 -213451970.1 -259131853.1 -7274.967253 239580584.4
732 0.002397725093 0.002132828704 300.0000002 -3.940717273e-06 -3.505404361e-06 -5.274193052e-06 -233624042 -238959481.6 22694134.17 -213441369.4 -259142154.2 -4782.507145 239583426.1
733 0.002459312166 0.002061022202 300.0000002 -4.042008383e-06 -3.387441554e-06 -5.273764505e-06 -232293462.8 -240290768.2 22502065.15 -213437528.3 -259146702.6 -2244.908343 239584975.1
734 0.002519026687 0.001987666287 300.0000002 -4.140140573e-06 -3.266860926e-06 -5.27381686e-06 -230976732.1 -241608068.2 22226701.67 -213438897.3 -259145903 -498.9228154 239584945.6
735 0.002576802116 0.00191282527 300.0000002 -4.235001764e-06 -3.143778976e-06 -5.274332772e-06 -229681957.1 -242904248.3 21868512.33 -213447116.8 -259139088.7 1739.830734 239583487.8
736 0.002632568612 0.001836557036 300.0000002 -4.326477325e-06 -3.018303031e-06 -5.275278119e-06 -228412023.5 -244175828.4 21429180.65 -213461182.7 -259126669.3 1743.400733 239580512.5
737 0.002686253242 0.001758907556 300.0000002 -4.414451805e-06 -2.890522116e-06 -5.276599552e-06 -227172904.3 -245415671.4 20913885.22 -213477841.4 -259110734.4 1601.27707 239576211.6
738 0.002737783767 0.001679904586 300.0000002 -4.498817818e-06 -2.760496181e-06 -5.278228957e-06 -225970369.2 -246619019.2 20325018.55 -213497807.1 -259091581.3 1837.152512 239571026.4
739 0.002787096569 0.001599553387 300.0000002 -4.579482972e-06 -2.628249145e-06 -5.280090705e-06 -224808169.5 -247782369 19666163.95 -213520031.4 -259070507.1 2533.086396 239565416.3
740 0.002834147438 0.001517837925 300.0000002 -4.656387152e-06 -2.493764705e-06 -5.282121137e-06 -223688470.4 -248902044.9 18942131.58 -213541457.7 -259049057.6 4641.032551 239559293.4
741 0.002878921645 0.001434728393 300.0000002 -4.729513876e-06 -2.357000835e-06 -5.284293183e-06 -222616771.4 -249974136.6 18155996.15 -213563396.4 -259027511.6 10478.75096 239553295.2
742 0.002921439239 0.001350191371 300.0000002 -4.798892892e-06 -2.217902979e-06 -5.286630932e-06 -221592575 -250999249.4 17307727.12 -213585886.5 -259005937.9 16523.83031 239547479.1
743 0.002961754916 0.001264199162 300.0000002 -4.864595973e-06 -2.076419974e-06 -5.289216756e-06 -220618400.7 -251975776 16398960.74 -213609059.4 -258985117.3 22463.58052 239542387.6
744 0.002999952141 0.001176742959 300.0000002 -4.926728697e-06 -1.932527406e-06 -5.292194047e-06 -219702382.6 -252901112 15426146.95 -213641115.6 -258962379 26259.82077 239539204.6
745 0.003036115795 0.001087862925 300.0000002 -4.985386804e-06 -1.786285968e-06 -5.295743494e-06 -218854107.9 -253768668 14388016.48 -213689033.9 -258933742.1 27184.75005 239537861.4
746 0.003070224032 0.0009976935022 300.0000002 -5.040510572e-06 -1.63791989e-06 -5.299955508e-06 -218083593.7 -254572641 13289323.16 -213756717.7 -258899517 25867.1217 239539945.1
747 0.003101783628 0.0009064121021 300.0000002 -5.09140193e-06 -1.487767315e-06 -5.304321369e-06 -217417723.8 -255297873.3 12138186.89 -213861996 -258853601.1 29676.0917 239547897
748 0.003128530209 0.0008130561089 300.0000002 -5.135081235e-06 -1.334460941e-06 -5.305642778e-06 -216790204 -255929807.8 10902905.12 -213957986.7 -258762025.1 -4915.24639 239523702.1
749 0.003141462309 0.0007032730596 300.0000002 -5.160169509e-06 -1.155206435e-06 -5.287896677e-06 -215814257.9 -256787085.7 9603398.652 -213675108.4 -258926235.1 -47995.87846 239528208.6
750 0.003085200225 0.0006026378273 300.0000003 -5.090446405e-06 -9.943245322e-07 -5.18664881e-06 -214265391.8 -258279778.6 8953432.458 -212513790.6 -260031379.8 13877.96103 239829472.9
751 0.003033027367 0.0005162877923 300.0000003 -5.025447147e-06 -8.55478371e-07 -5.097740899e-06 -212809682.2 -259689773.1 8260055.439 -211396907.3 -261102548.1 39550.28813 240139389.9
752 0.0030627747 0.0007627186229 300.0000003 -5.049453967e-06 -1.257477561e-06 -5.203675162e-06 -215470598.4 -257044588.5 11101323.38 -212692038.6 -259823148.3 56268.12722 239757515.2
753 0.003028796654 0.0006888400242 300.0000003 -5.009019808e-06 -1.139207105e-06 -5.136932184e-06 -214342702.2 -258357757.2 10538741.38 -211949490.3 -260750969.1 -15903.05509 240099188
754 0.003036690954 0.0008385676589 300.0000003 -5.008254958e-06 -1.383003094e-06 -5.195701616e-06 -216060105.7 -256604302.1 12232152.74 -212655753.3 -260008654.6 95971.50928 239863838.9
755 0.003005461383 0.0009252301358 300.0000003 -4.958483068e-06 -1.526475295e-06 -5.188128869e-06 -216679137.4 -255952276.8 13417880.29 -212532692.9 -260098721.2 51178.02622 239879170.8
756 0.00297235323 0.00101323527 300.0000003 -4.905163279e-06 -1.672120465e-06 -5.182336698e-06 -217440885.3 -255166566.7 14599286.23 -212451169.3 -260156282.7 38181.31992 239888075.3
757 0.002979547775 0.0006035257096 300.0000003 -4.948798223e-06 -1.002443786e-06 -5.049306626e-06 -212833497.8 -259693854.2 9928257.311 -210816814.4 -261710537.6 27912.58099 240339666.4
758 0.002937675233 0.001100454692 300.0000003 -4.848901404e-06 -1.816424477e-06 -5.177957387e-06 -218298416.7 -254299287.4 15731630.43 -212392812 -260204892 33442.63138 239899243.6
759 0.002901254035 0.001186303697 300.0000003 -4.789538873e-06 -1.958440428e-06 -5.174473067e-06 -219233665.2 -253354948.9 16796918.43 -212352690.9 -260235923.2 31364.76268 239905409.4
760 0.002862870334 0.001270648703 300.0000003 -4.726808e-06 -2.097965017e-06 -5.171476683e-06 -220234823.6 -252358650.6 17793152.95 -212326323.7 -260267150.5 25312.1758 239916427.2
761 0.00282236728 0.001353501322 300.0000003 -4.660515272e-06 -2.235037849e-06 -5.168732609e-06 -221285326.7 -251306519.8 18723748.05 -212298080.3 -260293766.3 16765.82577 239923849.6
762 0.002779649569 0.001434909277 300.0000003 -4.590529108e-06 -2.369748297e-06 -5.166107285e-06 -222388285.8 -250207553.3 19594195.61 -212268555.8 -260327283.4 9345.729133 239935278.8
763 0.002734670884 0.001514931987 300.0000003 -4.516784254e-06 -2.502199718e-06 -5.163559182e-06 -223538848.3 -249052189.8 20400279.23 -212235094.7 -260355943.4 4627.476913 239942252.3
764 0.002687432576 0.001593633986 300.0000003 -4.439269068e-06 -2.632490418e-06 -5.161115737e-06 -224742353.3 -247850417.5 21141545.6 -212203635.5 -260389135.3 3183.343894 239952836.2
765 0.002637981591 0.001671069928 300.0000003 -4.358043263e-06 -2.760696944e-06 -5.158874751e-06 -225989933.6 -246597988.1 21809707.66 -212172677.3 -260415244.4 2466.176298 239959048.4
766 0.002586396854 0.001747266265 300.0000003 -4.273209749e-06 -2.886840013e-06 -5.15695325e-06 -227283486 -245305832.5 22402940.35 -212147341.1 -260441977.4 2389.816245 239967591.4
767 0.002532770503 0.00182221348 300.0000003 -4.184904476e-06 -3.010883203e-06 -5.155467305e-06 -228612567.6 -243971424.8 22913579.87 -212125785 -260458207.4 2086.693283 239970674.8
768 0.002477193205 0.001895871718 300.0000003 -4.093262117e-06 -3.13273786e-06 -5.154497188e-06 -229976795.1 -242608709.9 23340725.77 -212112578.9 -260472926.1 1104.069095 239975638.9
769 0.002419746761 0.001968182026 300.0000003 -3.998417497e-06 -3.252291141e-06 -5.154099353e-06 -231364023.9 -241216629.2 23677414.26 -212105860.4 -260474792.7 -804.0091302 239974547.9
770 0.002360503435 0.002039076595 300.0000003 -3.900490069e-06 -3.36941448e-06 -5.154296918e-06 -232773555.3 -239809672.2 23925692.9 -212108654.7 -260474572.7 -3311.157829 239975359.7
771 0.002299529283 0.002108485544 300.0000003 -3.799598618e-06 -3.483983929e-06 -5.155103654e-06 -234192438.6 -238387391.8 24081111.36 -212117631.6 -260462198.8 -6170.344914 239970460.8
772 0.002236889285 0.002176339646 300.0000003 -3.695856791e-06 -3.595872957e-06 -5.156516241e-06 -235619760.1 -236963744.5 24146824.4 -212135580.9 -260447923.7 -9273.604618 239967402.6
773 0.002172652604 0.002242569297 300.0000003 -3.589391395e-06 -3.704961698e-06 -5.158533878e-06 -237043247.7 -235537991.2 24120464.91 -212158418 -260422820.9 -11470.7931 239959052.1
774 0.002106896408 0.002307099819 300.0000003 -3.480338433e-06 -3.811118137e-06 -5.161141062e-06 -238461553.3 -234124834.1 24006565.66 -212188903.8 -260397483.5 -13780.30032 239953171.1
775 0.002039706609 0.002369843522 300.0000003 -3.368855683e-06 -3.914198358e-06 -5.164313836e-06 -239862508.5 -232723344.9 23802475.89 -212224283.9 -260361569.5 -14462.54664 239942173.3
776 0.001971174025 0.002430689057 300.0000003 -3.25510966e-06 -4.014019918e-06 -5.1679875e-06 -241245472.4 -231347705.4 23513809.81 -212267637.6 -260325540.2 -14154.43779 239933845.1
777 0.001901385754 0.002489488076 300.0000003 -3.13927193e-06 -4.110358131e-06 -5.172047198e-06 -242598277 -229998404.7 23139339.43 -212316720.9 -260279960.8 -11323.69896 239921363.3
778 0.001830408724 0.002546036637 300.0000003 -3.021489778e-06 -4.202910057e-06 -5.17627795e-06 -243918677.4 -228689814.5 22684881.14 -212375532.3 -260232959.7 -7733.779951 239911331.3
779 0.00175824568 0.002600046279 300.0000003 -2.901827501e-06 -4.291276242e-06 -5.180314143e-06 -245191350.6 -227422620.5 22153051.89 -212438813.6 -260175157.4 -4597.429313 239895936.5
780 0.001684711896 0.002651124147 300.0000003 -2.780069412e-06 -4.374942871e-06 -5.183523035e-06 -246408483.8 -226196108.8 21565372.51 -212486330.2 -260118262.4 -8835.534871 239875751.6
781 0.001609201605 0.002698905562 300.0000003 -2.655307846e-06 -4.453504279e-06 -5.185013029e-06 -247598180.3 -224976009 20938054.32 -212489137.6 -260085051.6 -4558.702392 239855413.6
782 0.001530862093 0.002743667495 300.0000003 -2.526105711e-06 -4.527462931e-06 -5.184508719e-06 -248813082.7 -223793350.8 20260646.07 -212491654.5 -260114779 5329.20021 239875346.4
783 0.001450176166 0.002786929446 300.0000003 -2.392994482e-06 -4.598907329e-06 -5.184242588e-06 -249985756.4 -222665996.2 19530261.75 -212492642.9 -260159109.8 -20754.71767 239904127
784 0.001368301573 0.002829154795 300.0000003 -2.257767877e-06 -4.668342933e-06 -5.185647647e-06 -251053714.9 -221514910.1 18679040.91 -212471680.3 -260096944.7 -19100.95544 239857044.5
785 0.001285404681 0.002869660633 300.0000003 -2.120759138e-06 -4.734685655e-06 -5.187954083e-06 -252148310.8 -220474222 17769178.27 -212508840.3 -260113692.6 -13503.4705 239880557.1
786 0.001201386118 0.002908343001 300.0000003 -1.981867233e-06 -4.797859863e-06 -5.191074744e-06 -253104392.3 -219459885.7 16764540.62 -212532654.8 -260031623.3 -5058.5824 239836117.6
787 0.001116106888 0.002945123747 300.0000003 -1.840869411e-06 -4.857696715e-06 -5.194806788e-06 -254065859 -218560656.9 15720535.39 -212600602.4 -260025913.6 -6540.831663 239855844.5
788 0.001029391551 0.002980038991 300.0000003 -1.697513093e-06 -4.914321252e-06 -5.19924072e-06 -254893543.6 -217689033.8 14603140.8 -212641858.7 -259940718.7 -8188.320766 239815470.6
789 0.0009411488777 0.003013298624 300.0000003 -1.551600394e-06 -4.967936436e-06 -5.204599525e-06 -255738765.7 -216976702.9 13444496.66 -212770061.8 -259945406.8 -24005.52355 239862700.7
790 0.0008514940181 0.003044543091 300.0000003 -1.403432539e-06 -5.01816098e-06 -5.210716123e-06 -256352857 -216274308.9 12189021.68 -212858431 -259768734.8 -24554.83161 239780198.8
791 0.0007485456433 0.003067812011 300.0000003 -1.234095002e-06 -5.057611426e-06 -5.205998829e-06 -257138665.8 -215319946.9 10842673.34 -212675860 -259782752.7 6244.211263 239726051.6
792 0.0006574405949 0.00312899985 300.0000002 -1.081374991e-06 -5.146382869e-06 -5.258766824e-06 -257348211.8 -215223738.1 9302228.505 -213261037.2 -259310912.7 -38981.56486 239627856.9
793 0.0005042177325 0.003136946942 300.0000003 -8.303732689e-07 -5.165596334e-06 -5.231912198e-06 -258443112.5 -214152047.4 7246079.809 -212996789.6 -259598370.3 58743.09389 239719288.2
794 0.0005749041838 0.003092100516 300.0000003 -9.485378309e-07 -5.101531866e-06 -5.188964386e-06 -258593820.7 -214268334.6 8516514.821 -212688334.3 -260173821 18542.83778 239980851.5
795 0.0004030963241 0.003142454623 300.0000003 -6.641754299e-07 -5.17739444e-06 -5.219822045e-06 -259163745.4 -213527053.4 5900664.89 -212776515.3 -259914283.5 49626.90341 239845016.8
796 0.0002513643852 0.003003383699 300.0000003 -4.181885738e-07 -4.997467118e-06 -5.014933626e-06 -261680992.9 -210784500.5 4379495.463 -210410558.8 -262054934.6 -88481.57809 240429387.3
797 0.0003150064401 0.003071255959 300.0000003 -5.215399295e-07 -5.08554031e-06 -5.112213233e-06 -260394537.6 -212107273.4 4947299.961 -211605672.2 -260896138.8 56778.83128 240076368.3
798 0.0003970721437 0.003038907225 300.0000003 -6.584016103e-07 -5.039426339e-06 -5.08225447e-06 -260613058.1 -212089148.1 6439475.905 -211249127.1 -261453079.1 10553.79932 240316815.6
799 0.0004887210729 0.003047096226 300.0000003 -8.092963077e-07 -5.045896278e-06 -5.110384502e-06 -259762096.6 -212705182.9 7661281.458 -211489409.4 -260977870.1 81132.21884 240089947.9
800 0.0003420907043 0.002976177328 300.0000003 -5.698383445e-07 -4.958508819e-06 -4.991144702e-06 -261875182.8 -210676048.7 5957013.306 -209992088.6 -262559142.9 6584.386476 240621358.4
801 0.0002770458629 0.002912197159 300.0000003 -4.639618545e-07 -4.876580135e-06 -4.898601271e-06 -263347725.2 -209369274.8 5222021.314 -208868752.1 -263848247.9 -39276.7057 241106623.5
802 0.0002609376139 0.002748803234 300.0000004 -4.42754714e-07 -4.664497916e-06 -4.685463962e-06 -266633261.6 -206077748.5 5871921.509 -205513697.3 -267197312.8 -69980.83924 242317128.5
803 0.0002957520716 0.002830556391 300.0000004 -4.983396338e-07 -4.769164714e-06 -4.795130285e-06 -264723418 -207853904.6 5945127.863 -207239114.1 -265338208.5 61147.79861 241586364
804 0.0003756325258 0.002873688918 300.0000003 -6.302962263e-07 -4.822139716e-06 -4.863157901e-06 -263192245.2 -209242761 7180086.626 -208303522.3 -264131484 -5340.081716 241114661.2
805 0.0004359586302 0.002958702966 300.0000003 -7.26583037e-07 -4.931155355e-06 -4.984397259e-06 -261497882.1 -210971125.4 7638399.154 -209841650.5 -262627357 -26962.57953 240616896.9
806 0.0005311645937 0.002948341855 300.0000003 -8.848632067e-07 -4.912075258e-06 -4.991138771e-06 -260928434.2 -211569695.7 9115284.487 -209940231.9 -262557897.9 70600.00819 240603615.3
807 0.0005740826734 0.003013562134 300.0000003 -9.518412627e-07 -4.996329099e-06 -5.086187792e-06 -259617996.3 -212959597 9148673.741 -211229966 -261347627.3 69231.36167 240242054.6
808 0.000649900906 0.003035413725 300.0000003 -1.075015949e-06 -5.020766345e-06 -5.134564634e-06 -258501521.4 -213983818.6 10021049.81 -211832076.5 -260653263.5 -28832.19341 239996318.4
809 0.0004806878112 0.002868930652 300.0000003 -8.058110574e-07 -4.810180815e-06 -4.877209337e-06 -262502362.3 -210044074.2 9087635.265 -208514411.6 -264032024.9 -41982.71719 241115518
810 0.0003599498156 0.00277190874 300.0000004 -6.090380906e-07 -4.690051756e-06 -4.729430501e-06 -265636019.7 -207367103.2 7685743.1 -206370394.9 -266632728 10271.71809 242191351
811 0.0004372218787 0.002799020351 300.0000004 -7.373925163e-07 -4.72107557e-06 -4.778315839e-06 -264086960.9 -208327491.5 9011918.936 -206907262.6 -265507189.8 -80145.66962 241597468.1
812 0.0007186966551 0.002965201548 300.0000003 -1.192922624e-06 -4.921619863e-06 -5.064129388e-06 -258793661.2 -213724405.7 11582520 -210922028.9 -261596038 20462.62203 240300277.8
813 0.0007970275134 0.002986133598 300.0000003 -1.319463261e-06 -4.943485566e-06 -5.116545009e-06 -257494637.8 -214948514.7 12319530.35 -211638908.7 -260804243.8 -80199.2685 240028279.6
814 0.0008717307583 0.002951940187 300.0000003 -1.444268499e-06 -4.890811375e-06 -5.099602671e-06 -257150280.4 -215543464.4 13596316.91 -211494736.7 -261199008.1 -113881.8937 240234820.4
815 0.0009587088006 0.002919258606 300.0000003 -1.588984704e-06 -4.838352957e-06 -5.092595775e-06 -256359509.5 -216232914.5 14732623.75 -211404744.5 -261187679.5 30894.90159 240197123.5
816 0.001043834095 0.002886032422 300.0000003 -1.730406536e-06 -4.784447527e-06 -5.087754408e-06 -255437751.3 -217147205.7 15982137.8 -211353176.2 -261231780.8 -37416.53174 240208338.8
817 0.001127419352 0.002850944633 300.0000003 -1.86940372e-06 -4.727258823e-06 -5.083467935e-06 -254586653.8 -218023653.6 17073860.51 -211290604.4 -261319703 47764.15876 240244283
818 0.001209410285 0.00281386844 300.0000003 -2.005699701e-06 -4.666728432e-06 -5.07948674e-06 -253510164.4 -219062164.8 18225051.58 -211209946.5 -261362382.7 -44273.17632 240244890.9
819 0.001290545158 0.002774919178 300.0000003 -2.140642367e-06 -4.602818932e-06 -5.076247814e-06 -252509532.7 -220095867.8 19195166.16 -211180694.9 -261424705.6 25837.41159 240275495.2
820 0.001370566415 0.002734327547 300.0000003 -2.273576994e-06 -4.536015425e-06 -5.073912522e-06 -251273170.6 -221311246.8 20187683.96 -211153279.8 -261431137.7 -77812.68251 240270521.1
821 0.001450449179 0.002691538971 300.0000003 -2.406285977e-06 -4.465285204e-06 -5.072374607e-06 -250194933.2 -222474172.2 21014357.16 -211160897.4 -261508208 20777.6848 240323034.4
822 0.001529753455 0.002651488031 300.0000003 -2.537236643e-06 -4.397818819e-06 -5.077241391e-06 -248837871.5 -223722697.8 21677224.92 -211228446.1 -261332123.3 21213.03619 240231467.8
823 0.001603365852 0.002607838583 300.0000003 -2.659260569e-06 -4.325364999e-06 -5.077445139e-06 -247612031.9 -225004101.6 22359517.85 -211253573.4 -261362560.1 -5407.750034 240259620.8
824 0.001674142463 0.002559493758 300.0000003 -2.777167676e-06 -4.245984725e-06 -5.073563499e-06 -246389982.6 -226256957.8 23033231.62 -211186557.5 -261460382.9 -6979.375419 240300594.8
825 0.001743856289 0.002507552516 300.0000003 -2.893605236e-06 -4.160940961e-06 -5.068173334e-06 -245078281.4 -227536859.6 23652162.03 -211081590.8 -261533550.1 -9449.778653 240312959
826 0.001812776661 0.002452867666 300.0000003 -3.008834586e-06 -4.071346422e-06 -5.062504049e-06 -243706762.1 -228895426.3 24193490.35 -210999544.2 -261602644.2 -21423.47121 240330426.3
827 0.001880818595 0.002395900242 300.0000003 -3.122624682e-06 -3.977865817e-06 -5.057094162e-06 -242296605.3 -230290379.4 24646717.35 -210926237.4 -261660747.2 -20495.3932 240343730.2
828 0.001947852675 0.002336918353 300.0000003 -3.234718269e-06 -3.880884131e-06 -5.052193971e-06 -240847496 -231738285 25014075.79 -210867553.3 -261718227.8 -25392.92762 240361551.3
829 0.002013754198 0.002276099644 300.0000003 -3.34487081e-06 -3.780688343e-06 -5.04794662e-06 -239375565.4 -233203730.9 25287455.96 -210814602 -261764694.2 -18456.85641 240374151.6
830 0.002078404886 0.002213567901 300.0000003 -3.452869634e-06 -3.677468022e-06 -5.044410745e-06 -237876251.5 -234704497.1 25467815.36 -210773238.2 -261807510.4 -19743.3475 240388258.6
831 0.00214169775 0.002149411999 300.0000003 -3.558515128e-06 -3.571387929e-06 -5.041611018e-06 -236370033.5 -236207226.6 25551193.11 -210737309.4 -261839950.7 -10465.03013 240397435.5
832 0.002203542927 0.002083702194 300.0000003 -3.661652031e-06 -3.462562089e-06 -5.039546787e-06 -234849352.2 -237729490.5 25537232.89 -210711619.8 -261867223 -11258.11214 240406661.4
833 0.002263867092 0.002016502555 300.0000003 -3.762138893e-06 -3.351118412e-06 -5.038222272e-06 -233337961.1 -239239355.9 25424779.99 -210693228.3 -261884088.7 -2215.876188 240411539.4
834 0.002322607183 0.001947879958 300.0000003 -3.859865268e-06 -3.237167185e-06 -5.037639454e-06 -231826395.5 -240752153.2 25211898.01 -210685425.5 -261893123.1 -3892.486649 240414834.1
835 0.002379702285 0.001877907722 300.0000003 -3.954709933e-06 -3.120852915e-06 -5.037802455e-06 -230341323.7 -242238144.5 24901702.35 -210687422.7 -261892045.6 3905.433117 240414794.8
836 0.002435084234 0.001806664599 300.0000003 -4.046558347e-06 -3.002310302e-06 -5.038700388e-06 -228871459 -243709808 24491649.37 -210699911.7 -261881355.2 582.4466819 240411976.8
837 0.002488669695 0.00173422891 300.0000003 -4.135261475e-06 -2.88169913e-06 -5.040295362e-06 -227445077.8 -245140197.7 23989593.52 -210723518.2 -261861757.3 6338.283582 240407051.5
838 0.002540354471 0.001660665347 300.0000003 -4.22066391e-06 -2.759142713e-06 -5.042506555e-06 -226049086.9 -246538285.5 23393095.69 -210755700 -261831672.4 1517.674075 240398153.8
839 0.002590015345 0.00158600643 300.0000003 -4.302575976e-06 -2.634736754e-06 -5.045195516e-06 -224710653.2 -247881854.7 22716046.33 -210796354.7 -261796153.2 6589.567332 240388548.7
840 0.002637525621 0.001510230085 300.0000003 -4.380833522e-06 -2.50846919e-06 -5.048179872e-06 -223412837.8 -249180745.4 21955610.12 -210840062.1 -261753521.1 1983.227963 240375350.1
841 0.002682782847 0.001433254879 300.0000003 -4.455300563e-06 -2.380245593e-06 -5.051264415e-06 -222180279.1 -250419733 21128544.27 -210887765.1 -261712247 8912.497568 240364388.1
842 0.00272574445 0.001354970171 300.0000003 -4.525948013e-06 -2.249891365e-06 -5.05432652e-06 -220993226.9 -251606819 20229522.1 -210932101 -261667945 10080.87166 240350360
843 0.002766437406 0.001275275702 300.0000003 -4.592822677e-06 -2.117253842e-06 -5.057349501e-06 -219867791.9 -252730683 19275939.47 -210970328.9 -261628146 25200.33547 240337247.1
844 0.002804940799 0.001194087834 300.0000003 -4.656048591e-06 -1.982172164e-06 -5.060414505e-06 -218781137.9 -253807564.3 18253257.14 -210998240.9 -261590461.4 28953.6723 240322080.7
845 0.002841402434 0.00111131118 300.0000003 -4.715817564e-06 -1.844479277e-06 -5.063698164e-06 -217750578.6 -254825051.2 17164590.71 -211024181.3 -261551448.5 33474.12761 240305406.5
846 0.00287612858 0.001026854703 300.0000003 -4.77252979e-06 -1.703976912e-06 -5.067600804e-06 -216785722.5 -255788928.7 15985945.99 -211071009.9 -261503641.3 20454.89533 240290010.7
847 0.002909730925 0.0009408645357 300.0000003 -4.826966735e-06 -1.560872629e-06 -5.073059355e-06 -215917567.6 -256653062.5 14744425.83 -211140883.4 -261429746.7 28015.13371 240265436.1
848 0.002943237313 0.0008541312307 300.0000003 -4.880426165e-06 -1.416383786e-06 -5.081801115e-06 -215121200.5 -257422846.7 13454177.16 -211204704.9 -261339342.4 41613.30586 240228195.2
849 0.002979612887 0.00076936753 300.0000003 -4.936671121e-06 -1.274759317e-06 -5.09860109e-06 -214506723.1 -258084616.2 12130464.87 -211357703.9 -261233635.4 65082.41049 240211079.3
850 0.002925469935 0.0006909910442 300.0000003 -4.870264608e-06 -1.150367333e-06 -5.004280403e-06 -212984760 -259625158.4 11721239.53 -210204828.5 -262405089.9 48241.30878 240590297.4
851 0.0006253294788 0.002945860099 300.0000003 -1.040697303e-06 -4.902558617e-06 -5.011799265e-06 -260223707.4 -212560831.6 10583481.03 -210316468.6 -262468070.4 10527.71906 240668127.5
852 0.0005814178432 0.00285785163 300.0000003 -9.741528291e-07 -4.788850741e-06 -4.886927986e-06 -261864866 -210830703.5 10897949.7 -208601020.2 -264094549.3 -61645.24407 241184443.1
853 0.000522124663 0.002777423966 300.0000004 -8.811358711e-07 -4.687240628e-06 -4.769342211e-06 -263754361.7 -208988412.2 10815453.39 -206930198 -265812576 -133145.7131 241809504.8
854 0.002881634979 0.0007805826907 300.0000003 -4.804097201e-06 -1.301444425e-06 -4.977259034e-06 -213424944.4 -259135156.5 13331445.34 -209820976.7 -262739124.2 -26872.2182 240683427.3
855 0.002847681496 0.0008696265495 300.0000003 -4.750164141e-06 -1.450692915e-06 -4.966746349e-06 -214253603.2 -258293974.2 14815638.12 -209733413.6 -262814163.8 -13812.7058 240704130.3
856 0.002814928419 0.0009555695594 300.0000003 -4.697123738e-06 -1.594586424e-06 -4.960410998e-06 -215176442.7 -257433644.2 16198323.38 -209681683.2 -262928403.7 -11794.08679 240762297.5
857 0.002782064917 0.001039175935 300.0000003 -4.643268814e-06 -1.734463471e-06 -4.956642897e-06 -216140030.9 -256382189.3 17487073.65 -209602989.7 -262919230.5 13786.7507 240730718.6
858 0.002747683299 0.001120506359 300.0000003 -4.586645881e-06 -1.870509203e-06 -4.953395312e-06 -217241072.6 -255376064.1 18698236.14 -209602905.8 -263014230.9 31923.69947 240793105.7
859 0.002711253588 0.001200038627 300.0000003 -4.526611701e-06 -2.003607024e-06 -4.950217631e-06 -218339617.2 -254232522.2 19799452.11 -209563557.5 -263008581.9 28345.77052 240776633.2
860 0.00267260851 0.001278012439 300.0000003 -4.462864904e-06 -2.134149528e-06 -4.946893708e-06 -219525901.5 -253123651.2 20856349.38 -209544387.8 -263105164.8 17217.70918 240833902.1
861 0.002631670256 0.001354525803 300.0000003 -4.39536492e-06 -2.262350224e-06 -4.94342607e-06 -220705128.4 -251871500.1 21830747 -209466361.1 -263110267.4 4739.402262 240811999.4
862 0.002588362343 0.001429679795 300.0000003 -4.323909968e-06 -2.388355235e-06 -4.939679963e-06 -222004176 -250633765.7 22773308.1 -209420330.9 -263217610.8 9101.519874 240867737
863 0.002542684177 0.001503657264 300.0000003 -4.248533851e-06 -2.512484777e-06 -4.935850447e-06 -223304286 -249255220.3 23610921.03 -209338366.6 -263221139.7 5446.310732 240843594
864 0.002494770869 0.001576639227 300.0000003 -4.169314385e-06 -2.634963184e-06 -4.932161131e-06 -224726526.3 -247898249.3 24405920.2 -209296077.5 -263328698.1 10213.54738 240900784.6
865 0.002444809526 0.001648720302 300.0000003 -4.086562403e-06 -2.755930886e-06 -4.929010785e-06 -226143431.3 -246403335.6 25076959.4 -209227685.5 -263319081.5 6601.793928 240872416.9
866 0.002392979183 0.001719872991 300.0000003 -4.000462409e-06 -2.875253791e-06 -4.926538729e-06 -227676009.5 -244937516 25688904.96 -209206768.9 -263406756.6 8636.911384 240923463.7
867 0.00233942922 0.001790021674 300.0000003 -3.911310398e-06 -2.992809108e-06 -4.924962475e-06 -229187652 -243350363 26160668.4 -209166864.8 -263371150.3 5056.488359 240887157
868 0.002284259302 0.001859062953 300.0000003 -3.819209473e-06 -3.108351725e-06 -4.924247297e-06 -230796479 -241813017.9 26564861.87 -209174821.9 -263434675 2001.441531 240931593.8
869 0.002227546147 0.001926899457 300.0000003 -3.724363409e-06 -3.22175027e-06 -4.924485517e-06 -232364389.8 -240172131.2 26823373.82 -209162290.9 -263374230.1 -1140.909809 240887715.9
870 0.002169342018 0.001993443923 300.0000003 -3.626817179e-06 -3.332792319e-06 -4.925576869e-06 -234010271.9 -238599283.5 27010616.05 -209196880.8 -263412674.7 -7733.539419 240924183.9
871 0.00210970004 0.002058626627 300.0000003 -3.526736947e-06 -3.441405358e-06 -4.927590114e-06 -235595706 -236942099 27051535.76 -209208993.5 -263328811.6 -10183.16592 240872810.1
872 0.002048678637 0.002122390283 300.0000003 -3.424181703e-06 -3.547422483e-06 -4.930438784e-06 -237239552.9 -235369769 27022383.57 -209266117.7 -263343204.1 -20479.42968 240900690.1
873 0.001986360938 0.002184687102 300.0000003 -3.31935615e-06 -3.650809142e-06 -4.934220571e-06 -238806353.6 -233732616.4 26850902.17 -209299016.8 -263239953.2 -22245.04999 240843288.2
874 0.001922859663 0.002245456634 300.0000003 -3.212411987e-06 -3.751386166e-06 -4.93887527e-06 -240413601.5 -232194131.9 26612531.64 -209375895.9 -263231837.5 -33905.60723 240862757
875 0.001858318429 0.002304617224 300.0000003 -3.103649258e-06 -3.849066892e-06 -4.944487299e-06 -241930493.5 -230611977.4 26235895.24 -209431927.5 -263110543.4 -30812.86635 240801048.4
876 0.001792892225 0.002362032265 300.0000003 -2.993313009e-06 -3.943560579e-06 -4.95091838e-06 -243467270.8 -229145340.8 25797298.02 -209533588.4 -263079023.3 -40056.55139 240813226.8
877 0.001726770444 0.002417515135 300.0000003 -2.881788664e-06 -4.034635592e-06 -4.958123663e-06 -244902651.5 -227661840.9 25232329.44 -209618019.8 -262946472.6 -29401.71029 240753495
878 0.00166025825 0.002470773597 300.0000003 -2.769593348e-06 -4.121773344e-06 -4.965849656e-06 -246339059.8 -226319317.2 24615931.98 -209755884.1 -262902492.9 -33542.35454 240769413
879 0.001593879401 0.002521134985 300.0000003 -2.657709835e-06 -4.20402552e-06 -4.973655811e-06 -247649521.3 -225031582.9 23876886.56 -209920902.4 -262760201.8 -24586.32321 240729832.1
880 0.001527969619 0.002566472226 300.0000003 -2.547063076e-06 -4.27837071e-06 -4.979155173e-06 -248831013.6 -223879174 23109710.78 -210092856.1 -262617331.6 -46641.08191 240692443.4
881 0.001456135326 0.002602165629 300.0000003 -2.428221021e-06 -4.33941365e-06 -4.972601749e-06 -250191579 -222513875.9 22426931.21 -209999796.3 -262705658.6 63825.71539 240719868.2
882 0.001364658465 0.002632390703 300.0000003 -2.278395699e-06 -4.395030843e-06 -4.950493214e-06 -251779127 -221049976.6 21883260.99 -209676113.6 -263152990 -56625.01773 240908036.7
883 0.001298718184 0.00269282267 300.0000003 -2.164576909e-06 -4.488215419e-06 -4.982917905e-06 -252735019.9 -219964322.8 20617009.56 -210014513.3 -262684829.4 -13388.17429 240711007.9
884 0.001210309085 0.002711514483 300.0000003 -2.020079552e-06 -4.525828069e-06 -4.956192198e-06 -254218655.1 -218569335.8 19889527.1 -209686100.8 -263101890.1 -12017.54424 240877679.4
885 0.001140822755 0.00276969273 300.0000003 -1.900640313e-06 -4.614491027e-06 -4.990587244e-06 -254977342 -217713527.6 18445714.77 -210127281 -262563588.5 27803.80996 240668530.6
886 0.001052365529 0.002784486021 300.0000003 -1.7555316e-06 -4.645177275e-06 -4.965839618e-06 -256305905.7 -216487362.6 17512785.76 -209881060 -262912208.3 32968.46241 240816525.4
887 0.0009784059055 0.002838217952 300.0000003 -1.629304989e-06 -4.726414145e-06 -4.999362501e-06 -256870989.3 -215859023.4 16028792.57 -210337763.5 -262392249.3 12393.75274 240625578.1
888 0.0008871215221 0.002847873284 300.0000003 -1.479310515e-06 -4.748847462e-06 -4.973923182e-06 -258105598.6 -214580130.9 14972077.19 -209927369 -262758360.4 35593.47353 240730739.1
889 0.0007942560951 0.002902328804 300.0000003 -1.322084325e-06 -4.830889938e-06 -5.008533174e-06 -258701180.5 -213880188.4 13329151.61 -210215927.6 -262365441.2 -60597.22983 240568030.7
890 0.000696288252 0.002855872184 300.0000003 -1.164756928e-06 -4.777326429e-06 -4.917266162e-06 -260494594.4 -212009792.7 12425790.67 -209011079.4 -263493307.8 126370.0791 240917790.5
891 0.0006322585436 0.00275230328 300.0000004 -1.067136388e-06 -4.645663663e-06 -4.766651963e-06 -262741245.3 -209840602.5 12714341.28 -206943636.6 -265638211.1 103473.9178 241696550.7
892 0.0007271459329 0.002761205141 300.0000004 -1.224030767e-06 -4.648907418e-06 -4.807347653e-06 -261328736.9 -211118045.5 14124801.16 -207417434.4 -265029348 72399.83263 241434992.7
893 0.0007942297068 0.002808130145 300.0000003 -1.330583319e-06 -4.704814808e-06 -4.889349071e-06 -259723494.9 -212623492.2 14367356.57 -208587005.1 -263759981.9 95690.77742 240958480.9
894 0.0008620698611 0.002763013591 300.0000003 -1.446842622e-06 -4.637600692e-06 -4.858054522e-06 -259468091.2 -213244200.3 16022880.1 -208233320.3 -264478971.1 -37453.18988 241323251.6
895 0.0009495612058 0.002754709548 300.0000003 -1.591342838e-06 -4.616677276e-06 -4.883244935e-06 -258083066.4 -214437092.7 17027859.28 -208579952.3 -263940206.8 36094.59244 241075501.5
896 0.000798031134 0.002719761109 300.0000004 -1.345662541e-06 -4.586795539e-06 -4.780115162e-06 -261140915.3 -211638293.6 15918631.05 -206961221 -265817987.9 -21248.45657 241822529.3
897 0.001021460708 0.002705457039 300.0000003 -1.714793999e-06 -4.541852975e-06 -4.854785979e-06 -257385360.8 -215135454.9 18530991.24 -208159548.4 -264361267.3 54494.49114 241221815.2
898 0.001104188907 0.002688953687 300.0000003 -1.851459594e-06 -4.50896062e-06 -4.874282357e-06 -255884808.1 -216388205.4 19591595.49 -208318841.2 -263954172.3 -59160.51246 241001925
899 0.0008807101244 0.002686531097 300.0000004 -1.486055822e-06 -4.533301251e-06 -4.770658459e-06 -260120365.8 -212571764.8 17539296.84 -206802188.4 -265889942.1 -60303.69675 241822239.4
900 0.0009641046532 0.002659376913 300.0000004 -1.626561353e-06 -4.486869342e-06 -4.772598697e-06 -259182043.2 -213645689 18747133.29 -206921404 -265906328.3 198930.8155 241869904.7
901 0.00117054126 0.002630705259 300.0000003 -1.966985249e-06 -4.420676877e-06 -4.838534388e-06 -255240754.6 -217169369.5 21085707.24 -207797949.2 -264612174.9 24130.52605 241275206.5
902 0.001257113597 0.002612246135 300.0000003 -2.109158149e-06 -4.382926653e-06 -4.864010088e-06 -253573179.9 -218723959.4 21909320.02 -208155131.1 -264142008.1 -52403.14497 241074787.1
903 0.001036411781 0.002641760836 300.0000004 -1.747399156e-06 -4.4539184e-06 -4.784432351e-06 -257773068.8 -214896861.4 19883990.3 -207095174.4 -265574755.7 -2112.271441 241700458.8
904 0.001096749745 0.002581069325 300.0000004 -1.854135845e-06 -4.363630589e-06 -4.741212044e-06 -257196632.5 -215438051.2 21577203.29 -206292058.4 -266342625.3 53203.18864 241971997.3
905 0.001321801705 0.002553900526 300.0000003 -2.221760429e-06 -4.292748374e-06 -4.833622659e-06 -252806274.6 -219761247.7 23245872.27 -207764300.2 -264803222.1 66139.29895 241392021.1
906 0.001397044057 0.00254225677 300.0000003 -2.343633818e-06 -4.264728975e-06 -4.866264759e-06 -251288086.9 -221338773.3 23603015.56 -208360925.5 -264265934.7 -13291.50788 241222025
907 0.001466370435 0.002530671068 300.0000003 -2.455435003e-06 -4.237681988e-06 -4.897663697e-06 -249917829.8 -222744338.4 23802903.66 -208923503.7 -263738664.5 -49177.4014 241051685.3
908 0.001517757923 0.002487291801 300.0000003 -2.543574254e-06 -4.168437519e-06 -4.883199908e-06 -249056292.1 -223780297.7 24652200.83 -208715430.7 -264121159 -36005.06677 241238388.5
909 0.001579232679 0.002436633218 300.0000003 -2.648682332e-06 -4.086773505e-06 -4.870034474e-06 -247598550.9 -224919915.6 25512370.83 -208340484.8 -264177981.6 -68401.53202 241157228.5
910 0.001643125352 0.002383928517 300.0000003 -2.75764205e-06 -4.00087411e-06 -4.859175169e-06 -246321796.1 -226306909.2 26242164.44 -208228770.3 -264399935 13495.45261 241269296.9
911 0.001707181708 0.0023294633 300.0000003 -2.866734247e-06 -3.911715118e-06 -4.849709312e-06 -244675654.6 -227834393.8 26922867.17 -208046131.1 -264463917.3 -78377.97921 241254388.2
912 0.001770972608 0.002273256022 300.0000003 -2.975350628e-06 -3.819157059e-06 -4.841350225e-06 -243249510.9 -229362960.4 27471903.64 -207970491.1 -264641980.1 12100.31884 241349084.7
913 0.001834026499 0.002215454395 300.0000003 -3.082582976e-06 -3.72371511e-06 -4.834084404e-06 -241495801.7 -231030158.5 27945031.75 -207832340.9 -264693619.3 -77304.3129 241340252.4
914 0.001896395219 0.00215615738 300.0000003 -3.188582939e-06 -3.625297759e-06 -4.828027029e-06 -239966779.6 -232639044.8 28285955.6 -207780663 -264825161.4 22552.04658 241411731.1
915 0.001957674939 0.002095517618 300.0000003 -3.292540305e-06 -3.524435827e-06 -4.82311824e-06 -238150878.2 -234396018.1 28525837.72 -207685969.3 -264860927 -64903.65192 241406062
916 0.002017902095 0.002033464559 300.0000003 -3.394640418e-06 -3.420803372e-06 -4.819282029e-06 -236558056.9 -236041840.5 28648509.99 -207650301.2 -264949596.1 38009.50208 241454088.8
917 0.002076788112 0.001970144821 300.0000003 -3.494247932e-06 -3.314907624e-06 -4.816469782e-06 -234715389.3 -237843875.7 28648738.87 -207588270.4 -264970994.6 -53237.9473 241449075.4
918 0.002134456934 0.001905448608 300.0000004 -3.591700031e-06 -3.206350478e-06 -4.814664319e-06 -233093868.6 -239491770.7 28544850.74 -207569318 -265016321.3 47394.50409 241473439.5
919 0.002190705655 0.001839583154 300.0000004 -3.686474035e-06 -3.095719788e-06 -4.813893622e-06 -231269120.1 -241299960.3 28295260.3 -207548256.4 -265020824 -46779.04116 241469899.8
920 0.002245651358 0.001772477051 300.0000004 -3.77890044e-06 -2.98268576e-06 -4.814198051e-06 -229662046.3 -242907359 27959309.64 -207551799.6 -265017605.8 53411.61378 241468856
921 0.002299119835 0.001704408197 300.0000003 -3.868485194e-06 -2.867943851e-06 -4.815628684e-06 -227906568.4 -244676584.7 27463634.41 -207576458.8 -265006694.3 -39829.20234 241469227.6
922 0.002351125621 0.001635337038 300.0000003 -3.955419619e-06 -2.751246061e-06 -4.818163473e-06 -226357017.4 -246202328.9 26904069.58 -207604164.2 -264955182.2 56925.47611 241443467.8
923 0.002401466606 0.00156560898 300.0000003 -4.039163159e-06 -2.633399492e-06 -4.82178721e-06 -224720576.4 -247889661.8 26175404.71 -207680794.3 -264929444 -38311.51007 241450139.1
924 0.002449951665 0.001495105205 300.0000003 -4.119652222e-06 -2.514086234e-06 -4.826195606e-06 -223277479.6 -249290404.6 25409674.53 -207738944.9 -264828939.4 52519.66904 241401243.1
925 0.002496280962 0.001424118494 300.0000003 -4.196242756e-06 -2.3940431e-06 -4.831138129e-06 -221801325.8 -250840079.9 24487831.37 -207852038.5 -264789367.2 -36677.55406 241410176.2
926 0.002540172389 0.001352045092 300.0000003 -4.268842709e-06 -2.272183363e-06 -4.835890333e-06 -220482429.5 -252113539 23573463.07 -207910701.3 -264685267.2 45835.56253 241359187
927 0.002581426437 0.001278871439 300.0000003 -4.337017687e-06 -2.148709076e-06 -4.840110856e-06 -219145193.1 -253525551.9 22491732.48 -208026753.7 -264643991.4 -48949.95113 241368078.2
928 0.002620317816 0.001204006042 300.0000003 -4.401420804e-06 -2.022440014e-06 -4.84383822e-06 -217970843.6 -254664806.1 21471163.27 -208075684.8 -264559964.9 63995.33548 241327541
929 0.00265684284 0.001127898212 300.0000003 -4.461857103e-06 -1.894283839e-06 -4.84731679e-06 -216710700.4 -255916632.7 20284689.58 -208104718.5 -264522614.7 -12699.3954 241311797.8
930 0.002690997647 0.001050030294 300.0000003 -4.518491679e-06 -1.763166649e-06 -4.85031171e-06 -215604405.5 -256966197.9 19127503.25 -208115166.5 -264455437 65776.1094 241270442.3
931 0.002722723898 0.0009702444445 300.0000003 -4.571118484e-06 -1.629034522e-06 -4.852718584e-06 -214441176.9 -258113943.6 17755729.23 -208133457 -264421663.6 -54849.92551 241253738.1
932 0.002752762843 0.0008860778444 300.0000003 -4.621028592e-06 -1.487484595e-06 -4.854535576e-06 -213501288.9 -259202882.5 16451233.39 -208195364.8 -264508806.6 32590.04917 241331130.2
933 0.002785332238 0.0007999375675 300.0000003 -4.67359469e-06 -1.342245708e-06 -4.86252104e-06 -212661587.8 -260031481.3 14809971.68 -208412473.9 -264280595.2 -14824.67982 241248047.2
934 0.002809992548 0.0006988374354 300.0000003 -4.715796257e-06 -1.172874552e-06 -4.859461807e-06 -211586745.7 -261056093 13063258.74 -208349097.3 -264293741.4 -44826.44373 241236754.4
935 0.00287467353 0.0006042036904 300.0000003 -4.809179025e-06 -1.010884916e-06 -4.91427423e-06 -211410212.4 -261264359.3 11024740.6 -209081081.5 -263593490.2 56772.00116 241006274.5
936 0.002931429142 0.0005176455954 300.0000003 -4.890191833e-06 -8.636176404e-07 -4.965864636e-06 -211323453.5 -261201250.9 9125479.697 -209706335.8 -262818368.6 32264.5087 240698085.2
937 0.0029847623 0.0004309513105 300.0000003 -4.965633954e-06 -7.170234249e-07 -5.017134955e-06 -211445652.8 -261118085 7332786.982 -210385781.7 -262177956.1 7864.465906 240501442.3
938 0.002931968181 0.0003389667192 300.0000003 -4.899993757e-06 -5.665991744e-07 -4.932643656e-06 -210090056.4 -262462307.1 6143590.27 -209379029.1 -263173334.3 6598.505956 240825257.5
939 0.002915692766 0.0002512135419 300.0000003 -4.881788753e-06 -4.206586673e-07 -4.899879095e-06 -209260600.4 -263551248.9 4767102.657 -208845245.9 -263966603.5 53681.21843 241177409.6
940 0.001183703813 0.0025617296 300.0000004 -1.998275313e-06 -4.324662827e-06 -4.764012258e-06 -255374037.6 -217119576 22487136.74 -206725251.7 -265768361.9 -7889.395519 241717025.8
941 0.001249437655 0.002504624765 300.0000004 -2.113131883e-06 -4.236342769e-06 -4.734123613e-06 -254426559.5 -218154139.6 23954779.1 -206244601 -266336098.2 80898.49576 241953280.5
942 0.0002604039598 0.002658126612 300.0000004 -4.455082e-07 -4.548184769e-06 -4.569952106e-06 -268891938.8 -203873573.5 6518601.701 -203226583.5 -269538928.8 -85680.68533 243258760.9
943 0.000342289098 0.002676535671 300.0000004 -5.841973648e-07 -4.567789402e-06 -4.604995828e-06 -267560353.8 -205004861.6 8196618.057 -203948753.2 -268616462.2 -61640.58737 242828986.2
944 0.0004473049625 0.002704091006 300.0000004 -7.604412715e-07 -4.596999316e-06 -4.659471391e-06 -265871254.8 -206665114.3 10078723.26 -204996434.5 -267539934.5 -8940.417527 242397240.7
945 0.0002409457443 0.002510022102 300.0000004 -4.186191375e-07 -4.361883679e-06 -4.381925513e-06 -272447080.9 -200034441.1 7079946.241 -199348766.3 -273132755.7 -62984.994 244729987.7
946 0.0003093061369 0.00257649567 300.0000004 -5.332749306e-07 -4.442124962e-06 -4.474020153e-06 -270302198.5 -202489174.6 8309539.314 -201485835.9 -271305537.2 -48192.89327 244006189.7
947 0.0004152645124 0.002600978766 300.0000004 -7.131370494e-07 -4.466493693e-06 -4.523066478e-06 -268655914.6 -204256750.6 10527237.79 -202579566 -270333099.3 22314.9688 243627799.5
948 0.0003140627414 0.002487421359 300.0000005 -5.465511546e-07 -4.329730595e-06 -4.364090418e-06 -272740921.7 -200183977.2 9270913.601 -199018144.3 -273906754.6 37351.55655 245195273.5
949 0.000392069078 0.00250542251 300.0000004 -6.801925376e-07 -4.346943239e-06 -4.399838339e-06 -270981967.3 -201429274.6 11301329.88 -199639303.9 -272771937.9 -137044.3618 244549459.9
950 0.0002688767127 0.002426620431 300.0000005 -4.715257843e-07 -4.256856826e-06 -4.282892315e-06 -275095266.8 -197448868.9 8734028.839 -196478557.1 -276065578.7 -23065.14337 246120015.7
951 0.0002527364067 0.002260847897 300.0000005 -4.533429757e-07 -4.056341675e-06 -4.08159621e-06 -280381529.4 -192064685.7 10368996.99 -190865074.1 -281581141 -362102.1044 248945382.5
952 0.00030955012 0.002338633424 300.0000005 -5.486630542e-07 -4.146305e-06 -4.182448598e-06 -277395665.7 -195329414.6 11128893.41 -193847075.3 -278878004.9 -70094.75495 247568090.3
953 0.000358565669 0.00241953738 300.0000005 -6.286474187e-07 -4.242121235e-06 -4.288448454e-06 -274207255.5 -198548375.7 11579637.89 -196815936 -275939695.2 -110556.8628 246109600.2
954 0.002843886852 0.0002925792986 300.0000004 -4.786421511e-06 -4.925519559e-07 -4.811698068e-06 -208105616 -264624718.2 5813258.297 -207513957 -265216377.1 -62301.21753 241589902.2
955 0.002752675836 0.0002513729304 300.0000004 -4.669650806e-06 -4.263940311e-07 -4.68907779e-06 -206142051.9 -266514116.2 5647417.818 -205618437.5 -267037730.6 86456.00456 242240031.6
956 0.002886149203 0.0004344120995 300.0000003 -4.835205734e-06 -7.278540666e-07 -4.889681587e-06 -209897080.9 -262582324.9 8099839.578 -208679932.3 -263799473.5 -13341.65331 241014150.3
957 0.002844646513 0.0003695726128 300.0000003 -4.784036963e-06 -6.215831092e-07 -4.824248669e-06 -208677319.7 -263860378 7197373.789 -207754181.9 -264783515.8 -91867.04325 241375750.6
958 0.002768281069 0.0003487418084 300.0000004 -4.685588518e-06 -5.902452855e-07 -4.722618898e-06 -207016398.6 -265693986.5 7417109.107 -206093500.3 -266616884.7 -91225.77558 242097319.4
959 0.002831579259 0.0005159871453 300.0000003 -4.758467791e-06 -8.671674353e-07 -4.836837301e-06 -209744390.8 -262879233.5 10027462.51 -207915021 -264708603.3 11558.12411 241376068
960 0.002793710355 0.0004328219662 300.0000004 -4.714133763e-06 -7.303465569e-07 -4.770373489e-06 -208241716.9 -264420550.5 8922362.472 -206858708.1 -265803559.2 4462.400114 241781464.2
961 0.002771362488 0.0005976614617 300.0000004 -4.673285718e-06 -1.007861655e-06 -4.780730542e-06 -209644354.5 -262960076.3 12064914.03 -207041257.4 -265563173.5 5674.856989 241676122.3
962 0.002733523236 0.0005085807857 300.0000004 -4.630657311e-06 -8.615279902e-07 -4.71011864e-06 -207871381.8 -264695135.9 10955949.81 -205832190.3 -266734327.4 4309.554661 242098288.3
963 0.002698974726 0.0004192401404 300.0000004 -4.591952375e-06 -7.132797205e-07 -4.647019967e-06 -206155886.1 -266400065.2 9573581.285 -204671117 -267884834.3 -14968.27254 242537137.3
964 0.002676976328 0.0003263280468 300.0000004 -4.568900158e-06 -5.569355462e-07 -4.602719398e-06 -204819040.2 -267749221 7878732.697 -203847755.7 -268720505.5 89033.49667 242871508
965 0.002663692568 0.0002484316615 300.0000004 -4.555619122e-06 -4.247880049e-07 -4.575380905e-06 -203857775.7 -268752937.5 6164457.769 -203277448.7 -269333264.5 57827.95476 243131157.4
966 0.002726492215 0.0007462794582 300.0000004 -4.600650502e-06 -1.259330211e-06 -4.769894928e-06 -211026067.7 -261556188.3 15002045.87 -206907753.2 -265674502.9 43996.70675 241709849.1
967 0.002707030772 0.0006713495905 300.0000004 -4.58231314e-06 -1.136524935e-06 -4.721152681e-06 -209758026.5 -263221251.2 14138694.53 -206249240.6 -266730037.2 9510.483994 242220549.6
968 0.002672914592 0.0005863469961 300.0000004 -4.545515917e-06 -9.970964022e-07 -4.653591751e-06 -207582419.5 -264884742.6 13161604.14 -204703987.3 -267763174.8 -40016.75075 242463719.9
969 0.00269505408 0.0008175620094 300.0000004 -4.551549848e-06 -1.380867143e-06 -4.756406213e-06 -211770541.1 -260979992.6 16505948.28 -206746970.6 -266003563.2 54011.81677 241881754.9
970 0.002652524235 0.0009028682711 300.0000004 -4.485078581e-06 -1.526737728e-06 -4.737811515e-06 -212666784.1 -260042091 18224879.7 -206467131.8 -266241743.3 -11006.77586 241956966.5
971 0.002644727424 0.0009871076786 300.0000004 -4.464167829e-06 -1.666269444e-06 -4.76500244e-06 -214066222.7 -258596943.1 19330448.09 -206845785.3 -265817380.5 15049.14027 241786795.6
972 0.002593572107 0.001054644404 300.0000004 -4.386167088e-06 -1.783639432e-06 -4.734958431e-06 -214929256.1 -257855654.8 20934942.65 -206410118.7 -266374792.2 15244.06121 242029368.5
973 0.002578799587 0.0011376015 300.0000004 -4.354373343e-06 -1.920944373e-06 -4.75926407e-06 -216465234.7 -256318508 21850586.94 -206819607.7 -265964135 14836.91001 241877394.2
974 0.002522459123 0.001201104551 300.0000004 -4.267964349e-06 -2.032302262e-06 -4.727131495e-06 -217481186.3 -255475450.5 23386240.23 -206348479.1 -266608157.8 -6261.349338 242168158.2
975 0.002502709336 0.001283086356 300.0000004 -4.228034659e-06 -2.167699464e-06 -4.751336448e-06 -219020043.7 -253748257.4 24122994.84 -206661587 -266106714.1 -17349.19938 241925112.2
976 0.002441845076 0.001341610606 300.0000004 -4.134313776e-06 -2.271560246e-06 -4.717259411e-06 -220176643 -252662095.5 25585176.05 -206113804.1 -266724934.4 10383.4411 242176382.7
977 0.002415799169 0.001422313384 300.0000004 -4.084308966e-06 -2.404754888e-06 -4.739665157e-06 -221851162.5 -250892475.6 26158870.11 -206452996.8 -266290641.3 -5086.832492 241985629.1
978 0.00234969658 0.001478083799 300.0000004 -3.981797298e-06 -2.504835723e-06 -4.704137723e-06 -223193548 -249651080.5 27535874.27 -205873588.8 -266971039.6 -2490.339588 242270890.8
979 0.002319285461 0.00155965748 300.0000004 -3.923968588e-06 -2.63886556e-06 -4.728756804e-06 -225000945.9 -247705099.6 27890079.19 -206241129.4 -266464916.1 6667.504573 242039108.2
980 0.002249779258 0.00161375497 300.0000004 -3.814870104e-06 -2.736470636e-06 -4.69483817e-06 -226578681 -246263579.8 29077739.66 -205722779.5 -267119481.3 -1965.70604 242326468.2
981 0.002216285985 0.001695106279 300.0000004 -3.751219882e-06 -2.869173687e-06 -4.722690784e-06 -228450212.9 -244249601.8 29153128.19 -206145438 -266554376.6 9503.359323 242070669.2
982 0.002144485627 0.001746931363 300.0000004 -3.637197875e-06 -2.962993093e-06 -4.69132566e-06 -230194295.3 -242657071.8 30114201.35 -205673526.7 -267177840.4 -13170.00311 242351376.7
983 0.002108064972 0.001827066865 300.0000004 -3.568239642e-06 -3.092667194e-06 -4.721961935e-06 -232066804.3 -240634114.1 29910863.12 -206134414.9 -266566503.5 9859.982353 242075541.6
984 0.002034384627 0.001876083333 300.0000004 -3.450044334e-06 -3.181650223e-06 -4.693155021e-06 -233930143.6 -238927400.2 30616252.74 -205710734.4 -267146809.4 -15729.17966 242341408.8
985 0.00199490596 0.001954475785 300.0000004 -3.375820425e-06 -3.307436448e-06 -4.726023635e-06 -235746456 -236956259 30138109.35 -206207180.8 -266495534.3 12213.65661 242049538
986 0.001919512258 0.002000451755 300.0000004 -3.25383327e-06 -3.39107961e-06 -4.699665081e-06 -237666603.6 -235186685.9 30572791.57 -205828727.4 -267024562.2 -23095.19173 242293742.4
987 0.001876949641 0.002076916985 300.0000004 -3.17447763e-06 -3.512673255e-06 -4.734573013e-06 -239375326.7 -233315914.8 29849966.34 -206342294.2 -266348947.3 2617.510231 241991428.1
988 0.001800163798 0.002120013643 300.0000004 -3.04925749e-06 -3.591056186e-06 -4.711014304e-06 -241304678.6 -231524278.5 30017266.83 -206001508.7 -266827448.4 -40342.53973 242212007.9
989 0.001755046308 0.002194460607 300.0000004 -2.965719013e-06 -3.708199232e-06 -4.748287144e-06 -242878481.1 -229785268.1 29068910.29 -206534901.7 -266128847.5 -2694.81362 241901496
990 0.001677912657 0.002234869167 300.0000004 -2.838956755e-06 -3.7813001e-06 -4.728414735e-06 -244759806.8 -228032456 28951378.09 -206260916.8 -266531346.1 -46878.52206 242089923.5
991 0.00163091956 0.002306654841 300.0000004 -2.752559215e-06 -3.892947951e-06 -4.767769497e-06 -246165213.6 -226482629 27810157.52 -206823822.1 -265824020.6 6160.688405 241784539.4
992 0.001553861653 0.002344110736 300.0000004 -2.62515951e-06 -3.960246415e-06 -4.751317093e-06 -248001599.4 -224779681.4 27422699.7 -206611140.3 -266170140.5 14164.18175 241952456.8
993 0.001505965629 0.002414229858 300.0000004 -2.537433707e-06 -4.067660544e-06 -4.794208185e-06 -249162450.2 -223441942.3 26098251.25 -207207530.7 -265396861.8 72689.58756 241615898.7
994 0.001432566901 0.002456355555 300.0000004 -2.413972514e-06 -4.13916463e-06 -4.791653904e-06 -250849757.7 -221988121.5 25461107.13 -207152646 -265685233.2 23410.26383 241792192.7
995 0.001340150635 0.002479896411 300.0000004 -2.262806644e-06 -4.187530817e-06 -4.759801281e-06 -252506248.2 -220134405.1 24857477.94 -206657694.2 -265982959.1 -80649.16981 241840715.3
996 0.002634035911 0.0004987870772 300.0000004 -4.502456278e-06 -8.526005041e-07 -4.582470966e-06 -205866582.4 -266938316.5 11956198.69 -203609331.7 -269195567.3 -35923.02473 243130186.8
997 0.002590686268 0.0002900911201 300.0000004 -4.460961512e-06 -4.994390958e-07 -4.488832478e-06 -202409698.8 -270099250.9 7886671.795 -201503559.1 -271005390.6 205695.0166 243801522.3
998 0.002515241875 0.0002391316573 300.0000004 -4.368392035e-06 -4.153283319e-07 -4.388091452e-06 -200241974.4 -272406356 7232604.396 -199525484.7 -273122845.7 303599.3973 244768903.7
999 0.002588593727 0.0003995961134 300.0000004 -4.451585089e-06 -6.871435073e-07 -4.504306385e-06 -203447535.8 -269039656.6 10306926.98 -201866126.7 -270621065.8 -62518.49267 243631852.9
1000 0.002497444426 0.0003343603797 300.0000005 -4.340736043e-06 -5.811406681e-07 -4.379465021e-06 -200616771.2 -271987711.8 9890736.674 -199271777.1 -273332705.9 155453.9686 244852175.2
1001 0.002424355571 0.0002697492864 300.0000005 -4.253741548e-06 -4.73495616e-07 -4.28001346e-06 -197944020.9 -274987472.5 8838929.353 -196943273 -275988220.5 155233.209 246175139.8
1002 0.002340519762 0.000289311842 300.0000005 -4.149613197e-06 -5.129923032e-07 -4.181202074e-06 -195199995.7 -277273503.1 10202324.85 -193950899 -278522599.8 -97189.15565 247329960.9
1003 0.002256812407 0.0002527564616 300.0000005 -4.050973512e-06 -4.535898036e-07 -4.076288765e-06 -191935809.9 -280645982.1 10223361.3 -190773142.7 -281808649.2 157863.2658 249096487
1004 0.002544903834 0.0004925302272 300.0000004 -4.38879297e-06 -8.494286779e-07 -4.470238564e-06 -203457906.6 -268749552.8 13054952.46 -200944421.4 -271263038 -67773.9561 243830916.5
1005 0.002478496719 0.0004351879166 300.0000005 -4.309612033e-06 -7.567125698e-07 -4.375542228e-06 -201232932.5 -271250182.4 12496221.72 -199069957.5 -273413157.4 -177574.2361 244857819.2
1006 0.002388517353 0.0003717982443 300.0000005 -4.202367934e-06 -6.542310141e-07 -4.252988886e-06 -198039439.3 -274536183.9 12144302.03 -196157786.7 -276417836.6 -56132.86837 246298997.3
1007 0.001426917895 0.0004337523707 300.0000007 -3.131977424e-06 -9.520456979e-07 -3.273480349e-06 -148018820 -324010518.2 58697785.2 -130238218.6 -341791119.6 -204829.0485 298779220.1
1008 0.00134069568 0.0004839692782 300.0000007 -3.031409229e-06 -1.093717804e-06 -3.22267905e-06 -148854158.4 -325609467.9 74072524.6 -121918963.5 -352544662.7 543574.0193 310114461.8
1009 0.001516265276 0.0003852210601 300.0000007 -3.230788683e-06 -8.211589089e-07 -3.333511265e-06 -151730639 -320883831.2 45882087.29 -140086842.6 -332527627.6 -51041.12556 289164674.5
1010 0.001607402083 0.0003381600021 300.0000006 -3.329616289e-06 -7.008000565e-07 -3.40256745e-06 -156532631.5 -316128225.6 35312661.81 -149068497.8 -323592359.2 167181.7389 280528232
1011 0.001694357977 0.0002878376529 300.0000006 -3.424932595e-06 -5.81919118e-07 -3.474016858e-06 -161069008.3 -311923114.9 26640627.8 -156502894 -316489229.1 237829.7071 274093555.9
1012 0.001774233248 0.0002398891646 300.0000006 -3.512379121e-06 -4.750635836e-07 -3.544360657e-06 -165049804.9 -307521470.6 19842140.16 -162338296.2 -310232979.3 212325.1564 268766935.9
1013 0.001339139519 0.0005971717592 300.0000007 -2.971797164e-06 -1.325095037e-06 -3.253837001e-06 -163487645.9 -310110922.6 80541591.45 -127890927.7 -345707640.8 -717032.7515 302751604.2
1014 0.001431268058 0.0005346434126 300.0000007 -3.093356361e-06 -1.155467823e-06 -3.302114393e-06 -160455971.7 -312637028.8 66066319.13 -135776826.9 -337316173.6 1027.319389 293969093.6
1015 0.001517220062 0.0004858353306 300.0000007 -3.198039441e-06 -1.024544917e-06 -3.358146563e-06 -161456445.8 -311843264.2 53537542.8 -144344342.3 -328955367.7 -97981.84941 285594302.6
1016 0.00160564039 0.0004389309684 300.0000006 -3.301569586e-06 -9.02648385e-07 -3.42273806e-06 -162891129.7 -309417100.4 43115301.91 -151146047.9 -321162182.3 -150965.4079 278294715.9
1017 0.001703523032 0.0003927762823 300.0000006 -3.412768672e-06 -7.8730736e-07 -3.502405274e-06 -166737673.3 -306107451.2 33724813.89 -159006091.2 -313839033.3 -191912.9367 271800788.1
1018 0.001780703533 0.0003264584913 300.0000006 -3.506086389e-06 -6.433451667e-07 -3.564622624e-06 -169798927 -304355743.7 25609219.33 -165089764.5 -309064906.1 77422.14569 267866220.3
1019 0.001923409913 0.0002672727744 300.0000006 -3.66689102e-06 -5.10024583e-07 -3.702190514e-06 -176940007.3 -296137487.8 17240483.54 -174497389.5 -298580105.6 337645.3455 259804371.5
1020 0.001842350827 0.0002772289569 300.0000006 -3.578419488e-06 -5.387082372e-07 -3.618741845e-06 -171674396.8 -301177281.3 19903174.34 -168684533.5 -304167144.6 -33759.34538 263939072.9
1021 0.002016760373 0.0002414095058 300.0000006 -3.773355049e-06 -4.517237482e-07 -3.800297708e-06 -181205955.2 -291378387.3 14112929.79 -179431305.4 -293153037.1 712681.5202 255998023.7
1022 0.002168102372 0.0002497393656 300.0000005 -3.946257155e-06 -4.544339222e-07 -3.972336303e-06 -188049381.7 -284758610.6 11386685.76 -186726874.7 -286081117.7 94606.63253 251575685.3
1023 0.002095825372 0.0002917736894 300.0000006 -3.858717878e-06 -5.371088806e-07 -3.89591961e-06 -185539167 -287248320.7 14694770.97 -183459218.6 -289328269 245604.7158 253551523.3
1024 0.002279691314 0.0003529129935 300.0000005 -4.070778334e-06 -6.301285675e-07 -4.119259431e-06 -194366662.5 -278613407.8 13363503.17 -192297708.4 -280682361.9 1197.644933 248568746.9
1025 0.00218453563 0.0003271124231 300.0000005 -3.958995966e-06 -5.928342746e-07 -4.003136462e-06 -190169168.5 -282404701 14256597.8 -188015992.6 -284557876.9 122830.1112 250642798.3
1026 0.0005004318635 0.002620319198 300.0000004 -8.56422472e-07 -4.484846748e-06 -4.565885433e-06 -266853186.8 -205543297.7 12206613.35 -203202417 -269194067.5 -50509.09388 243013972.4
1027 0.0005532048386 0.002683874248 300.0000004 -9.403666732e-07 -4.562750038e-06 -4.658645445e-06 -264956224.9 -207558495.6 12246600.08 -205054892.8 -267459827.6 100366.8965 242359964.5
1028 0.0004995334099 0.002524350992 300.0000004 -8.631847218e-07 -4.361976368e-06 -4.446563358e-06 -269202225.3 -203290375.5 13464137.95 -200646222.3 -271846378.6 102126.8309 244160689.8
1029 0.000455035989 0.002424974987 300.0000005 -7.957525393e-07 -4.240672008e-06 -4.314686684e-06 -272176839.3 -200145123.2 14066994.61 -197495499 -274826463.5 -53366.54087 245473167.9
1030 0.0006304726068 0.002660384933 300.0000004 -1.072346117e-06 -4.525527062e-06 -4.650840931e-06 -264339802.2 -208094725.1 13992373.45 -204806275.4 -267628251.9 116208.1164 242401705.2
1031 0.0007142191848 0.002671806751 300.0000004 -1.211385522e-06 -4.532213089e-06 -4.69131222e-06 -262662340.6 -209554280.1 15407866.08 -205408012.4 -266808608.2 -102814.7149 242022087.4
1032 0.0005861580079 0.002589829181 300.0000004 -1.004407856e-06 -4.437984073e-06 -4.550223925e-06 -266640823.5 -206142346.6 14256575.54 -202951469.7 -269831700.5 158284.3474 243384018.8
1033 0.0005557718152 0.002427720987 300.0000005 -9.691577851e-07 -4.233897206e-06 -4.343403315e-06 -270489085 -202044499.8 16458143.58 -198292709.6 -274240875.1 69583.77568 245251105.2
1034 0.0005910456591 0.002503171415 300.0000004 -1.021494533e-06 -4.326204204e-06 -4.445165227e-06 -268202639.1 -204452426.9 15725002.38 -200785155 -271869911 193528.4436 244214244.3
1035 0.0006618757254 0.002532548067 300.0000004 -1.13849257e-06 -4.356299656e-06 -4.50261169e-06 -265997244.8 -206197931.6 16901938.7 -201751517.5 -270443658.9 -111462.775 243477034.1
1036 0.0006657952632 0.002605834037 300.0000004 -1.137120381e-06 -4.450963467e-06 -4.593921912e-06 -264875998.7 -207918912.9 15673532.67 -203890862.4 -268904049.3 -91721.11982 243009913.8
1037 0.0007359988003 0.00257521028 300.0000004 -1.258279176e-06 -4.403221367e-06 -4.579478667e-06 -263912905.2 -208543240.7 17482975.18 -203485759.9 -268970386.1 -212810.1753 242940353.8
1038 0.0008090887643 0.002629774184 300.0000004 -1.37398203e-06 -4.466451059e-06 -4.673008843e-06 -261973335.1 -210544049.3 17542885.49 -205130043.8 -267387340.6 -54209.62036 242332739.6
1039 0.0009006834745 0.002594512126 300.0000004 -1.530161515e-06 -4.408356531e-06 -4.666369202e-06 -260913036.3 -211733330.5 19419708.29 -204989720.4 -267656646.3 -5959.59537 242474750.9
1040 0.0009950936351 0.002575288342 300.0000004 -1.688536983e-06 -4.37018798e-06 -4.685050706e-06 -259281505 -213130285.7 20775535.59 -205156137.8 -267255652.9 138552.9539 242250995.7
1041 0.0008243921638 0.002532111145 300.0000004 -1.411470813e-06 -4.335888844e-06 -4.559844503e-06 -263078680.2 -209642338.1 19654186.36 -203192404.8 -269528613.5 -156710.4135 243242129.2
1042 0.0007398638839 0.00248104402 300.0000004 -1.27625102e-06 -4.280156153e-06 -4.466380341e-06 -265477805.4 -207020055.8 19367889.7 -201186072.9 -271311788.3 -195666.0233 243930080.2
1043 0.0009299716836 0.002485935511 300.0000004 -1.593620819e-06 -4.260378823e-06 -4.548676182e-06 -261650124.4 -211096371.1 21832533.31 -202973157.2 -269773338.4 118123.8099 243349650.3
1044 0.0008299789541 0.002428032244 300.0000004 -1.435060281e-06 -4.198761032e-06 -4.437227984e-06 -264578917.3 -208002422.6 21888454.33 -200522956.7 -272058383.2 7918.454328 244277032.9
1045 0.0006513797413 0.002442518296 300.0000004 -1.131099572e-06 -4.241725644e-06 -4.389945634e-06 -268201550.1 -204359656.9 18447232.13 -199412775.8 -273148431.2 -102389.3951 244757564.1
1046 0.0007347805056 0.002377539502 300.0000005 -1.281540757e-06 -4.147273534e-06 -4.340763118e-06 -267741677.4 -205045002.8 21514684.55 -198372370.6 -274414309.5 -76044.20426 245394806.3
1047 0.001042153495 0.002490385509 300.0000004 -1.778205862e-06 -4.249674683e-06 -4.606707173e-06 -259022739.9 -213557270.2 22920370.99 -204008271.4 -268571738.6 101574.9387 242815420.4
1048 0.001144240443 0.002481326349 300.0000004 -1.946492955e-06 -4.221349059e-06 -4.648507577e-06 -256720440.2 -215892210.9 23844711.68 -204916766.6 -267695884.5 44068.00013 242480099.3
1049 0.001212616017 0.002416404206 300.0000004 -2.06833631e-06 -4.121843729e-06 -4.611681994e-06 -255529749.9 -217123032.3 25782042.38 -204178567.9 -268474214.4 -12650.91551 242797469.6
1050 0.00128558233 0.002429473994 300.0000004 -2.183801052e-06 -4.127136753e-06 -4.669287398e-06 -253680494.1 -218776349.4 25846675.01 -205041668.5 -267415174.9 -108916.6342 242325697.2
1051 0.001354060885 0.002394038422 300.0000004 -2.299734238e-06 -4.066164341e-06 -4.671452665e-06 -252243583.9 -220539171.5 26818063.45 -205239381.7 -267543373.6 -232628.9778 242471413.5
1052 0.001446026377 0.002347962044 300.0000004 -2.454411212e-06 -3.98537437e-06 -4.680528096e-06 -250414968.5 -222214415.7 27642947.35 -205283622.5 -267345761.6 151844.6516 242349922
1053 0.001082999002 0.00242009401 300.0000004 -1.856408579e-06 -4.14866096e-06 -4.545067718e-06 -258637560 -213956170.3 25084858.7 -202705888.3 -269887842 -55275.35775 243354225
1054 0.001141339348 0.002396939826 300.0000004 -1.955818728e-06 -4.107569874e-06 -4.549434818e-06 -257388722.8 -215211968.5 25961136.96 -202853369.1 -269747322.1 6700.987514 243298076.8
1055 0.001003159436 0.002400558104 300.0000004 -1.728219783e-06 -4.136018923e-06 -4.482565797e-06 -260591489.9 -211443558.5 24762166.98 -201131460.8 -270903587.6 85342.0759 243629648.9
1056 0.0009133441093 0.002383178542 300.0000004 -1.581723799e-06 -4.12743379e-06 -4.420131204e-06 -263508629.4 -209364356.7 24060817.01 -200217914.8 -272655071.4 195108.5882 244617427.2
1057 0.0008367441355 0.002310110992 300.0000005 -1.464846779e-06 -4.044826152e-06 -4.301905931e-06 -266290358.8 -206321066.8 24934832.79 -197307991.6 -275303434 51235.56447 245769942.3
1058 0.001498869221 0.002279653478 300.0000004 -2.550993424e-06 -3.879606318e-06 -4.643157613e-06 -248745846.8 -223681519.4 29062285.71 -204564490.3 -267862875.9 -13100.76905 242491069.6
1059 0.00157216639 0.002242003748 300.0000004 -2.673177692e-06 -3.812077697e-06 -4.655944087e-06 -246669502.4 -225534665.6 29511434.08 -204755942.2 -267448225.8 -120274.2057 242264275.7
1060 0.001616612844 0.00217061304 300.0000004 -2.756841641e-06 -3.701376275e-06 -4.615231538e-06 -245403026.9 -227101076.7 30782635.56 -204138059 -268366044.6 -49623.31086 242711691
1061 0.001691863028 0.002129668311 300.0000004 -2.881444723e-06 -3.627075588e-06 -4.632321341e-06 -243198479.4 -229037912.5 30959259.76 -204359808.2 -267876583.7 -104825.0441 242440963.9
1062 0.001493674374 0.002215476243 300.0000004 -2.555549078e-06 -3.790179011e-06 -4.571245781e-06 -248620587.7 -223933909.3 30616127.94 -203266586.1 -269287910.9 -38454.10146 243096799.9
1063 0.001532837118 0.002144238978 300.0000004 -2.631725512e-06 -3.681311983e-06 -4.52526652e-06 -247419290.2 -225271799.3 32141858.18 -202349648 -270341441.5 76761.63109 243570107.3
1064 0.001735603112 0.0020559174 300.0000004 -2.964093568e-06 -3.510977812e-06 -4.594868427e-06 -241675500.5 -230813665.6 32024526.87 -203762821.5 -268726344.6 -18686.73362 242851186.1
1065 0.001810800975 0.00201322976 300.0000004 -3.087380152e-06 -3.432553388e-06 -4.616745495e-06 -239435368 -232844204.8 31854361.37 -204115517.2 -268164055.6 -85895.82666 242566861.5
1066 0.001607865551 0.002103758746 300.0000004 -2.757325321e-06 -3.607482275e-06 -4.540569487e-06 -245093498 -227496271.2 32369992.97 -202750407 -269839362.3 -7918.410559 243333040.6
1067 0.001649497928 0.002029396774 300.0000004 -2.837789583e-06 -3.491344189e-06 -4.499170364e-06 -243514442.6 -229239345.7 33735168.65 -201895050.8 -270858737.5 93159.82774 243805362.3
1068 0.001852258241 0.001938066049 300.0000004 -3.166157322e-06 -3.312742367e-06 -4.582446309e-06 -237744905.9 -234756375.3 32674893.75 -203541600.4 -268959680.8 14061.60438 242948574.2
1069 0.001925873757 0.001892826835 300.0000004 -3.285806717e-06 -3.229497348e-06 -4.607187743e-06 -235515948.6 -236769163.7 32202800.38 -203933734.3 -268351377.9 -69191.24658 242642835.8
1070 0.001725435335 0.001988491777 300.0000004 -2.963277713e-06 -3.414914021e-06 -4.521355169e-06 -241119817.8 -231597181.9 33568064.01 -202454447.6 -270262552.1 -17713.58471 243544237.6
1071 0.001765542701 0.001913823151 300.0000004 -3.040878359e-06 -3.296316103e-06 -4.484711924e-06 -239311741 -233538527.1 34634043.39 -201671122.5 -271179145.6 90230.51321 243968015.1
1072 0.00196430924 0.001815876378 300.0000004 -3.359523024e-06 -3.105607726e-06 -4.575062218e-06 -233675194.5 -238782956.1 32769041.54 -203360673.4 -269097477.2 23440.64638 242992125.8
1073 0.002036394134 0.001767678476 300.0000004 -3.475569019e-06 -3.017031437e-06 -4.602397059e-06 -231527398.7 -240751271.2 31973799.27 -203834711.5 -268443958.5 -71376.57411 242677907.8
1074 0.00183953152 0.001870919868 300.0000004 -3.162001874e-06 -3.215874962e-06 -4.510000845e-06 -236967235.9 -235829655.4 34137935.18 -202255773.5 -270541117.8 -8825.582399 243682973.4
1075 0.001876328837 0.001794682581 300.0000004 -3.234143556e-06 -3.093475348e-06 -4.475407721e-06 -234925654.9 -237887494.2 34946887.15 -201428402.4 -271384746.7 74270.13061 244046107.6
1076 0.002072088532 0.001688985599 300.0000004 -3.544448166e-06 -2.889106295e-06 -4.572750592e-06 -229602517.2 -242808046.3 32235487.85 -203300538.6 -269110025 32418.03903 242983753.9
1077 0.002142696342 0.001638152245 300.0000004 -3.656783847e-06 -2.795822713e-06 -4.603117719e-06 -227619757.7 -244661875.9 31142502.88 -203853656.2 -268427977.4 -56540.7899 242672365.9
1078 0.001948815606 0.001748721158 300.0000004 -3.351672213e-06 -3.007483194e-06 -4.503183517e-06 -232653894.5 -240135683 34089147.72 -202101018.8 -270688558.7 -40311.13864 243743079.9
1079 0.001983031017 0.001670537267 300.0000004 -3.419304463e-06 -2.880549328e-06 -4.470929147e-06 -230480484.6 -242306035.9 34555647.3 -201335422.8 -271451097.7 41342.93416 244067479.4
1080 0.002175977986 0.00155825875 300.0000004 -3.721014888e-06 -2.66472257e-06 -4.576756294e-06 -225672264.3 -246685906 31096720.86 -203355391.7 -269002778.6 66924.8586 242925417.1
1081 0.002244874744 0.001505513335 300.0000004 -3.829086111e-06 -2.568080225e-06 -4.610524534e-06 -223908352.4 -248380225 29749726.81 -203976548.3 -268312029.1 -29363.31457 242628148
1082 0.002054407978 0.001621927856 300.0000004 -3.533560197e-06 -2.789691659e-06 -4.502047003e-06 -228391709.3 -244415294 33345579.81 -202108990.2 -270698013.2 -54686.07383 243751851.6
1083 0.002086603682 0.00154224801 300.0000004 -3.597182894e-06 -2.658868067e-06 -4.473176071e-06 -226160217.8 -246607951.5 33461465.91 -201395583.6 -271372585.7 44154.81997 244028742.1
1084 0.00227588844 0.001425696938 300.0000004 -3.888457814e-06 -2.435930863e-06 -4.588448904e-06 -222004895.3 -250313328.2 29388462.27 -203539856.2 -268778367.2 87906.66894 242823385.9
1085 0.002341942641 0.00137250517 300.0000004 -3.990386918e-06 -2.338682262e-06 -4.625215938e-06 -220580659.2 -251785647.5 27814195.54 -204291666.9 -268074639.7 -19848.16678 242556558
1086 0.002156843743 0.001491633397 300.0000004 -3.707876773e-06 -2.564372134e-06 -4.508254053e-06 -224297506.8 -248494397.5 31955293.93 -202227086.2 -270564818.1 -42326.18186 243691579.2
1087 0.002187737412 0.001411379986 300.0000004 -3.768091954e-06 -2.431104294e-06 -4.484281998e-06 -222044418.2 -250639804.9 31709642.03 -201558158.9 -271126064.2 45488.6562 243900328
1088 0.002369178637 0.001295214051 300.0000004 -4.042287395e-06 -2.209956253e-06 -4.606950621e-06 -218905739.4 -253494872.5 27168654.92 -203994306.7 -268406305.2 107028.0094 242697956.4
1089 0.002428544718 0.001241535043 300.0000004 -4.133042873e-06 -2.113017159e-06 -4.641862223e-06 -217685203.7 -254642615 25549891.63 -204632032.7 -267695785.9 -16815.03289 242396721.6
1090 0.00225641538 0.00136075928 300.0000004 -3.874122501e-06 -2.336470028e-06 -4.524148244e-06 -220530438.7 -252276125.5 29942995.06 -202513377.8 -270293186.4 -67047.12938 243581818.1
1091 0.002286154541 0.00128350443 300.0000004 -3.930195823e-06 -2.206684838e-06 -4.50731596e-06 -218558332.4 -254248259.2 29319203.27 -202080454.4 -270726137.3 30890.74951 243763601.6
1092 0.002445590528 0.001161970541 300.0000004 -4.169665554e-06 -1.981219756e-06 -4.616420967e-06 -216050308.9 -256660687.8 24929964.58 -204202678.6 -268508318.1 5652.593016 242827785
1093 0.002501857126 0.001099993445 300.0000004 -4.255707501e-06 -1.871122238e-06 -4.6488864e-06 -214978000.2 -257478531.5 23244026.03 -204734526.5 -267722005.2 54028.81732 242444569.3
1094 0.002348895223 0.001236476357 300.0000004 -4.025062272e-06 -2.118986419e-06 -4.548761339e-06 -217521133.3 -255332134.5 27466216.64 -203082825.7 -269770442.1 -38217.95316 243378278.1
1095 0.002370742318 0.001170763683 300.0000004 -4.066594554e-06 -2.008451509e-06 -4.535534003e-06 -215697915.8 -256934001.2 26785876 -202513903.2 -270118013.8 -88860.18922 243460454.2
1096 0.002519076938 0.001021732015 300.0000004 -4.29088017e-06 -1.740362013e-06 -4.63039011e-06 -213411316.4 -258983287.6 22168398.91 -204406768.7 -267987835.3 32283.96935 242530580.8
1097 0.002564966468 0.0009573223727 300.0000004 -4.361267686e-06 -1.627824518e-06 -4.655155045e-06 -212391846.8 -259849280.4 20441948.53 -204801009 -267440118.2 -103716.463 242271947.1
1098 0.002406050017 0.001095867862 300.0000004 -4.127371957e-06 -1.879828558e-06 -4.535300947e-06 -214118118.4 -258525180.2 25528850.74 -202487953.5 -270155345.1 5941.674071 243479114
1099 0.002449247133 0.001026377189 300.0000004 -4.19666097e-06 -1.758635768e-06 -4.550248681e-06 -213017333 -259591945.1 23931839.3 -202913036.4 -269696241.8 180075.6605 243279627.4
1100 0.002571574861 0.0008743532931 300.0000004 -4.381116807e-06 -1.489610709e-06 -4.627431743e-06 -211151840.6 -261650025.9 19516689.39 -204488377.3 -268313489.3 81332.29202 242776965.1
1101 0.002618224163 0.0008264889832 300.0000004 -4.448820618e-06 -1.404437601e-06 -4.665238457e-06 -210467044.1 -261563793.5 17830415.54 -204860348.5 -267170489 -69034.49156 242105777.3
1102 0.002636745755 0.000743013631 300.0000004 -4.482602782e-06 -1.263295006e-06 -4.65721397e-06 -209431297.4 -263128110.3 16462459.95 -204786069.1 -267773338.6 22144.53981 242494632.9
1103 0.002626351498 0.0006552453419 300.0000004 -4.478356934e-06 -1.117366979e-06 -4.615646194e-06 -207743143.8 -264639124.7 15229605.64 -203923156.6 -268459111.9 81650.27572 242713697.7
1104 0.002566790348 0.00058574898 300.0000004 -4.40824221e-06 -1.006070882e-06 -4.521590206e-06 -205411350.6 -266812470.1 14769501.39 -202043414.3 -270180406.4 -10984.43001 243373831.4
1105 0.0025364287 0.0007941472899 300.0000004 -4.345110522e-06 -1.360557167e-06 -4.553141909e-06 -208814396.6 -263718757.7 18919486.36 -202926569.5 -269606584.7 -114343.1614 243221304.6
1106 0.002549423417 0.0006892647448 300.0000004 -4.374732382e-06 -1.182813851e-06 -4.531813326e-06 -207254340.8 -265419601.1 17169202.57 -202564941.1 -270109000.9 175751.8437 243468491.9
1107 0.002487573551 0.0009696283812 300.0000004 -4.256519858e-06 -1.659092207e-06 -4.568429517e-06 -212088938.2 -260624567.5 22260379.15 -203425763.2 -269287742.5 -35075.78793 243141663.5
1108 0.002487587341 0.0008901864054 300.0000004 -4.26804331e-06 -1.527425278e-06 -4.533124934e-06 -210170934.2 -262340884.2 21325418.22 -202563254 -269948564.4 -66085.45629 243356637
1109 0.001182990596 0.002334959764 300.0000004 -2.03473542e-06 -4.016231324e-06 -4.502250801e-06 -256816535 -216325263.8 27794668.03 -202184624.2 -270957174.6 -115802.7449 243953025.1
1110 0.001271235004 0.002353662695 300.0000004 -2.174127838e-06 -4.025534209e-06 -4.57512377e-06 -254257885.4 -218386903.4 27722155.74 -203304838.8 -269339949.9 -201943.7423 243143729.8
1111 0.002445975225 0.0008124599645 300.0000004 -4.224484739e-06 -1.403213343e-06 -4.45143561e-06 -208095194.7 -264701398.7 21064356.11 -201117004.9 -271679588.4 -55961.77226 244168943
1112 0.002447982315 0.0007222053578 300.0000004 -4.239249937e-06 -1.250771116e-06 -4.419917239e-06 -206216987 -266673082.7 19573021.93 -200433410.2 -272456659.4 30950.06776 244533778.2
1113 0.002483464275 0.0006346876018 300.0000004 -4.29582341e-06 -1.097902003e-06 -4.433902071e-06 -205138001.5 -267810500 17261414.21 -200698492.8 -272250008.8 109905.5785 244458221.6
1114 0.002458172927 0.0005426040365 300.0000005 -4.273882579e-06 -9.434177885e-07 -4.37676929e-06 -202599560.3 -269967449.4 15659623.49 -199137424.3 -273429585.4 24979.92983 244886484.8
1115 0.00239482537 0.0004695226866 300.0000005 -4.201572981e-06 -8.23715628e-07 -4.281556137e-06 -199895042 -272780822.8 14737665.93 -197028009.9 -275647855 -114216.2551 245950132.1
1116 0.002305698353 0.0004508280669 300.0000005 -4.092895564e-06 -8.002519202e-07 -4.170395333e-06 -196786455.4 -275747784.7 16047391.19 -193649733.7 -278884506.4 -5057.992395 247529547.6
1117 0.00220340987 0.000424957764 300.0000005 -3.971391647e-06 -7.659081763e-07 -4.04457253e-06 -192913268.1 -279478745.5 17457100.8 -189525522.7 -282866491 108390.0651 249645731.3
1118 0.002104272104 0.0003900414579 300.0000005 -3.857713015e-06 -7.152041067e-07 -3.923450853e-06 -188113126.2 -284308505.2 18465085.13 -184690459.5 -287731171.9 188.0819448 252504635.1
1119 0.001996523162 0.00034830947 300.0000006 -3.738741347e-06 -6.521454305e-07 -3.795191762e-06 -182336010.9 -289985489.7 19461223.91 -178925844.7 -293395655.9 85978.56467 256123847.8
1120 0.001875517286 0.0003585864673 300.0000006 -3.602596017e-06 -6.889682512e-07 -3.667884306e-06 -176863974.4 -295963375 23566878.79 -172370247.5 -300457101.9 -63307.56497 261143867.1
1121 0.002418267186 0.0009520195749 300.0000004 -4.167194453e-06 -1.640608387e-06 -4.478515992e-06 -210823895.1 -261783274 23781965.51 -201449667.1 -271157502 29927.21272 243892954.9
1122 0.002390274708 0.0008705812932 300.0000004 -4.143204321e-06 -1.509054368e-06 -4.409465628e-06 -208654244.9 -264234856.9 23415118.65 -200104964.5 -272784137.3 57851.61189 244678835
1123 0.002396102761 0.0006330826784 300.0000005 -4.184403916e-06 -1.105543243e-06 -4.327985905e-06 -202671252.9 -269706099.3 18960160.6 -197680229.7 -274697122.4 -70045.9302 245425766.3
1124 0.002344292807 0.0005466756671 300.0000005 -4.130071124e-06 -9.628508637e-07 -4.240821762e-06 -199837289.2 -272651803.2 18108391.14 -195582726.2 -276906366.2 136323.416 246519151.7
1125 0.002225034056 0.0005383017794 300.0000005 -3.983407744e-06 -9.636342857e-07 -4.098307979e-06 -196380200.7 -275853946.9 20286184.41 -191501676.4 -280732471.3 -121133.4947 248440974.2
1126 0.002122721254 0.0004897535295 300.0000005 -3.866195113e-06 -8.920831604e-07 -3.967779859e-06 -191789560.4 -280768876.9 21518274.65 -186859144.1 -285699293.2 -148547.1306 251306519.4
1127 0.002023970363 0.0004575761863 300.0000006 -3.754489941e-06 -8.487418971e-07 -3.849228172e-06 -187205556.9 -285873185.7 23479539.14 -181903180.6 -291175562 -25843.78021 254766984.1
1128 0.001937160523 0.0004307560538 300.0000006 -3.659346002e-06 -8.138606471e-07 -3.748757433e-06 -181708270.7 -290054368.9 25458635.41 -176024399.7 -295738239.9 102399.3301 257659816.7
1129 0.002369547995 0.0007843504164 300.0000005 -4.12937511e-06 -1.367050773e-06 -4.349777763e-06 -205910477.5 -266465095.2 22615059.92 -198396922.7 -273978649.9 83632.19797 245090064.1
1130 0.002357422101 0.0007063325366 300.0000005 -4.125384381e-06 -1.236144147e-06 -4.306605234e-06 -203524571.8 -268867946.5 21347235.3 -197169021 -275223497.3 -135249.279 245678862.9
1131 0.002287089718 0.0006451457572 300.0000005 -4.045339784e-06 -1.140946732e-06 -4.203157549e-06 -200298044.7 -272045902.3 21634864.93 -194280264.2 -278063682.9 -301384.9244 247067236.8
1132 0.0018544471 0.0004575449722 300.0000006 -3.561663224e-06 -8.790294985e-07 -3.668533456e-06 -179847774.4 -292983327.9 30059242.99 -172357897.9 -300473204.4 297510.2103 261156518.6
1133 0.00179524631 0.0004017765418 300.0000006 -3.507823439e-06 -7.853315789e-07 -3.594658662e-06 -173714840 -298742490.6 29679804.16 -167027304.3 -305430026.3 201914.8262 264897319.2
1134 0.001762443271 0.0004732582914 300.0000006 -3.456661602e-06 -9.284949276e-07 -3.579191553e-06 -175724845.9 -297226353.5 35396974.38 -166165157.3 -306786042.1 203899.6318 265991557.9
1135 0.001680321083 0.0004820556333 300.0000006 -3.366609135e-06 -9.664445225e-07 -3.502580724e-06 -171007158.4 -301742599.8 40616257.97 -159416622.6 -313333135.6 -214652.1595 271368644.9
1136 0.00161019015 0.0005488116642 300.0000006 -3.272515685e-06 -1.115668273e-06 -3.457466491e-06 -172365781 -299988513 49616071.83 -155346802.5 -317007491.5 316889.4565 274555240
1137 0.00151406588 0.0005729448668 300.0000007 -3.161971351e-06 -1.196405268e-06 -3.380746718e-06 -169436075.4 -302421846.6 58554309.64 -147329340.3 -324528581.7 -134982.9113 281446633.8
1138 0.001450522492 0.0006335128645 300.0000007 -3.069743402e-06 -1.339967378e-06 -3.34945319e-06 -172644390.9 -300062809.8 68810430.88 -142578668.2 -330128532.4 29539.7065 286782566.9
1139 0.001381380403 0.000703574352 300.0000007 -2.959904542e-06 -1.507289857e-06 -3.321589613e-06 -178568944.9 -295372504.8 79769020.46 -138108417.8 -335833031.8 -329826.9219 292364016.3
1140 0.001282568079 0.0006910417085 300.0000007 -2.85906596e-06 -1.540449946e-06 -3.247652106e-06 -175840431.4 -297903767.6 92413925.7 -126123833.2 -347620365.8 -140303.0461 304801551.9
1141 0.001226497207 0.0007729466464 300.0000007 -2.741699535e-06 -1.728247817e-06 -3.240949974e-06 -188971496.2 -285766161 100654803 -125683386.2 -349054271.1 -230419.7735 306210767.7
1142 0.001168042367 0.0008517358818 300.0000007 -2.616468573e-06 -1.908605375e-06 -3.238623469e-06 -200779515.6 -270936505.1 105788649.8 -124410178.2 -347305842.4 -1058270.95 304785529
1143 0.001328005563 0.000783705941 300.0000007 -2.854338599e-06 -1.685339485e-06 -3.314757523e-06 -189457942.2 -284295273.1 87366221.94 -137474062.5 -336279152.8 721513.3586 292839012
1144 0.00127253752 0.0008706698815 300.0000007 -2.735300179e-06 -1.871900838e-06 -3.314495392e-06 -200783123.2 -271714280.4 91808509.25 -137828337.5 -334669066.1 203777.5461 291330187.3
1145 0.002181450088 0.0006373519662 300.0000005 -3.915185963e-06 -1.143596971e-06 -4.078785981e-06 -197931619 -274688985.8 24371742.33 -190847243.3 -281773361.4 -124210.9393 249084874.1
1146 0.002132870155 0.0005722472458 300.0000005 -3.865970901e-06 -1.037035519e-06 -4.002645829e-06 -194570164.3 -277704257 23959177.71 -188159536.3 -284114885 -65594.57503 250332512.6
1147 0.002048339828 0.0005545513398 300.0000006 -3.767203481e-06 -1.019821525e-06 -3.902801302e-06 -190848895.7 -281345527.9 26507365.47 -183656321.6 -288538102 59761.66044 252966489.9
1148 0.001936260563 0.0005312209646 300.0000006 -3.63978489e-06 -9.986588915e-07 -3.77430174e-06 -186067121.5 -286058879 29987230.42 -177764238.5 -294361762 276155.11 256753200.1
1149 0.001821777913 0.0005486183933 300.0000006 -3.504962706e-06 -1.055355081e-06 -3.66040133e-06 -182297239.9 -289985039.2 35747512.22 -171511074.6 -300771204.6 69729.74358 261330802.4
1150 0.001720605744 0.0005559874271 300.0000006 -3.390190065e-06 -1.095428676e-06 -3.562773169e-06 -177678131.2 -293640742 42412895.17 -163823026 -307495847.2 464285.9975 266490949.9
1151 0.002287651303 0.0007462968495 300.0000005 -4.030494747e-06 -1.31474085e-06 -4.239508391e-06 -203545553.2 -269140470.7 24071215.14 -195660254.9 -277025769 99881.08997 246623821.6
1152 0.002219566886 0.0007070917322 300.0000005 -3.950825744e-06 -1.258501113e-06 -4.146426063e-06 -200606559.1 -271488687.4 25289174.02 -192509193.9 -279586052.6 128523.4254 247800957.4
1153 0.002289933296 0.0008473660121 300.0000005 -4.016416951e-06 -1.486302722e-06 -4.282604453e-06 -206358032.1 -266508624.8 25607418.35 -196933401.4 -275933255.4 -138169.7961 246133111.9
1154 0.002332310836 0.0009362800768 300.0000005 -4.056474528e-06 -1.628562717e-06 -4.371178572e-06 -209522002.3 -263399953.1 25677288.05 -199245045.8 -273676909.6 -76981.32052 245089552
1155 0.00220429715 0.0007866237299 300.0000005 -3.917388675e-06 -1.39789441e-06 -4.159332014e-06 -203198223.2 -269586929.7 27440930.02 -193324971.6 -279460181.2 226148.2408 247883156.7
1156 0.002364547725 0.00101829866 300.0000004 -4.085111042e-06 -1.759327189e-06 -4.447849411e-06 -211927318.3 -260551756.4 25849459.1 -200753355.6 -271725719.1 97121.46657 244104392.8
1157 0.002306151658 0.00109713167 300.0000004 -3.99309614e-06 -1.899680195e-06 -4.421945458e-06 -213355095.6 -258979517.4 27974116.36 -200070969.6 -272263643.5 -51114.85443 244302765.3
1158 0.002290954498 0.001191010925 300.0000004 -3.954746501e-06 -2.055972434e-06 -4.457246071e-06 -216034245.9 -256751445.6 28937347.58 -201011480.2 -271774211.4 -40490.21174 244207095.6
1159 0.002256268406 0.0009270079334 300.0000005 -3.958679294e-06 -1.626584979e-06 -4.27982715e-06 -208055621.5 -264509679.8 27660947.05 -196762238.2 -275803063.1 -173691.6159 245998314
1160 0.002191798591 0.0008793254375 300.0000005 -3.884048023e-06 -1.558230605e-06 -4.184962564e-06 -205549138.7 -266976621.6 29087928.31 -193961585.8 -278564174.5 -204899.3016 247363038.8
1161 0.002276493441 0.001001662898 300.0000005 -3.971360891e-06 -1.747510265e-06 -4.338836186e-06 -210604168.4 -261705256.2 27990675.67 -198256125.2 -274053299.4 72896.8265 245108083.9
1162 0.001673226951 0.0006434654657 300.0000006 -3.310219566e-06 -1.273036464e-06 -3.546572347e-06 -181646193.6 -291167538.6 49116120.04 -162846884.7 -309966847.6 -231584.5856 268554612.4
1163 0.001561822678 0.0006614589338 300.0000006 -3.179574477e-06 -1.346136104e-06 -3.452792505e-06 -178989634.7 -292977051.7 58290863.39 -154460535.2 -317506151.3 -373278.5733 275002656.3
1164 0.001476467011 0.0007306188831 300.0000006 -3.053715709e-06 -1.510562274e-06 -3.406901491e-06 -183532584.7 -289203987.8 68595205.47 -149784470.6 -322952101.9 -395521.1546 279929826
1165 0.001412717831 0.000784618143 300.0000007 -2.953679082e-06 -1.640011206e-06 -3.378439983e-06 -188819594.5 -283771042.2 77139301.68 -145718281 -326872355.7 465319.9488 283634846.5
1166 0.001393153732 0.0008788572847 300.0000006 -2.881056169e-06 -1.817571629e-06 -3.406471969e-06 -199653964.8 -272566245.8 78923975.87 -149179887.5 -323040323.1 1086909.266 280039487
1167 0.001641269568 0.000726196365 300.0000006 -3.245430565e-06 -1.436237094e-06 -3.549027541e-06 -186436985.1 -285038614.5 53783452.5 -162777997.5 -308697602.1 -311997.3829 267473364.2
1168 0.001568188828 0.0007739594301 300.0000006 -3.141606705e-06 -1.550236878e-06 -3.503273756e-06 -190249764.9 -283593378.7 60855276.84 -160229842 -313613301.6 -29210.304 271618662.8
1169 0.00148522235 0.0008259557003 300.0000006 -3.019837806e-06 -1.679212133e-06 -3.455310947e-06 -194403623.6 -280039007 69018805.61 -155999712.5 -318442918.1 38586.99093 275798482.9
1170 0.002191307253 0.001310469981 300.0000004 -3.794385056e-06 -2.269285899e-06 -4.42120079e-06 -219025717.2 -253345355 31843312.98 -200012986.4 -272358085.8 -51104.36466 244354200.6
1171 0.002206445866 0.001217504669 300.0000005 -3.834554839e-06 -2.116037149e-06 -4.379660262e-06 -216521121.1 -256142373 31508034.6 -199113262.8 -273550231.3 39685.85032 244966010.1
1172 0.002089778147 0.001440688639 300.0000004 -3.624511781e-06 -2.498824291e-06 -4.402409395e-06 -223245528.1 -249228428.6 34134141.66 -199714144.3 -272759812.4 -901.2898169 244560140.2
1173 0.002100751234 0.001344598974 300.0000005 -3.661743148e-06 -2.343840392e-06 -4.347637365e-06 -220473048.1 -252143983.9 34334738.81 -198497984 -274119048 -1719.10088 245215463.9
1174 0.002111813466 0.001244708505 300.0000005 -3.699809467e-06 -2.180784063e-06 -4.294695474e-06 -217202040.1 -255337275.6 34286461.1 -197037913.2 -275501402.5 -75338.99793 245847020.7
1175 0.002228444485 0.001140338775 300.0000005 -3.880305186e-06 -1.985573624e-06 -4.358815315e-06 -214211259.7 -258165536.9 30617637.21 -198499845.5 -273876951.1 85532.02204 245043388.9
1176 0.002208198768 0.001061152082 300.0000005 -3.869384922e-06 -1.859463242e-06 -4.29298768e-06 -211917179.8 -260870394.3 30642788.84 -197175377.5 -275612196.6 34086.08432 245959909.3
1177 0.002131650446 0.001134487405 300.0000005 -3.751499844e-06 -1.996692521e-06 -4.249768475e-06 -213684272.5 -258896039 33711117.05 -195701250.2 -276879061.4 78167.45294 246526740.6
1178 0.00219273236 0.0009696334516 300.0000005 -3.86742555e-06 -1.710229285e-06 -4.228695377e-06 -208889805.1 -263964860.9 30258189.45 -195514335.7 -277340330.4 -10857.63906 246818768
1179 0.002115535332 0.001022990028 300.0000005 -3.754892168e-06 -1.815725214e-06 -4.170860013e-06 -209927806.5 -262788489.9 33441898.47 -193732790.6 -278983505.8 49266.94751 247620566.2
1180 0.001988147648 0.001569831081 300.0000004 -3.450179577e-06 -2.724303701e-06 -4.396085733e-06 -227725468.1 -244761811.8 35663703.13 -199576777.9 -272910502 -14165.51138 244631221.1
1181 0.001999634651 0.001475312058 300.0000005 -3.489210133e-06 -2.57437739e-06 -4.33612803e-06 -225109986.9 -247587593.2 36340241.25 -198310341.5 -274387238.7 -16061.98255 245359984.6
1182 0.002008262737 0.001378860302 300.0000005 -3.524892199e-06 -2.420249906e-06 -4.27580105e-06 -222093876.3 -250526260.1 36969875.64 -196701084 -275919052.3 13855.33285 246067193.6
1183 0.002016983409 0.001281215687 300.0000005 -3.561166845e-06 -2.262187565e-06 -4.218933737e-06 -218811642.5 -253800570.5 37282011.46 -195123530.6 -277488682.4 9546.262042 246837172.9
1184 0.002025304972 0.001179536868 300.0000005 -3.597749921e-06 -2.095438074e-06 -4.163491949e-06 -215028478.1 -257360547.4 37211143.51 -193384842.2 -279004183.3 -48283.54703 247559808
1185 0.002027517944 0.00107459501 300.0000005 -3.626725216e-06 -1.922281102e-06 -4.104668125e-06 -211250154.6 -261367585.6 36948123.09 -191664688 -280953052.2 5226.396013 248638675.9
1186 0.001884314054 0.001695156177 300.0000004 -3.269506037e-06 -2.941357795e-06 -4.397869416e-06 -232371392.1 -240100465.7 36461744.13 -199569957.9 -272901899.9 -86.91578653 244623372.5
1187 0.001897850099 0.001601939345 300.0000005 -3.312199799e-06 -2.795800597e-06 -4.334416741e-06 -229884673.8 -242769468.2 37561509.94 -198217104.5 -274437037.5 -44296.95555 245372368.1
1188 0.001908177742 0.001507226814 300.0000005 -3.351062959e-06 -2.646971306e-06 -4.270372355e-06 -227067602.5 -245545868 38655638.89 -196562317.6 -276051153 -35369.36076 246129504.8
1189 0.001917881372 0.001413037247 300.0000005 -3.389339143e-06 -2.497226466e-06 -4.209959601e-06 -224086889.1 -248624602.6 39522899.12 -194972363.2 -277739128.5 -6455.393251 246985408.1
1190 0.001925797903 0.001318148499 300.0000005 -3.425627127e-06 -2.34481645e-06 -4.151275153e-06 -220761491.6 -251914532.5 40223274.57 -193204053.5 -279471970.6 37785.9288 247865438
1191 0.0019314022 0.001221108224 300.0000005 -3.459549986e-06 -2.187364006e-06 -4.093048667e-06 -216942292.7 -255560395 40706365.28 -191197515.6 -281305172.2 13628.44647 248805627.7
1192 0.001934041839 0.001120615685 300.0000005 -3.490492101e-06 -2.022517836e-06 -4.034118677e-06 -212771977 -259650568.8 40852786.15 -189111905.8 -283310640.1 -18476.62479 249901615.9
1193 0.001777743991 0.001815738338 300.0000004 -3.082341183e-06 -3.148333917e-06 -4.405999729e-06 -237093466.8 -235440624 36466000.39 -199791723.5 -272742367.3 55203.48669 244567931.7
1194 0.00179407477 0.001724443965 300.0000005 -3.129308163e-06 -3.007915838e-06 -4.340521543e-06 -234800368 -237857721.6 37976600.03 -198321698.5 -274336391.2 -24969.1827 245326505.8
1195 0.001806254877 0.001631138775 300.0000005 -3.171310726e-06 -2.863865953e-06 -4.273048083e-06 -232174577.7 -240359350.5 39512122.17 -196543516.2 -275990412 -55774.52802 246081174.8
1196 0.001817865516 0.001538080972 300.0000005 -3.21307708e-06 -2.718578364e-06 -4.208863581e-06 -229395849.9 -243196340.4 40874161.27 -194843603.1 -277748587.2 -36689.68231 246963106.3
1197 0.001828593655 0.00144530317 300.0000005 -3.254030514e-06 -2.572006544e-06 -4.147762318e-06 -226312953.3 -246382723.5 42068824.7 -193098759.9 -279596916.8 -46317.2907 247934982.4
1198 0.00183793078 0.001353328368 300.0000005 -3.293254845e-06 -2.424994738e-06 -4.089758789e-06 -223024585.3 -249773482.3 43007070.53 -191360339.7 -281437727.9 -4431.224418 248937653.1
1199 0.001843614592 0.001261119598 300.0000005 -3.327880676e-06 -2.276517442e-06 -4.032036886e-06 -219334274.6 -253397341 43893520.59 -189283827 -283447788.6 36843.93414 250037873
1200 0.001844104216 0.001165627577 300.0000005 -3.356900722e-06 -2.121868204e-06 -3.971285325e-06 -214934551.4 -257384712.1 44673023.96 -186700728.8 -285618534.7 -5145.223641 251216880.4
1201 0.001665646178 0.001930830266 300.0000004 -2.885194002e-06 -3.344675999e-06 -4.417148623e-06 -241626202.9 -230887497.4 35807633.51 -200048936 -272464764.3 59328.47896 244438845
1202 0.001687360318 0.001840801524 300.0000005 -2.940143525e-06 -3.207649992e-06 -4.351259865e-06 -239688791.4 -233116185.4 37549177.04 -198709779.7 -274095197 14002.52474 245251621.7
1203 0.001703777347 0.001750600276 300.0000005 -2.987994038e-06 -3.070209202e-06 -4.284191045e-06 -237379050.6 -235277582.6 39451771.51 -196862559.8 -275794073.4 -18966.59867 246015674.7
1204 0.001716375329 0.001660003716 300.0000005 -3.03118831e-06 -2.93161063e-06 -4.216923459e-06 -234778940.7 -237680828.5 41279955.33 -194924500.6 -277535268.7 -72109.12458 246825805.5
1205 0.001727599597 0.001567670689 300.0000005 -3.073550438e-06 -2.789014884e-06 -4.150339302e-06 -232070791.9 -240479429.3 42976038.95 -193093914.5 -279456306.7 -22861.2486 247830136.4
1206 0.001739474224 0.001475471881 300.0000005 -3.117610045e-06 -2.644526373e-06 -4.0881551e-06 -228917932.3 -243699886.1 44618903.05 -191082004.8 -281535813.5 -13091.56841 248954453.1
1207 0.001751187541 0.001384745415 300.0000005 -3.161631212e-06 -2.500091272e-06 -4.030678391e-06 -225417976.9 -247281136.2 45838036.72 -189226098.3 -283473014.7 -68781.17749 250045971.8
1208 0.001761641749 0.001297506656 300.0000005 -3.203144557e-06 -2.359311831e-06 -3.978251797e-06 -222036945.1 -251060304.3 46783912.1 -187565740.4 -285531508.9 18093.0918 251303047.5
1209 0.001762085954 0.001210724078 300.0000005 -3.231324583e-06 -2.220191404e-06 -3.920549506e-06 -217770359.2 -254857418.5 48103198.24 -184760261.2 -287867516.6 -60352.45273 252621445.2
1210 0.001548292665 0.002045797422 300.0000004 -2.677457091e-06 -3.537910821e-06 -4.436844537e-06 -246036318.9 -226414006.9 34450199.23 -200405225.3 -272045100.5 84152.41446 244236673.4
1211 0.001571445445 0.001953006001 300.0000005 -2.735226412e-06 -3.399519763e-06 -4.36327837e-06 -244380398.8 -228285174.4 36566534.89 -198891174.9 -273774398.2 35417.98045 245068995.6
1212 0.001594477704 0.001860591372 300.0000005 -2.793718581e-06 -3.260197552e-06 -4.293454503e-06 -242370175.6 -230311183.9 38729969.65 -197144192.5 -275537167 27504.33221 245898379.4
1213 0.001617018405 0.001774180317 300.0000005 -2.850862968e-06 -3.128112239e-06 -4.23231684e-06 -240225220.1 -232711915 40644473.03 -195650859.6 -277286275.4 -18635.52909 246810940.4
1214 0.001630308991 0.00168920803 300.0000005 -2.894632638e-06 -2.999161482e-06 -4.168197177e-06 -237652802.9 -234784638.1 42816900.15 -193377896.8 -279059544.2 -85764.48548 247599100.4
1215 0.001636638335 0.001597543547 300.0000005 -2.930876001e-06 -2.860769241e-06 -4.095611649e-06 -235043457.5 -237178430 45074481.9 -191023828.6 -281198058.8 22387.05866 248690416.1
1216 0.001649586021 0.001504167142 300.0000005 -2.978232483e-06 -2.715863497e-06 -4.030605816e-06 -232292716.1 -240774524.6 47031983.98 -189310938 -283756302.7 105158.1259 250276111.4
1217 0.001662802866 0.001413046578 300.0000005 -3.026621736e-06 -2.57205103e-06 -3.971886911e-06 -227945917.7 -244030696.7 48880650.56 -186450489 -285526125.5 -50895.80308 251102519.4
1218 0.001677649766 0.001323810907 300.0000006 -3.076788182e-06 -2.428072335e-06 -3.919459242e-06 -224494411.2 -248330217 50248077.47 -184770307 -288054321.2 93805.81445 252767678.6
1219 0.001698497922 0.001251142686 300.0000006 -3.130305923e-06 -2.305927256e-06 -3.887944917e-06 -220744447.8 -252172295.9 50771967.51 -183310296.8 -289606446.9 47038.48065 253745388
1220 0.001435899786 0.002162747934 300.0000004 -2.475263104e-06 -3.728294519e-06 -4.475165634e-06 -249900719 -222491702.6 32291841.57 -201116769.9 -271275651.7 96982.32238 243885997.4
1221 0.001454777296 0.002071300897 300.0000004 -2.525260445e-06 -3.595600471e-06 -4.393777766e-06 -248857407.9 -223842521.3 34575513.83 -199581755.6 -273118173.6 33219.40934 244779518.5
1222 0.00147299407 0.001974473406 300.0000005 -2.576875434e-06 -3.454399967e-06 -4.309659628e-06 -247366343.1 -225216782.4 37275072.29 -197406067.2 -275177058.3 -3772.536715 245702966.9
1223 0.00149755399 0.001878167806 300.0000005 -2.639713671e-06 -3.310927807e-06 -4.234422176e-06 -245507159.3 -227254519.5 39737639.95 -195608699.9 -277152978.9 48814.0555 246704297.6
1224 0.001527782838 0.001787604427 300.0000005 -2.710991671e-06 -3.172346122e-06 -4.172919328e-06 -242935618.5 -229510134.6 42105089.12 -193586104.9 -278859648.2 71658.05973 247497365.1
1225 0.001558500901 0.001717145743 300.0000005 -2.778043775e-06 -3.06092126e-06 -4.133614178e-06 -240674443.5 -232084621 43848105.87 -192321601.7 -280437462.8 37480.33024 248392011.2
1226 0.001549794492 0.00163647119 300.0000005 -2.78917297e-06 -2.945176634e-06 -4.056297728e-06 -238702490.9 -233567100.7 46541392.97 -189522638.7 -282746952.9 33618.23308 249555053.5
1227 0.001546588748 0.001528235717 300.0000005 -2.818565153e-06 -2.78564244e-06 -3.962841555e-06 -235650793 -236717272.1 49635577.02 -186545626.7 -285822438.3 59307.60223 251346020
1228 0.001585028701 0.00144332032 300.0000005 -2.903782977e-06 -2.644335855e-06 -3.927399607e-06 -231620187.8 -240976111.1 51359954.3 -184725782.7 -287870516.1 138647.1119 252618289.4
1229 0.001574680836 0.001346857281 300.0000006 -2.922568565e-06 -2.500147319e-06 -3.846055581e-06 -227456287.2 -244889035.5 54260672.57 -181216716 -291128606.7 -199587.0215 254633291.8
1230 0.001618042633 0.001249478561 300.0000006 -3.018923234e-06 -2.331589774e-06 -3.814473529e-06 -222133204.6 -250733300.3 54993900.71 -179610586.8 -293255918.1 71796.7483 256099871.7
1231 0.001776589501 0.0006391744154 300.0000006 -3.429790939e-06 -1.233931672e-06 -3.645003876e-06 -185640159.6 -287310046.4 42096719.68 -170472667.4 -302477538.6 61424.89509 262658428.7
1232 0.001730654434 0.0007281288401 300.0000006 -3.349745954e-06 -1.409481002e-06 -3.634203438e-06 -189957726.6 -282962491.8 47625517.85 -169896918.2 -303023300.2 56053.16511 263069131.4
1233 0.001348205852 0.002298710592 300.0000004 -2.308015622e-06 -3.935158064e-06 -4.562061497e-06 -252605745.2 -220045596.4 29019373.31 -203051613.6 -269599728 44385.46529 243251551.3
1234 0.001428092645 0.002250390603 300.0000004 -2.444828822e-06 -3.852464516e-06 -4.562748164e-06 -250748132 -221915451.6 30017128.13 -203033295 -269630288.6 262596.5156 243267943.5
1235 0.001987923958 0.0006349467389 300.0000006 -3.679442056e-06 -1.175176494e-06 -3.862555324e-06 -192262345.9 -280471173.5 31488447.23 -182175311.5 -290558207.9 92559.68474 254321469.8
1236 0.001881743428 0.0006336976619 300.0000006 -3.553773759e-06 -1.196763783e-06 -3.749873529e-06 -188563977.4 -283688168.1 35966770 -176496011.6 -295756134 -131360.0406 257726224.2
1237 0.002087928718 0.000640692594 300.0000005 -3.799478389e-06 -1.165672078e-06 -3.974270673e-06 -195905036.2 -277262377.8 27927277.29 -187242095.4 -285925318.5 304050.6407 251547036.6
1238 0.002138620466 0.0007194513093 300.0000005 -3.847374384e-06 -1.294124203e-06 -4.059192909e-06 -199577841.9 -273123538.3 28334225.38 -189929247.4 -282772132.8 346911.8576 249653481.4
1239 0.002100120964 0.0008193517893 300.0000005 -3.779009184e-06 -1.474264192e-06 -4.056398071e-06 -202052439.3 -270430360.5 31396955.83 -189823179.3 -282659620.5 -51536.55967 249547511.8
1240 0.002109338606 0.0009251704815 300.0000005 -3.768227404e-06 -1.652696102e-06 -4.114722611e-06 -206494091.1 -266669379.8 32586273.69 -192229424 -280934046.9 -63605.05932 248741456.7
1241 0.002039589722 0.0007250173919 300.0000005 -3.723308555e-06 -1.323418865e-06 -3.95151415e-06 -197462846.6 -275186387 31862366.6 -186071123.4 -286578110.1 184370.1642 251844529.9
1242 0.001935949764 0.0007233386693 300.0000006 -3.59689451e-06 -1.343936866e-06 -3.839767755e-06 -194553420.3 -277826303.4 36142754.57 -181054648.4 -291325075.3 -14526.69819 254765238.5
1243 0.001833046984 0.0007243229866 300.0000006 -3.472606384e-06 -1.372021781e-06 -3.733823622e-06 -191786034.3 -280313396.6 41394684.15 -175446155.6 -296653275.3 -43289.80243 258336695.4
1244 0.002031484505 0.0008870158327 300.0000005 -3.676840035e-06 -1.60549762e-06 -4.012078669e-06 -203542412.1 -268991318.6 35318412.65 -188118344.4 -284415386.3 6497.449263 250553132.1
1245 0.001988155131 0.0008117569575 300.0000005 -3.640164578e-06 -1.486160065e-06 -3.931853238e-06 -199848848.1 -273011693.8 35834582.09 -185221700.6 -287638841.3 -9772.657943 252519754.4
1246 0.002025572076 0.0009721976564 300.0000005 -3.649038985e-06 -1.751568656e-06 -4.047650954e-06 -207053417.6 -265359675.7 36482622.5 -189506644.1 -282906449.2 76048.55735 249672170.5
1247 0.001934685967 0.001017116426 300.0000005 -3.519388243e-06 -1.850340222e-06 -3.976160527e-06 -208360721.6 -264235639.1 40508589.05 -187090000.3 -285506360.5 -48947.35437 251199467
1248 0.001842779304 0.001065177414 300.0000006 -3.385169556e-06 -1.956790426e-06 -3.910038579e-06 -210226555.4 -261977853.1 44953075.5 -184233832.5 -287970575.9 14881.05345 252616775.8
1249 0.001752082588 0.00111459638 300.0000006 -3.249261287e-06 -2.066889645e-06 -3.850939067e-06 -212802839.3 -259099811.4 49543337.88 -181266831.5 -290635819.2 29486.04642 254252260.8
1250 0.001673784845 0.001174045026 300.0000006 -3.123063373e-06 -2.190524206e-06 -3.814698038e-06 -216742299.8 -255834080 53378052.05 -179444398.5 -293131981.3 -204059.0931 255980240.4
1251 0.00188691509 0.0008094643397 300.0000006 -3.514775714e-06 -1.507806059e-06 -3.824542774e-06 -197615747.7 -274865000.8 40300342.26 -180419832.2 -292060916.3 -215522.2147 255259578.7
1252 0.001936002946 0.0009058313254 300.0000006 -3.550664026e-06 -1.661546575e-06 -3.920197954e-06 -203408701.7 -269422988.6 39600112.5 -184863549.9 -287968140.4 35819.1889 252715993
1253 0.001843816797 0.0009636232402 300.0000006 -3.416660705e-06 -1.785892758e-06 -3.855253982e-06 -205222517.5 -267027834.7 44625623.54 -181844339.7 -290406012.6 106669.3693 254154206.3
1254 0.001842461122 0.000879171742 300.0000006 -3.439937287e-06 -1.641489991e-06 -3.811516487e-06 -200766851.5 -272342647.6 43925562.59 -179896179.2 -293213319.9 -187347.9604 256103173.8
1255 0.001787498258 0.0008116064535 300.0000006 -3.392216183e-06 -1.539916206e-06 -3.725382192e-06 -195575638.9 -276661613.3 46310294.63 -174568847.8 -297668404.5 -44518.30994 259069753.6
1256 0.00174940343 0.001008924597 300.0000006 -3.280488461e-06 -1.892161921e-06 -3.787067631e-06 -207402215.1 -265002522.3 50013983.63 -178488998.2 -293915739.1 119476.2275 256484114.9
1257 0.001641607135 0.001062636929 300.0000006 -3.120295283e-06 -2.019739249e-06 -3.716932779e-06 -211020512.9 -261547364.5 55879291.17 -174959336.7 -297608540.7 -170438.3588 259060431.7
1258 0.001759077437 0.000904847807 300.0000006 -3.327286795e-06 -1.711726217e-06 -3.741770172e-06 -200998650.3 -271400487.6 49362879.68 -175571244.4 -296827893.5 69495.14112 258491067.7
1259 0.001658393072 0.000942085778 300.0000006 -3.187095845e-06 -1.810350675e-06 -3.665371669e-06 -203332065 -269356153.3 55480474.81 -171785025.1 -300903193.1 53101.34147 261461607.8
1260 0.00167377896 0.0008232389993 300.0000006 -3.249706628e-06 -1.598268227e-06 -3.621471315e-06 -195159893.7 -277029239.9 53526890.49 -168709756.3 -303479377.4 250546.6893 263368507.8
1261 0.001571764899 0.0008756424707 300.0000006 -3.104331598e-06 -1.729089639e-06 -3.553396341e-06 -197985121.9 -274314974.8 61319466.73 -163923971.8 -308376124.9 -180221.0472 267239146
1262 0.001555943593 0.0009766116476 300.0000006 -3.041938499e-06 -1.909257967e-06 -3.591469868e-06 -206955626.4 -267167756.4 62578296.35 -167618121.5 -306505261.3 94454.76455 265829833.7
1263 0.001489778181 0.0009116515143 300.0000006 -2.986655987e-06 -1.826982026e-06 -3.501139384e-06 -201266498.1 -270548728.3 69016008.54 -158687809.4 -313127416.9 564089.0984 271186376.5
1264 0.001571132934 0.001155448418 300.0000006 -2.990086663e-06 -2.198609683e-06 -3.711401716e-06 -217955347.8 -254901451.9 59284598.15 -174332375.9 -298524423.8 32188.9626 259742449.2
1265 0.001531993129 0.001066152254 300.0000006 -2.97312877e-06 -2.068947668e-06 -3.622159456e-06 -213326228.1 -259904242.5 63001358.79 -169447188.1 -303783282.5 50037.07006 263669142.6
1266 0.001443106374 0.001001048497 300.0000006 -2.88379891e-06 -2.000322083e-06 -3.50964166e-06 -209568175.4 -263143489.3 71883580.92 -159643251.7 -313068413.1 87932.86032 271143067
1267 0.001321934355 0.0009736899803 300.0000006 -2.739304503e-06 -2.017400843e-06 -3.402013415e-06 -209691192.8 -263134407.9 83774462.69 -148482427.5 -324343173.2 -674121.3889 281225224.5
1268 0.001198285008 0.0009626542096 300.0000007 -2.581178167e-06 -2.074061291e-06 -3.311224977e-06 -214540697.2 -258527641.4 96778155.6 -137290323.2 -335778015.4 -619052.8163 292399702.3
1269 0.001096751481 0.0009104493763 300.0000007 -2.480970616e-06 -2.059239035e-06 -3.224233327e-06 -215720913.2 -257899619.2 112631678.8 -122221192.2 -351399340.2 566.48112 308983931.3
1270 0.001095141514 0.001006405922 300.0000007 -2.40801239e-06 -2.212852708e-06 -3.270357897e-06 -225879525.2 -244422414.9 105908053.1 -128838323.1 -341463617 -310652.8845 298669390.7
1271 0.001020270335 0.001040529173 300.0000007 -2.273343209e-06 -2.319145007e-06 -3.247541023e-06 -238229683.7 -235273380.7 111513683.3 -125230340.9 -348272723.5 -714408.8863 305554819.1
1272 0.001264171857 0.001063325078 300.0000006 -2.610762798e-06 -2.196773675e-06 -3.412022361e-06 -220733173.3 -250554660.8 85277295.25 -149072901.5 -322214932.6 -81431.1521 279305742.4
1273 0.001169954936 0.001061907777 300.0000007 -2.478432341e-06 -2.249961646e-06 -3.347380197e-06 -228206678 -245687234.3 93187992.93 -143350464.9 -330543447.4 302183.5569 287097620.1
1274 0.001360938191 0.001065263315 300.0000006 -2.742766645e-06 -2.147423889e-06 -3.483417581e-06 -216929235.2 -255901372.9 76883411.99 -157102236.5 -315728371.7 -450809.5815 273430967.1
1275 0.001448743405 0.001134790373 300.0000006 -2.830184129e-06 -2.216660194e-06 -3.594930402e-06 -220394449.2 -253310686.8 67485852.1 -167389081 -306316055 184071.2455 265659121.3
1276 0.00151349875 0.001245341419 300.0000006 -2.87352111e-06 -2.36484471e-06 -3.721506947e-06 -224385090.9 -248966366.2 60406106.66 -175033416.4 -298318040.6 -427616.9067 259644512.7
1277 0.001084966267 0.001114224541 300.0000007 -2.320285522e-06 -2.382346473e-06 -3.32555251e-06 -239033522.5 -233928915.7 96406949.96 -140040490.8 -332921947.4 -13363.11107 289526872.2
1278 0.001491913535 0.001424399558 300.0000006 -2.773880423e-06 -2.648940258e-06 -3.835530851e-06 -233399296.2 -238881297 55257906.62 -180814745.6 -291465847.5 -180942.9782 254843260.9
1279 0.001474803473 0.001328629616 300.0000006 -2.78568105e-06 -2.509662785e-06 -3.749456787e-06 -229126020.9 -242266028.7 59270395.23 -176063755.1 -295328294.4 -370297.8045 257334510.3
1280 0.001459261016 0.001588555915 300.0000005 -2.667493779e-06 -2.903902474e-06 -3.943117122e-06 -240469255.7 -231725660.6 50137642.9 -185769694.6 -286425221.7 109840.5848 251675778.1
1281 0.001454460559 0.001503707894 300.0000006 -2.68922708e-06 -2.780606631e-06 -3.868296198e-06 -238565809.6 -234905706 53365046.99 -183339367 -290132148.6 52696.49045 254160089.4
1282 0.001467691496 0.00169877346 300.0000005 -2.644819183e-06 -3.061435009e-06 -4.045670872e-06 -243005028.8 -229317381.1 46500831.9 -189159450.9 -283162959.1 20201.44849 249799140.6
1283 0.001408141708 0.001450638182 300.0000006 -2.639166737e-06 -2.719160814e-06 -3.789331939e-06 -237934444.1 -234250123.8 57743298.48 -178319743.3 -293864824.6 124988.4994 256422722.8
1284 0.001400275628 0.001369738737 300.0000006 -2.659844048e-06 -2.601729765e-06 -3.720721452e-06 -235100228.2 -237942343.1 61954342.97 -174550671.6 -298491899.7 -54897.36526 259737172.2
1285 0.0009791700338 0.001106420459 300.0000007 -2.162364522e-06 -2.444021221e-06 -3.263289732e-06 -248226507.7 -221714274.2 106135954.8 -128010113.8 -341930668.1 254242.1197 299220288.8
1286 0.000903954623 0.001090011357 300.0000007 -2.053340489e-06 -2.476507364e-06 -3.217032137e-06 -258508564.1 -214864685.1 114356549.9 -120266976.5 -353106272.7 288239.2124 310936345.5
1287 0.0009118720134 0.001173413608 300.0000007 -2.007059613e-06 -2.581498351e-06 -3.269926828e-06 -262315660.9 -209753001.6 102879108.3 -129851396.7 -342217265.8 60259.69512 299226775.5
1288 0.0008288063018 0.001198948655 300.0000007 -1.846925772e-06 -2.671845522e-06 -3.248059928e-06 -275438333.1 -197604209.3 104676805.4 -124845669 -348196873.4 -575475.8862 305544801.3
1289 0.0007798372687 0.001270679833 300.0000007 -1.712296327e-06 -2.790919031e-06 -3.274322455e-06 -284136155.8 -188276312 94248312.62 -130470627.8 -341941840 58768.16668 298887019.6
1290 0.0007023104569 0.001232208157 300.0000007 -1.593805925e-06 -2.796604908e-06 -3.218884329e-06 -296930031.3 -178040759 99688883.62 -121418953.6 -353551836.8 345566.3627 311149365.7
1291 0.0006912309129 0.001308319369 300.0000007 -1.525145613e-06 -2.886854794e-06 -3.264965503e-06 -297002349.4 -175073767.7 87932965.03 -129041793.7 -343034323.4 806475.0867 300100847
1292 0.0006062382493 0.001338209973 300.0000007 -1.343538747e-06 -2.965754495e-06 -3.255886375e-06 -307722290.6 -165601835.8 83137936.34 -127302557.3 -346021569.1 -1403869.587 303139158.3
1293 0.0005361049633 0.001360861655 300.0000007 -1.19155448e-06 -3.025988327e-06 -3.252138866e-06 -316359355.2 -155505179.3 75757123.21 -125445351.8 -346419182.6 -547461.4667 303787770.1
1294 0.0004681917923 0.001338361853 300.0000007 -1.062621987e-06 -3.037907252e-06 -3.218391827e-06 -329704310.6 -145455947.8 72647117.67 -120259705 -354900553.4 621740.8579 312630330.1
1295 0.00041317191 0.00139687042 300.0000007 -9.208642696e-07 -3.11368072e-06 -3.246998401e-06 -328858950.8 -143376742.7 60350509.78 -125469485.4 -346766208.1 -191161.6258 304106768.8
1296 0.0003422714287 0.001378853854 300.0000007 -7.753866757e-07 -3.12625809e-06 -3.220980247e-06 -340650917.1 -133640993.4 54729814.36 -120062100.7 -354229809.8 26713.42177 312032199
1297 0.0004949497672 0.001417003744 300.0000007 -1.081581082e-06 -3.098143459e-06 -3.281510358e-06 -317254384.8 -154197533.6 64493500.58 -131773039.8 -339678878.5 293871.3159 296623693
1298 0.0003523513373 0.001457444951 300.0000007 -7.708335679e-07 -3.188422476e-06 -3.280277774e-06 -329556128 -144053035 47168986.03 -132748857.8 -340860305.2 411064.797 297589814.4
1299 0.0002772512764 0.001514754959 300.0000007 -5.966897105e-07 -3.259352932e-06 -3.313520806e-06 -327849676.9 -142813708.7 35001341.7 -136414202.5 -334249183 37810.52497 291092802.3
1300 0.0004406686805 0.001483727081 300.0000007 -9.448862643e-07 -3.182555958e-06 -3.319860295e-06 -317887169 -153999951.4 53019930.61 -138343482.4 -333543638.1 304754.5623 290253282.2
1301 0.0002818656091 0.001615182158 300.0000006 -5.844833442e-07 -3.349858401e-06 -3.40046645e-06 -318730028.5 -153932333.4 30096074.14 -148609022.4 -324053339.4 -408239.3838 280959887.4
1302 0.0002133958892 0.001661984359 300.0000006 -4.374149211e-07 -3.405594014e-06 -3.433569918e-06 -316909271.4 -154927466.7 20883132.47 -152278866.5 -319557871.7 255124.0262 276847198.5
1303 0.0003750627054 0.00156358736 300.0000007 -7.864180188e-07 -3.278951222e-06 -3.371939265e-06 -317816495.7 -154751507.9 41155895.09 -144953505.3 -327614498.3 309303.7903 284348721.3
1304 0.0002768098413 0.001710834727 300.0000006 -5.572111218e-07 -3.443771693e-06 -3.488559546e-06 -309820725.5 -161567910.9 24764685.39 -157540636.2 -313848000.2 -126053.3246 271801128.3
1305 0.0002674027165 0.001804566723 300.0000006 -5.246990086e-07 -3.540498297e-06 -3.579167115e-06 -304079752.9 -168546583.1 20820774.41 -165420717.5 -307205618.5 -274123.3791 266310640.8
1306 0.0002601986077 0.001886089936 300.0000006 -5.004874205e-07 -3.627923787e-06 -3.662283258e-06 -298377194.4 -174068196.1 17876053.63 -171549740 -300895650.5 -379365.6861 261437118.5
1307 0.000360448914 0.001668303354 300.0000006 -7.310988705e-07 -3.384603121e-06 -3.462664266e-06 -310186380.6 -162326094.7 33301595.89 -155172169.5 -317340305.7 190337.0338 274847224.4
1308 0.0003547107653 0.001765242186 300.0000006 -7.004294948e-07 -3.485073397e-06 -3.554762727e-06 -302779609 -169372403.4 28227647.79 -163646054.7 -308505957.7 -269914.9178 267339471.2
1309 0.0003397762456 0.001862629155 300.0000006 -6.548509996e-07 -3.591558394e-06 -3.650769978e-06 -297197284.8 -175208327.3 23641383.22 -170789487.3 -301616124.8 -582382.5769 261972307.5
1310 0.0004773465439 0.001569632342 300.0000006 -9.897760385e-07 -3.254331712e-06 -3.401518998e-06 -309638851.1 -164091079.8 48361346.08 -149487961.7 -324241969.1 342717.5893 281086439.6
1311 0.0004349630308 0.001636250636 300.0000006 -8.865389993e-07 -3.33408633e-06 -3.449939565e-06 -307824693.3 -164528151.5 40571144.86 -153839547 -318513297.8 362587.7028 275894508.9
1312 0.0005306114825 0.001497935831 300.0000007 -1.119756121e-06 -3.162663085e-06 -3.355039685e-06 -307973470.4 -163349969.3 58548107.34 -142619420.2 -328704019.5 25001.00094 285494407.4
1313 0.0004387132742 0.001718998274 300.0000006 -8.727324143e-07 -3.419038611e-06 -3.528666444e-06 -302502261.8 -171455124.9 35590908.55 -162413120.9 -311544265.8 161870.6287 269887112.5
1314 0.0005804580631 0.001424319915 300.0000007 -1.249260359e-06 -3.067092088e-06 -3.311752545e-06 -306574404.9 -166149253.2 69709200.93 -137424586.8 -335299071.3 -774985.53 291949395.9
1315 0.000683975682 0.00141454203 300.0000007 -1.4531635e-06 -3.006323844e-06 -3.339111711e-06 -295735852 -176963735.7 74445392.77 -141119964.6 -331579623.1 316264.9073 288214653.1
1316 0.0007596575241 0.001359456646 300.0000007 -1.623319406e-06 -2.905545145e-06 -3.32826658e-06 -287669629.6 -184647257.8 82671234.69 -138753919 -333562968.3 542114.0552 290232004.5
1317 0.0004445169937 0.001826517254 300.0000006 -8.595544873e-07 -3.533642762e-06 -3.636683231e-06 -295279343.5 -176811647 30542033.56 -169401245.7 -302689744.7 92746.08274 262758196
1318 0.0003035086912 0.001963278437 300.0000006 -5.728645515e-07 -3.707373188e-06 -3.751371706e-06 -292832045.7 -179650489.4 18307790.28 -176763889.4 -295718645.7 -364490.1615 257726619.8
1319 0.0002335824325 0.002020905435 300.0000006 -4.36797595e-07 -3.778742728e-06 -3.803904408e-06 -291503679.3 -180952414.8 12959799.35 -179453476.6 -293002617.4 -8694.147695 255878381.2
1320 0.0002957428235 0.002067520327 300.0000006 -5.471354337e-07 -3.826162886e-06 -3.86508468e-06 -287693554 -184415671.5 15220155.55 -182219533.9 -289889691.6 -132911.1304 253804019.6
1321 0.0002789054002 0.002164859048 300.0000005 -5.075880294e-07 -3.940449323e-06 -3.973007232e-06 -283840850.9 -188436563.1 12637196.25 -186791211.6 -285486202.5 -133994.9314 251131576.5
1322 0.0003622359346 0.002235881435 300.0000005 -6.506912557e-07 -4.017373987e-06 -4.06972884e-06 -279765909.7 -192804536.4 14398502.68 -190482574.7 -282087871.4 66321.69258 249247603
1323 0.0004113625632 0.002334919585 300.0000005 -7.281964972e-07 -4.133073599e-06 -4.196732957e-06 -275732345.5 -196828117.1 14302373.31 -194315657.3 -278244805.4 41494.36495 247207259.8
1324 0.0003712574556 0.002126821582 300.0000005 -6.783232635e-07 -3.886773043e-06 -3.945519879e-06 -284020834.2 -188928988.1 17129859.49 -185937332.9 -287012489.4 -8427.454558 252155754
1325 0.0005122139267 0.002339159281 300.0000005 -9.038262928e-07 -4.127775311e-06 -4.225568717e-06 -273271619.8 -199012069.2 17101306.92 -195263066 -277020623 -19499.78145 246528285.3
1326 0.0006244222228 0.002334122086 300.0000005 -1.098637889e-06 -4.107457436e-06 -4.251848041e-06 -270995967.9 -201676667.6 20161128.84 -196239733.2 -276432902.2 -162408.7619 246329337.4
1327 0.0003867280774 0.00202865938 300.0000006 -7.18700364e-07 -3.77046268e-06 -3.838348477e-06 -288023226.1 -185232496.9 20354260.06 -181348760.1 -291906962.9 -18657.357 255264731.3
1328 0.0004077224835 0.001930583223 300.0000006 -7.717395057e-07 -3.655743065e-06 -3.736313574e-06 -291954169.4 -180931676.6 24267411.67 -175859568.3 -297026277.6 250764.2352 258682185.4
1329 0.0004408604307 0.002174258421 300.0000005 -7.976855669e-07 -3.934688657e-06 -4.014732504e-06 -280056350.4 -192051195.5 18804043.91 -188202056.9 -283905489 -179338.1316 250181614.8
1330 0.000470102065 0.002252118276 300.0000005 -8.400810832e-07 -4.025280192e-06 -4.112008856e-06 -277340815.3 -195916091.7 17684248.21 -192241262.1 -281015644.9 79239.6747 248804566.1
1331 0.0004624042878 0.002090583026 300.0000005 -8.476606689e-07 -3.832092577e-06 -3.924724465e-06 -282847261.2 -189889545.5 21851553.88 -185009568.1 -287727238.5 -211385.4529 252553649.8
1332 0.0004790583408 0.001993907735 300.0000006 -8.928521698e-07 -3.71622991e-06 -3.821982436e-06 -286050426.1 -186574445.2 25212106.63 -180549548.2 -292075323.1 135643.7361 255288310.2
1333 0.0004922837364 0.001908980789 300.0000006 -9.325104354e-07 -3.616258342e-06 -3.734554874e-06 -289384632.3 -182935018.6 29206970.47 -175448239.5 -296871411.4 174694.0757 258513529.1
1334 0.0005141638368 0.001757144318 300.0000006 -1.007025128e-06 -3.441713282e-06 -3.586013095e-06 -295096129.3 -177122270 38259438.6 -165802295.7 -306416103.6 -426340.3768 265663851
1335 0.0005633544204 0.001842811964 300.0000006 -1.077447072e-06 -3.525749844e-06 -3.686706391e-06 -289106994.1 -183981977.5 35719255.38 -172994248.3 -300094723.3 -223160.3408 260901018
1336 0.0005228392069 0.001660939875 300.0000006 -1.050102364e-06 -3.335134421e-06 -3.496546371e-06 -298849337 -172747366.1 44714653.72 -158503203.2 -313093500 -535775.0044 271155571
1337 0.0005591762869 0.001575624982 300.0000006 -1.147215868e-06 -3.232205322e-06 -3.429760265e-06 -300822365.7 -171443193.1 52913128.11 -152559732.8 -319705826 -295944.7588 276969880.4
1338 0.0006305416965 0.001517445386 300.0000006 -1.305588715e-06 -3.142837992e-06 -3.403232645e-06 -298771212.1 -175288244.5 61753317.13 -149705918.1 -324353538.5 187550.1978 281175285.3
1339 0.0007973950814 0.00145002855 300.0000006 -1.644592242e-06 -2.991378119e-06 -3.413652964e-06 -282844598.3 -190408230.5 72590055.05 -150571696.9 -322681131.9 149037.569 279657593.9
1340 0.0007217039313 0.00150420492 300.0000006 -1.482349378e-06 -3.089871966e-06 -3.427049522e-06 -289338176.7 -183908540.1 66038838.57 -152125203.8 -321121513 -205293.7865 278227523
1341 0.0007031458795 0.00157343123 300.0000006 -1.419365183e-06 -3.176310791e-06 -3.479015344e-06 -288943719.8 -182814170.3 58978889.5 -156542044.8 -315215845.3 189690.9139 272987208.3
1342 0.0006341590298 0.001632347365 300.0000006 -1.26914065e-06 -3.268081975e-06 -3.505863314e-06 -292716757 -179302019.6 51417121.75 -159463175.5 -312555601.1 351248.0201 270700516.4
1343 0.0006007334886 0.001736935089 300.0000006 -1.174356785e-06 -3.395272579e-06 -3.592629919e-06 -290941182.5 -181634939.1 43028451.92 -166729404.6 -305846717.1 -68772.44535 265230620.1
1344 0.0007356450932 0.00164775047 300.0000006 -1.450733862e-06 -3.249980204e-06 -3.559072916e-06 -285474063.2 -189215529.5 53745131.64 -165199365.4 -309490227.3 -47989.44019 268230216.2
1345 0.000686386742 0.001714804339 300.0000006 -1.338633194e-06 -3.344706928e-06 -3.602638372e-06 -286108986.3 -186213813.9 47087395.58 -167518563.1 -304804237.2 380932.0808 264401511.9
1346 0.000683042319 0.001813982596 300.0000006 -1.303508644e-06 -3.461815854e-06 -3.699094997e-06 -283812983 -189320102.5 41187980.55 -173887723.3 -299245362.2 203598.6589 260287834.4
1347 0.0006415026367 0.001905513261 300.0000006 -1.205038307e-06 -3.579991344e-06 -3.777360893e-06 -283377286.9 -190078783.8 35231986.69 -178269314.2 -295186756.4 153252.0141 257473298.4
1348 0.0005662873096 0.001951569886 300.0000006 -1.059063826e-06 -3.65075354e-06 -3.801265253e-06 -283756807.2 -187874899.7 30461047.87 -179016154.5 -292615552.4 -68437.87294 255514673.1
1349 0.0005582013036 0.002053886478 300.0000006 -1.025364441e-06 -3.773317805e-06 -3.910153383e-06 -280802952.8 -191471542.5 26289239.54 -184309212.9 -287965282.5 -64357.09499 252624717.2
1350 0.0006628195504 0.002004988128 300.0000006 -1.221152464e-06 -3.694439547e-06 -3.89102774e-06 -278926055.1 -193842132.9 31268699.67 -183587426.4 -289180761.6 248847.0527 253456288.1
1351 0.0005375921394 0.002166911245 300.0000005 -9.705264928e-07 -3.912550003e-06 -4.031125051e-06 -277857603.4 -194414194.7 22400100.34 -188782183.7 -283489614.4 -301250.8529 249975115.1
1352 0.000555852459 0.002262364967 300.0000005 -9.893451725e-07 -4.027037036e-06 -4.146785641e-06 -274482857 -198055976.3 20155906.48 -193066356.5 -279472476.8 -152254.2367 247836276.6
1353 0.000634672559 0.002219955516 300.0000005 -1.132718504e-06 -3.962846438e-06 -4.121553475e-06 -273896066.6 -199083661.2 23382187.74 -192376998.7 -280602729.1 -76353.42553 248526271.9
1354 0.0007255140453 0.002270959116 300.0000005 -1.281718459e-06 -4.012721804e-06 -4.212450407e-06 -269941455.4 -202488156.9 23811167.82 -194930000.9 -277499611.4 153096.1874 246801155.5
1355 0.000640286339 0.002116465302 300.0000005 -1.159945687e-06 -3.834335905e-06 -4.005946308e-06 -276657670.4 -195929451.6 26615491.91 -187944866.6 -284642255.4 222461.1335 250694204.5
1356 0.0007235841571 0.002170266121 300.0000005 -1.295730316e-06 -3.886326685e-06 -4.096639129e-06 -272611674.2 -200426682.5 26934870.52 -191484274.2 -281554082.5 113656.2656 249049770.6
1357 0.0007983554403 0.002214725422 300.0000005 -1.416208511e-06 -3.929089158e-06 -4.17652824e-06 -269179553.5 -203670615.8 27250654.44 -193817030.3 -279033139 -84270.85068 247675555.6
1358 0.0007243251567 0.002083655337 300.0000005 -1.313513689e-06 -3.778176157e-06 -3.999991658e-06 -274321957.8 -198130341.6 29885996.71 -187806857.8 -284645441.6 188585.3271 250671466.2
1359 0.0008175720376 0.002117220723 300.0000005 -1.468031104e-06 -3.801558359e-06 -4.075163957e-06 -269923003.5 -202417717.1 30878735.16 -190424269.8 -281916450.8 -180026.6965 249107709
1360 0.0007312630608 0.001915150896 300.0000006 -1.363053073e-06 -3.570234129e-06 -3.82158153e-06 -277464913.5 -194122843.6 37173888.62 -179951514.9 -291636242.3 59703.00753 254860496.4
1361 0.0007768542107 0.002010191279 300.0000005 -1.420627325e-06 -3.676081516e-06 -3.941035055e-06 -274109098.1 -198987922.1 34113125.28 -185808950 -287288070.2 11160.60342 252346402.6
1362 0.0007779012914 0.001743471097 300.0000006 -1.494400066e-06 -3.349587318e-06 -3.667828615e-06 -278794487 -192818066.7 47943570.29 -171412402 -300200151.8 -31871.15359 260853055.6
1363 0.0007792097975 0.001840303126 300.0000006 -1.467423291e-06 -3.46633564e-06 -3.764148485e-06 -277183572.1 -195224402.3 42529486.78 -177144235.8 -295263738.6 -171448.1122 257403524.5
1364 0.0008434283652 0.001916962025 300.0000006 -1.558856136e-06 -3.543442206e-06 -3.871177481e-06 -272660826.5 -200151627.8 39320886.27 -182922568.6 -289889885.6 162312.2099 253908425.3
1365 0.0008812376505 0.002023959656 300.0000005 -1.597607392e-06 -3.669087505e-06 -4.001818649e-06 -269351250 -203351624.4 35337425.19 -188001520.3 -284701354.1 82472.8608 250749208.7
1366 0.0008793454015 0.001264992286 300.0000007 -1.891690784e-06 -2.720759979e-06 -3.313763538e-06 -272279620.6 -202891810.5 92756601.8 -138553329.3 -336618101.8 201751.0906 293034699.2
1367 0.0008456150838 0.001353785127 300.0000007 -1.781101293e-06 -2.850982697e-06 -3.361610342e-06 -276137147.9 -195301297.9 83111078.85 -143301469.9 -328136975.9 -137901.8385 284932855.8
1368 0.001012670697 0.001193163411 300.0000007 -2.158069054e-06 -2.542312527e-06 -3.334758606e-06 -251286011.7 -222192352.5 94878691.25 -140757774 -332720590.2 -1070327.308 289285618.8
1369 0.0009576264467 0.00125163172 300.0000007 -2.032031547e-06 -2.656101186e-06 -3.344252637e-06 -260980981.2 -212013553.9 91299995.41 -141971710 -331022825 -245715.1424 287639325.8
1370 0.0009521406716 0.001341516607 300.0000006 -1.970996305e-06 -2.777383437e-06 -3.405684241e-06 -265313973.4 -207204996.2 81842744.53 -149413507.4 -323105462.2 417547.3168 280081664.1
1371 0.0009051555411 0.001436125297 300.0000006 -1.841557754e-06 -2.922528474e-06 -3.454346176e-06 -272003914.7 -201242175 73806614.63 -154774307.3 -318471782.5 80412.51537 275840773.5
1372 0.0008718791783 0.001516664876 300.0000006 -1.746346628e-06 -3.037969451e-06 -3.504138257e-06 -275555183.5 -197126289.2 66094938.4 -159490745.1 -313190727.6 626569.3159 271248751
1373 0.0007931007171 0.001565798125 300.0000006 -1.585631162e-06 -3.130795703e-06 -3.509431278e-06 -280905580 -191356242.9 61879884.5 -159752729.1 -312509093.8 -514111.0797 270664886
1374 0.0009032072761 0.001611503173 300.0000006 -1.761269168e-06 -3.14256425e-06 -3.602468479e-06 -272512296 -200648747.9 58822213.12 -167651989.5 -305509054.3 -50630.57826 264997695.8
1375 0.0008183798526 0.001657357332 300.0000006 -1.595376728e-06 -3.231556379e-06 -3.603912242e-06 -277665779.4 -194698496.6 54808709.71 -167445392.7 -304918883.3 -383425.527 264493220.7
1376 0.0008818528547 0.001718501932 300.0000006 -1.68492848e-06 -3.284416536e-06 -3.69139212e-06 -273135995.2 -199759909.7 51368622.72 -173323270.1 -299572634.8 -149514.3917 260503124.5
1377 0.0008599613587 0.001812600265 300.0000006 -1.616885051e-06 -3.408503135e-06 -3.772560251e-06 -273306196.5 -198947251.7 45452410.07 -177405070.6 -294848377.6 46459.21045 257100241.3
1378 0.0009257149894 0.001867659399 300.0000006 -1.714134682e-06 -3.45856411e-06 -3.860041891e-06 -269050516.4 -203263338.7 43003149.53 -182015995 -290297860 135958.7378 254094217.9
1379 0.0009488600289 0.001950351869 300.0000005 -1.731101401e-06 -3.55789916e-06 -3.956685288e-06 -267229647.9 -205673941.4 39336235.69 -186505707.1 -286397882.2 -63465.48341 251780257.9
1380 0.0009512532988 0.001789356101 300.0000006 -1.781444679e-06 -3.350908177e-06 -3.795013933e-06 -268734412.5 -204462784.6 47502140.29 -179247409.7 -293949787.4 70730.51503 256605511.3
1381 0.0009798446263 0.001697567831 300.0000006 -1.860459318e-06 -3.223658426e-06 -3.721999795e-06 -266883825.4 -205219750.8 53160084.06 -174597761.2 -297505814.9 107892.8704 258940676.3
1382 0.0009600943344 0.00152028544 300.0000006 -1.896961978e-06 -3.003901519e-06 -3.552729806e-06 -267079539.4 -204282103 65400255.09 -163134191.1 -308227451.4 243562.4602 267085507.1
1383 0.001016523862 0.001605329071 300.0000006 -1.956964404e-06 -3.090676282e-06 -3.658140176e-06 -264841592 -208458984.8 58737748.7 -171498644 -301801932.8 368720.9033 262179284.4
1384 0.001003489177 0.001434781669 300.0000006 -2.008850506e-06 -2.873092587e-06 -3.505729757e-06 -262306548.3 -209158095.8 72113265.07 -158878810.8 -312585833.2 224301.9379 270719901.6
1385 0.001060049569 0.001517718876 300.0000006 -2.065213964e-06 -2.957157667e-06 -3.606922533e-06 -259365790.6 -212407519.8 64461205.18 -167282752.3 -304490558.1 -145878.6733 264125092.4
1386 0.001032044872 0.001285097505 300.0000006 -2.134219605e-06 -2.658025714e-06 -3.408811218e-06 -254322394.7 -217950369.1 84819292.36 -149391119.7 -322881644.1 -550368.1501 279884835.4
1387 0.001041508252 0.0013643948 300.0000006 -2.106791043e-06 -2.760324093e-06 -3.472456989e-06 -257319940.4 -215004338.8 77528912.2 -155798069.8 -316526209.4 -32379.66326 274130827.3
1388 0.001101863552 0.001428921246 300.0000006 -2.172912493e-06 -2.818555567e-06 -3.55890489e-06 -254234545.1 -218311918.6 69726060.84 -164271796.1 -308274667.6 -354376.1536 267166684.1
1389 0.001110369654 0.001228157548 300.0000006 -2.289824126e-06 -2.533252223e-06 -3.414771036e-06 -243861119.4 -228428001.6 85749160.94 -150054011.3 -322235109.7 -938733.8566 279287746.1
1390 0.001118000394 0.001331778975 300.0000006 -2.246329871e-06 -2.675866588e-06 -3.493745824e-06 -249041922.8 -223376538.1 76787997.42 -158359139.4 -314059321.5 -661711.0558 271989014.8
1391 0.001207406656 0.001162813464 300.0000006 -2.473421113e-06 -2.382038395e-06 -3.433936359e-06 -233061701.2 -238578809.6 83695893.95 -152079829.4 -319560681.4 391583.5605 276855611.7
1392 0.001327194393 0.001153317963 300.0000006 -2.650866512e-06 -2.304419146e-06 -3.512469282e-06 -225390103.1 -246547459 75252919.85 -159975953.5 -311961608.6 23192.50226 270196219
1393 0.001393989607 0.001256854881 300.0000006 -2.698702896e-06 -2.433244276e-06 -3.633686149e-06 -228715771.9 -243772627.6 66523418.18 -169299048.3 -303189351.2 -623769.4413 263168100.4
1394 0.001207355289 0.001281861237 300.0000006 -2.409925661e-06 -2.55863127e-06 -3.514873492e-06 -241623598.2 -231919610.6 75712273.28 -160904675.3 -312638533.6 315003.1368 270792287.9
1395 0.001288249797 0.001236832977 300.0000006 -2.553889249e-06 -2.452103211e-06 -3.540502852e-06 -232986719.5 -238990420.7 73326304.63 -162600847.3 -309376292.8 -14396.55702 268044547.4
1396 0.001305418012 0.00132935335 300.0000006 -2.536046138e-06 -2.582639195e-06 -3.619607053e-06 -237826604.3 -234797537.8 67865910.23 -168429846.4 -304194295.7 281341.856 263946247.7
1397 0.001214983017 0.001402332291 300.0000006 -2.364344274e-06 -2.72910954e-06 -3.610839613e-06 -246034170.5 -226647041.5 67875446.92 -167776503.3 -304904708.7 -72874.62097 264499539.7
1398 0.001327778414 0.001428679517 300.0000006 -2.526194799e-06 -2.718969371e-06 -3.711395197e-06 -241281602.5 -231942065.7 62379887.42 -174057475.5 -299166192.7 96506.8155 260238988.9
1399 0.001271366041 0.001493337364 300.0000006 -2.413186196e-06 -2.835462885e-06 -3.723347554e-06 -245870891.2 -226520699.6 60271175.34 -175153041.2 -297238549.6 -64905.05803 258780060.9
1400 0.001173181957 0.001522792265 300.0000006 -2.246561094e-06 -2.916432168e-06 -3.681387413e-06 -252479134.9 -220698547.1 61693617.53 -172882750.5 -300294931.5 -371371.4601 261055724.6
1401 0.001366570479 0.001526984365 300.0000006 -2.547368429e-06 -2.846884256e-06 -3.820187924e-06 -242946336.5 -229952041.7 55445337.54 -180625444.9 -292272933.3 328573.8435 255455307.6
1402 0.001370646088 0.001637995187 300.0000006 -2.514817428e-06 -3.005284054e-06 -3.918678213e-06 -245466602.7 -227196560 51034976.62 -184485488 -288177674.8 -7032.802561 252817461.3
1403 0.001274331897 0.001586426694 300.0000006 -2.382437322e-06 -2.966250166e-06 -3.804556163e-06 -248539615.8 -223879223 55346445.34 -179506231.8 -292912607.1 106128.4038 255813756.7
1404 0.001184504442 0.001636804488 300.0000006 -2.220869816e-06 -3.069512316e-06 -3.788689545e-06 -254246344.2 -218737043.1 54927549.2 -178766741.8 -294216645.4 -305311.2329 256758857.7
1405 0.001105008194 0.001594646902 300.0000006 -2.107749016e-06 -3.042076206e-06 -3.700923332e-06 -258195235.7 -214886635.1 58473403 -174187267.7 -298894603.1 -260206.7901 260030299.9
1406 0.001090658043 0.001690852852 300.0000006 -2.048324286e-06 -3.176258657e-06 -3.779451188e-06 -260354941.2 -212205343.8 52839815.86 -178214477.5 -294345807.5 143598.5526 256794143.2
1407 0.001035164294 0.001770626246 300.0000006 -1.929033475e-06 -3.299803436e-06 -3.822286338e-06 -263320126.2 -208744551.8 48345943.2 -180517029.9 -291547648 63374.60374 254866878.4
1408 0.001024465509 0.001870107853 300.0000006 -1.880677141e-06 -3.433261413e-06 -3.914617533e-06 -263488487.4 -208423325.4 43327183.08 -184620998.6 -287290814.1 -122711.2859 252152836.9
1409 0.001183883851 0.001725985886 300.0000006 -2.188635392e-06 -3.1915281e-06 -3.869880661e-06 -255407819.3 -216593088 50390778.67 -182001612.9 -289999294.4 -40180.2653 253857919.6
1410 0.001129263038 0.001805965925 300.0000006 -2.073684594e-06 -3.317475501e-06 -3.912264194e-06 -259051764 -213013615.6 46488547.68 -184158362 -287907017.7 341987.4488 252556170.4
1411 0.001279592803 0.001701172134 300.0000006 -2.350420458e-06 -3.125273999e-06 -3.910474883e-06 -250640030.1 -221822915.5 50314797.91 -183894360.3 -288568585.4 -109837.9975 253027399.7
1412 0.001431453994 0.001797683868 300.0000005 -2.559183271e-06 -3.214131797e-06 -4.108535288e-06 -246382944.9 -226405743.8 43352240.06 -191906276.7 -280882412.1 26268.13647 248635984.2
1413 0.00137632288 0.001726858807 300.0000005 -2.494379935e-06 -3.130039913e-06 -4.002384422e-06 -247091657.2 -225490617.3 47348387.06 -187726542.7 -284855731.8 -33826.63039 250816794.7
1414 0.001387005303 0.00189675386 300.0000005 -2.461887093e-06 -3.366878431e-06 -4.170942149e-06 -248897072.1 -223607438.6 40665330.38 -193667246.5 -278837264.2 -278402.7009 247499110.3
1415 0.001332149232 0.001799025329 300.0000005 -2.402810416e-06 -3.245468487e-06 -4.038138616e-06 -249832108.5 -222427508.2 44907105.38 -189178758.2 -283080858.5 5721.981143 249740845.4
1416 0.001235085308 0.001796121508 300.0000005 -2.248839506e-06 -3.27093772e-06 -3.969422199e-06 -254250950.8 -218841800.6 46374686.05 -186907086 -286185665.5 -66339.06624 251687064.3
1417 0.00137858072 0.002003111996 300.0000005 -2.420951394e-06 -3.51825058e-06 -4.270725079e-06 -250489259.4 -222270284.2 37226896.39 -196568899.3 -276190644.3 -117853.5434 246231912.8
1418 0.001359640286 0.002098904056 300.0000005 -2.368232143e-06 -3.65616184e-06 -4.356150005e-06 -251728412.6 -220685098.6 34258416.01 -198596445.9 -273817065.3 159718.6051 245025129.5
1419 0.001345693134 0.002198364375 300.0000004 -2.324261889e-06 -3.797024583e-06 -4.4519197e-06 -252536640 -219731406.6 31538680.07 -200585950.4 -271682096.2 262092.8436 244029669.3
1420 0.001243548746 0.002249590478 300.0000004 -2.149327143e-06 -3.888288948e-06 -4.442791702e-06 -255254723 -217380819.9 30333929.75 -200558216.6 -272077326.3 -98305.68123 244299724.5
1421 0.00131261955 0.001950193958 300.0000005 -2.329660585e-06 -3.461452121e-06 -4.172405686e-06 -252004044.1 -220422040.4 39554544.46 -193623725.4 -278802359 -260428.4807 247463844.8
1422 0.001283200836 0.001876320054 300.0000005 -2.302772845e-06 -3.367146419e-06 -4.079269271e-06 -252230580.6 -219622477 42386393.83 -190512910.3 -281340147.4 -178154.3571 248693812.7
1423 0.001283973648 0.002028527141 300.0000005 -2.263644493e-06 -3.576830718e-06 -4.232942747e-06 -253979060.8 -218671849.7 36748603.93 -195557125 -277093785.5 230061.275 246649650
1424 0.001258373487 0.002130982924 300.0000005 -2.198516143e-06 -3.723171715e-06 -4.323827106e-06 -254895007.8 -217283920.9 33556438.26 -197623715.5 -274555213.2 263014.2642 245310587.2
1425 0.001202154354 0.001869063863 300.0000005 -2.174230081e-06 -3.380486949e-06 -4.019324378e-06 -256278763 -215954603 43429752.65 -188236194.5 -283997171.5 334225.4307 250257960.2
1426 0.001133000348 0.001920173654 300.0000005 -2.046477989e-06 -3.468884346e-06 -4.027558899e-06 -259782732.1 -213006836.7 41334741.1 -188904577.3 -283884991.4 486983.6612 250298151.9
1427 0.001229889848 0.001947605515 300.0000005 -2.197396078e-06 -3.479632534e-06 -4.115384805e-06 -255618419.8 -216929124.1 39966615.56 -191872614.8 -280674929.1 288106.346 248475215.2
1428 0.001047473694 0.001987838651 300.0000005 -1.886816101e-06 -3.581302266e-06 -4.047937851e-06 -262021279.4 -210156880.7 38416607.4 -189740330.6 -282437829.4 -328811.7317 249365189.6
1429 0.001164198656 0.0020418465 300.0000005 -2.066155376e-06 -3.62416128e-06 -4.171755383e-06 -258287254.2 -214491147.6 36544617.89 -193786616.9 -278991784.9 231680.0638 247638760.7
1430 0.001152781476 0.002169715028 300.0000005 -2.018242654e-06 -3.798869777e-06 -4.301710704e-06 -258326285.5 -214576910.5 32702316.83 -197108082.1 -275795113.9 -176750.1409 246075575
1431 0.001144934805 0.002262440807 300.0000004 -1.986342868e-06 -3.925471393e-06 -4.399418555e-06 -257835231.8 -214420070.3 29709819.01 -199332520.6 -272922781.5 -103833.2598 244577073.4
1432 0.001083393408 0.002333171487 300.0000004 -1.872152885e-06 -4.032159878e-06 -4.445589914e-06 -259385278.4 -212775148.4 27354759.28 -200144362.4 -272016064.3 153384.9556 244147688.7
1433 0.0009663578666 0.00229240394 300.0000005 -1.68575223e-06 -3.999398243e-06 -4.340155165e-06 -262828082.5 -209646747.2 27080277.23 -198284961.6 -274189868 127734.1762 245212828.4
1434 0.0008878517042 0.002206063259 300.0000005 -1.570097476e-06 -3.901114097e-06 -4.20522262e-06 -266154923.2 -206185084.5 28754522.54 -194625848.3 -277714159.4 33052.26012 246888688.7
1435 0.0009298034859 0.002113528564 300.0000005 -1.65981275e-06 -3.773222923e-06 -4.122158364e-06 -265859547.4 -206200526.3 32432402.69 -191965825.5 -280094248.2 75622.70675 248062813.9
1436 0.0009702119334 0.002036863857 300.0000005 -1.745561584e-06 -3.664638978e-06 -4.059133415e-06 -265256232.2 -207833252.9 35849381.88 -190616102.1 -282473383 -296320.8704 249563616.5
1437 0.001043461121 0.002109152311 300.0000005 -1.851244158e-06 -3.742592706e-06 -4.175416747e-06 -261735389 -211071712.8 33952051.22 -194045212.9 -278761889 -463683.9719 247527716.2
1438 0.001061493713 0.002225961201 300.0000005 -1.856327131e-06 -3.893641505e-06 -4.313513004e-06 -260450699.7 -211652873.6 30190947.07 -197234287.8 -274869285.6 -44948.23239 245440108.2
1439 0.0009777935782 0.002189421855 300.0000005 -1.724575152e-06 -3.862016716e-06 -4.229578293e-06 -263500389.7 -209117762.2 30267539.36 -195621372 -276996780 47161.09031 246593702
