id x y T ux uy ur sigma_xx sigma_yy tau_xy sigma_rr sigma_tt tau_rt von_mises
0 0.004 0 300 -6.369693381e-06 0 -6.369693381e-06 -204544797.8 1001423657 -21427478.11 -204544797.8 1001423657 -21427478.11 1118437001
1 0.005 0 300.0000008 -1.532828477e-05 0 -1.532828477e-05 -12312317.34 780314780.4 -8802627.492 -12312317.34 780314780.4 -8802627.492 786690975.9
2 0.00498097349 0.0004357787137 300.0000008 -1.527058733e-05 -1.337157227e-06 -1.532901907e-05 -5097482.811 772496728 -68808547.23 -11139259.99 778538505.2 -249281.9473 784167594.6
3 0.004924038765 0.0008682408883 300.0000008 -1.509623812e-05 -2.662256528e-06 -1.532918833e-05 11958807.06 755908770.9 -135403732.2 -11919160.54 779786738.5 -14951.34897 785814117.9
4 0.004829629131 0.001294095226 300.0000008 -1.480682117e-05 -3.967496942e-06 -1.532915475e-05 41277177.23 726189505.6 -197949789.3 -11817291.08 779283973.9 -201464.0717 785259388.8
5 0.004698463104 0.001710100717 300.0000008 -1.440388581e-05 -5.242541931e-06 -1.532828014e-05 81023188.79 686504943.5 -254472953.1 -11720961.9 779249094.2 -339506.7252 785175411.3
6 0.004531538935 0.002113091309 300.0000008 -1.389211824e-05 -6.477807651e-06 -1.532817475e-05 129873833.1 637548011.7 -303126772.6 -11660993.17 779082838 -395641.8472 784978596.2
7 0.004330127019 0.0025 300.0000008 -1.327437159e-05 -7.663681257e-06 -1.532778365e-05 186353561.9 581193951.8 -342643651.8 -11674447.49 779221961.2 -350921.8094 785124520.6
8 0.004095760221 0.002867882182 300.0000008 -1.255641185e-05 -8.791625995e-06 -1.532827994e-05 248816895.4 518560710.1 -371656534.2 -11683008.92 779060614.4 -375885.017 784967597.8
9 0.003830222216 0.003213938048 300.0000008 -1.174224745e-05 -9.852700412e-06 -1.532827715e-05 315405949 452004109.7 -389456312.3 -11694577.29 779104636 -366915.0553 785017515.8
10 0.003535533906 0.003535533906 300.0000008 -1.08386025e-05 -1.083827176e-05 -1.532786478e-05 384118276.3 383410480.3 -395442508.3 -11678130 779206886.6 -353898.0473 785111333.4
11 0.003213938048 0.003830222216 300.0000008 -9.853137754e-06 -1.174202255e-05 -1.532838599e-05 452699415.9 314654985.1 -389288747.5 -11682958.1 779037359.1 -374331.2749 784944316.2
12 0.002867882182 0.004095760221 300.0000008 -8.79203328e-06 -1.255620296e-05 -1.532834244e-05 519280929.5 248128388.2 -371429260.4 -11694491.77 779103809.5 -363732.1915 785016641.3
13 0.0025 0.004330127019 300.0000008 -7.664092982e-06 -1.327425067e-05 -1.532788479e-05 581808542.5 185744849.5 -342298348.5 -11678292.72 779231684.7 -351435.5554 785136209.3
14 0.002113091309 0.004531538935 300.0000008 -6.478378369e-06 -1.389211966e-05 -1.532841723e-05 638127090.4 129270122 -302638797 -11679639.66 779076852.1 -371057.586 784982105.1
15 0.001710100717 0.004698463104 300.0000008 -5.242881364e-06 -1.440396132e-05 -1.53284672e-05 686869883.5 80602796.13 -253892281 -11676239.27 779148918.9 -357714.9396 785052409.4
16 0.001294095226 0.004829629131 300.0000008 -3.967782023e-06 -1.480583014e-05 -1.532827127e-05 726327352.6 41189305.13 -197369909.4 -11600102.92 779116760.7 -357156.4302 784981341.4
17 0.0008682408883 0.004924038765 300.0000008 -2.662224739e-06 -1.509581227e-05 -1.532876344e-05 754763075.1 12290042.85 -134810843.6 -11429679.84 778482797.8 -289611.5265 784260266
18 0.0004357787137 0.00498097349 300.0000008 -1.336574889e-06 -1.526978589e-05 -1.532816992e-05 773632871.1 -5644117.091 -68493858.27 -11618466.52 779607220.6 -206731.793 785480983.7
19 0 0.005 300.0000008 0 -1.532839968e-05 -1.532839968e-05 780032840.8 -12089548.13 -8737814.667 -12089548.13 780032840.8 8737814.667 786293000.5
20 0 0.004 300 0 -6.365940539e-06 -6.365940539e-06 1000184261 -204882233.1 -23804938.7 -204882233.1 1000184261 23804938.7 1117571159
21 0.000348622971 0.003984778792 300 -5.557669578e-07 -6.343445146e-06 -6.367744704e-06 997563494.9 -199464603 -105207788.9 -208640970.5 1006739862 -321427.6723 1125657007
22 0.0006945927107 0.003939231012 300 -1.105682144e-06 -6.270771185e-06 -6.367503769e-06 970243513.9 -170421806.2 -208279009.7 -207262155 1007083863 652990.3565 1125125397
23 0.00103527618 0.003863703305 300 -1.648063759e-06 -6.151325265e-06 -6.368274227e-06 919268677.6 -122126131.9 -301639411.1 -203185612.9 1000328159 878690.3953 1115883249
24 0.001368080573 0.003758770483 300 -2.174758507e-06 -5.984552787e-06 -6.367451308e-06 859230326.8 -63181193.34 -391709032.4 -207065255.6 1003114389 3609179.528 1121099333
25 0.001690473047 0.003625231148 300 -2.688400564e-06 -5.771040115e-06 -6.366505769e-06 787208807.5 9954552.356 -467097204.7 -209040240.5 1006203600 2538644.156 1125388770
26 0.002 0.003464101615 300 -3.183181266e-06 -5.514883335e-06 -6.3676197e-06 697802720.6 98549034.55 -522175785.1 -203855039.1 1000206794 1603434.864 1116187895
27 0.002294305745 0.003276608177 300 -3.650143443e-06 -5.218133068e-06 -6.368080638e-06 601551194.3 195252642.9 -569794320.2 -206510743.9 1003314581 3983259.772 1120950345
28 0.002571150439 0.003064177772 300 -4.090771552e-06 -4.878681328e-06 -6.366783989e-06 501405636.4 295897267.3 -598758078.4 -208853222.9 1006156127 2780131.579 1125225292
29 0.002828427125 0.002828427125 300 -4.502440786e-06 -4.503339024e-06 -6.368047973e-06 396844676.3 399715274.2 -601982139.6 -203702164.3 1000262115 1435298.939 1116145424
30 0.003064177772 0.002571150439 300 -4.875521466e-06 -4.095002738e-06 -6.367083148e-06 289091633.9 507209152.1 -595198531.7 -206943590.4 1003244376 4046771.123 1121155230
31 0.003276608177 0.002294305745 300 -5.215163313e-06 -3.654197139e-06 -6.367973062e-06 188995704.9 609115400.1 -569692417.2 -208124907.2 1006236012 2545406.53 1124841813
32 0.003464101615 0.002 300 -5.513585998e-06 -3.183908853e-06 -6.366859967e-06 95781400.21 700313035.4 -520764461.6 -204080944.2 1000175380 1387645.906 1116298497
33 0.003625231148 0.001690473047 300 -5.770316447e-06 -2.693107847e-06 -6.367839287e-06 6194717.384 790142818.4 -460732053.4 -206728524.3 1003066060 4116687.966 1120844062
34 0.003758770483 0.001368080573 300 -5.984356828e-06 -2.178700442e-06 -6.368615389e-06 -66047117.66 862865743.8 -386978430.4 -206129895.1 1002948521 2104162.683 1120333087
35 0.003863703305 0.00103527618 300 -6.149362199e-06 -1.648719086e-06 -6.366547662e-06 -129927808.3 926182187 -302055283.8 -210209495.1 1006463874 2439949.685 1126385229
36 0.003939231012 0.0006945927107 300 -6.27102079e-06 -1.1068668e-06 -6.367955296e-06 -173596651.3 971482219 -207216867.5 -209940641.2 1007826209 1099858.363 1127553125
37 0.003984778792 0.000348622971 300 -6.342166195e-06 -5.544100516e-07 -6.366352358e-06 -197657577.6 993724995.6 -106069058.5 -207026387.1 1003093805 -1016924.818 1121038401
38 0.004125 0 300.0000002 -7.580550443e-06 0 -7.580550443e-06 -188287694 969321762.1 -14499889.62 -188287694 969321762.1 -14499889.62 1076187267
39 0.00425 0 300.0000003 -8.758664394e-06 0 -8.758664394e-06 -150857313.8 938033898.4 -11895429.97 -150857313.8 938033898.4 -11895429.97 1022056408
40 0.004375 0 300.0000005 -9.90860411e-06 0 -9.90860411e-06 -120269950.2 905757749.8 -9711462.961 -120269950.2 905757749.8 -9711462.961 971637967.2
41 0.0045 0 300.0000006 -1.103442326e-05 0 -1.103442326e-05 -91404364.43 881904133.5 -9364789.356 -91404364.43 881904133.5 -9364789.356 931119027.4
42 0.004625 0 300.0000007 -1.213705675e-05 0 -1.213705675e-05 -65145346.08 851418337.2 -7553844.342 -65145346.08 851418337.2 -7553844.342 885886124.2
43 0.00475 0 300.0000007 -1.321938009e-05 0 -1.321938009e-05 -42594296.32 830665016.3 -7256336.552 -42594296.32 830665016.3 -7256336.552 852852975.9
44 0.004875 0 300.0000008 -1.428296328e-05 0 -1.428296328e-05 -21749284.98 807646235.7 -6484431.636 -21749284.98 807646235.7 -6484431.636 818814597.6
45 0.004995243373 0.0001089446784 300.0000008 -1.529210878e-05 -3.436556483e-07 -1.529596637e-05 -7718181.949 790163038.2 -22070618.8 -8301089.095 790745945.4 -4656368.66 794969908.9
46 0.004990486745 0.0002178893569 300.0000008 -1.527076403e-05 -6.676238866e-07 -1.528535099e-05 -6101561.566 801844544.5 -35531764.78 -7661119.488 803404102.4 -187984.2026 807261993
47 0.004985730118 0.0003268340353 300.0000008 -1.526489435e-05 -9.929420298e-07 -1.529715248e-05 -6651467.528 787090321.1 -50105421.96 -9796207.703 790235061.3 2133594.947 795187010.3
48 0.004966739809 0.0005438942574 300.0000008 -1.520629482e-05 -1.674839961e-06 -1.529824824e-05 61783.95294 781047473.9 -88994282.29 -9943815.271 791053073.2 -2374963.303 796082188.6
49 0.004952506128 0.000652009801 300.0000008 -1.515580398e-05 -1.996281414e-06 -1.528671099e-05 5509494.146 789424537.6 -105093959.6 -8335195.443 803269227.1 -66898.28281 807469099.2
50 0.004938272446 0.0007601253447 300.0000008 -1.512119297e-05 -2.319851503e-06 -1.529810871e-05 7682434.373 773549758.7 -118496553.2 -10226784.35 791458977.5 2146530.239 796630280.1
51 0.004900436357 0.0009747044726 300.0000008 -1.500253165e-05 -2.992598457e-06 -1.529808912e-05 21016626.55 759888921.7 -155381622 -10323648.31 791229196.6 -2185134.529 796450196.5
52 0.004876833948 0.001081168057 300.0000008 -1.492426865e-05 -3.308663272e-06 -1.528662969e-05 29518979.91 764838639.3 -171551166.2 -8534812.68 802892431.9 -98399.64402 807193697.8
53 0.00485323154 0.001187631641 300.0000008 -1.486170078e-05 -3.628277645e-06 -1.529818552e-05 34004309.81 746586919.2 -183260833.6 -10359027.43 790950256.4 1970995.864 796187633.3
54 0.004796837625 0.001398096598 300.0000008 -1.468431661e-05 -4.288601691e-06 -1.529775112e-05 53874124.17 726986389.8 -217132122.7 -10083263.16 790943777.1 -2304218.333 796043311.2
55 0.004764046118 0.001502097971 300.0000008 -1.457854789e-05 -4.596629426e-06 -1.528604137e-05 65005409.53 729415062.7 -232753029 -8417679.629 802838151.8 -115258.9568 807079940
56 0.004731254611 0.001606099344 300.0000008 -1.448822381e-05 -4.909443941e-06 -1.52974246e-05 71270416.9 709288109.3 -242340718.9 -10335112.59 790893638.8 1946786.141 796118651.4
57 0.004656732062 0.001810848365 300.0000008 -1.425394354e-05 -5.551701923e-06 -1.529693542e-05 96945022.86 684159340 -272420980.1 -9962617.159 791066980.1 -2500015.285 796106819.7
58 0.00461500102 0.001911596013 300.0000008 -1.412201818e-05 -5.849305879e-06 -1.5285476e-05 110652634.7 683929707.1 -287024965.1 -8350180.949 802932522.8 -273246.4925 807140147.4
59 0.004573269977 0.002012343661 300.0000008 -1.400505173e-05 -6.153158986e-06 -1.529714894e-05 118304294.4 662208020.6 -294077779.1 -10288701.87 790801016.8 1836199.986 796001593.2
60 0.004481185956 0.002209818482 300.0000008 -1.371576574e-05 -6.772834245e-06 -1.529684432e-05 148716857.2 632313728.5 -319183893.6 -9907825.036 790938410.7 -2483566.458 795950198.3
61 0.004430832977 0.002306545654 300.0000008 -1.355828006e-05 -7.057813082e-06 -1.52852767e-05 164807625.7 629780018.5 -332375590.8 -8320926.588 802908570.7 -201263.8356 807101279.6
62 0.004380479998 0.002403272827 300.0000008 -1.341516439e-05 -7.350218833e-06 -1.529680617e-05 173460612.9 607149238.2 -336819671.8 -10276228.93 790886080 1919883.769 796080885.8
63 0.00427153532 0.002591970545 300.0000008 -1.307313599e-05 -7.942171143e-06 -1.529656506e-05 207841383 573284499.1 -356414911.6 -9952320.667 791078202.8 -2506411.48 796112857.5
64 0.00421294362 0.002683941091 300.0000008 -1.289166462e-05 -8.212393596e-06 -1.528523552e-05 226120334 568482977.5 -367757593.3 -8344267.437 802947579 -278109.9254 807152205.5
65 0.004154351921 0.002775911636 300.0000008 -1.272384342e-05 -8.491403066e-06 -1.529705984e-05 235290446.8 545230370.9 -369342772 -10272217.47 790793035.2 1840538.541 795985240.9
66 0.00402937572 0.002954396148 300.0000008 -1.233164893e-05 -9.051684623e-06 -1.529714011e-05 272391872.8 508515599.4 -382625035.7 -9964081.947 790871554.2 -2468286.79 795911857.2
67 0.003962991219 0.003040910115 300.0000008 -1.212713519e-05 -9.305136736e-06 -1.528571155e-05 292450599.2 501960706.9 -391812655.6 -8368913.05 802780219.2 -222965.3903 806997314.7
68 0.003896606717 0.003127424082 300.0000008 -1.193541007e-05 -9.568388194e-06 -1.529731979e-05 301706306.7 478734581.9 -390639953.8 -10317709.69 790758598.3 1874360.65 795974229
69 0.003756550138 0.003294337013 300.0000008 -1.149553063e-05 -1.009199579e-05 -1.529691264e-05 340675811.2 440338019.3 -397333934.4 -9931985.362 790945815.9 -2466013.656 795969744.3
70 0.003682878061 0.003374735977 300.0000008 -1.126964513e-05 -1.032650597e-05 -1.528534026e-05 362127384.4 432432758.6 -404089077.7 -8335083.846 802895226.8 -199763.1778 807095123
71 0.003609205983 0.003455134942 300.0000008 -1.105572361e-05 -1.057191885e-05 -1.529687613e-05 370918325.1 409671454.4 -400114941.6 -10284385.34 790874164.8 1913676.971 796073083.5
72 0.003455134942 0.003609205983 300.0000008 -1.05721454e-05 -1.105520715e-05 -1.529665973e-05 410513394.6 370584330.3 -400012198.8 -9953401.992 791051127 -2505564.84 796086326.4
73 0.003374735977 0.003682878061 300.0000008 -1.032691019e-05 -1.126927524e-05 -1.528534063e-05 432914003.6 361655661.6 -404062590.3 -8345464.397 802915129.7 -277216.0714 807120364.3
74 0.003294337013 0.003756550138 300.0000008 -1.009258145e-05 -1.149535703e-05 -1.529716827e-05 440707000.5 339784551.8 -397331764 -10273232.83 790764785 1841002.502 795957513.4
75 0.003127424082 0.003896606717 300.0000008 -9.568710849e-06 -1.193504947e-05 -1.529724052e-05 479507200.2 301380965.8 -390384626.5 -9963604.7 790851770.7 -2465587.435 795891807
76 0.003040910115 0.003962991219 300.0000008 -9.305552158e-06 -1.21269316e-05 -1.528580292e-05 502379212.9 292017351.1 -391690801.3 -8368807.027 802765371 -219938.384 806982410.8
77 0.002954396148 0.00402937572 300.0000008 -9.052211177e-06 -1.233158384e-05 -1.529739897e-05 508876826 271556044.7 -382558330.3 -10317757.69 790750628.3 1877404.851 795966305.6
78 0.002775911636 0.004154351921 300.0000008 -8.491781377e-06 -1.272347511e-05 -1.529696379e-05 546020261.6 235000094.8 -369021039.6 -9931888.716 790952245.1 -2462665.406 795976092.8
79 0.002683941091 0.00421294362 300.0000008 -8.212893965e-06 -1.289151511e-05 -1.528537828e-05 568888131.9 225685682.7 -367535510.2 -8335198.817 802909013.5 -196307.6628 807108964.9
80 0.002591970545 0.00427153532 300.0000008 -7.942746345e-06 -1.307318281e-05 -1.529690349e-05 573583319.4 207025952.3 -356208460.1 -10284765.37 790894037.1 1916908.021 796093171.4
81 0.002403272827 0.004380479998 300.0000008 -7.350579516e-06 -1.341481738e-05 -1.529667543e-05 607866968.7 173262371.4 -336452251.1 -9952668.451 791082008.6 -2503558.925 796116813.2
82 0.002306545654 0.004430832977 300.0000008 -7.058313666e-06 -1.355810945e-05 -1.52853565e-05 630198880.6 164409381.6 -332130443.2 -8344140.877 802952403.1 -274014.1293 807156960.9
83 0.002209818482 0.004481185956 300.0000008 -6.773479694e-06 -1.371583286e-05 -1.529718999e-05 632640360.7 147891492.4 -318886474.9 -10271892.1 790803745.2 1845541.516 795995819.1
84 0.002012343661 0.004573269977 300.0000008 -6.15371064e-06 -1.400495459e-05 -1.529728221e-05 662809625.7 118137619.7 -293569596 -9956072.968 790903318.4 -2462738.752 795939488.2
85 0.001911596013 0.00461500102 300.0000008 -5.849899799e-06 -1.412218928e-05 -1.528586136e-05 684186718.2 110289136.2 -286651840.5 -8358969.058 802834823.4 -209975.6936 807046857.2
86 0.001810848365 0.004656732062 300.0000008 -5.552282977e-06 -1.425431004e-05 -1.529748759e-05 684303563.4 96202211.25 -272004660.6 -10307657.93 790813432.5 1893437.265 796024071.6
87 0.001606099344 0.004731254611 300.0000008 -4.909605556e-06 -1.448784941e-05 -1.529712202e-05 709767328.6 71358250.81 -241835633.2 -9899351.973 791024931.4 -2466624.525 796032239.4
88 0.001502097971 0.004764046118 300.0000008 -4.596819481e-06 -1.457801058e-05 -1.528558608e-05 729761411.2 64966191.62 -232528718.6 -8293373.945 803020976.7 -179061.2442 807199677
89 0.001398096598 0.004796837625 300.0000008 -4.288972544e-06 -1.468363465e-05 -1.529720018e-05 727143766.4 53543989.04 -216870587 -10234708.34 790922463.7 1952672.826 796096346.2
90 0.001187631641 0.00485323154 300.0000008 -3.628499078e-06 -1.486053197e-05 -1.529710284e-05 746914379.5 34226911.46 -182636995 -9842433.251 790983724.2 -2548551.567 795962822.8
91 0.001081168057 0.004876833948 300.0000008 -3.30913312e-06 -1.49232972e-05 -1.528578297e-05 765027614.9 29697428.64 -171172773.3 -8195955.059 802920998.6 -246765.2095 807050302.5
92 0.0009747044726 0.004900436357 300.0000008 -2.993193077e-06 -1.500192983e-05 -1.529761486e-05 759301982.6 21144287.79 -154992295.5 -10074200.75 790520471.1 1962166.654 795612667.7
93 0.0007601253447 0.004938272446 300.0000008 -2.318995217e-06 -1.512048288e-05 -1.529727662e-05 772663727.1 8118113.808 -118074151.5 -9694668.422 790476509.4 -2350643.126 795378578.2
94 0.000652009801 0.004952506128 300.0000008 -1.995100618e-06 -1.515438666e-05 -1.528515167e-05 789045988 5708206.954 -105052586.6 -8135609.37 802889804.3 101638.2265 806988385.8
95 0.0005438942574 0.004966739809 300.0000008 -1.673707553e-06 -1.520459032e-05 -1.52964306e-05 781145173.2 -230797.2027 -88824328.26 -10194990.37 791109366.4 2166804.987 796264657.5
96 0.0003268340353 0.004985730118 300.0000008 -9.931121955e-07 -1.526517955e-05 -1.529744819e-05 788098302.4 -6725145.908 -50395674.49 -9903149.279 791276305.8 -1916429.953 796280986.8
97 0.0002178893569 0.004990486745 300.0000008 -6.679019714e-07 -1.527124995e-05 -1.528584858e-05 801934762.5 -5778290.2 -36306092.12 -7405778.615 803562250.9 969520.9651 807292363.8
98 0.0001089446784 0.004995243373 300.0000008 -3.436333363e-07 -1.529233531e-05 -1.529619237e-05 789399561.5 -7254885.63 -22108864.26 -7840043.477 789984719.4 4721320.563 793975887.7
99 0 0.004875 300.0000008 0 -1.428327795e-05 -1.428327795e-05 808758852.1 -22167293.35 -6936096.76 -22167293.35 808758852.1 6936096.76 820155224.8
100 0 0.00475 300.0000007 0 -1.321912539e-05 -1.321912539e-05 830430593.6 -42926290.05 -7612682.849 -42926290.05 830430593.6 7612682.849 852806426.2
101 0 0.004625 300.0000007 0 -1.213584201e-05 -1.213584201e-05 851769880 -66551424.48 -7879914.059 -66551424.48 851769880 7879914.059 887025252.5
102 0 0.0045 300.0000006 0 -1.103270468e-05 -1.103270468e-05 879700195.2 -91786131.46 -11010938.36 -91786131.46 879700195.2 11010938.36 929195957.5
103 0 0.004375 300.0000005 0 -9.907655516e-06 -9.907655516e-06 907406239.3 -119274090.6 -9346253.242 -119274090.6 907406239.3 9346253.242 972679034
104 0 0.00425 300.0000003 0 -8.757682064e-06 -8.757682064e-06 938723308.7 -151536677.7 -12140678.9 -151536677.7 938723308.7 12140678.9 1023160796
105 0 0.004125 300.0000002 0 -7.578862574e-06 -7.578862574e-06 969111775.1 -189157236.6 -15643747.21 -189157236.6 969111775.1 15643747.21 1076571771
106 0.000116207657 0.003994926264 300 -1.810584582e-07 -6.3465386e-06 -6.349119761e-06 1000343998 -196723447.1 -41153345.71 -198103573.8 1001724125 6291930.207 1114118550
107 0.000232415314 0.003989852528 300 -3.744690263e-07 -6.337232117e-06 -6.348284004e-06 996374658.1 -198954820.4 -64809050.14 -202437414.4 999857252 -5023677.332 1114979668
108 0.0004639462176 0.003969596199 300 -7.287473819e-07 -6.30511462e-06 -6.347084165e-06 983470895.9 -181784509.1 -147630929.9 -200125586.8 1001811974 9298191.775 1115538013
109 0.0005792694641 0.003954413605 300 -9.244081526e-07 -6.281465569e-06 -6.349119813e-06 972489368.4 -174888892.7 -168043326.6 -198983243.4 996583719.2 -3561968.068 1109556201
110 0.0008081538672 0.00391405511 300 -1.279956773e-06 -6.218070692e-06 -6.348439001e-06 946758675.3 -149714366.9 -241538030.5 -200545700.3 997590008.6 4648553.52 1111544699
111 0.0009217150238 0.003888879207 300 -1.470397534e-06 -6.174870551e-06 -6.347523179e-06 942883501.8 -140426040.2 -262572262.6 -200653729.7 1003111191 -8460955.573 1117133272
112 0.001146210978 0.003828725698 300 -1.818332099e-06 -6.082434546e-06 -6.348412049e-06 898300146.2 -99149921.67 -333577425.2 -200407288.5 999557513.1 4655840.655 1113401071
113 0.001257145776 0.00379374809 300 -2.00293846e-06 -6.02429659e-06 -6.348533062e-06 890312302.3 -86988461.94 -354671638.3 -202090980.4 1005414821 -7321340.542 1120288266
114 0.001475544731 0.003714257371 300 -2.34073841e-06 -5.899540039e-06 -6.346937963e-06 829913879 -34835229.28 -415341707.6 -201983214.2 997061863.9 5405032.095 1111938390
115 0.001583008889 0.00366974426 300 -2.521286824e-06 -5.827809569e-06 -6.349819365e-06 821197690.2 -16886358.35 -433612282.2 -200806445 1005117777 -7247220.809 1119185716
116 0.001793648698 0.003571521304 300 -2.844783799e-06 -5.676231205e-06 -6.349202159e-06 750140469.8 44872164.68 -484659758.5 -201828921.8 996841556.2 6572547.384 1111642503
117 0.001896824349 0.003517811459 300 -3.017670193e-06 -5.584007408e-06 -6.347238527e-06 737928829.9 62964158.03 -498709581.5 -201668726.3 1002561714 -7926872.25 1117217130
118 0.002098101915 0.003401603802 300 -3.330409991e-06 -5.404425856e-06 -6.348184221e-06 664203726 134356837.9 -538241441.2 -200607183.6 999167747.5 4827930.716 1113144009
119 0.00219620383 0.00333910599 300 -3.493412823e-06 -5.29976756e-06 -6.347552963e-06 646832457.2 155416140.3 -551785327 -202853789.9 1005102387 -7072102.506 1120454971
120 0.00238658731 0.003205798042 300 -3.788161435e-06 -5.093179808e-06 -6.34749082e-06 564897480.5 230666959.2 -575672472.9 -201635086.3 997199526.1 5019901.364 1111849636
121 0.002478868874 0.003134987907 300 -3.9429658e-06 -4.975495336e-06 -6.348423869e-06 547697643.7 255119975.7 -585401125.5 -201949158.8 1004766778 -7352716.171 1119559616
122 0.002656909334 0.002985594223 300 -4.217100242e-06 -4.746389901e-06 -6.349183101e-06 460689165.3 334424568.3 -596065072.5 -201806932.7 996920666.3 6503352.092 1111705553
123 0.002742668229 0.002907010674 300 -4.360220405e-06 -4.612692176e-06 -6.347315548e-06 443339988.8 357687064.1 -600677670.8 -201637901.5 1002664954 -7837593.442 1117297809
124 0.002907010674 0.002742668229 300 -4.615138713e-06 -4.357837012e-06 -6.347459482e-06 359148491.9 438917552.4 -598776914.1 -201049853.1 999115897.4 5011123.871 1113373728
125 0.002985594223 0.002656909334 300 -4.746780551e-06 -4.215506328e-06 -6.348415311e-06 338486302.1 464647609.7 -600367473.8 -202064149 1005198061 -7054195.972 1120052158
126 0.003134987907 0.002478868874 300 -4.977935095e-06 -3.939364947e-06 -6.348104241e-06 254934314.7 540985017.1 -581916411.8 -201254947.9 997174279.7 4980763.214 1111584806
127 0.003205798042 0.00238658731 300 -5.095638115e-06 -3.784901432e-06 -6.347515979e-06 234874502.5 567234974.6 -580427553.6 -202649680 1004759157 -7279488.012 1119991496
128 0.00333910599 0.00219620383 300 -5.300406321e-06 -3.492410239e-06 -6.347535701e-06 153362482.4 640638171.3 -548051362.8 -202729173.2 996729826.9 6649984.778 1112100871
129 0.003401603802 0.002098101915 300 -5.406607229e-06 -3.327246256e-06 -6.348379968e-06 137763536.5 664138433.2 -541032784.3 -200651756.5 1002553726 -7632053.77 1116563483
130 0.003517811459 0.001896824349 300 -5.586815518e-06 -3.014664398e-06 -6.348283645e-06 65715494.02 732984431.4 -498359073.5 -200358024.4 999057949.8 4904593.819 1112879853
131 0.003571521304 0.001793648698 300 -5.675379049e-06 -2.842749982e-06 -6.347527881e-06 46201319.17 756004755.1 -488613710.5 -202757845.7 1004963920 -7114891.264 1120258635
132 0.00366974426 0.001583008889 300 -5.827914521e-06 -2.516449089e-06 -6.347999568e-06 -16677315.85 812630977.4 -432783484.7 -201371333.3 997324994.9 4624290.348 1111802310
133 0.003714257371 0.001475544731 300 -5.901922705e-06 -2.336133787e-06 -6.347452274e-06 -33333580.16 834168317.6 -419304881 -202825986.3 1003660724 -7343261.64 1119018979
134 0.00379374809 0.001257145776 300 -6.024064492e-06 -1.998655343e-06 -6.34696548e-06 -87535980.9 883325948.5 -354095885.5 -202931755.7 998721723.3 5860614.348 1114182109
135 0.003828725698 0.001146210978 300 -6.084939342e-06 -1.813950184e-06 -6.349554911e-06 -99015245.29 901279599.8 -337484449.3 -202185515.9 1004449870 -7138551.146 1119391181
136 0.003888879207 0.0009217150238 300 -6.177432132e-06 -1.468807574e-06 -6.349649025e-06 -141031263.5 936000433.7 -263281155.9 -201911016.2 996880186.4 6418678.703 1111729668
137 0.00391405511 0.0008081538672 300 -6.218313749e-06 -1.276064205e-06 -6.347889923e-06 -149783952.9 949920566.5 -245774150.3 -202160932.8 1002297546 -7898317.417 1117265399
138 0.003954413605 0.0005792694641 300 -6.279664881e-06 -9.258274942e-07 -6.347543858e-06 -179380810 976956115.8 -167120176.7 -203022183.8 1000597490 5731089.109 1116089319
139 0.003969596199 0.0004639462176 300 -6.306996959e-06 -7.329160508e-07 -6.349437697e-06 -182860319.9 982589199.3 -144200172.9 -200407649.7 1000136529 -5937516.933 1113991506
140 0.003989852528 0.000232415314 300 -6.33835933e-06 -3.733608422e-07 -6.349344866e-06 -197218634.6 997287157.5 -64838843.62 -200707473.3 1000775996 4946266.561 1114797158
141 0.003994926264 0.000116207657 300 -6.343900548e-06 -1.797259845e-07 -6.346444081e-06 -199804866.2 1001069713 -41081777.68 -201177614 1002442461 -6109831.826 1116756147
142 7.407651661e-05 0.004915697212 300.0000008 -2.224713063e-07 -1.462830311e-05 -1.462999458e-05 793856159.5 -14707405.36 -13557514.18 -14932347.31 794081101.5 1369571.622 801655095.9
143 0.00491327205 7.222816183e-05 300.0000008 -1.460764941e-05 -2.163311789e-07 -1.460925111e-05 -14057892.82 794187739.1 -13337062.69 -14275303.5 794405149.8 -1452152.008 801642081.7
144 9.100081224e-05 0.00409282444 300.0000001 -1.596931131e-07 -7.284431013e-06 -7.286180887e-06 984041626 -192951892.9 -29832876.12 -193696287.3 984786020.4 3646776.94 1094582592
145 0.004089989216 8.892652876e-05 300.0000001 -7.257045409e-06 -1.559537087e-07 -7.258720705e-06 -195210286.9 985269057 -28506881.54 -195891531 985950301.1 -2825515.296 1097102891
146 0.000162632484 0.004900756438 300.0000008 -4.826020286e-07 -1.451129966e-05 -1.451932235e-05 806069455.1 -12582082.73 -28513669.56 -13571910.13 807059282.5 1313723.411 813933287.1
147 0.004884260594 0.0001674931813 300.0000008 -1.437345612e-05 -4.93881753e-07 -1.438193864e-05 -13995459.84 807214054.5 -28825005.12 -15005512.62 808224107.2 -629095.3443 815831096
148 0.004080689435 0.0001848633359 300.0000001 -7.193478504e-06 -3.244106388e-07 -7.200789755e-06 -191852873 977304131.6 -53934929.02 -194335071.9 979786330.5 -857346.1421 1090025883
149 0.0001895624049 0.004083702482 300.0000001 -3.344673485e-07 -7.22417206e-06 -7.231910509e-06 976338514.8 -190076748.7 -53830998.9 -192555666.9 978817433 -428191.8956 1087951582
150 0.0002672646002 0.004892713873 300.0000008 -7.901943318e-07 -1.446862855e-05 -1.449019045e-05 804655234.3 -11888597.31 -44699173.51 -14328224.95 807094861.9 -37815.50784 814353519.8
151 0.004896005288 0.0002746473573 300.0000008 -1.449809414e-05 -8.140492854e-07 -1.452093005e-05 -9540640.558 803437200.3 -45231028.59 -12049059.36 805945619.1 514662.6347 812037685.1
152 9.87988665e-05 0.004807504456 300.0000008 -2.812588159e-07 -1.371581257e-05 -1.371869602e-05 818236831.1 -31638628.36 -16772019.43 -31968913 818567115.7 -700530.948 835011561.3
153 0.004811858923 8.469676185e-05 300.0000008 -1.375188003e-05 -2.42051108e-07 -1.375401007e-05 -32352672.65 817507828.2 -14564965.53 -32602028.08 817757183.7 398389.2113 834536232
154 0.0003740530182 0.004885285575 300.0000008 -1.105983719e-06 -1.444839685e-05 -1.449066497e-05 795472797.5 -11942413.09 -61660210.1 -16623766.85 800154151.2 -519813.2027 808594708.1
155 0.0004807159406 0.004877046359 300.0000008 -1.423121701e-06 -1.44289127e-05 -1.449892397e-05 791421540.2 -8978238.307 -79766427.49 -16850186.86 799293488.7 97489.59401 807850408.8
156 0.0005861497211 0.004866007122 300.0000008 -1.734827614e-06 -1.439495294e-05 -1.449911364e-05 794845884.3 -2077002.999 -98022037.35 -13956256.19 806725137.5 595310.0114 813793678.1
157 0.0006911009479 0.004852554709 300.0000008 -2.044569045e-06 -1.435777358e-05 -1.450261786e-05 790438982.5 2712896.194 -114266325.2 -13527504.67 806679383.4 -234599.5411 813527593.4
158 0.0007961925434 0.004837179644 300.0000008 -2.356900526e-06 -1.432073577e-05 -1.451338875e-05 777428649 5292519.493 -130230081.7 -16080552.79 798801721.3 -380347.4867 806962441.1
159 0.0009010438655 0.004818582707 300.0000008 -2.668682232e-06 -1.4264658e-05 -1.451214426e-05 771121440.3 11256786.11 -147611961.6 -16410865.85 798789092.3 348503.3419 807119889.2
160 0.001005435962 0.004796812016 300.0000008 -2.975623952e-06 -1.419045837e-05 -1.449908429e-05 772101879.2 20625533.38 -165121918.3 -14055965.99 806783378.5 339273.7374 813902607.9
161 0.001109558766 0.00477354847 300.0000008 -3.282065154e-06 -1.412024763e-05 -1.449666668e-05 765166919.4 27962913.87 -180565556 -13887381.62 807017214.8 -517035.7392 814050245.7
162 0.001213344455 0.004748815069 300.0000008 -3.590624845e-06 -1.405389773e-05 -1.450533102e-05 749521540.9 33405677.04 -195274259.2 -16381146.6 799308364.5 -417458.6646 807623869.1
163 0.001316346069 0.004720998062 300.0000008 -3.896357976e-06 -1.39697701e-05 -1.4502968e-05 740175330.2 42390115.78 -211480442.4 -16699915.22 799265361.2 442492.1764 807745167.7
164 0.001418570111 0.00469011153 300.0000008 -4.195747195e-06 -1.386866211e-05 -1.448944727e-05 737950737.9 54790075.7 -228026012.9 -14327466.31 807068279.9 492111.2466 814326995
165 0.001520448939 0.004657802186 300.0000008 -4.495348856e-06 -1.377203792e-05 -1.448713877e-05 728310580.8 64813349.3 -241979790.5 -14061023.2 807184953.3 -352981.9386 814306748.9
166 0.0016219379 0.004624098938 300.0000008 -4.797761919e-06 -1.367951012e-05 -1.449646565e-05 710300744.8 72683935.32 -254603074.9 -16504493.49 799489173.6 -329394.7134 807868074.9
167 0.001722426956 0.004587437751 300.0000008 -5.096088471e-06 -1.35699491e-05 -1.449529701e-05 698266896.8 84296456.79 -268920456.3 -16833450.14 799396803.7 424581.0582 807945395.4
168 0.001821878755 0.004547834219 300.0000008 -5.386773166e-06 -1.34443514e-05 -1.448336663e-05 693174124.6 99439996.19 -283919753.6 -14473041.59 807087162.3 433752.2391 814420485.4
169 0.001920822704 0.004506889905 300.0000008 -5.678033462e-06 -1.332341753e-05 -1.448286984e-05 681193270.7 111777000.7 -295968996.4 -14192605.53 807162876.9 -402338.8577 814352239.4
170 0.002019181344 0.004464634913 300.0000008 -5.972261108e-06 -1.320643153e-05 -1.449405866e-05 661193526.3 121708725.5 -306122213.4 -16558203.89 799460455.7 -398627.7608 807867130.3
171 0.002116183166 0.00441955804 300.0000008 -6.260627257e-06 -1.307282119e-05 -1.449462336e-05 646889201.6 135673654.9 -318095938.5 -16787514.54 799350371.1 312693.7372 807875136.2
172 0.002211773206 0.004371660596 300.0000008 -6.539553985e-06 -1.29237475e-05 -1.448409524e-05 639411194.5 153258446.8 -331091483.2 -14405488.85 807075130.1 303172.8202 814373606.7
173 0.002306617987 0.004322457954 300.0000008 -6.818925983e-06 -1.277892907e-05 -1.448443232e-05 625565760.4 167475764.2 -340883101.5 -14164823.14 807206347.7 -499992.6671 814381615.1
174 0.00240067534 0.004271942505 300.0000008 -7.101113314e-06 -1.263725706e-05 -1.449572613e-05 603989301.7 178960447.1 -348324213.6 -16559411.43 799509160.3 -401451.8003 807916453.7
175 0.002493111943 0.004218639026 300.0000008 -7.375753466e-06 -1.247893505e-05 -1.449570828e-05 587751193.6 194831842.3 -357701756.1 -16809907.2 799392943.1 421009.4831 807929392.6
176 0.002583954518 0.004162542451 300.0000008 -7.639696214e-06 -1.230550674e-05 -1.448414491e-05 578161656.7 214505157.6 -368312759.8 -14416624 807083438.3 461778.3833 814387852.1
177 0.002674061656 0.004105125638 300.0000008 -7.904801917e-06 -1.2135964e-05 -1.448335304e-05 562828411.8 230196840.6 -375463524.2 -14137665.25 807162917.6 -369763.1646 814324050.1
178 0.002763409036 0.004046428884 300.0000008 -8.173486943e-06 -1.196931198e-05 -1.449380274e-05 540260735.4 242664996 -379915291.6 -16552225.69 799477957.2 -346418.6974 807881476.3
179 0.002851010548 0.003985103446 300.0000008 -8.433678973e-06 -1.178700491e-05 -1.449346146e-05 522665625.2 259855592.1 -386386309.6 -16858856.11 799380073.4 401351.313 807941730.4
180 0.002936839413 0.00392117934 300.0000008 -8.68224715e-06 -1.159097845e-05 -1.44821337e-05 511420264.3 281139417.1 -394306272.4 -14493311.47 807052992.8 413623.5115 814396692.6
181 0.003021824884 0.003856071839 300.0000008 -8.93249782e-06 -1.139914386e-05 -1.44820578e-05 495038919.1 297876115.8 -398660603.8 -14210715.73 807125750.6 -414746.2905 814324427
182 0.003105902056 0.003789834799 300.0000008 -9.18656991e-06 -1.121023496e-05 -1.449353078e-05 471974412 310886650.4 -399970415.4 -16568835.92 799429898.3 -407848.7143 807842070.3
183 0.003187935919 0.003721212123 300.0000008 -9.430633377e-06 -1.100670307e-05 -1.449428706e-05 453582405.2 328947869.4 -403270909.1 -16792181.42 799322456.1 304351.2802 807849622
184 0.003267874577 0.003650222412 300.0000008 -9.661547437e-06 -1.079061945e-05 -1.448388644e-05 441285985.7 351352052.9 -408258731.1 -14408544.44 807046583 296584.78 814346623.9
185 0.003346754608 0.003578159265 300.0000008 -9.89396882e-06 -1.057848874e-05 -1.448430333e-05 424425742.3 368586682.9 -409723473.5 -14167100.22 807179525.4 -504945.0778 814355973.2
186 0.003424533688 0.003505027996 300.0000008 -1.01299048e-05 -1.036863977e-05 -1.449564285e-05 401347368.1 381578983.5 -407903651.8 -16560011.43 799486363 -406324.9949 807893976.4
187 0.003500025342 0.003429620579 300.0000008 -1.035422797e-05 -1.014464304e-05 -1.449564826e-05 382575608 399989383.4 -407999260.4 -16809447.1 799374438.5 415452.9092 807910645.1
188 0.003573254273 0.003351926079 300.0000008 -1.056429874e-05 -9.908811984e-06 -1.448409342e-05 369644074.6 423009215.5 -409875532.9 -14416223.85 807069514 455673.917 814373713.7
189 0.003645431193 0.003273145536 300.0000008 -1.077649126e-05 -9.676426564e-06 -1.448330055e-05 352816563.7 440200253 -408315266.6 -14137659.15 807154475.9 -376114.8153 814315614.8
190 0.003716543212 0.003193324562 300.0000008 -1.099288498e-05 -9.44590461e-06 -1.449374464e-05 330372542.6 452550538.7 -403414967.4 -16552401.68 799475482.9 -352805.5069 807879101.4
191 0.003785288933 0.003111415855 300.0000008 -1.119702208e-05 -9.202460131e-06 -1.449339764e-05 311874269.5 470650273.3 -400325636 -16858928.22 799383471 395124.2849 807945155.4
192 0.0038516505 0.003027455527 300.0000008 -1.13863829e-05 -8.948775847e-06 -1.448206836e-05 298849499 493719133.2 -399054990.8 -14493316.02 807061948.2 407678.058 814405640.3
193 0.003916892119 0.002942570276 300.0000008 -1.157846049e-05 -8.698711281e-06 -1.448200004e-05 282510055 510418198.7 -394548806.2 -14211066.26 807139320 -420391.6433 814338183.4
194 0.003980965448 0.0028568291 300.0000008 -1.177499792e-05 -8.450491779e-06 -1.449349465e-05 261207033.6 521670598.4 -386665724 -16569184.84 799446816.8 -412917.7816 807859173.6
195 0.004042449597 0.002769312713 300.0000008 -1.195809954e-05 -8.190747795e-06 -1.449429174e-05 243606680.5 538944725.7 -380410974 -16791153.11 799342559.3 300373.6741 807869187.4
196 0.004101299958 0.002680052901 300.0000008 -1.212527513e-05 -7.922296716e-06 -1.448395945e-05 231140830.4 561522868.5 -376055218.1 -14405918.02 807069616.9 293654.3613 814368303.9
197 0.00415885348 0.002590031525 300.0000008 -1.229496461e-05 -7.657293072e-06 -1.448448452e-05 215830340.8 577206700.6 -368798720 -14164394.5 807201435.9 -507365.9722 814376497.7
198 0.004215071703 0.002499265708 300.0000008 -1.24686857e-05 -7.393606592e-06 -1.449598362e-05 196074788.6 586870327.9 -358199806.6 -16555901.78 799501018.3 -406964.6979 807906512.7
199 0.004268496982 0.002406897367 300.0000008 -1.262758327e-05 -7.119285154e-06 -1.449620914e-05 179746022.5 602837858.2 -348979085.6 -16798616.58 799382497.2 418232.8889 807913123.5
200 0.004319151026 0.00231291227 300.0000008 -1.276971352e-05 -6.837256976e-06 -1.448494617e-05 168293700.2 624387471.3 -341610559.1 -14394056.52 807075228.1 457968.812 814368054.6
201 0.004368513515 0.002218161295 300.0000008 -1.291484935e-05 -6.558056596e-06 -1.448452415e-05 154543467.6 638502978.8 -331751405.7 -14101970.65 807148417 -383988.6509 814291261.4
202 0.004416580042 0.00212269722 300.0000008 -1.306456428e-05 -6.279615617e-06 -1.449539278e-05 136905190 646037187.2 -318805218.8 -16499978.75 799442355.9 -376528.1192 807819000.1
203 0.004461812714 0.002025850021 300.0000008 -1.319904677e-05 -5.991891605e-06 -1.449543375e-05 122435700.2 660118280.2 -306993724.6 -16792442.82 799346423.2 352121.2145 807873778.2
204 0.004504184774 0.001927657599 300.0000008 -1.331639529e-05 -5.698104912e-06 -1.448429434e-05 112494823.5 680153708.5 -296915727.3 -14428679.91 807077211.9 344950.5283 814387640.2
205 0.004545181382 0.001828862575 300.0000008 -1.343689442e-05 -5.407046981e-06 -1.448400113e-05 100606208 692432207.2 -284789957 -14174841.88 807213257.1 -469689.273 814393609.2
206 0.004584746813 0.0017294988 300.0000008 -1.356157757e-05 -5.116381418e-06 -1.449461089e-05 85323308.53 697627089.5 -269805632.6 -16598220.37 799548618.4 -379235.2596 807975872
207 0.004621263353 0.001628977128 300.0000008 -1.366957768e-05 -4.817595457e-06 -1.449367376e-05 73054177.77 709513504.9 -255609664.8 -16890412.67 799458095.3 444854.7064 808036077.8
208 0.00465472372 0.001527271569 300.0000008 -1.375930814e-05 -4.513859895e-06 -1.448079733e-05 65026642.26 727566854.4 -242991619.1 -14537230.73 807130727.4 501773.5237 814497110.5
209 0.00468672944 0.001424950793 300.0000008 -1.385204783e-05 -4.21206879e-06 -1.447828555e-05 55358068.6 737539818.2 -228910277.9 -14334215.39 807232102.2 -310885.9572 814493993.4
210 0.004717304351 0.001322060551 300.0000008 -1.394906566e-05 -3.909949269e-06 -1.448668823e-05 42845395.95 740083646 -212427253.8 -16776260.27 799705302.2 -311488.1378 808224206.9
211 0.004744849809 0.001218211633 300.0000008 -1.402938875e-05 -3.601187965e-06 -1.448420875e-05 33312673.85 749414701 -196407408.3 -17018806.82 799746181.7 369782.2677 808390209.6
212 0.004769386188 0.001113462534 300.0000008 -1.409222003e-05 -3.28936565e-06 -1.447102593e-05 27626126.94 765042179.7 -181696040.3 -14712000.18 807380306.8 345637.7338 814836143.3
213 0.00479255364 0.001008317834 300.0000008 -1.415947221e-05 -2.979681152e-06 -1.446959407e-05 20360874.97 772448096 -166080517.3 -14681041.16 807490012.1 -474369.4534 814930133.1
214 0.00481436533 0.0009028647232 300.0000008 -1.423206836e-05 -2.669875175e-06 -1.448033157e-05 10846718.68 772141205.5 -148486752.3 -17089457.91 800077382.1 -477933.7564 808757961.9
215 0.00483322678 0.0007968662852 300.0000008 -1.428898684e-05 -2.355531447e-06 -1.448183943e-05 4484839.944 778627746.1 -130945190.2 -17064428.16 800177014.2 242584.728 808844353.7
216 0.004849322518 0.0006904390133 300.0000008 -1.43313864e-05 -2.040504767e-06 -1.447592125e-05 1740651.502 791426774.4 -114481299.2 -14520822.5 807688248.4 268268.7094 815045811.3
217 0.004864589584 0.0005842210425 300.0000008 -1.438365408e-05 -1.728863438e-06 -1.448718301e-05 -2446299.746 795548656.9 -97954002.11 -14293672.59 807396029.7 -694629.6924 814637809.1
218 0.004879099683 0.0004789355033 300.0000008 -1.444672885e-05 -1.419924314e-06 -1.4516341e-05 -8270472.169 791151729.5 -80132861.16 -16222791.75 799104049.1 -880468.7449 807339138.4
219 0.00489052026 0.0003754829102 300.0000008 -1.449315461e-05 -1.113337341e-06 -1.453585396e-05 -10612461.31 793456583.9 -62250047.55 -15403213.22 798247335.9 -147650.5714 806059369.7
220 8.388657949e-05 0.004192449774 300.0000003 -1.64294022e-07 -8.227692791e-06 -8.229332967e-06 952917048.7 -166548496.4 -23740686.17 -167050160.9 953418713.2 1331301.82 1046989525
221 0.0001563339976 0.004160909743 300.0000002 -2.981524117e-07 -7.946650865e-06 -7.952242115e-06 959118208.5 -171419542.3 -43886269.39 -173119003.8 960817669.9 1345772.113 1058055771
222 0.004186256655 8.197286921e-05 300.0000002 -8.169793424e-06 -1.602633099e-07 -8.171365176e-06 -168199181.2 953493537.4 -22417818.82 -168646862.1 953941218.3 -444711.1571 1048487195
223 0.004153069176 0.0001505036298 300.0000002 -7.871347058e-06 -2.853405315e-07 -7.876517233e-06 -174261744.2 961167299.3 -42719522.63 -175864745.7 962770300.7 -1514466.137 1061687005
224 0.0002919334289 0.004081082553 300.0000001 -5.199901208e-07 -7.246045943e-06 -7.264679539e-06 977757865.6 -190855022.8 -77876971.74 -195990530.1 982893373 -6085160.715 1094184880
225 0.0002494625971 0.004182682959 300.0000002 -4.869303538e-07 -8.186230242e-06 -8.200699058e-06 950605849.4 -162027464.8 -66756205.04 -166018391.7 954596776.2 158763.6596 1047519837
226 0.004080700188 0.0002839225597 300.0000001 -7.237620947e-06 -5.050627763e-07 -7.255221786e-06 -189939101.6 979612829.5 -75852711.77 -194808983 984482710.9 5859943.367 1095009516
227 0.004175609465 0.0002371874066 300.0000002 -8.113963792e-06 -4.608123333e-07 -8.127038601e-06 -164260644 953410388.6 -63486054.33 -167855186.7 957004931.3 205264.5558 1051033858
228 8.822502453e-05 0.004273079281 300.0000003 -1.848822216e-07 -8.979039465e-06 -8.980942651e-06 933330622.1 -142971458.5 -23484280.01 -143482173.8 933841337.4 1251639.548 1013232975
229 5.958091924e-05 0.004330226659 300.0000004 -1.297630189e-07 -9.502393836e-06 -9.503279754e-06 918506915 -130499828.5 -15363000.56 -130723958.2 918731044.6 926310.5563 990584786
230 0.0001677397725 0.004252942937 300.0000003 -3.471090219e-07 -8.812257255e-06 -8.819090792e-06 936341607.8 -145541242.9 -44011672.79 -147327224.3 938127589.1 1270830.503 1019806483
231 7.976880883e-05 0.00441325604 300.0000005 -1.858248525e-07 -1.026039136e-05 -1.026207394e-05 895448039.9 -108387692.9 -18496610.14 -108728275.1 895788622.2 346303.9283 954807313.1
232 0.0001187594471 0.004509646478 300.0000006 -2.924140026e-07 -1.11285753e-05 -1.113241634e-05 876198812.3 -88179929 -25145983.64 -88835086.1 876853969.4 -267736.2019 924478322.7
233 7.443719861e-05 0.004587454973 300.0000006 -1.914101645e-07 -1.181126781e-05 -1.181281867e-05 862403068.5 -73931931.96 -15301781.87 -74181918.46 862653055 104518.2263 902034667.7
234 8.409051661e-05 0.004685096735 300.0000007 -2.263489772e-07 -1.26642222e-05 -1.266624478e-05 842783871.5 -51987578.16 -15825507.21 -52267326.85 843063620.2 -239330.2776 870375203.5
235 0.004330261795 6.819353143e-05 300.0000004 -9.504061156e-06 -1.484307677e-07 -9.505220072e-06 -129223243.9 918142779.7 -16887505.92 -129495319.1 918414855 -389163.5573 989538156.2
236 0.004266680825 9.283699528e-05 300.0000003 -8.921420424e-06 -1.939305889e-07 -8.923527969e-06 -144895056.1 932299617.7 -23368393.31 -145401759.8 932806321.3 80878.33846 1013361241
237 0.004232809304 0.0001595540098 300.0000003 -8.622267414e-06 -3.256505323e-07 -8.628414873e-06 -149656715 940705320.1 -42448496.98 -151305254.1 942353859.2 -1285606.483 1026407387
238 0.004425553165 9.366250383e-05 300.0000005 -1.037408189e-05 -2.196547317e-07 -1.037640704e-05 -107826884.6 895526791 -20359817.8 -108239073.3 895938979.7 883904.8686 954672876.5
239 0.004582333814 6.495942005e-05 300.0000006 -1.176584158e-05 -1.655200832e-07 -1.176700571e-05 -72587557.89 863092567.6 -12982398.38 -72767565.32 863272575 284407.1275 901860933.6
240 0.004518356326 9.178369008e-05 300.0000006 -1.120285896e-05 -2.272241389e-07 -1.120516308e-05 -87541090.93 875360166.5 -18945061.89 -87913288.44 875732364 622405.9829 922835626.6
241 0.004683137839 9.422250568e-05 300.0000007 -1.264823479e-05 -2.545145852e-07 -1.265079527e-05 -52483731.79 840438050.4 -17483658.22 -52825668.65 840779987.3 488382.9014 868399112.6
242 0.0004340453382 0.004047373956 300.0000001 -7.515227236e-07 -7.022718429e-06 -7.062815161e-06 977916370.9 -183803754.1 -132547388.9 -198700943.2 992813560 6365507.667 1105692263
243 0.0003754095108 0.004081820308 300.0000001 -6.705160648e-07 -7.301333312e-06 -7.332056938e-06 968378936.3 -191208665.6 -106070740.3 -200829586.4 977999857.1 -1462655.658 1092352493
244 0.0003561020276 0.004163743938 300.0000002 -6.877767716e-07 -8.064211549e-06 -8.093487578e-06 948016670.9 -161371402.8 -94050246.52 -169286158.9 955931426.9 -1506494.971 1050854635
245 0.0005359017634 0.004068567022 300.0000001 -9.634446766e-07 -7.317174669e-06 -7.380329983e-06 953788940.5 -167261204.7 -152203021.1 -187555060.3 974082796.1 1867962.274 1080147592
246 0.0006596181972 0.004042014953 300.0000001 -1.176880843e-06 -7.203589465e-06 -7.299092272e-06 952105649.6 -165684560.7 -183738835.8 -195101979.9 981523068.9 -3474481.641 1092238814
247 0.004089925176 0.0003664185812 300.0000001 -7.370662635e-06 -6.592596161e-07 -7.400087146e-06 -190486205.6 967359177 -104530380.7 -199847528.5 976720499.9 40291.52806 1090466484
248 0.004064345825 0.0004429113739 300.0000001 -7.192854886e-06 -7.814266631e-07 -7.235176797e-06 -179074513.3 969498416.4 -131719068.2 -193965903.1 984389806.2 -4930747.902 1094375190
249 0.004163361399 0.000334005932 300.0000002 -8.046023742e-06 -6.444007578e-07 -8.071787237e-06 -165426852 951417883.9 -88405373.29 -172378682.3 958369714.2 1751277.431 1055177060
250 0.004046718134 0.0005416503037 300.0000001 -7.11737869e-06 -9.52843437e-07 -7.180876688e-06 -173434335.8 959455191.9 -152907732.4 -193707873 979728729.2 1442312.181 1089577226
251 0.004032265711 0.0006410124898 300.0000001 -7.092264342e-06 -1.129142235e-06 -7.181585684e-06 -170907441.7 959553976.8 -177955133.3 -198227653.9 986874189 6098334.137 1099523620
252 0.004028473061 0.0007217953401 300.0000001 -7.157001359e-06 -1.281294519e-06 -7.270789712e-06 -165859505.7 944216663.7 -205012217.4 -202511442.4 980868600.4 450991.7552 1096244416
253 0.003991173398 0.0007789055309 300.0000001 -6.89416395e-06 -1.343373595e-06 -7.023826953e-06 -153823202 948375350.1 -230524336 -200060459.4 994612607.5 -6399018.819 1108324828
254 0.003998101233 0.000875736148 300.0000001 -7.109761053e-06 -1.556401833e-06 -7.278123942e-06 -138006164 922759309 -246059827.3 -192301096.1 977054241.2 -1819212.3 1086053973
255 0.003966144105 0.0009860814597 300.0000001 -7.006301699e-06 -1.743140453e-06 -7.21988925e-06 -131226523.1 918989583.9 -270989393 -196992264.6 984755325.3 6471279.372 1096660302
256 0.003952065556 0.001070278848 300.0000001 -7.035098829e-06 -1.903510977e-06 -7.288070176e-06 -122432288.5 897949907.6 -298152981 -203164328 978681947.2 45330.34412 1094498682
257 0.003906175906 0.001122981674 300.0000001 -6.732119952e-06 -1.932379768e-06 -7.003964744e-06 -103776624.7 900359643.1 -323065096.8 -198695148.3 995278166.8 -7099195.984 1108136512
258 0.003895249314 0.001209786185 300.0000001 -6.822328075e-06 -2.118433502e-06 -7.143662974e-06 -89958536.67 874656015.7 -334319996.9 -194494550 979192029 -2263309.362 1089544878
259 0.00387592672 0.001313306148 300.0000001 -6.886903354e-06 -2.335357407e-06 -7.272092481e-06 -75038653.28 863283679.8 -355415380.6 -194454908.4 982699934.9 2985252.578 1092991050
260 0.003870114749 0.001413090388 300.0000002 -7.076252112e-06 -2.582806043e-06 -7.532876624e-06 -54991708.05 836769340.1 -375131060 -191805415.9 973583048 431215.2648 1082308795
261 0.00379830424 0.001462670165 300.0000001 -6.588971971e-06 -2.534675015e-06 -7.059682925e-06 -41741149.14 834762300.4 -403848844 -199414816.3 992435967.6 -5602700.775 1105755862
262 0.003777887281 0.001548408727 300.0000001 -6.645498281e-06 -2.7233883e-06 -7.181886321e-06 -24268028.71 807569594.1 -414187275.4 -195315719 978617284.3 -3143680.047 1089499429
263 0.003756434922 0.001657417906 300.0000001 -6.770771899e-06 -2.988889241e-06 -7.401135667e-06 -4225399.42 791750037.8 -430194909.2 -192280378.9 979805017.3 3979957.702 1088776569
264 0.003714948129 0.001743490889 300.0000001 -6.678259881e-06 -3.13222692e-06 -7.376313255e-06 11527179.14 763746170.3 -451801241.2 -200225847.2 975499196.6 607883.1021 1089500039
265 0.003655647917 0.001786372722 300.0000001 -6.330979985e-06 -3.091395138e-06 -7.045425975e-06 36525263.61 759346192 -473639773 -197813542.9 993684998.5 -5913099.267 1105987938
266 0.003629674594 0.001870244094 300.0000001 -6.3872012e-06 -3.29120217e-06 -7.185287112e-06 54292083.05 729989509.4 -478567668.6 -193659320.5 977940912.9 -2643801.48 1087787067
267 0.003594778798 0.00197116765 300.0000001 -6.436454155e-06 -3.532737947e-06 -7.342218385e-06 75406359.02 711325111.8 -493854668.3 -193987661.6 980719132.5 2566210.991 1090737547
268 0.003581852519 0.002088651943 300.0000002 -6.725098512e-06 -3.918915597e-06 -7.78362668e-06 105823394.7 676581556.1 -501676674.7 -185962181.1 968367131.9 1290335.569 1073499648
269 0.003486298342 0.002104217943 300.0000001 -6.059929884e-06 -3.656433943e-06 -7.07758846e-06 123642751.7 669911750.4 -529967935.9 -199411199.8 992965701.9 -5272464.982 1106271933
270 0.003459409483 0.002188314255 300.0000001 -6.155078513e-06 -3.893629098e-06 -7.283223122e-06 144988317 640076023.3 -528810746.5 -191343214.8 976407555 -2880936.97 1084821552
271 0.003393912867 0.002282388934 300.0000001 -6.014014089e-06 -4.046603724e-06 -7.248680142e-06 166494160 622293244.4 -543645207.8 -195056965.5 983844369.9 6018601.324 1094537040
272 0.003351742567 0.002357437931 300.0000001 -5.98765183e-06 -4.210669419e-06 -7.319952939e-06 189087891.5 588305618.8 -554220304.5 -200373359.2 977766869.5 494653.7278 1091831810
273 0.003289358522 0.002391672056 300.0000001 -5.685085024e-06 -4.131599976e-06 -7.02782381e-06 219883006.8 576436116.1 -569540048.7 -198600193.3 994919316.2 -6015984.361 1107703131
274 0.003250716093 0.002471080594 300.0000001 -5.720630995e-06 -4.349058319e-06 -7.186092618e-06 237934939.7 546131686.8 -565680176.3 -194253443 978320069.5 -2865315.258 1088536279
275 0.003199731478 0.002572908743 300.0000001 -5.766405621e-06 -4.639485311e-06 -7.401098113e-06 263993487.5 523972997.2 -571343510 -191945095.9 979911580.5 4327271.584 1088675812
276 0.003136954693 0.002645543201 300.0000001 -5.638465271e-06 -4.753292423e-06 -7.37469168e-06 287828494.6 487483976.7 -579783195.4 -200658151.6 975970622.8 559814.5813 1090238392
277 0.003068592694 0.002671645275 300.0000001 -5.314228774e-06 -4.624429853e-06 -7.044599049e-06 322572482.4 474241011.1 -590950999.2 -197357566.2 994171059.7 -6229159.31 1106187006
278 0.003021772985 0.002745937596 300.0000001 -5.316426303e-06 -4.831901409e-06 -7.184125524e-06 338472443.5 445732809.1 -583385927 -193738739.5 977943992.1 -2287024.005 1087837524
279 0.00296196564 0.002834384892 300.0000001 -5.301858957e-06 -5.077661414e-06 -7.341140563e-06 365234897.6 421699807.3 -586869722.7 -194076232.6 981010937.5 2382995.529 1091080192
280 0.002919082548 0.002944516224 300.0000002 -5.480801511e-06 -5.525691223e-06 -7.782830117e-06 395061339.4 387731241.3 -576993788.6 -185607581.2 968400162 1340478.066 1073311162
281 0.002822837072 0.002934831778 300.0000001 -4.906354875e-06 -5.100172487e-06 -7.077010472e-06 424240976.9 368598097 -595801474.9 -200013179.8 992852253.7 -4630818.673 1106530045
282 0.002775101677 0.003009103832 300.0000001 -4.937525507e-06 -5.353879421e-06 -7.283075105e-06 443119896 342268714.9 -581705237.7 -191183268.2 976571879.1 -3271510.439 1084887086
283 0.00268750869 0.00308302445 300.0000001 -4.761553692e-06 -5.465657445e-06 -7.248848185e-06 468575681.7 320507545.6 -584562053.5 -194655019 983738246.4 6416047.678 1094186729
284 0.002627359887 0.003144603417 300.0000001 -4.693501854e-06 -5.616685737e-06 -7.319570892e-06 492633017.3 284018795.4 -580342447.2 -201315543.3 977967356 538774.0132 1092624820
285 0.002558252794 0.00316152605 300.0000001 -4.422126048e-06 -5.462215344e-06 -7.027872532e-06 529126341.3 267328879.7 -582217079.8 -198486924.4 994942145.3 -6555127.17 1107663689
286 0.002500375754 0.00322822799 300.0000001 -4.399954072e-06 -5.68167672e-06 -7.18617046e-06 541192793.9 242844659.8 -566917524.4 -194190529.4 978227983.1 -2662640.588 1088404257
287 0.002424775994 0.003313391639 300.0000001 -4.369137557e-06 -5.973826824e-06 -7.401078679e-06 567273424.5 220716714.7 -559809718.8 -192004064.9 979994204.1 4162204.2 1088792470
288 0.002345342488 0.003367304132 300.0000001 -4.216104667e-06 -6.051005615e-06 -7.374971586e-06 591132557.7 184685593.2 -551721990.3 -200050535 975868685.8 659404.1045 1089754223
289 0.00227255707 0.00337482325 300.0000001 -3.935989333e-06 -5.842322508e-06 -7.044483086e-06 627675553.6 168784801.6 -550011411.1 -197692910.8 994153266 -5779751.857 1106372665
290 0.002208104535 0.003434467734 300.0000001 -3.884683192e-06 -6.0431715e-06 -7.184057698e-06 637577027.4 146525092.2 -532029795 -193894528.2 977996647.8 -2543901.555 1087989037
291 0.0021274432 0.003504425467 300.0000001 -3.806961248e-06 -6.277143772e-06 -7.341353944e-06 662376868.7 124704456.9 -522284941.7 -193867463.1 980948788.7 2481853.243 1090888469
292 0.002057515428 0.003599716316 300.0000002 -3.863777909e-06 -6.756028917e-06 -7.782846706e-06 682953206.6 99636531.38 -497980879.2 -185807837.8 968397575.8 1416957.023 1073433883
293 0.00196705771 0.00356544708 300.0000001 -3.419058588e-06 -6.196239949e-06 -7.076959154e-06 718443991.3 74181512.62 -502055640.8 -200181871.3 992807375.2 -4750390.808 1106593422
294 0.001901723364 0.003624846578 300.0000001 -3.38354356e-06 -6.449557341e-06 -7.283210618e-06 727174617 58123880 -478508150.6 -191188397.9 976486894.9 -3297731.287 1084806549
295 0.001797979422 0.003673596218 300.0000001 -3.184660579e-06 -6.512182831e-06 -7.249178071e-06 750888677.9 38050055.15 -469296028.1 -194794511.8 983733244.9 6447414.786 1094269868
296 0.001723935869 0.003717540069 300.0000001 -3.080069299e-06 -6.640744776e-06 -7.320267605e-06 769038057.3 7496969.218 -450350232.3 -201479427.2 978014453.7 291894.8523 1092774578
297 0.001652803898 0.003715996327 300.0000001 -2.858123101e-06 -6.421696958e-06 -7.029015333e-06 803093356.9 -5962806.336 -438204746.1 -197771805.9 994902356.5 -6960882.827 1107182633
298 0.001579621703 0.00376550274 300.0000001 -2.779668426e-06 -6.628419127e-06 -7.187662758e-06 804525998.4 -20018694.75 -416455375.1 -193748216.7 978255520.4 -2318882.962 1088151473
299 0.001484520536 0.003828333206 300.0000001 -2.674347738e-06 -6.902982429e-06 -7.4029249e-06 823712229.1 -36377646.01 -398350179.1 -192509412 979843995.1 4287851.076 1088962110
300 0.001393791668 0.003859996913 300.0000001 -2.506981715e-06 -6.939243897e-06 -7.378215343e-06 839905061 -64485964.06 -376025050 -200402236.8 975821333.8 384427.418 1089929151
301 0.001321538923 0.003848385698 300.0000001 -2.290500531e-06 -6.665312854e-06 -7.047892292e-06 872299126.5 -75467172.14 -361036350.5 -197296413.2 994128367.6 -6263667.838 1106107024
302 0.001243739077 0.00388958026 300.0000001 -2.189126368e-06 -6.848410974e-06 -7.189784881e-06 870741812 -86248239.89 -337712802.6 -193415959.8 977909531.9 -2564172.26 1087602787
303 0.001147443253 0.003936837831 300.0000001 -2.053931287e-06 -7.058646677e-06 -7.351402313e-06 887649595.9 -100448115.3 -317372945.9 -193600155.9 980801636.5 2228460.473 1090573756
304 0.001054317662 0.004012387046 300.0000002 -1.985416934e-06 -7.548879874e-06 -7.805604692e-06 892501554.3 -109892555.8 -284337530 -184928801.1 967537799.5 1225796.228 1072034593
305 0.0009757359294 0.003955085593 300.0000001 -1.699412845e-06 -6.886023541e-06 -7.092624612e-06 926291159.9 -133041734.8 -272873178.6 -199180136.8 992429562 -4785232.601 1105590391
306 0.0008951205215 0.003997265381 300.0000001 -1.597357105e-06 -7.133561615e-06 -7.310215526e-06 921637318.2 -136141558.7 -245413197.5 -190294846.7 975790606.2 -3585356.32 1083561684
307 0.0007745560186 0.004019458186 300.0000001 -1.375513496e-06 -7.148643692e-06 -7.279776095e-06 938621348.1 -152244903.3 -221541871.3 -195513010.1 981889454.9 2992367.259 1092854640
308 0.004817479153 0.0002397999116 300.0000008 -1.382730438e-05 -6.887082411e-07 -1.384444528e-05 -24643573.46 813617438.5 -42693232.17 -26811483.05 815785348.1 -859157.818 829517461.7
309 0.004765488003 0.000174225786 300.0000007 -1.336893488e-05 -4.886971572e-07 -1.337786398e-05 -36072224.11 826246213.4 -30452720.91 -37144889.72 827318879 1112775.308 846504963.8
310 0.004807565308 0.0003203646696 300.0000008 -1.37711124e-05 -9.187307613e-07 -1.38017246e-05 -25570518.89 812742658 -58551013.84 -29633287.9 816805427 -2417092.758 832028481.9
311 0.004793758203 0.0004163193119 300.0000008 -1.369699741e-05 -1.190275031e-06 -1.374861783e-05 -26243417.6 811328392 -74165605.01 -32759090.08 817844064.4 -859880.1964 834707204.5
312 0.004778033656 0.0005178922802 300.0000008 -1.361849489e-05 -1.476280165e-06 -1.369827749e-05 -21950862.77 809977815.9 -90818820.34 -31749622.45 819776575.6 416230.2529 836103934.3
313 0.004761857761 0.00062213023 300.0000008 -1.355012798e-05 -1.770681387e-06 -1.366533134e-05 -16262712.56 806536175.1 -109445099.6 -30571767.71 820845230.3 -78087.12748 836550197.6
314 0.004745510257 0.0007272578401 300.0000008 -1.349664252e-05 -2.068965908e-06 -1.365430257e-05 -12878518.11 800718315.1 -128722754.2 -32757399.79 820597196.8 -991126.7573 837458287.9
315 0.004727885549 0.0008322503391 300.0000008 -1.344610682e-05 -2.366988716e-06 -1.365285407e-05 -8842637.225 794366224.1 -146098998.7 -34591695.68 820115282.6 -177422.8166 837946856.8
316 0.004708091867 0.0009367951207 300.0000008 -1.338759467e-05 -2.663399875e-06 -1.364995934e-05 -461212.8588 788380908.5 -162625633.5 -32671745.72 820591441.4 743761.559 837406455.1
317 0.004686256285 0.001040906741 300.0000008 -1.332468328e-05 -2.959614371e-06 -1.364941397e-05 9243871.77 780817404.2 -180386633 -30845818.49 820907094.5 -100778.1414 836756538.1
318 0.004662647443 0.001144543435 300.0000008 -1.326214407e-05 -3.255740398e-06 -1.365592585e-05 16300296.27 771571650.3 -198320743.8 -32607082.56 820479029.1 -918409.4589 837260423.6
319 0.004636963227 0.001247491002 300.0000008 -1.319465086e-05 -3.549560614e-06 -1.366375467e-05 23399897.95 762221269.3 -214201039.1 -34209715.33 819830882.5 64297.61539 837459953.7
320 0.004608887301 0.001349543536 300.0000008 -1.311635698e-05 -3.840013686e-06 -1.366691352e-05 34675352.94 753352781.4 -229014072.9 -32097190.93 820125325.2 976131.5907 836637529.9
321 0.004578655044 0.001450670835 300.0000008 -1.303179441e-05 -4.128733849e-06 -1.367019052e-05 47244726.55 742767629.6 -244867554.4 -30315043.29 820327399.4 70855.7227 835897314.2
322 0.004546477841 0.001550879937 300.0000008 -1.294521023e-05 -4.416038596e-06 -1.367771417e-05 57045472.68 730594689.5 -260988802.5 -32245286 819885448.2 -771277.0402 836475422.3
323 0.004512003988 0.001650068399 300.0000008 -1.285113149e-05 -4.699458332e-06 -1.36834385e-05 66648230.12 718757601.5 -275143281.9 -33929794.4 819335626 119259.9379 836816605.3
324 0.004474931971 0.001748199881 300.0000008 -1.274436009e-05 -4.978056477e-06 -1.368209633e-05 80349444.57 707615637.8 -288027277.5 -31839846.22 819804928.6 852195.4683 836180924.4
325 0.004435590765 0.001845446084 300.0000008 -1.263047179e-05 -5.25468033e-06 -1.367992993e-05 95489971.08 694570547.2 -301670767.9 -30092790.03 820153308.3 -171556.3958 835606255.8
326 0.004394355125 0.001941924328 300.0000008 -1.251501703e-05 -5.530669249e-06 -1.368261501e-05 107853032.5 679898967.8 -315591353 -32041937.08 819793937.3 -975141.0961 836277121.4
327 0.004351052127 0.002037467762 300.0000008 -1.239385204e-05 -5.803309882e-06 -1.368524657e-05 119638027.7 665914961.3 -327567724.8 -33727003.1 819279992.1 53711.51324 836653502.7
328 0.004305483219 0.002131879876 300.0000008 -1.226231574e-05 -6.070976202e-06 -1.368287758e-05 135234135.1 652847626.2 -338008711.6 -31670229.56 819751990.8 933462.2468 836038681.9
329 0.004257954803 0.00222520256 300.0000008 -1.212533352e-05 -6.336421468e-06 -1.368115309e-05 152369036.1 637726653.5 -348956872.7 -29997921.13 820093610.7 -4734.388582 835496564.4
330 0.004208734768 0.002317484445 300.0000008 -1.198743617e-05 -6.600885406e-06 -1.368467442e-05 166831918.1 620857990.1 -360336964.5 -32038787.09 819728695.3 -827941.3226 836209774.8
331 0.004157523489 0.002408541259 300.0000008 -1.184380666e-05 -6.861009658e-06 -1.368755675e-05 180460600.2 604955555.4 -369967729.8 -33818715.27 819234870.8 87710.56533 836657022.3
332 0.004103998616 0.002498247341 300.0000008 -1.168923284e-05 -7.114804588e-06 -1.368424672e-05 197701186.2 590238145.8 -377844222.5 -31808333.48 819747665.5 817202.2345 836106940.4
333 0.004048374379 0.002586806681 300.0000008 -1.152812359e-05 -7.365811651e-06 -1.368038065e-05 216617292.7 573411745.1 -385848481 -30079078.04 820108115.8 -233429.838 835553907.3
334 0.003990927078 0.002674410167 300.0000008 -1.13652823e-05 -7.616241274e-06 -1.368125626e-05 232919321.1 554816390.8 -394309125.2 -32022980.3 819758692.2 -1054838.685 836232168.3
335 0.003931490664 0.002760888072 300.0000008 -1.119706243e-05 -7.862767213e-06 -1.368200698e-05 247983499.8 537550354.1 -401220467 -33777448.12 819311302 -5699.08919 836711521.8
336 0.003869919378 0.002846024503 300.0000008 -1.101932491e-05 -8.103040622e-06 -1.367789415e-05 266262512.5 521771322.5 -406243445.3 -31840012.18 819873847.2 894603.2052 836250025.9
337 0.003806542813 0.002929907221 300.0000008 -1.083669228e-05 -8.34073592e-06 -1.367485924e-05 286247357.3 503799142.2 -411096532.6 -30220857.05 820267356.5 -59765.55191 835787670.1
338 0.003741671044 0.003012608371 300.0000008 -1.065373422e-05 -8.578002998e-06 -1.367787221e-05 303802288.3 483898519.7 -416428193.2 -32201601.4 819902409.3 -889914.5016 836469635.1
339 0.003675127365 0.003093849168 300.0000008 -1.046663963e-05 -8.8107434e-06 -1.368136485e-05 319929114.4 465572844.7 -420343036.5 -33853385.22 819355344.3 91215.81673 836795798.9
340 0.003606724609 0.00317336827 300.0000008 -1.027095552e-05 -9.035957904e-06 -1.367995109e-05 338877109.9 449159013.7 -422189702.6 -31756269.59 819792393.2 942492.2951 836124537.2
341 0.003536719832 0.003251289682 300.0000008 -1.007053595e-05 -9.257486694e-06 -1.367906262e-05 359349720 430708509.5 -423582016.2 -30052928.7 820111158.2 -6222.535221 835543076.4
342 0.003465345952 0.00332773989 300.0000008 -9.869371382e-06 -9.47768882e-06 -1.368324073e-05 377414729.6 410250657.9 -425585396.4 -32068456.26 819733843.8 -830413.5076 836230607.1
343 0.003392356641 0.003402472439 300.0000008 -9.66367504e-06 -9.692097575e-06 -1.368661282e-05 393882794.9 391516697.8 -426530212.2 -33832097.63 819231590.4 86947.04779 836660836.5
344 0.003317472597 0.003475289091 300.0000008 -9.448945854e-06 -9.897469608e-06 -1.368365748e-05 412917270.3 375005267.1 -425355522.4 -31815645.46 819738182.9 818391.0338 836101329
345 0.003240849121 0.003546446738 300.0000008 -9.2285463e-06 -1.009838646e-05 -1.368003932e-05 433436213.8 356575054.1 -423349579.3 -30084618.82 820095886.7 -229623.7752 835544599.7
346 0.003162705277 0.003616204167 300.0000008 -9.0065622e-06 -1.029824288e-05 -1.36810807e-05 451627420.5 336092746.6 -421951545.7 -32026137.52 819746304.6 -1048260.091 836221431.1
347 0.003082926112 0.003684356353 300.0000008 -8.780348729e-06 -1.049289763e-05 -1.368193789e-05 467980020.7 317541656.3 -419854242.4 -33778151.82 819299828.8 2517.069944 836700428.5
348 0.003001427977 0.003750658289 300.0000008 -8.546529494e-06 -1.067902259e-05 -1.367789054e-05 486488440.7 301535832.9 -415690744.5 -31839768.63 819864042.2 903614.1387 836240126.7
349 0.002918507533 0.003815280899 300.0000008 -8.308628191e-06 -1.086137097e-05 -1.367489238e-05 506357018 283682458.3 -410406365 -30220631.34 820260107.6 -49890.48324 835780303.9
350 0.002834446403 0.00387837473 300.0000008 -8.070509374e-06 -1.104320799e-05 -1.367792251e-05 524069362.8 263627753.2 -405662223 -32201350.37 819898466.3 -879081.4459 836465527.2
351 0.00274914665 0.003939625239 300.0000008 -7.82955845e-06 -1.121959426e-05 -1.368142101e-05 539847436.4 245654627.1 -400441943.3 -33853107.59 819355171.1 102613.2545 836795482.6
352 0.002662495553 0.003998731996 300.0000008 -7.582255383e-06 -1.138648593e-05 -1.368000943e-05 557352684.4 230687336.7 -393203234.4 -31756264.01 819796285.1 953902.0765 836128462.8
353 0.002574709604 0.004055881835 300.0000008 -7.331333009e-06 -1.154859577e-05 -1.367912672e-05 575917555.1 214148056.9 -384680431.7 -30053452.32 820119064.3 4685.276112 835551254.5
354 0.002485981219 0.004111257907 300.0000008 -7.08003866e-06 -1.170924234e-05 -1.36833221e-05 592407543.6 195268433.6 -376786213.6 -32069332.32 819745309.5 -820304.9129 836242499.5
355 0.00239613632 0.004164559398 300.0000008 -6.825873493e-06 -1.186313992e-05 -1.368673217e-05 606993902.5 178419681.7 -368804170.3 -33832153.91 819245738.2 96116.9821 836675008.4
356 0.002304956403 0.004215523987 300.0000008 -6.565331825e-06 -1.200600297e-05 -1.368384774e-05 623063801.9 164877036.4 -358898817.5 -31812924.96 819753763.2 826532.9425 836115487.8
357 0.002212524872 0.004264442103 300.0000008 -6.300479334e-06 -1.214314505e-05 -1.368035129e-05 639973239.4 150059827.5 -347421640 -30078202.44 820111269.3 -221837.0641 835556588.6
358 0.002118986158 0.00431162338 300.0000008 -6.034388744e-06 -1.227892661e-05 -1.368158931e-05 654874155.9 132869089 -336539766.8 -32015990.04 819759234.9 -1038584.32 836228955.7
359 0.002024282055 0.004356844115 300.0000008 -5.765581725e-06 -1.240869358e-05 -1.368274859e-05 667837342.2 117709893.4 -325993575.9 -33761097.93 819308333.6 16080.55083 836699890.5
360 0.001928394995 0.004399851504 300.0000008 -5.491664299e-06 -1.252840133e-05 -1.367915261e-05 681950721.4 106106515.4 -313751878.5 -31810003.35 819867240.2 920273.2119 836227653.3
361 0.001831567349 0.004440894656 300.0000008 -5.214822802e-06 -1.264361917e-05 -1.367682282e-05 696647944.4 93429562.97 -299735036.5 -30177891.15 820255398.6 -31242.97824 835753076.6
362 0.001734032876 0.004480201069 300.0000008 -4.937962375e-06 -1.275858473e-05 -1.368082442e-05 709446776.3 78282294.94 -286174433.8 -32148639.86 819877711.1 -855280.2845 836416848.2
363 0.00163578045 0.004517452781 300.0000008 -4.659849295e-06 -1.286794174e-05 -1.368569034e-05 720334767.3 65196399.24 -273199294.1 -33777974.74 819309141.3 133267.7187 836709673.3
364 0.001536783615 0.004552343327 300.0000008 -4.378146887e-06 -1.296698774e-05 -1.368615873e-05 732030277.6 56057453.1 -258781729 -31634218.77 819721949.5 983271.9854 835989809.9
365 0.001437212272 0.004585122787 300.0000008 -4.094317948e-06 -1.306113753e-05 -1.36878323e-05 743961822.8 46162354.41 -242585405.4 -29883440.75 820007618 22673.49498 835350324.3
366 0.001337221025 0.004616029851 300.0000008 -3.810698888e-06 -1.315458353e-05 -1.369541872e-05 754080777.6 33621457.95 -226870083.4 -31865671.11 819567906.7 -811311.5255 835957553.2
367 0.001236745541 0.004644734634 300.0000008 -3.526286408e-06 -1.324162611e-05 -1.370311489e-05 762480989.5 22938514.2 -212059795.5 -33553212.55 818972716.3 101130.9449 836254341.9
368 0.001135680178 0.004670918441 300.0000008 -3.238836188e-06 -1.331714183e-05 -1.370533931e-05 771516668.4 16500537.24 -196035484.8 -31363671 819380876.7 824350.6523 835505554.6
369 0.001034077152 0.004694848096 300.0000008 -2.949027495e-06 -1.338655309e-05 -1.370753685e-05 780431441 9747010.956 -178147876.6 -29440201.09 819618653 -232710.8867 834728316.5
370 0.0009320427335 0.004716787037 300.0000008 -2.658743371e-06 -1.345428457e-05 -1.371447008e-05 787546159.2 267999.0907 -160758197.8 -31291499.48 819105657.8 -1045098.331 835193125.9
371 0.0008296208869 0.004736400842 300.0000008 -2.367772282e-06 -1.351448932e-05 -1.372034136e-05 793169931.1 -7629693.479 -144747598.5 -32990231 818530468.7 38620.28851 835514211.2
372 0.0007269936141 0.004753378335 300.0000008 -2.07522252e-06 -1.35620454e-05 -1.37198988e-05 799349788.1 -10909491.72 -128026938 -30656007.22 819096303.6 1083768.256 834848663.6
373 0.0006251023114 0.004768123642 300.0000008 -1.783997352e-06 -1.360380209e-05 -1.37202798e-05 804802893.2 -14312036.11 -109666906.2 -28740415.25 819231272.4 389150.8997 833973255.2
374 0.0005240417866 0.004779198014 300.0000008 -1.494398137e-06 -1.362992595e-05 -1.371160484e-05 808156519.8 -21574891.79 -90918583.54 -31419016.34 818000644.3 -1141352.586 834156395.6
375 0.0004203458869 0.004784184585 300.0000008 -1.196114271e-06 -1.36168088e-05 -1.36692418e-05 813233170.9 -27999409.22 -73742878.73 -34414193.83 819647955.5 -732735.0178 837386554.7
376 0.0003133501104 0.00479115637 300.0000008 -8.922853982e-07 -1.362917171e-05 -1.365834887e-05 817388607.7 -28476625.79 -56988689.95 -32296512.26 821208494.2 1417778.544 837827342.6
377 0.0002088057448 0.004802936303 300.0000008 -5.958409634e-07 -1.369492509e-05 -1.370788093e-05 817220900.1 -27452137.83 -37285379.6 -29094501.08 818863263.3 492154.2719 833791747.8
378 0.0001619679384 0.004723098271 300.0000007 -4.456003589e-07 -1.300340775e-05 -1.301104042e-05 831591449 -44885354.74 -30130691.63 -45919936.3 832626030.6 38429.7689 856509711.6
379 0.0002488016774 0.004702443188 300.0000007 -6.793987622e-07 -1.28484197e-05 -1.286636978e-05 835420957.9 -45304582.78 -48360098.99 -47949079.05 838065454.2 1621852.904 863044134.2
380 0.0003607958595 0.004679477311 300.0000007 -9.781704053e-07 -1.269372003e-05 -1.273135284e-05 834280442 -46247193.59 -68055109 -51475991.17 839509239.6 -238256.3485 866394991.6
381 0.0004690758155 0.004693081491 300.0000007 -1.285789808e-06 -1.286559728e-05 -1.292968866e-05 826067028.5 -38538416.71 -85910232.25 -46990028.62 834518640.4 -1352252.301 858981352.9
382 0.0005628139275 0.004686908353 300.0000007 -1.546591929e-06 -1.287198868e-05 -1.296456858e-05 820855012.2 -33129888.28 -104693151.8 -45776854.52 833501978.5 626153.2869 857308196.4
383 0.0006594653811 0.004670880834 300.0000007 -1.809407342e-06 -1.280949972e-05 -1.293666253e-05 818556131.5 -29248796.17 -122957073.4 -46720452.52 836027787.9 791689.0419 860341060.1
384 0.0007604324883 0.004655335145 300.0000007 -2.086214749e-06 -1.276659922e-05 -1.293593239e-05 812910476.4 -25062333.18 -141168188.8 -48204650.35 836052793.5 508086.3582 861168026
385 0.0008609768392 0.00463736287 300.0000007 -2.361037124e-06 -1.271505683e-05 -1.29324076e-05 806766217.5 -19042134.97 -158326645.4 -48356225.2 836080307.7 -436133.8395 861277460.4
386 0.000961064296 0.004616948802 300.0000007 -2.634395554e-06 -1.265418903e-05 -1.29254996e-05 799257670.6 -10946531.05 -175575492.9 -47357777.07 835668916.6 -656021.4551 860326688.3
387 0.001060650826 0.004594315887 300.0000007 -2.906627842e-06 -1.258730357e-05 -1.291854079e-05 791009469.7 -2780788.142 -193788808.1 -47564057.74 835792739.3 194434.9784 860561241.4
388 0.001159682304 0.004569496136 300.0000007 -3.176856905e-06 -1.251516066e-05 -1.291207442e-05 782668130.1 4725476.596 -211537127.1 -49074521.1 836468127.8 451001.7879 862054012.5
389 0.001258185738 0.004542400219 300.0000007 -3.444676985e-06 -1.243590295e-05 -1.290416528e-05 773654520.8 13638551.5 -227719551.6 -49368363.73 836661436 -247075.2197 862406159
390 0.001356261509 0.004513061277 300.0000007 -3.711262495e-06 -1.23495284e-05 -1.28951278e-05 763188851 24910506.48 -243534707.3 -48186449.01 836285806.5 -299138.8345 861390617.5
391 0.001453991855 0.004481634988 300.0000007 -3.977577439e-06 -1.22586473e-05 -1.288780647e-05 751849165.3 36437195.66 -259993309.5 -48067027.52 836353388.5 473818.9222 861393710.5
392 0.001551341615 0.004448189945 300.0000007 -4.242934063e-06 -1.216423239e-05 -1.288297477e-05 740569137.3 47033376.09 -276027314.3 -49412885.96 837015399.4 514801.8159 862784187.2
393 0.001648178514 0.004412681375 300.0000007 -4.506307721e-06 -1.206459658e-05 -1.2878715e-05 728861789.5 58593245.27 -290493288.9 -49782592.02 837237626.8 -337802.3447 863206436.3
394 0.001744390959 0.004375134824 300.0000007 -4.768194191e-06 -1.195933712e-05 -1.287483671e-05 715648116.5 72487234.52 -304348982.7 -48698767.39 836834118.4 -400435.9188 862215856.2
395 0.001839916048 0.004335678999 300.0000007 -5.029316448e-06 -1.18505527e-05 -1.287360179e-05 701372047.2 86917753.79 -318650331.6 -48490802.22 836780603.2 433809.956 862049803.2
396 0.001934638853 0.004294382741 300.0000007 -5.288833792e-06 -1.173894075e-05 -1.287534437e-05 687241066.1 100431424.7 -332404301.6 -49535805.21 837208296 482987.8268 863043460
397 0.002028352018 0.004251224776 300.0000007 -5.54532442e-06 -1.162257756e-05 -1.287769125e-05 673082080.8 114471561 -344327221.2 -49588083.36 837141725.2 -474468.4748 863005315.8
398 0.002120851354 0.004206216452 300.0000007 -5.798688498e-06 -1.150044368e-05 -1.287963482e-05 657688760.5 130421455.2 -355376818 -48432120.25 836542335.9 -662259.5692 861780473.7
399 0.002212019054 0.004159371951 300.0000007 -6.049095477e-06 -1.137354325e-05 -1.288212102e-05 641217638.7 146855516.6 -366926689.9 -48381366.93 836454522.2 187153.7165 861664576.6
400 0.00230182464 0.004110568201 300.0000007 -6.295485542e-06 -1.12414793e-05 -1.288425375e-05 624941479.7 162389272.1 -378166886.9 -49616301.69 836947053.5 429881.4959 862826123.7
401 0.002390332683 0.004059619854 300.0000007 -6.536907872e-06 -1.110199388e-05 -1.288353339e-05 608963826.2 178315851.2 -387573801.3 -49731109.74 837010787.1 -270403.4004 862951873.3
402 0.002477710734 0.004006497103 300.0000007 -6.774549501e-06 -1.095466938e-05 -1.28801903e-05 592004218.3 196080813.8 -395755814.2 -48463297.42 836548329.5 -324152.4518 861802764.3
403 0.002564126352 0.003951325398 300.0000007 -7.010132665e-06 -1.080186849e-05 -1.287720167e-05 573951670 214316402.8 -404223156.9 -48280417.48 836548490.2 439228.1913 861704046.8
404 0.002649596186 0.003894191805 300.0000007 -7.243385977e-06 -1.064489321e-05 -1.287557345e-05 556111545.9 231477438.6 -412574634.2 -49561377.79 837150362.4 476630.4652 862999459
405 0.002734002035 0.003835104796 300.0000007 -7.473008477e-06 -1.048259313e-05 -1.28736403e-05 538717465.2 248724271.8 -419238055.5 -49883036.4 837324773.4 -368462.4057 863348019.6
406 0.002817255832 0.003774136357 300.0000007 -7.699462274e-06 -1.03146406e-05 -1.2871423e-05 520383810.5 267733539.1 -424431187.7 -48772775.77 836890125.3 -423550.0149 862311926.2
407 0.002899338123 0.003711444089 300.0000007 -7.924052805e-06 -1.014302539e-05 -1.287134713e-05 500880114.1 287390530.8 -429618750.4 -48545770.71 836816415.6 413466.5292 862115314.8
408 0.002980160587 0.003647138674 300.0000007 -8.14620422e-06 -9.96876026e-06 -1.287388147e-05 481725231.8 305930683.7 -434601442.3 -49572682.21 837228597.7 465741.7441 863083711.8
409 0.003059520448 0.003581264822 300.0000007 -8.364090813e-06 -9.790452771e-06 -1.287676126e-05 463492526.6 324046394.1 -437864228.7 -49610909.05 837149829.7 -486614.2012 863025813.1
410 0.003137225345 0.003513895297 300.0000007 -8.577384083e-06 -9.607215937e-06 -1.287905725e-05 444673830.9 343422641.6 -439588672.8 -48445494.6 836541967.1 -671014.8854 861787368.7
411 0.003213166442 0.003445081029 300.0000007 -8.786529401e-06 -9.420025605e-06 -1.288176933e-05 424635434.2 363425951 -441358513.4 -48387611.46 836448996.7 178243.9467 861662433.6
412 0.00328728334 0.00337471598 300.0000007 -8.990416731e-06 -9.22880877e-06 -1.288404067e-05 404875266.5 382446702.1 -443136653.7 -49617346.26 836939314.8 419102.7402 862818945.3
413 0.003359591089 0.003302607939 300.0000007 -9.187555737e-06 -9.031657316e-06 -1.288340073e-05 386335875.9 400937532.1 -443306402.2 -49729722.53 837003130.6 -283065.8538 862943485.8
414 0.003430244334 0.003228687198 300.0000007 -9.378994361e-06 -8.827879845e-06 -1.288010085e-05 367614533.1 420466060.5 -441712451.7 -48461789.63 836542383.3 -338252.266 861796024.8
415 0.003499437846 0.003153033222 300.0000007 -9.567015459e-06 -8.619326108e-06 -1.28771335e-05 347761084.3 440504134.5 -439975631.5 -48279748.82 836544967.6 424195.6142 861700143.7
416 0.003567210702 0.003075726901 300.0000007 -9.751700982e-06 -8.407333395e-06 -1.287551655e-05 328090600.3 459497132.4 -438460231.3 -49561612.73 837149345.4 461326.0059 862998545.8
417 0.003633451445 0.002996807749 300.0000007 -9.931503655e-06 -8.191134384e-06 -1.287359497e-05 309685024.4 477757318 -435572434.6 -49883689.97 837326032.3 -383280.414 863349651
418 0.003698094303 0.002916368611 300.0000007 -1.010679267e-05 -7.970298648e-06 -1.287139925e-05 291255063.5 496864585.8 -430735087.5 -48773488.58 836893137.8 -437311.7875 862315341.9
419 0.00376116213 0.00283456718 300.0000007 -1.027935288e-05 -7.746415796e-06 -1.287136563e-05 271779032.5 516495476.2 -425437803.6 -48546265.03 836820773.8 400998.312 862119917.8
420 0.003822599393 0.002751533675 300.0000007 -1.044890068e-05 -7.52061858e-06 -1.287397488e-05 252656257.5 535005050.9 -420328575 -49572226.83 837233535.2 454222.1957 863088377.8
421 0.003882223281 0.002667364354 300.0000007 -1.061332547e-05 -7.292040648e-06 -1.287697691e-05 235225611.4 552320548.3 -414065183.6 -49608278.46 837154438.2 -497137.7058 863029006.8
422 0.003939868757 0.002582180171 300.0000007 -1.077209866e-05 -7.059918693e-06 -1.287946278e-05 218100850.2 570004747.4 -406006462.6 -48439997.01 836545594.7 -679317.3821 861788034.2
423 0.003995446419 0.002496059886 300.0000007 -1.092592798e-05 -6.82509246e-06 -1.288246052e-05 199856361.3 588215498.6 -397524006.5 -48379045.61 836450905.5 173256.51 861659698.5
424 0.004048873747 0.00240891898 300.0000007 -1.107375399e-05 -6.58779457e-06 -1.288514898e-05 181803398.8 605530279.2 -389361402.7 -49603107.41 836936785.4 416927.7775 862808691.2
425 0.004100119497 0.002320571705 300.0000007 -1.121368324e-05 -6.346587374e-06 -1.288510237e-05 165664790.1 621625392.5 -380238009 -49701140.46 836991323.1 -282898.424 862916184.6
426 0.004149319211 0.002230917237 300.0000007 -1.134659881e-05 -6.100558771e-06 -1.288262869e-05 150318541.4 637791187.4 -369274998.4 -48405650.31 836515379.1 -335354.1099 861738646.5
427 0.004196684527 0.002139993234 300.0000007 -1.147523572e-05 -5.850943212e-06 -1.288078302e-05 134037980 654274359 -357773268.4 -48181938.9 836494277.9 426571.3747 861596563.6
428 0.004242271745 0.002047886774 300.0000007 -1.160003958e-05 -5.599057753e-06 -1.288061977e-05 117776724.2 669879090.5 -346771059.9 -49403657.92 837059472.6 450833.4027 862823094.1
429 0.004285966261 0.001954693622 300.0000007 -1.171922752e-05 -5.344593719e-06 -1.288041054e-05 103381667.3 684149673.9 -335091073.3 -49640136.2 837171477.4 -432754.9015 863063203.7
430 0.004327678203 0.001860550671 300.0000007 -1.183266165e-05 -5.086984235e-06 -1.287980164e-05 90001404.13 698165118.4 -321557411.3 -48482701.78 836649224.3 -559398.523 861914410.2
431 0.004367363777 0.001765594351 300.0000007 -1.194157196e-05 -4.827054266e-06 -1.288027924e-05 75758007.92 712397629.3 -307311972.9 -48379060.03 836534697.3 247253.5922 861743453.1
432 0.004404851011 0.001669833447 300.0000007 -1.204458199e-05 -4.565369524e-06 -1.288078235e-05 61444176.54 725914626.7 -293583209.6 -49684053.91 837042857.2 438226.1101 862958578.7
433 0.004439892786 0.001573115265 300.0000007 -1.213825983e-05 -4.300663727e-06 -1.287761857e-05 49170092.22 738066917.1 -279439641.2 -49925363.32 837162372.6 -243105.5139 863208661.3
434 0.004472460592 0.001475258373 300.0000007 -1.22221618e-05 -4.031500318e-06 -1.286989642e-05 38293702.77 749745321.8 -263640693.2 -48752666.9 836791691.5 -253052.508 862202514.6
435 0.004502775119 0.001376188975 300.0000007 -1.229915492e-05 -3.758494613e-06 -1.286061792e-05 26702002.49 761599863.2 -247153719.1 -48684739.47 836986605.1 494610.4632 862360707.5
436 0.004531010638 0.001275952161 300.0000007 -1.237063819e-05 -3.483048846e-06 -1.285162706e-05 14901157.92 772796072.8 -231257250 -50089296.39 837786527.1 470823.3545 863921295.8
437 0.004557183347 0.001174671993 300.0000007 -1.243582324e-05 -3.205419713e-06 -1.284229011e-05 5047536.903 782551524.9 -215140318 -50512637.82 838111699.6 -407430.2697 864475840.2
438 0.004581338418 0.001072538124 300.0000007 -1.249573434e-05 -2.925433556e-06 -1.283360971e-05 -3274503.471 791531786.5 -197362871.1 -49584284.72 837841567.8 -449006.5074 863702190.4
439 0.00460360175 0.0009697896117 300.0000007 -1.25531875e-05 -2.644156162e-06 -1.282864288e-05 -12030743.98 800310037.6 -178719052.2 -49611162.45 837890456.1 324400.1871 863765430.6
440 0.004623959378 0.0008666339014 300.0000007 -1.260821854e-05 -2.362802319e-06 -1.282770476e-05 -20755693.01 808224042.1 -160714324.1 -50822750.92 838291100 290350.1843 864823353.7
441 0.004642219932 0.0007630649457 300.0000007 -1.265800659e-05 -2.080811176e-06 -1.282789561e-05 -27471895.05 814590482.4 -142750564.2 -51013273.42 838131860.8 -466938.5159 864768104.2
442 0.004658599283 0.0006587681192 300.0000007 -1.27046448e-05 -1.796658982e-06 -1.283105541e-05 -32516028.88 820175643.2 -123339263.5 -49998157.73 837657772.1 -288809.206 863742991
443 0.004675132189 0.0005541692934 300.0000007 -1.276745787e-05 -1.513328628e-06 -1.285683258e-05 -37091976.52 825636593.8 -103426598.4 -49317733.68 837862351 286580.5672 863578182.1
444 0.004693796819 0.0004515422515 300.0000007 -1.286343512e-05 -1.237555105e-06 -1.292282886e-05 -41123286.44 827981677.5 -84586924.3 -49279251.95 836137643 -194610.2411 861834644.2
445 0.004713558123 0.0003536633264 300.0000007 -1.298366703e-05 -9.744897735e-07 -1.302018586e-05 -42409422.49 828364263.3 -66954699.08 -47525823.26 833480664 -1235725.535 858233742.6
446 0.004734088824 0.0002622444419 300.0000007 -1.312390911e-05 -7.269353713e-07 -1.314402622e-05 -41606570.85 828032855 -49340088.5 -44395819.19 830822103.3 -1011977.374 853887847.6
447 0.004662112031 0.0001968793748 300.0000007 -1.248400169e-05 -5.274376018e-07 -1.24951386e-05 -55020443.5 843535859.7 -37448328.14 -56578090.86 845093507.1 563171.9455 874756448.8
448 0.004585183072 0.0001387731709 300.0000006 -1.180124932e-05 -3.570430033e-07 -1.18066492e-05 -70986272.19 858030168.3 -28640698.74 -71868135.09 858912031.2 -496798.2372 897008390.5
449 0.0001693221518 0.004617571483 300.0000007 -4.422898457e-07 -1.209091292e-05 -1.209899973e-05 852672512.1 -66368063.57 -34354909.49 -67650103.93 853954552.5 607515.1524 889711265.3
450 0.0003318919116 0.004259442526 300.0000003 -6.967756345e-07 -8.939734373e-06 -8.966847099e-06 927812657.6 -137405944.5 -85544466.58 -144228265.8 934634978.8 2012006.825 1014473885
451 0.0002526294299 0.004277100812 300.0000004 -5.359132446e-07 -9.06368918e-06 -9.079518944e-06 925013749.4 -137569613.3 -63122443.62 -141306224.8 928750360.8 139638.425 1006867890
452 0.0002137106864 0.004344639792 300.0000004 -4.757656019e-07 -9.668618496e-06 -9.680316963e-06 909311760.5 -122790949.9 -50436590.5 -125249619.3 911770430 -452973.0018 980414350.7
453 0.0001298974309 0.004339836114 300.0000004 -2.874639017e-07 -9.602136923e-06 -9.606438934e-06 912542901.7 -126476855.6 -33164929.89 -127530411.3 913596457.3 2034065.102 983588448.9
454 0.0001703486549 0.004424903336 300.0000005 -4.005028034e-07 -1.038298858e-05 -1.039070997e-05 892667112.5 -104513363.7 -38598232.91 -106005145 894158893.8 151635.8177 951600089.5
455 0.000218641884 0.004514804008 300.0000006 -5.429269706e-07 -1.119993646e-05 -1.121308816e-05 871060733.3 -85158771.47 -45657307.88 -87333262.21 873235224 -755574.8055 920016874.1
456 0.0002785283665 0.004600541038 300.0000007 -7.244737394e-07 -1.197498748e-05 -1.199688239e-05 851742133.5 -66206542.26 -54522668.47 -69431953.26 854967544.5 -1247535.84 891715780.9
457 0.0003600126223 0.004580079364 300.0000006 -9.295670609e-07 -1.183050839e-05 -1.186697196e-05 855469764.8 -65521942.86 -72348896.51 -71170439.37 861118261.3 -488743.0492 898819655.5
458 0.0004353862894 0.00460508362 300.0000007 -1.14198246e-06 -1.208861116e-05 -1.214243151e-05 843713553.7 -58270637.18 -85161520.51 -66239976.1 851682892.6 -869770.8848 886661834
459 0.0005110134972 0.004623841366 300.0000007 -1.358662877e-06 -1.229672281e-05 -1.237155433e-05 836100635.6 -47655758.71 -99029791.64 -58616626.55 847061503.5 148242.5233 877838853.8
460 0.0005881260159 0.004586552811 300.0000007 -1.543153281e-06 -1.203027965e-05 -1.212884785e-05 837270187.7 -48785150.41 -117364750.4 -64063931.89 852548969.2 1788179.844 886324525.3
461 0.0003135599838 0.004508984481 300.0000006 -7.782598247e-07 -1.118330459e-05 -1.121035189e-05 871369599.6 -82810186.68 -65905827.76 -87340227.34 875899640.2 -763959.8777 922676281.1
462 0.0002612853591 0.004427323144 300.0000005 -6.165816843e-07 -1.04337404e-05 -1.045194293e-05 889697523.5 -102210306.9 -58338071.38 -105629453.1 893116669.6 -402697.7089 950344610.6
463 0.0003003144222 0.004345881628 300.0000004 -6.728263373e-07 -9.714502236e-06 -9.737774215e-06 905382799.7 -119589630.2 -71775305.84 -124591051.9 910384221.5 600794.2979 978646601.9
464 0.0003511028011 0.004424834133 300.0000005 -8.299542383e-07 -1.045314841e-05 -1.04860448e-05 887264032.4 -98209199.52 -77989123.72 -104342502.2 893397335.1 -693109.6296 949877313.5
465 0.000411735238 0.004506499187 300.0000006 -1.024261805e-06 -1.121203026e-05 -1.125871817e-05 866473411.1 -77988962.68 -86345052.08 -85817485.88 874301934.3 -660781.6783 920217483.6
466 0.0004996231413 0.004547739685 300.0000006 -1.277771166e-06 -1.162901099e-05 -1.169899978e-05 851124613.5 -66335733.5 -101149173.9 -77354211.98 862143092 -855236.9636 903308905.6
467 0.0006932666009 0.004575239233 300.0000007 -1.822338968e-06 -1.202110008e-05 -1.215844422e-05 832294851.7 -43415185.43 -136282800.8 -64133842.39 853013508.6 450761.8522 886821762.9
468 0.0007922193175 0.004559020369 300.0000007 -2.08200148e-06 -1.197818578e-05 -1.215778205e-05 826426723.1 -37816689.37 -155171973.8 -64832676.59 853442710.3 298150.8412 887636737.4
469 0.0008904361987 0.004539971599 300.0000007 -2.338783892e-06 -1.192275777e-05 -1.214998201e-05 819363503.2 -31038335.78 -173147792.7 -64940775.19 853265942.7 -293058.8807 887520187.1
470 0.000988165744 0.004518704791 300.0000007 -2.594114274e-06 -1.18604573e-05 -1.214083507e-05 811308882.1 -23386103.3 -191402263.1 -65183121.61 853105900.4 -271991.6314 887494701
471 0.001085208889 0.004495283305 300.0000007 -2.847264042e-06 -1.179227074e-05 -1.213114016e-05 802843719.4 -15234101.45 -209862892.4 -65929077.59 853538695.6 131959.3967 888340035.8
472 0.001181606658 0.004469631372 300.0000007 -3.097991643e-06 -1.171770115e-05 -1.212031651e-05 793817622.7 -6321987.474 -227599444.1 -66531806.07 854027441.3 154599.3006 889162196.4
473 0.00127759186 0.004441754298 300.0000007 -3.347165247e-06 -1.163683526e-05 -1.210865187e-05 783716087.1 3904807.614 -244529623.8 -66429864.67 854050759.4 216.116911 889128844.9
474 0.001373370966 0.004411728028 300.0000007 -3.595863345e-06 -1.155067672e-05 -1.209745287e-05 772584805.7 15274361.21 -261274823.1 -66118539.83 853977706.8 186465.8028 888883259.1
475 0.001468995526 0.004379661132 300.0000007 -3.844387216e-06 -1.146053042e-05 -1.208813759e-05 761098098.6 26895626.82 -277864079.5 -66406948.26 854400673.6 308082.4953 889465468.7
476 0.001564343248 0.004345655298 300.0000007 -4.092201235e-06 -1.136699906e-05 -1.208117455e-05 749178251 38710685.86 -293812779.3 -67051181.66 854940118.6 -12412.65449 890361282.3
477 0.001659214016 0.004309735566 300.0000007 -4.338889021e-06 -1.126982044e-05 -1.207620846e-05 736064845.9 51681550.56 -309005891 -67190470.15 854936866.6 -241035.7713 890435505.5
478 0.001753477054 0.004271890436 300.0000007 -4.584554732e-06 -1.116888017e-05 -1.207319454e-05 721791544.2 66028073.46 -323817483.9 -66920083.3 854739701 76095.4485 890088491.9
479 0.001847074731 0.004232185323 300.0000007 -4.82926535e-06 -1.106486805e-05 -1.207282522e-05 707155497.6 80852030.6 -338192456.8 -66906219.54 854913747.8 364661.1917 890254685
480 0.001939868092 0.004190770341 300.0000007 -5.072590507e-06 -1.095836734e-05 -1.207547055e-05 692353729.6 95769545.31 -351515834 -66960653.21 855083928.1 36362.82344 890454510.7
481 0.002031547231 0.004147764382 300.0000007 -5.313724673e-06 -1.084895026e-05 -1.208037216e-05 676734256.7 111241379.2 -363679208 -66672495.55 854648131.4 -436443.223 889859958.3
482 0.002121746859 0.004103119982 300.0000007 -5.551461555e-06 -1.073528308e-05 -1.208573656e-05 660189347 127485103.1 -375442739.9 -66489394.72 854163844.8 -327002.2269 889274913.2
483 0.002210284269 0.00405660466 300.0000007 -5.784408488e-06 -1.06156292e-05 -1.208929133e-05 643381454.7 144118588.4 -387042517.7 -66812412.38 854312455.5 85822.67909 889602365.2
484 0.00229729873 0.004007969257 300.0000007 -6.012065791e-06 -1.048849271e-05 -1.208939264e-05 626589687.7 160899827.2 -397714828.4 -67117301.57 854606816.4 93967.75005 890065431.7
485 0.002383129191 0.003957103577 300.0000007 -6.23543391e-06 -1.035360307e-05 -1.208626214e-05 609324728.1 178322962 -407163407.4 -66852470.35 854500160.4 -58083.89725 889811909.2
486 0.002468074884 0.003904026882 300.0000007 -6.456043955e-06 -1.021188807e-05 -1.208152149e-05 591284591.7 196598941.2 -415942501.2 -66441048.45 854324581.3 136928.6926 889408331.6
487 0.002552265263 0.003848852193 300.0000007 -6.674747153e-06 -1.006485345e-05 -1.207698324e-05 573019210.5 214989183.6 -424442316 -66644892.79 854653286.9 265863.1338 889849577.9
488 0.002635639904 0.00379173733 300.0000007 -6.89136347e-06 -9.91353921e-06 -1.207348955e-05 554692222.1 233202980.3 -432243311.3 -67217348.83 855112551.2 -46570.50368 890625652.2
489 0.002718030456 0.003732786264 300.0000007 -7.105553557e-06 -9.758082543e-06 -1.207100105e-05 535718509.8 252028622.5 -438825060.7 -67306821.54 855053953.9 -268179.7996 890617006.3
490 0.002799318385 0.003672047267 300.0000007 -7.31748252e-06 -9.598578485e-06 -1.206972491e-05 515954341.4 271862492.7 -444461471.7 -67005028.91 854821862.9 53008.35293 890217649.4
491 0.00287947127 0.003609620062 300.0000007 -7.527469076e-06 -9.435860075e-06 -1.207055285e-05 496103283.5 291899432.2 -449519995.6 -66968174.84 854970890.6 345827.8426 890346089.5
492 0.00295839755 0.003545702783 300.0000007 -7.735310617e-06 -9.270744236e-06 -1.207401048e-05 476627287.2 311489942.3 -453608091.4 -67003079.3 855120308.8 23896.03314 890514374.2
493 0.003035831054 0.003480503618 300.0000007 -7.940165635e-06 -9.103131344e-06 -1.20794549e-05 457006649.1 330962846.1 -456351931.6 -66698059.28 854667554.6 -443748.4852 889893543
494 0.003111408261 0.003414081141 300.0000007 -8.140556822e-06 -8.932119967e-06 -1.208517408e-05 436779225.9 350890683.2 -458328736.8 -66501151.03 854171060.1 -333684.462 889288645.9
495 0.003184893647 0.003346265396 300.0000007 -8.334712178e-06 -8.756446266e-06 -1.208895273e-05 416418162.2 371079492.6 -460005559.7 -66814966.08 854312620.9 76074.63446 889603945.6
496 0.003256358078 0.003276784948 300.0000007 -8.521778597e-06 -8.574834341e-06 -1.208918915e-05 396545709.5 390943450.4 -460851407.5 -67115333.27 854604493.2 80741.82561 890062016.2
497 0.003326101084 0.003205449314 300.0000007 -8.702665687e-06 -8.386792143e-06 -1.208613555e-05 376884477.7 410763494.8 -460361976.1 -66849532.09 854497504.7 -73995.99115 889807631
498 0.003394417238 0.00313220215 300.0000007 -8.879103451e-06 -8.192839537e-06 -1.208143608e-05 356889693.9 430994065.2 -458887590 -66439126.17 854322885.3 119421.2782 889405564.7
499 0.003461461373 0.003057120784 300.0000007 -9.052313179e-06 -7.99422442e-06 -1.207692004e-05 336830213.6 451178024.5 -457086811.5 -66644496.89 854652735 247771.1495 889848791.7
500 0.00352721655 0.002980374401 300.0000007 -9.222398791e-06 -7.792007798e-06 -1.207344296e-05 317049407.9 470845214.7 -454709198.8 -67218319.3 855112941.9 -64364.8044 890626584.6
501 0.003591547774 0.002902107752 300.0000007 -9.389076875e-06 -7.586417841e-06 -1.20709776e-05 297314864.7 490431826.7 -450960090.8 -67308248.33 855054939.7 -284811.7825 890618798.2
502 0.00365435396 0.002822398696 300.0000007 -9.552541123e-06 -7.3775096e-06 -1.206974274e-05 277382379.1 510433657.2 -445941462.9 -67006302.98 854822339.3 37719.48139 890218830
503 0.003715630809 0.002741352436 300.0000007 -9.713326734e-06 -7.16601193e-06 -1.207064386e-05 257671661.9 530330705.3 -440348941.8 -66968250.29 854970617.4 331801.5741 890345842.8
504 0.003775342743 0.002659184598 300.0000007 -9.871463545e-06 -6.952772958e-06 -1.207422231e-05 238767043.7 549350846.6 -434120350.2 -67000761.38 855118651.7 10486.23667 890511432.5
505 0.003833288604 0.002576165909 300.0000007 -1.002613087e-05 -6.737922523e-06 -1.207985514e-05 220391468.2 567579574.6 -426720027.2 -66692965.77 854664008.6 -456454.4706 889887196.1
506 0.003889135133 0.002492448146 300.0000007 -1.017569334e-05 -6.520984024e-06 -1.208585816e-05 201862289.3 585809927 -418388975.5 -66493299.32 854165515.6 -344368.7351 889278767.3
507 0.003942614534 0.00240792983 300.0000007 -1.031814723e-05 -6.301211907e-06 -1.209005515e-05 183375668.5 604125919.6 -409696525.7 -66802060.52 854303648.6 68994.98293 889587824.6
508 0.003993730027 0.002322333218 300.0000007 -1.045238634e-05 -6.077615106e-06 -1.20908968e-05 165742473.3 621753687.9 -400482156.9 -67090838.14 854586999.3 77348.65654 890030952.2
509 0.004042728199 0.002235401553 300.0000007 -1.057922769e-05 -5.849511517e-06 -1.208870727e-05 148979280.4 638683852.7 -390167470.8 -66802010.05 854465143.2 -73426.38149 889748950.4
510 0.00408988705 0.002147012861 300.0000007 -1.070056523e-05 -5.616998103e-06 -1.208522916e-05 132438521.1 655477079.4 -378804092.6 -66351724.25 854267324.8 124642.0764 889301619.3
511 0.00413538454 0.002057218642 300.0000007 -1.081801124e-05 -5.381030139e-06 -1.208241914e-05 116022626.2 672044352 -367144164 -66493179.45 854560157.7 254118.4943 889672423.8
512 0.004179251718 0.001966220552 300.0000007 -1.093204488e-05 -5.142707622e-06 -1.208126842e-05 100166408.8 687825011 -355177406.7 -66967025.7 854958445.5 -68953.03903 890332839.2
513 0.004221377729 0.001874257811 300.0000007 -1.104243564e-05 -4.902460529e-06 -1.208178398e-05 85125789.36 702769082 -342064998.1 -66898696.41 854793567.8 -338685.5315 890130551.4
514 0.00426160038 0.001781525434 300.0000007 -1.114880221e-05 -4.660311003e-06 -1.208363725e-05 70569061.42 717286586.1 -327810948.5 -66529434.37 854385081.9 -143393.7293 889517763.6
515 0.004299709371 0.001688137689 300.0000007 -1.124989128e-05 -4.416363859e-06 -1.208570739e-05 56188962 731464977.5 -313300448.5 -66777616.34 854431555.9 102921.6615 889701898.4
516 0.004335375811 0.001593999562 300.0000007 -1.134264754e-05 -4.16997179e-06 -1.208487972e-05 42485088.14 744974500.2 -298576125.3 -67269709.08 854729297.4 63939.71335 890272311.7
517 0.004368349994 0.001498751504 300.0000007 -1.142426731e-05 -3.919361433e-06 -1.207788382e-05 29955610.71 757569869.6 -282938519.8 -67116672.92 854642153.2 5886.535876 890100329.1
518 0.004398764536 0.00140202649 300.0000007 -1.149535926e-05 -3.663554201e-06 -1.206502854e-05 18058494.48 769881773.1 -266488078.3 -66817690.01 854757957.6 194714.505 890049906.3
519 0.004427012251 0.001303746772 300.0000007 -1.15590559e-05 -3.403546793e-06 -1.20497263e-05 6187113.995 781983900.7 -249801388.9 -67288313.75 855459328.5 307679.158 891011267.9
520 0.004453369206 0.001204115692 300.0000007 -1.161789192e-05 -3.14084261e-06 -1.203496177e-05 -5084637.581 793177730.1 -232888162.8 -68060148.91 856153241.5 -24010.5485 892132543.7
521 0.004477884284 0.001103417223 300.0000007 -1.167294156e-05 -2.876188302e-06 -1.202206404e-05 -15311824.98 803216536.9 -215067280.7 -68379796.5 856284508.4 -292993.429 892441468
522 0.004500556969 0.001001906996 300.0000007 -1.172530639e-05 -2.610141447e-06 -1.201231236e-05 -24697847.53 812676895.7 -196134470.3 -68360825.33 856339873.5 777.4852709 892486012.1
523 0.00452149383 0.0008999474196 300.0000007 -1.177668119e-05 -2.343904984e-06 -1.200766881e-05 -33384325.13 821456088.7 -176933947.4 -68558551.69 856630315.3 212457.9989 892885906.1
524 0.004540536787 0.0007979326296 300.0000007 -1.182574323e-05 -2.078284522e-06 -1.200697587e-05 -41148852.75 828914601.2 -157748946.6 -68866877.92 856632626.4 22957.87588 893059751.4
525 0.004556889672 0.0006955129235 300.0000007 -1.186522469e-05 -1.811061665e-06 -1.20026456e-05 -47943675.25 834931496.1 -137723382.5 -68928859.79 855916680.6 231802.6372 892380005.3
526 0.004570035787 0.0005904329118 300.0000007 -1.188973715e-05 -1.535586544e-06 -1.198848928e-05 -54600246.28 841661372.2 -117075304.5 -69640475.83 856701601.7 661761.2295 893560211.3
527 0.004588509022 0.0004842069384 300.0000007 -1.197467628e-05 -1.263975666e-06 -1.204120037e-05 -58536294.53 846008829.2 -96912164.93 -68802700.45 856275235.1 -375776.3406 892667666
528 0.004613819318 0.0003829609949 300.0000007 -1.213633132e-05 -1.007600357e-06 -1.217808672e-05 -59046852.71 846054200.6 -76566988.92 -65477436.93 852484784.8 -907098.7597 887039227
529 0.004638341629 0.0002885123986 300.0000007 -1.230729659e-05 -7.658541334e-07 -1.233110221e-05 -57880907.47 845360568 -57195192.42 -61487541.74 848967202.2 -787764.0343 881322186.4
530 0.004566449201 0.0002232670006 300.0000006 -1.16567227e-05 -5.700589681e-07 -1.167065342e-05 -72895552.17 861818001.9 -46227203.59 -75176017.38 864098467.2 -414837.1185 904034065.8
531 0.004498719709 0.0001615067756 300.0000006 -1.104210359e-05 -3.957978825e-07 -1.104919487e-05 -88875238.9 878816192.5 -34938537.5 -90135032.05 880075985.6 -152598.7968 928430832.9
532 0.00454003685 0.000312034 300.0000006 -1.145722222e-05 -7.872951264e-07 -1.148424027e-05 -75933446.1 864193054.5 -66029616.23 -80547100.1 868806708.5 -1098194.049 911754578.3
533 0.004474321996 0.0002418611465 300.0000006 -1.084706378e-05 -5.857952455e-07 -1.086287018e-05 -92508589.21 879668965.8 -53471710.64 -95440202.98 882600579.6 -761820.3458 933986046.5
534 0.004508700737 0.0004077654537 300.0000006 -1.12296979e-05 -1.015135873e-06 -1.127548738e-05 -76898862.13 866230990.2 -87186598.49 -84889583.78 874221711.8 -1167557.752 919612010.4
535 0.004438616495 0.0003277952217 300.0000005 -1.056477288e-05 -7.799939897e-07 -1.05935271e-05 -96566146.85 885236232.8 -73583238.3 -102049908.8 890719994.8 -671401.9054 945883470.4
536 0.004469606664 0.0005183251977 300.0000006 -1.095711359e-05 -1.270318737e-06 -1.103050533e-05 -78212307.73 865372490.2 -110398982.2 -90956542.8 878116725.3 503267.6496 926948378.9
537 0.004401654165 0.0004212256605 300.0000005 -1.028697549e-05 -9.837222844e-07 -1.033390409e-05 -98862394.19 887522577.1 -94895077.1 -107908667 896568849.8 364833.7324 955106241
538 0.004471527142 0.0006315699205 300.0000006 -1.106576221e-05 -1.563720758e-06 -1.117570201e-05 -67365337.6 856544846.4 -132845301.5 -86087158.37 875266667.2 294451.7199 921331763.2
539 0.004458480772 0.0007312690109 300.0000006 -1.104698682e-05 -1.812572231e-06 -1.119470123e-05 -62008513.24 850029769.2 -153914012 -87282368.46 875303624.4 -178388.8634 922048434.6
540 0.004440251577 0.0008311371171 300.0000006 -1.099793418e-05 -2.058866088e-06 -1.118898949e-05 -55100843.05 843598485.8 -174589484 -87826431.83 876324074.6 -243096.794 923375308.2
541 0.004420144551 0.0009322673636 300.0000006 -1.094827061e-05 -2.309068812e-06 -1.118912097e-05 -46917737.89 834935532.9 -194561497.5 -87935567.14 875953362.1 84310.43498 923067946.4
542 0.004398981409 0.001033482191 300.0000006 -1.090426038e-05 -2.561542749e-06 -1.120108903e-05 -37379127.57 824972596.5 -214548258.2 -87808465.47 875401934.4 -102484.466 922445990.5
543 0.004375993646 0.001133807545 300.0000006 -1.085836654e-05 -2.812965922e-06 -1.121681332e-05 -26505051.07 814623890 -233789791 -87118424.46 875237263.4 -150914.2977 921888955.9
544 0.004351263363 0.001233138376 300.0000006 -1.081030675e-05 -3.063052869e-06 -1.123588112e-05 -14949068.24 803404095.9 -252097869.6 -86375032.08 874830059.7 63559.70141 921060131.7
545 0.004325037742 0.001331120089 300.0000006 -1.07609549e-05 -3.311286349e-06 -1.125889725e-05 -2782274.762 791082854 -269620480.9 -85694074.11 873994653.4 225807.5968 919840444.9
546 0.004297112747 0.001427175144 300.0000006 -1.07071052e-05 -3.555566905e-06 -1.128202808e-05 9705154.895 778042399.3 -286499346.9 -85362427.03 873109981.2 258292.4816 918770249
547 0.004266667524 0.001521035441 300.0000006 -1.064129401e-05 -3.793119444e-06 -1.12971188e-05 22471277.49 764713586.8 -302951465.8 -85480092.08 872664956.4 136297.7263 918393439
548 0.004232969109 0.001613242456 300.0000006 -1.055894601e-05 -4.023679868e-06 -1.129961682e-05 36311034.06 751135636.5 -318911242.3 -85283881.64 872730552.2 -140317.4393 918347355.5
549 0.004196289904 0.001704764058 300.0000006 -1.046403871e-05 -4.250694954e-06 -1.129444614e-05 50673634.55 737139489.7 -334115368.5 -85094393.88 872907518.2 -78682.70214 918416107.2
550 0.004157384022 0.001795993598 300.0000006 -1.03634025e-05 -4.476639904e-06 -1.128895106e-05 65391793.66 722363911.9 -349101461.1 -85470567.12 873226272.6 -116247.0999 918947510.1
551 0.004116591808 0.001886718827 300.0000006 -1.025974154e-05 -4.701722323e-06 -1.128576489e-05 81153087.16 706784994.1 -363382375.4 -85510370.22 873448451.4 -257088.8493 919191666.3
552 0.004074128006 0.001976711856 300.0000006 -1.015406724e-05 -4.92601619e-06 -1.128586358e-05 97616418.13 690694065.9 -376449607.3 -85062429.77 873372913.8 -63038.18372 918861849.1
553 0.004030296329 0.002065657623 300.0000006 -1.004734659e-05 -5.149104007e-06 -1.128992672e-05 114212778.3 673909605.1 -388712518.2 -84909072.06 873031455.5 206671.9966 918434478.7
554 0.003985122639 0.002153065503 300.0000006 -9.938424138e-06 -5.369118829e-06 -1.129600422e-05 131122721.1 656525245.4 -400520699.8 -85163225.21 872811191.7 195665.676 918359233.8
555 0.003938403521 0.002238689962 300.0000006 -9.825265984e-06 -5.584522656e-06 -1.130144879e-05 148622780.2 638915116.6 -411562236.7 -85271875.88 872809772.7 84295.16559 918419479.3
556 0.003889851603 0.002322672131 300.0000006 -9.705839597e-06 -5.795014355e-06 -1.130422547e-05 166469002.6 620836035.4 -421625008.3 -85283799.98 872588838.1 6722.231497 918206022
557 0.003838858048 0.002405334494 300.0000006 -9.576794478e-06 -6.00017272e-06 -1.13011975e-05 185082820.3 602175409.3 -430986950.5 -85162287.88 872420517.5 -317972.5928 917969392.3
558 0.003784937829 0.002487209006 300.0000006 -9.436530584e-06 -6.200861081e-06 -1.12915361e-05 204258194.3 583628005 -439786827.2 -85006430.87 872892630.2 -404817.3607 918351575.2
559 0.003728422046 0.002568801957 300.0000006 -9.28896372e-06 -6.39976411e-06 -1.128015193e-05 223572969.6 564853626.9 -448024262.7 -85207018.66 873633615.2 -146571.4549 919203845.6
560 0.003670084967 0.002650084615 300.0000006 -9.139400096e-06 -6.599129188e-06 -1.127284969e-05 243088537.7 545200879.3 -455257260.2 -85518830.31 873808247.3 171051.0066 919555039.4
561 0.003610428935 0.002730544258 300.0000006 -8.989796362e-06 -6.79864726e-06 -1.127111544e-05 263025798.4 524741137.4 -461553179.2 -85861264.87 873628200.7 241503.1991 919570218.7
562 0.003549442048 0.002809653828 300.0000006 -8.838718825e-06 -6.996128594e-06 -1.127247824e-05 283631006.4 503850474.1 -467053490.3 -86116648.82 873598129.3 -49560.32143 919685337.1
563 0.003486905818 0.00288724883 300.0000006 -8.684340153e-06 -7.19025984e-06 -1.127464413e-05 304690577.3 483119735.4 -471400593.3 -85863213.55 873673526.2 -267893.1653 919616525.3
564 0.003422895113 0.002963443809 300.0000006 -8.527031257e-06 -7.381777721e-06 -1.127833783e-05 325577730.7 462663581.3 -474467333.7 -85272060.75 873513372.7 -80467.33482 919120906.9
565 0.003357759353 0.003038157546 300.0000006 -8.368129505e-06 -7.57109508e-06 -1.128481599e-05 346091458.7 441998480.8 -476668630.9 -85029643.18 873119582.7 195344.0172 918590772.3
566 0.003291663751 0.00311098208 300.0000006 -8.207288537e-06 -7.756411239e-06 -1.12925418e-05 366610300.7 421027198.8 -478276329.5 -85230840.42 872868339.9 192860.2974 918454598.1
567 0.003224491972 0.003181652556 300.0000006 -8.043140723e-06 -7.935876098e-06 -1.129912572e-05 387274122.4 400263154.4 -479033042.3 -85308418.83 872845695.6 87405.31268 918476044.2
568 0.003155942656 0.003250242891 300.0000006 -7.873930235e-06 -8.108768013e-06 -1.130269419e-05 407736914.8 379571427.5 -478748747.7 -85301658.67 872610000.9 14844.68692 918237261.2
569 0.003085353355 0.003316913717 300.0000006 -7.696614959e-06 -8.273872596e-06 -1.130021458e-05 428524923.4 358738403 -477530434.8 -85171807.22 872435133.7 -304102.3885 917989353.8
570 0.003012124423 0.003382057589 300.0000006 -7.509486242e-06 -8.431648909e-06 -1.129092941e-05 449566533.3 338323933.5 -475719188.5 -85014393.54 872904860.2 -388690.6583 918368266.4
571 0.002936449085 0.003446252074 300.0000006 -7.315672527e-06 -8.585735637e-06 -1.127980146e-05 470445670.3 317985383.8 -473328885.6 -85212519.26 873643573.3 -130962.1046 919216888.4
572 0.002859085668 0.003509671763 300.0000006 -7.119743172e-06 -8.739698642e-06 -1.127266939e-05 490951754.1 297342810 -469798150.3 -85520700.21 873815264.2 186105.7345 919563104.6
573 0.002780654357 0.003571952829 300.0000006 -6.923686474e-06 -8.893760842e-06 -1.127104326e-05 511328444.7 276444473.9 -465149775.2 -85860210.62 873633129.3 256951.608 919574544.5
574 0.002701281852 0.003632584154 300.0000006 -6.726698147e-06 -9.045447066e-06 -1.127247003e-05 531899598.9 255585092.7 -459537658.2 -86114179.43 873598871.1 -33086.13345 919684670.2
575 0.002620801068 0.00369135117 300.0000006 -6.527364941e-06 -9.193027546e-06 -1.127467287e-05 552329379.3 235482889.4 -452855701.3 -85860630.55 873672899.2 -249132.751 919614416.4
576 0.00253925567 0.003748384715 300.0000006 -6.325864376e-06 -9.337317598e-06 -1.127838906e-05 571978077.3 216262599.2 -445177735.2 -85271555.3 873512231.8 -60676.13021 919119478
577 0.00245700486 0.003803697675 300.0000006 -6.123389359e-06 -9.479073101e-06 -1.128488919e-05 590833225 197253694.7 -436790971.8 -85031188.15 873118107.9 215226.2189 918590192.8
578 0.002374314222 0.003856939894 300.0000006 -5.920078079e-06 -9.616476448e-06 -1.129264999e-05 609377521.7 178254550.1 -427811885 -85234815.53 872866887.4 211767.7495 918455420.5
579 0.002291140119 0.003907827038 300.0000006 -5.715095099e-06 -9.747401719e-06 -1.129929875e-05 627647443.8 159882586.2 -418109122.4 -85313494.24 872843524.3 103567.9119 918476768
580 0.00220717229 0.003956354843 300.0000006 -5.506937565e-06 -9.87071873e-06 -1.13029841e-05 645216698.4 142085183.4 -407570345.1 -85305127.93 872607009.7 26634.69124 918236251.1
581 0.002121728992 0.004002510467 300.0000006 -5.292988431e-06 -9.984495905e-06 -1.130070285e-05 662612685.5 124645139.7 -396098874.4 -85168016.02 872425841.2 -299337.8921 917977933.3
582 0.002034128795 0.004046522974 300.0000006 -5.071484201e-06 -1.008877857e-05 -1.129174056e-05 679971441 107917371.5 -384148019 -84992973.87 872881786.4 -388570.5493 918333104.3
583 0.001944407854 0.00408900749 300.0000006 -4.844510077e-06 -1.018794671e-05 -1.128111414e-05 696883332 91547678.54 -371753112 -85167612.05 873598622.6 -128329.1372 919146578.9
584 0.00185325205 0.004130338779 300.0000006 -4.615566429e-06 -1.028670324e-05 -1.127473801e-05 712848677.7 75443118.53 -358389405.7 -85452255.25 873744051.5 197761.0061 919453246.5
585 0.001761352714 0.004170339111 300.0000006 -4.386534066e-06 -1.038588538e-05 -1.127423152e-05 728117224.2 59647472.94 -344024921.8 -85769631.2 873534328.3 277858.6775 919424603.3
586 0.001668962148 0.004208565406 300.0000006 -4.157301662e-06 -1.048304797e-05 -1.127729807e-05 743089869.3 44381760.85 -328776240.9 -85995434.4 873467064.5 -8476.909819 919485784.2
587 0.001575971862 0.004244791449 300.0000006 -3.926977257e-06 -1.057636804e-05 -1.128187534e-05 757434359.9 30358161.3 -312804747.6 -85693886.39 873486407.6 -225093.4109 919333749.7
588 0.00148238846 0.004279186612 300.0000006 -3.69554388e-06 -1.066696034e-05 -1.128898079e-05 770578375.7 17628812.68 -296364328.5 -85025903.19 873233091.6 -32632.93763 918701731.8
589 0.001388557686 0.004311894741 300.0000006 -3.463987329e-06 -1.075621163e-05 -1.130023437e-05 782604037 5427362.102 -279554057.5 -84681802.28 872713201.3 262356.3076 917988274.8
590 0.001294837559 0.004342692027 300.0000006 -3.232977733e-06 -1.084282992e-05 -1.131455282e-05 794021572 -6468708.735 -262316509.2 -84769321.74 872322185 292067.1652 917648215.9
591 0.0012012879 0.004371348632 300.0000006 -3.002385957e-06 -1.092509955e-05 -1.133014217e-05 804847969.9 -17410278.32 -244671768.4 -84707099.69 872144791.3 213631.6693 917436004.5
592 0.001107671024 0.004397843956 300.0000006 -2.771251083e-06 -1.10022305e-05 -1.134587627e-05 814612794.7 -27360986.72 -226577225.1 -84461100.77 871712908.7 130331.4196 916865832.9
593 0.001013453062 0.00442204481 300.0000006 -2.537826454e-06 -1.10723871e-05 -1.135950348e-05 823669814.4 -36292422.76 -207762088 -83855853.17 871233244.8 -226457.1944 916044394
594 0.0009181463625 0.004443995906 300.0000006 -2.300750547e-06 -1.113535278e-05 -1.13705556e-05 832204500.3 -44018884.6 -188839102.8 -82983709.22 871169324.9 -242242.7442 915486388
595 0.000821999596 0.004464118284 300.0000006 -2.061380632e-06 -1.11944446e-05 -1.138265698e-05 839814822.9 -51116315.5 -170080194.3 -82480675.7 871179183.1 253482.8882 915211380.7
596 0.000726150477 0.004482401992 300.0000006 -1.822715869e-06 -1.125065195e-05 -1.139734453e-05 845987584.2 -57606051.86 -151087454.4 -82199057.31 870580589.7 720938.0581 914455964.6
597 0.0006331457765 0.004497532668 300.0000006 -1.590107705e-06 -1.129547139e-05 -1.140684516e-05 850461714.1 -63467997.15 -132994842.3 -82425120.45 869418837.4 1666533.483 913429417
598 0.0005574688612 0.00450407157 300.0000006 -1.396964868e-06 -1.128893384e-05 -1.137504013e-05 857035638.4 -68473741.05 -117644750.4 -83192160.74 871754058.1 1272771.815 916189956.8
599 0.004394064233 0.0005853731296 300.0000005 -1.034271999e-05 -1.377433291e-06 -1.043403944e-05 -89130727.11 875305174.2 -131657171.4 -106779841.3 892954288.4 -824723.668 950852698.1
600 0.004352822808 0.0005076446847 300.0000005 -9.908307691e-06 -1.154618331e-06 -9.975354828e-06 -103971772.7 892879769.1 -118372891.7 -117835120.9 906743117.3 -499028.1585 971038170.5
601 0.004380151518 0.000668468741 300.0000005 -1.029646918e-05 -1.570607262e-06 -1.041556932e-05 -83208180.25 871350955.8 -149498335.7 -106074020.3 894216795.9 -330426.7131 951697890
602 0.004361605741 0.0007629655033 300.0000005 -1.023173774e-05 -1.790196214e-06 -1.038716802e-05 -77739454.68 864129453.5 -171220492.3 -107898116.2 894288115 -1185980.31 952832335
603 0.004339339092 0.0008624278278 300.0000005 -1.015658088e-05 -2.018293879e-06 -1.035517481e-05 -70567837.19 858746916.5 -192127311.4 -108721914.1 896900993.5 153592.3267 955910409.1
604 0.004320350415 0.0009647071837 300.0000005 -1.012806205e-05 -2.261227091e-06 -1.037741725e-05 -60750318.34 847666385.5 -213241144.1 -108315782.4 895231849.6 223685.4855 954012715.6
605 0.004299079766 0.001064811035 300.0000005 -1.009303181e-05 -2.499656937e-06 -1.039796017e-05 -49334344.25 837103812 -233966392 -107297289.8 895066757.6 -53840.94276 953255188.8
606 0.004275520194 0.001163925855 300.0000005 -1.005187473e-05 -2.736016442e-06 -1.041757992e-05 -37441652.25 826049402.9 -253901872 -106565729.4 895173480 -15838.07861 952935795.1
607 0.004250798554 0.001262180753 300.0000005 -1.001371914e-05 -2.972638703e-06 -1.044562834e-05 -24775818.34 813521621.7 -272798934.7 -105731972.1 894477775.5 153118.5285 951758745.9
608 0.004225440975 0.00135854029 300.0000005 -9.980471276e-06 -3.20795824e-06 -1.048335835e-05 -11385613.64 799775053 -290490795.7 -104684239.2 893073678.5 305927.4083 949752812.4
609 0.004198594877 0.00145168361 300.0000005 -9.941457185e-06 -3.436517477e-06 -1.051866069e-05 2119864.534 785397763.3 -307153873.3 -103960433.2 891478061 345839.2611 947744537.9
610 0.004167792604 0.001541483667 300.0000005 -9.875613106e-06 -3.652095761e-06 -1.052927051e-05 15648848.22 770864445.7 -323809337.6 -104176874.1 890690168.1 -169936.5131 947085635.4
611 0.004132177601 0.001630171548 300.0000005 -9.781873011e-06 -3.858646814e-06 -1.051542651e-05 30393682.94 757727550.7 -340379532.6 -104047506.1 892168739.8 -403540.6989 948482664.4
612 0.004094103281 0.001719662474 300.0000005 -9.682436574e-06 -4.066609881e-06 -1.05017567e-05 44787075.25 742904577.1 -355918660.6 -104672073.2 892363725.6 92328.71809 949038907.8
613 0.004054550126 0.001809191586 300.0000005 -9.584448011e-06 -4.276226038e-06 -1.049512995e-05 60602317.69 726695578.8 -371377305 -105190834.4 892488730.9 -179057.904 949464573.7
614 0.004013071656 0.001898104172 300.0000005 -9.48359968e-06 -4.484967216e-06 -1.049064314e-05 77989664.85 710390296.7 -385805247.5 -104636873.5 893016835.1 -313383.8069 949668746.1
615 0.003970386426 0.001986524582 300.0000005 -9.3847889e-06 -4.694881676e-06 -1.049362551e-05 95427295.48 693374638 -398996501.9 -104180483.2 892982416.7 48498.90699 949369536.3
616 0.003927084704 0.002073591236 300.0000005 -9.289526362e-06 -4.904473044e-06 -1.050472063e-05 112721777.2 675163406.4 -411231175.3 -104250267.9 892135451.5 317208.8158 948567047.6
617 0.003882551072 0.002158223491 300.0000005 -9.19035571e-06 -5.108235001e-06 -1.051459475e-05 130528695.5 656711172 -422900276 -104437895.1 891677762.6 205503.2728 948220217.9
618 0.003836650772 0.002240631441 300.0000005 -9.086886853e-06 -5.306261869e-06 -1.052273384e-05 148958368.7 638528874.8 -433713010.7 -104279256.5 891766500 92241.02522 948216445.3
619 0.003789062658 0.00232130457 300.0000005 -8.977282112e-06 -5.499318938e-06 -1.052777767e-05 167575822.3 619047911.8 -443306320.4 -104158931.2 890782665.4 -245990.9526 947167351.5
620 0.003737751851 0.002400636507 300.0000005 -8.84893025e-06 -5.683302429e-06 -1.051681953e-05 187287682.7 600391734 -452814597.8 -103859550.6 891538967.3 -496891.4086 947746861.6
621 0.003682370857 0.002480062287 300.0000005 -8.703875686e-06 -5.86213444e-06 -1.049390643e-05 207007239 581540619.2 -462159655.7 -104384595.1 892932453.3 -191721.9651 949438261.7
622 0.003624700816 0.002560302857 300.0000005 -8.557443826e-06 -6.044367173e-06 -1.047684205e-05 227460032.7 561239018.5 -470601808.2 -104968172.8 893667224 -27197.65174 950508307.4
623 0.003566172465 0.002640522147 300.0000005 -8.416882442e-06 -6.231804256e-06 -1.047278827e-05 248151384.3 539999192.3 -477487867.5 -105212591.3 893363168 250105.3036 950347663.1
624 0.003507072492 0.002719458114 300.0000005 -8.279919868e-06 -6.420020533e-06 -1.047729624e-05 269042516.9 518101510.3 -483430815.8 -105640261.4 892784288.6 231733.5372 950019882.7
625 0.003446521869 0.002796373551 300.0000005 -8.138852943e-06 -6.603034424e-06 -1.048050527e-05 290938501.2 496221161.6 -488529245.5 -105615538.1 892775200.9 -222397.9222 949996464.7
626 0.003383985585 0.002871751731 300.0000005 -7.991808029e-06 -6.781441057e-06 -1.048126606e-05 313323806.2 474981326.3 -492460969.4 -104897497.8 893202630.3 -358395.4106 950005015.8
627 0.003320211646 0.002946225621 300.0000005 -7.844677051e-06 -6.960343003e-06 -1.048738921e-05 335048889.8 453722574.6 -495169772.3 -104326573.5 893098037.8 21159.32934 949569375.3
628 0.003256072495 0.003019191076 300.0000005 -7.700094522e-06 -7.139268968e-06 -1.050050555e-05 356066385.5 431813744.5 -496833782.2 -104335086.6 892215216.6 309868.1193 948695653.5
629 0.003191301656 0.003089464147 300.0000005 -7.552683857e-06 -7.31120386e-06 -1.051174273e-05 377268908.3 409979009.1 -497842619.7 -104487192.6 891735110 206470.0971 948305913.7
630 0.003125741293 0.003157219848 300.0000005 -7.40225083e-06 -7.476258639e-06 -1.052082508e-05 398640988.7 388856738.9 -498027180.6 -104302334.2 891800061.8 98373.67884 948263246.3
631 0.003058969186 0.003222851816 300.0000005 -7.246936287e-06 -7.634764022e-06 -1.052652398e-05 419489948.2 367150427.2 -496797724.3 -104166276.5 890806651.9 -230481.4445 947195479.2
632 0.002988927836 0.003286216744 300.0000005 -7.075697679e-06 -7.779529578e-06 -1.051601531e-05 441371100.9 346318094.2 -495438790.4 -103868309.3 891557504.4 -475319.2062 947770361.3
633 0.002914916533 0.003348613224 300.0000005 -6.889553209e-06 -7.914912442e-06 -1.049341614e-05 463176142 325379732.6 -493890498.4 -104395059.3 892950933.9 -171540.9825 949462718
634 0.002838472506 0.0034112003 300.0000005 -6.701121955e-06 -8.05316394e-06 -1.047656837e-05 485120737.6 303588331 -491009685.5 -104974029.7 893683098.3 -10373.56838 950527508
635 0.002761196555 0.00347354201 300.0000005 -6.51695496e-06 -8.197917433e-06 -1.047265736e-05 506446083.9 281717311.2 -486488513.2 -105214565.4 893377960.5 265726.0129 950363546.6
636 0.002683694324 0.003534494574 300.0000005 -6.336019562e-06 -8.344320421e-06 -1.047725284e-05 527439341 259712775.9 -480931889 -105638124.4 892790241.3 244660.7027 950024575.7
637 0.002605309295 0.003593119279 300.0000005 -6.152433698e-06 -8.484618443e-06 -1.04805148e-05 548944318.4 238221845.8 -474400440.4 -105609114.9 892775279.2 -205051.833 949992798.6
638 0.002525400902 0.00364974528 300.0000005 -5.96424586e-06 -8.618903792e-06 -1.048130388e-05 570366634.8 217938222.7 -466901831.8 -104895317 893200174.5 -338211.3514 950001283.1
639 0.002444528659 0.003705178437 300.0000005 -5.775837898e-06 -8.753644091e-06 -1.048744907e-05 590564554.7 198203116.6 -458503629.8 -104326953.6 893094624.8 41983.28302 949566200.4
640 0.002363692161 0.00375906201 300.0000005 -5.589882859e-06 -8.88907607e-06 -1.050059349e-05 609537173.3 178334680.2 -449214717 -104338746.7 892210600.1 330683.8356 948693202.7
641 0.002282940739 0.003810184769 300.0000005 -5.403010119e-06 -9.017044959e-06 -1.051187985e-05 628360368 158872875 -439328306 -104493743.8 891726986.9 225582.8822 948301642.7
642 0.002202076703 0.003858676894 300.0000005 -5.215010783e-06 -9.137628222e-06 -1.052105446e-05 646983974.6 140500351.8 -428865642.3 -104311188.3 891795514.7 115161.1024 948263863
643 0.002120590142 0.00390481215 300.0000005 -5.024012003e-06 -9.250684266e-06 -1.052691104e-05 664375985.6 122246334.4 -417153925.7 -104176012.8 890798332.8 -224357.4883 947192842.5
644 0.00203653022 0.00394792389 300.0000005 -4.821216235e-06 -9.346455415e-06 -1.051667033e-05 682724515.4 104951565.2 -405277737.8 -103861877.6 891537958.2 -481594.1203 947747182.9
645 0.001948882953 0.003989091722 300.0000005 -4.606483394e-06 -9.429466995e-06 -1.049450032e-05 700888723.2 87662895.83 -393221609.8 -104357000.8 892908619.9 -183649.8428 949398522.1
646 0.001858831573 0.004029842263 300.0000005 -4.388833124e-06 -9.514886471e-06 -1.047830715e-05 718440193.8 70266523.61 -379765157.5 -104899935.1 893606652.5 -14130.89754 950408399.7
647 0.001768032862 0.004070180836 300.0000005 -4.173663752e-06 -9.608007721e-06 -1.047536546e-05 734580761.1 53572400.03 -365032320.9 -105114378.9 893267540 279829.1114 950195468.4
648 0.001677364649 0.004109175214 300.0000005 -3.961259708e-06 -9.704006095e-06 -1.048137933e-05 749896874.1 37235154.66 -349452808.8 -105522027.7 892654056.4 270953.3768 949821588.1
649 0.001586431018 0.00414577115 300.0000005 -3.747979609e-06 -9.794067635e-06 -1.048671121e-05 765245960.6 21890868.4 -333001347.3 -105464711.3 892601540.3 -186946.7967 949735954.7
650 0.001494521256 0.00418015405 300.0000005 -3.531935632e-06 -9.878075631e-06 -1.049051702e-05 780081346.5 8177764.78 -315987924.3 -104676057.1 892935168.4 -337438.4434 949610218
651 0.001401959989 0.004213290796 300.0000005 -3.315689377e-06 -9.963799113e-06 -1.050100418e-05 793302856.1 -4599497.302 -298617114.4 -103979756.5 892683115.3 48992.14583 948955169.8
652 0.001309801629 0.004245145153 300.0000005 -3.101773706e-06 -1.005258594e-05 -1.052024164e-05 804872580.3 -17102192.62 -280759103.8 -103845818 891616205.7 382156.6716 947815627.9
653 0.001218412035 0.004274622001 300.0000005 -2.889118424e-06 -1.013625252e-05 -1.053995353e-05 816002727.4 -28926255.87 -262534553.9 -103855492 890931963.6 343809.2794 947140041.9
654 0.001127593408 0.004301890919 300.0000005 -2.677677399e-06 -1.021573924e-05 -1.05608373e-05 826709871.5 -39459642.94 -244110170.6 -103518831.2 890769059.7 282567.2655 946782592.6
655 0.001036849843 0.004327205606 300.0000005 -2.465957065e-06 -1.029171465e-05 -1.058302105e-05 835667863.5 -49238212.63 -224828224.6 -103083884.9 889513535.7 -107840.8468 945280468.1
656 0.0009446391414 0.004349569599 300.0000005 -2.248471052e-06 -1.035419909e-05 -1.059552079e-05 845320563.8 -57531114.87 -205282361.3 -102014465.7 889803914.6 -459776.8046 944950508.1
657 0.000850137164 0.004369888968 300.0000005 -2.024648818e-06 -1.040899929e-05 -1.060407794e-05 854068637 -65254098.04 -185838736.5 -101399756.5 890214295.4 -42231.19899 945003132.5
658 0.0007548525639 0.004389737425 300.0000005 -1.800319792e-06 -1.047160103e-05 -1.062523314e-05 860940789.1 -72618711.38 -165813839.7 -101194823.5 889516901.2 366464.6506 944190456.7
659 0.0006613576702 0.004409050852 300.0000005 -1.581073806e-06 -1.054470799e-05 -1.066258226e-05 865994352.5 -79769827.56 -145869478.6 -101756281.9 887980806.8 706874.1568 942986414.8
660 0.0005724410131 0.004428144197 300.0000005 -1.373824588e-06 -1.063265225e-05 -1.072103947e-05 871571480.8 -84800778.81 -126495807.4 -101248475.3 888019177.3 736117.4055 942730887.6
661 0.004422466545 0.0001796714418 300.0000005 -1.036312136e-05 -4.202038522e-07 -1.037163704e-05 -107160936 894282696.3 -39627531.07 -108725313.4 895847073.8 1121651.183 954865541.1
662 0.004334084171 0.000154450348 300.0000004 -9.555076214e-06 -3.408505986e-07 -9.561153721e-06 -127371459.2 913518767.6 -37536041.25 -128723159.6 914870467.9 -394485.6303 985557258.1
663 0.004379664812 0.0002468574428 300.0000005 -9.998807218e-06 -5.636306916e-07 -1.001468049e-05 -112776645.3 902548063 -57706433.91 -116045805.1 905817222.8 -293940.4293 969065538.6
664 0.004281165799 0.000240355437 300.0000004 -9.096782905e-06 -5.116064447e-07 -9.111157972e-06 -138073275.1 923456123.9 -59328427.96 -141378629.5 926761478.2 454078.612 1004937630
665 0.0042374944 0.0003070716887 300.0000003 -8.723766069e-06 -6.323878596e-07 -8.746657006e-06 -145512426.9 933758321.3 -78519498.67 -151194976.8 939440871.2 102066.3259 1023448994
666 0.004327349249 0.0003369888108 300.0000004 -9.565507049e-06 -7.456617662e-07 -9.594526357e-06 -121105054.8 908918332.7 -80024817.34 -127284850.8 915098128.7 668664.6091 984929179.4
667 0.004312865798 0.000428794576 300.0000004 -9.489339509e-06 -9.434756309e-07 -9.536126603e-06 -119699260 909115711.4 -102417746.8 -129795057.4 919211508.8 873040.2377 990508935.9
668 0.00424000489 0.0003867971714 300.0000003 -8.793189208e-06 -8.028291498e-07 -8.829762774e-06 -141769623.2 926488577.4 -99587461.76 -150972723.7 935691677.9 -1295362.012 1019598271
669 0.004156459368 0.000422607957 300.0000002 -8.042224378e-06 -8.161319855e-07 -8.083529053e-06 -157916002.6 943571650.7 -116224486.4 -170037972 955693620.1 -2998241.16 1051091995
670 0.00413862166 0.0005142011598 300.0000002 -7.953069613e-06 -9.879461476e-07 -8.014197017e-06 -151991024.7 942080895 -138194592.3 -169176715.1 959266585.4 -126897.525 1054086695
671 0.004121095357 0.0006085427056 300.0000002 -7.885569703e-06 -1.163334984e-06 -7.970919436e-06 -148083369.7 936754296.9 -162950558.2 -172030556.9 960701484.1 778469.3027 1057267082
672 0.004103698777 0.0007002100794 300.0000002 -7.82961287e-06 -1.335296076e-06 -7.942660314e-06 -142519401.8 931068615.7 -186427530.5 -173966998.6 962516212.5 2123607.682 1060264854
673 0.004242520187 0.000491294107 300.0000003 -8.893590973e-06 -1.029630431e-06 -8.952993865e-06 -131102235.8 918440738.3 -124154985.1 -145588288.7 932926791.2 -937848.2369 1013594693
674 0.004200630781 0.000578172743 300.0000003 -8.58766924e-06 -1.181194937e-06 -8.668522585e-06 -132497838.1 920125099.9 -148218409.1 -152969864.4 940597126.2 -518148.9932 1025673707
675 0.00420468463 0.000675986898 300.0000003 -8.729370232e-06 -1.402718886e-06 -8.841353089e-06 -122355247.6 906988888.2 -169467264 -149537716 934171356.7 390455.3909 1017217755
676 0.004296268722 0.0006008194138 300.0000004 -9.481353974e-06 -1.32479555e-06 -9.573460981e-06 -108481453.4 898084971 -143269181.9 -128476336.3 918079853.9 292127.4668 988599301.7
677 0.004299029228 0.0006987863701 300.0000004 -9.604833346e-06 -1.560091637e-06 -9.730709547e-06 -97078165.31 885287671.3 -163819737.9 -123676602.8 911886108.8 182515.9893 979597495.7
678 0.00425246061 0.0007856860126 300.0000004 -9.290452358e-06 -1.716148738e-06 -9.447627818e-06 -95157428.92 884650799 -188298844.4 -130097895.6 919591265.7 -813543.8121 991066310.8
679 0.004159694138 0.0007596604774 300.0000003 -8.419920661e-06 -1.535899754e-06 -8.558857922e-06 -121013229.7 909039863.5 -194860706.3 -156643545.7 944670179.6 -241212.5298 1031947484
680 0.004076033675 0.0007942479502 300.0000002 -7.701982627e-06 -1.498775806e-06 -7.846455339e-06 -132858900 922374330.7 -215721814.2 -175252641.5 964768072.2 -1840369.041 1063286996
681 0.004241313027 0.0008978010104 300.0000004 -9.339051072e-06 -1.976863104e-06 -9.545986731e-06 -83804382.83 871463781.9 -211182807.9 -128408056.7 916067455.8 470032.0176 986559332.9
682 0.004161631941 0.0008421678306 300.0000003 -8.54969576e-06 -1.728395162e-06 -8.722651228e-06 -108741228 892850908.9 -211778532.8 -151679182 935788862.9 -402406.007 1020121339
683 0.004089506983 0.0008812591867 300.0000002 -7.954077242e-06 -1.713186345e-06 -8.136482748e-06 -117881419.2 903750899 -231582914.2 -167924760.4 953794240.2 -644558.0928 1047897463
684 0.00406098611 0.0009597945554 300.0000002 -7.823369134e-06 -1.84832409e-06 -8.038744062e-06 -109516383.3 899978096.5 -252599473.4 -169194746.3 959656459.6 94390.95343 1054483874
685 0.004033189116 0.001053703284 300.0000002 -7.735824646e-06 -2.019804172e-06 -7.995160436e-06 -100047744.9 887875467.2 -276409076 -172124803.9 959952526.3 524569.8867 1056583298
686 0.004223350831 0.0009974683695 300.0000004 -9.328720284e-06 -2.20346902e-06 -9.585421108e-06 -72398432.95 860353449.4 -233481086.4 -127577774.6 915532791.1 -152105.0974 985534416.3
687 0.004150830678 0.000934355376 300.0000003 -8.588366628e-06 -1.933158751e-06 -8.803246224e-06 -94412294.39 882535840 -232746252.8 -147026714.1 935150259.8 -990880.9373 1016669995
688 0.004200402311 0.001095508496 300.0000004 -9.287598775e-06 -2.42246493e-06 -9.598324193e-06 -61293476.2 849656157.7 -254984732.9 -127809579 916172260.5 -51528.8912 986307506.9
689 0.00417571787 0.001194162039 300.0000004 -9.24814545e-06 -2.644257819e-06 -9.618746979e-06 -48512863.92 837439472.8 -275937282.1 -127426788.7 916353397.6 -7083.196908 986260161.8
690 0.004151960036 0.001292270994 300.0000004 -9.230591842e-06 -2.871894212e-06 -9.667036831e-06 -34193658.22 822837826.8 -294913424.7 -125869741.8 914513910.3 365735.5711 983508472.3
691 0.004129304929 0.001386903561 300.0000004 -9.229510938e-06 -3.098586249e-06 -9.735764343e-06 -19004277.81 807709609.5 -312030822.4 -123553341.9 912258673.6 751092.7061 979895717
692 0.004105425662 0.001475073055 300.0000004 -9.216612541e-06 -3.310303581e-06 -9.793061586e-06 -4254703.697 791510122.4 -327735703.3 -121853538.7 909108957.4 434439.5473 975759238.3
693 0.004071104283 0.00155781894 300.0000004 -9.117318964e-06 -3.488722448e-06 -9.762002326e-06 9633793.44 776977732.1 -346129426 -123421664.5 910033190 -1589189.283 977608664.9
694 0.004030995077 0.0016441915 300.0000004 -8.99312297e-06 -3.667505384e-06 -9.712201404e-06 23251390.04 765278037.2 -362866403.9 -124698572.9 913228000.1 143708.967 981536247.2
695 0.003993416232 0.001733806015 300.0000004 -8.909077479e-06 -3.867607389e-06 -9.712365741e-06 38881170 747356935.2 -378502629.3 -125290611.6 911528716.8 371366.6319 980198318.3
696 0.003952930672 0.001821016099 300.0000004 -8.810788475e-06 -4.058746252e-06 -9.700691453e-06 56745075.11 730916698.5 -394758383.4 -125265358.9 912927132.5 -336765.746 981573147.8
697 0.003910041853 0.001908620277 300.0000004 -8.708654604e-06 -4.25041639e-06 -9.690547159e-06 75096652.92 714339676.2 -409935460.3 -125094263 914530592.1 -180092.3611 983065311.3
698 0.003867896486 0.001996626493 300.0000004 -8.625982695e-06 -4.451652217e-06 -9.706945139e-06 93703932.67 695172520.6 -422848638.2 -124447143.5 913323596.8 242916.0072 981482436.8
699 0.003826456786 0.002081619465 300.0000004 -8.552006184e-06 -4.651436992e-06 -9.735125845e-06 112193246.7 675136033.8 -434350327.9 -123912637.7 911241918.2 337782.0174 979096985.6
700 0.003781788816 0.002161917419 300.0000004 -8.452199078e-06 -4.831450841e-06 -9.735634872e-06 131032638 655934788.1 -446340832.7 -124300615.9 911268041.9 -307330.4286 979352617.5
701 0.003738445528 0.002241158591 300.0000004 -8.370960927e-06 -5.017406321e-06 -9.759475008e-06 148994354.3 637465189.5 -455547359.6 -123658795.2 910118338.9 738426.5828 977830589.4
702 0.003693013394 0.0023175747 300.0000004 -8.276391737e-06 -5.194114545e-06 -9.771258162e-06 170085630.7 617310783.7 -465140445.8 -122399994.3 909796408.7 -930110.8687 976766571.1
703 0.003638458102 0.002392515915 300.0000004 -8.123894286e-06 -5.342483831e-06 -9.723157495e-06 189480632.8 599491320.7 -476024563.6 -123805840 912777793.4 -411015.4215 980560510.3
704 0.003580137576 0.002471090309 300.0000004 -7.968420172e-06 -5.500085027e-06 -9.682285646e-06 209858315.7 578446908 -486336206.9 -125931293.4 914236517.1 -158759.7274 983269120.1
705 0.003521194117 0.002551440668 300.0000004 -7.828029476e-06 -5.671516578e-06 -9.666651204e-06 232421476.5 556441581.5 -494573822.5 -126001479.9 914864537.9 -78795.25108 983934855.6
706 0.003463726015 0.00263149072 300.0000004 -7.708314927e-06 -5.855425087e-06 -9.680088923e-06 254088482.7 533399710.8 -500199389.8 -125585199.1 913073392.6 450103.7221 981908230.9
707 0.00340631236 0.002708356731 300.0000004 -7.589749114e-06 -6.034195461e-06 -9.696174832e-06 276048011 510110414.2 -505335584.2 -125631048.2 911789473.4 142037.0596 980659131.4
708 0.003345577513 0.002781968303 300.0000004 -7.451194825e-06 -6.195788121e-06 -9.690618904e-06 299489467.3 488056005.7 -510701705 -125558907 913104380 -458785.6049 981923452.8
709 0.003281961702 0.002855449818 300.0000004 -7.306060403e-06 -6.355994779e-06 -9.683862248e-06 323020839.7 466374589 -514978550.5 -125244996.4 914640425.1 -243708.8273 983263815.7
710 0.003218751901 0.002929563341 300.0000004 -7.175990449e-06 -6.53003822e-06 -9.702383071e-06 345494378.8 443377276.1 -516655787.8 -124532779.8 913404434.7 230425.2042 981613481.6
711 0.003156899629 0.003000962001 300.0000004 -7.0540305e-06 -6.704624912e-06 -9.731975186e-06 367126595.3 420210981.3 -516965961.5 -123977979.5 911315556.1 342342.3484 979208861.8
712 0.003093089922 0.003066989526 300.0000004 -6.911875104e-06 -6.853236504e-06 -9.733492075e-06 389415099.5 397574355.3 -517807643.6 -124328895.2 911318350 -308365.1902 979419367.8
713 0.003030797091 0.003132333612 300.0000004 -6.78585138e-06 -7.012249872e-06 -9.758044209e-06 409522103.8 376970474.7 -516648339.4 -123657805.9 910150384.3 751784.4606 977861887
714 0.002967192845 0.003194402363 300.0000004 -6.649154757e-06 -7.158743919e-06 -9.770305696e-06 432625688.3 354795297.3 -514642801.7 -122400720.9 909821706.5 -906024.9672 976792080.9
715 0.002895144607 0.003252681123 300.0000004 -6.463729388e-06 -7.262793989e-06 -9.72254976e-06 454950243.2 334028128.9 -514768699.7 -123817874.1 912796246.2 -380904.5532 980585936.5
716 0.002818507896 0.003313491178 300.0000004 -6.272968075e-06 -7.374930722e-06 -9.681928093e-06 477713721.7 310600305.5 -513346342.8 -125945065.6 914259092.8 -135349.8756 983299712.5
717 0.002740800297 0.003375852736 300.0000004 -6.0931358e-06 -7.504285926e-06 -9.666468381e-06 501421722.1 287467928.4 -509342273.7 -126010364.6 914900015.1 -59700.80839 983975378.2
718 0.002664588053 0.00343830426 300.0000004 -5.929994786e-06 -7.650996264e-06 -9.680009385e-06 522905086.9 264590081.6 -503023152.2 -125592135 913087303.5 456241.5781 981926176.7
719 0.002589247187 0.003497693319 300.0000004 -5.769258596e-06 -7.793033322e-06 -9.69617002e-06 544400759.6 241779624.7 -496148096.4 -125617623.8 911798008.2 151719.2341 980659657.3
720 0.002511537103 0.003553078986 300.0000004 -5.593626655e-06 -7.913277876e-06 -9.69064631e-06 567456592.9 220090113.9 -489419904.3 -125550742 913097448.8 -440760.679 981911699.2
721 0.002431075346 0.00360759394 300.0000004 -5.411985051e-06 -8.030475406e-06 -9.683910229e-06 590091536.8 199298503.2 -481826170.6 -125243638.2 914633678.2 -221902.661 983256289.7
722 0.002350840122 0.003662825928 300.0000004 -5.24131041e-06 -8.164941089e-06 -9.70245315e-06 610359526.1 178505182.1 -471915748.9 -124536772.6 913401480.7 251591.7721 981612925.3
723 0.002272617136 0.0037157894 300.0000004 -5.078329296e-06 -8.302043303e-06 -9.732078456e-06 629138549.1 158176354 -460977196.9 -123982571.6 911297474.8 360143.4926 979193627
724 0.002193892114 0.003763062048 300.0000004 -4.90256906e-06 -8.4088647e-06 -9.733662667e-06 648839450.7 138132889.1 -450485551.3 -124338559.1 911310899 -282763.6891 979417661.6
725 0.002116807571 0.003810073538 300.0000004 -4.739719157e-06 -8.529944607e-06 -9.75832426e-06 665649086.5 120810548.1 -439304176.6 -123683939.9 910143574.5 765101.2524 977870616.5
726 0.002039302159 0.003853590758 300.0000004 -4.569826863e-06 -8.636255603e-06 -9.770784423e-06 684733573.4 102656920.6 -426227609.4 -122417578.8 909808072.8 -912995.4937 976788510.9
727 0.001954618671 0.003891275917 300.0000004 -4.363885316e-06 -8.689087286e-06 -9.723360145e-06 704245250.9 84713944.17 -415530704.8 -123806386.9 912765582 -406182.3016 980548689.7
728 0.001864843463 0.003930241474 300.0000004 -4.15073308e-06 -8.748551286e-06 -9.683270864e-06 723196227.7 65122754.28 -402707118.4 -125877209.4 914196191.3 -166104.2715 983196977.4
729 0.001773625432 0.003970462243 300.0000004 -3.943706182e-06 -8.827743448e-06 -9.66860242e-06 741716417.8 47177170.26 -387498131.8 -125890586.3 914784174.3 -66275.90365 983789232.8
730 0.00168381827 0.004011204303 300.0000004 -3.74835044e-06 -8.928377789e-06 -9.683287707e-06 757028977.7 30456099.46 -370937446.1 -125460108.1 912945185.2 487293.5893 981706709.7
731 0.001595630528 0.004049276598 300.0000004 -3.5566123e-06 -9.025607351e-06 -9.701086491e-06 772126938 14019446.13 -353899993.4 -125508444.6 911654828.7 183870.2419 980452639
732 0.001506166806 0.004082958733 300.0000004 -3.356254122e-06 -9.098687705e-06 -9.69796678e-06 788822367.5 -1337696.836 -336785842.6 -125403810.1 912888480.7 -463983.4035 981616948.3
733 0.001414231228 0.0041152276 300.0000004 -3.150998091e-06 -9.168489948e-06 -9.694843829e-06 804675753.2 -15352101.55 -319199792.8 -124953274.9 914276926.5 -274736.8297 982729740
734 0.001322271536 0.00414844635 300.0000004 -2.951952571e-06 -9.259498133e-06 -9.718658824e-06 817091540 -28299452.63 -300204512.2 -124057601.1 912849688.5 223599.9044 980780778
735 0.00123277244 0.004180241868 300.0000004 -2.759718707e-06 -9.357112842e-06 -9.755593678e-06 827566354.6 -40395176.89 -280827776.7 -123331602.1 910502779.8 403621.4914 978018533.2
736 0.001144170088 0.004206734099 300.0000004 -2.563087289e-06 -9.424938247e-06 -9.767234884e-06 839093464 -52399094.43 -261667961.8 -123527891.9 910222261.4 -150954.2546 977855618.6
737 0.001057149607 0.004233912082 300.0000004 -2.375625464e-06 -9.514408555e-06 -9.806506335e-06 847722875.5 -61770525.14 -243274172.1 -122752399.7 908704750 959845.2659 975889812.9
738 0.0009705624644 0.004258289636 300.0000004 -2.185823323e-06 -9.59413907e-06 -9.839986144e-06 857699611.4 -70684818.26 -222243339.6 -121143726.8 908158519.9 -857643.1495 974396025.3
739 0.0008786461103 0.004276300555 300.0000004 -1.976482572e-06 -9.623767929e-06 -9.824631888e-06 868981647.4 -79752520.75 -202980360.1 -121355304.1 910584430.8 -502930.9159 976931995.9
740 0.0007824911131 0.00429590537 300.0000004 -1.761772363e-06 -9.67442692e-06 -9.833533339e-06 877448516.1 -88528459.66 -182040933.4 -121695741.4 910615797.9 48679.19724 977163781.8
741 0.0006869247693 0.004317335098 300.0000005 -1.552394808e-06 -9.756429236e-06 -9.879161963e-06 883555293.4 -95126073.27 -160241752.9 -120694619.7 909123839.8 457042.1725 975089908.7
742 0.0005945729508 0.004339409358 300.0000005 -1.35135337e-06 -9.860875921e-06 -9.953041233e-06 886878436.1 -100268086.3 -137867331.3 -119161374.9 905771724.7 22751.65339 970852643.9
743 0.0041282255 0.001027648428 300.0000003 -8.538239068e-06 -2.125806913e-06 -8.798896595e-06 -85188603.91 873641321.6 -254909041.6 -148744324.1 937197041.8 -404290.9926 1019738398
744 0.004100627606 0.001125072612 300.0000003 -8.466600164e-06 -2.323011523e-06 -8.779504592e-06 -74294893.08 861587992.8 -278827518.3 -151067136.4 938360236.1 -989426.0145 1022301102
745 0.004075118874 0.001226068045 300.0000003 -8.438169291e-06 -2.537780533e-06 -8.811528252e-06 -59529489.61 847322521.6 -299654173.4 -149599283.5 937392315.5 286516.9543 1020449785
746 0.004055513482 0.001325843646 300.0000003 -8.474021132e-06 -2.769420024e-06 -8.915083882e-06 -42356443.97 830794883.1 -318018645 -145903462.4 934341901.5 1287233.68 1015190277
747 0.00399117339 0.001153372885 300.0000002 -7.554264525e-06 -2.182071062e-06 -7.863100264e-06 -85093062.88 872115421.9 -304906515.7 -173959690.2 960982049.2 -2610786.71 1058745041
748 0.00397581606 0.001265734458 300.0000002 -7.654750329e-06 -2.437407355e-06 -8.033439925e-06 -66073426.51 854852483.7 -324979255.4 -169203031 957982088.2 1037424.443 1052832393
749 0.004039043059 0.001418099243 300.0000004 -8.53412008e-06 -2.995040346e-06 -9.044416553e-06 -25709483.66 814679267.9 -334002090.2 -142280207.5 931249991.8 1984302.734 1009940820
750 0.003961948671 0.001366050051 300.0000002 -7.757879055e-06 -2.675078181e-06 -8.206139815e-06 -48757289.23 837174780.5 -343965348.6 -166617886.8 955035378.1 2134800.078 1048329024
751 0.003955318663 0.001460252761 300.0000003 -7.921000006e-06 -2.923979865e-06 -8.44345304e-06 -28895384.36 813630430.1 -360484263.5 -162079292.6 946814338.3 -264787.5843 1037393993
752 0.004026873125 0.001494552493 300.0000004 -8.604736003e-06 -3.191955959e-06 -9.177693727e-06 -8782993.826 797721852 -347857776 -138087854.7 927026712.9 -536992.156 1003224191
753 0.003963522207 0.001561551759 300.0000003 -8.237055556e-06 -3.244358875e-06 -8.852962672e-06 -449328.2664 789793338.7 -370382542.2 -146901898.6 936245909 -1342577.528 1017682799
754 0.003931809316 0.001662255967 300.0000003 -8.227577237e-06 -3.477872528e-06 -8.932447834e-06 17913276.13 770076838.5 -384705776.6 -143994740.1 931984854.7 1737413.781 1011701649
755 0.003896276829 0.001746645307 300.0000003 -8.160031991e-06 -3.658591815e-06 -8.942673867e-06 35885151.71 751386009.2 -402350391.8 -144760948.2 932032109.1 -620497.7414 1012206793
756 0.003850396438 0.001829861406 300.0000003 -8.020895056e-06 -3.812261777e-06 -8.880771206e-06 52853897.11 735641852.8 -420983377.1 -147762751.6 936258501.5 -1154401.765 1018215077
757 0.003805738988 0.001919725706 300.0000003 -7.925056385e-06 -3.996367376e-06 -8.875667279e-06 71794584.4 716818345.1 -435734713.7 -147799143.8 936412073.3 403556.5542 1018387720
758 0.003767842278 0.002009820775 300.0000003 -7.896009274e-06 -4.210118097e-06 -8.948298974e-06 93436886.41 696265924.4 -446661871.8 -143994725.3 933697536 1545135.172 1013400342
759 0.003731751671 0.00208968645 300.0000004 -7.860659133e-06 -4.400102267e-06 -9.008377204e-06 113657713.4 674728834.2 -455415069.2 -140691430.4 929077978.1 1199633.078 1006825504
760 0.003675048733 0.002160336271 300.0000003 -7.654858153e-06 -4.499649459e-06 -8.879397422e-06 131623797.9 655769887 -473283872 -147300796.6 934694481.5 -1207757.719 1016384237
761 0.00365527946 0.002245342353 300.0000004 -7.776562485e-06 -4.777482861e-06 -9.126843175e-06 152101807.2 634497560.2 -476463794.4 -140735985.9 927335353.3 -258148.9621 1005120456
762 0.003599250837 0.002304648187 300.0000003 -7.563649024e-06 -4.843469383e-06 -8.981535622e-06 171017728.7 619252075.8 -489998343.7 -143682962.4 933952766.8 -1480890.371 1013465463
763 0.0035383836 0.002381239251 300.0000003 -7.382585421e-06 -4.968359647e-06 -8.898717047e-06 190070323.6 597538230.1 -501344642.6 -147355562.6 934964116.3 -50679.76957 1016682709
764 0.003475870368 0.002461136383 300.0000003 -7.216567951e-06 -5.109491029e-06 -8.842270722e-06 213932093.9 573183862.1 -512595562.7 -149598534.5 936714490.4 -819844.6604 1019777863
765 0.003416705168 0.002544259422 300.0000003 -7.100419808e-06 -5.285722132e-06 -8.851825699e-06 238277389.7 550178260.5 -519231280.7 -147917258.9 936372909 607574.3452 1018420621
766 0.003365045195 0.002625070126 300.0000003 -7.036734399e-06 -5.488397378e-06 -8.924020182e-06 261019146.8 525725807 -521759004.7 -144909877.4 931654831.3 1403567.728 1011924649
767 0.003310074545 0.00269594697 300.0000003 -6.927573676e-06 -5.642808187e-06 -8.934906888e-06 285029032.4 501632803.6 -527585751.1 -145255667.4 931917503.4 -716343.7442 1012391861
768 0.00324474782 0.002764100128 300.0000003 -6.755713425e-06 -5.755511156e-06 -8.874997036e-06 309178548.8 479152200.2 -535412482.3 -147948853.2 936279602.2 -1204525.902 1018348763
769 0.003178630043 0.002839261051 300.0000003 -6.61704308e-06 -5.909198924e-06 -8.87152129e-06 332938934.8 455662785.6 -538683271.3 -147865890.3 936467610.6 409180.1984 1018483199
770 0.003118868177 0.002916467084 300.0000003 -6.53466732e-06 -6.108696606e-06 -8.945280839e-06 357170178.4 432529884.7 -537596177.8 -144062699.3 933762762.5 1578034.439 1013506198
771 0.003063444442 0.00298427925 300.0000004 -6.452072046e-06 -6.283485925e-06 -9.006188278e-06 378983288 409386986.6 -534735027.3 -140764586.1 929134860.7 1199589.361 1006925945
772 0.002990481738 0.003037862308 300.0000003 -6.228181675e-06 -6.32683543e-06 -8.878011801e-06 403430370.7 384065049.3 -540930743.4 -147268401.7 934763821.7 -1178955.883 1016433337
773 0.002949430963 0.003114863954 300.0000004 -6.274128018e-06 -6.626908277e-06 -9.125820256e-06 422665582.8 363968008.2 -533243142.8 -140733339.1 927366930.1 -233198.1916 1005150190
774 0.002880007096 0.003157657742 300.0000003 -6.051677826e-06 -6.635751404e-06 -8.980868611e-06 446052078 344252052.5 -536418860.5 -143674338.2 933978468.7 -1453322.559 1013485654
775 0.002801427268 0.003215893024 300.0000003 -5.844661127e-06 -6.709675212e-06 -8.898303496e-06 467994386.6 319588887.2 -536048114.5 -147367885.8 934951159.7 -5988.318464 1016677304
776 0.002720391226 0.003276893144 300.0000003 -5.64793383e-06 -6.803146601e-06 -8.842056334e-06 494305002.8 292860248.4 -533795681.6 -149632076.2 936797327.4 -784087.2618 1019880270
777 0.002641745591 0.00334187396 300.0000003 -5.490249908e-06 -6.943344054e-06 -8.851715609e-06 518811229.4 269642006.6 -527667462.9 -147948559.2 936401795.2 595002.0626 1018468191
778 0.002570941334 0.003406562576 300.0000003 -5.376348296e-06 -7.122694146e-06 -8.924006525e-06 539653719 247128575.2 -518033904.4 -144893064.8 931675359 1404726.859 1011934876
779 0.002499506848 0.003460798403 300.0000003 -5.230983503e-06 -7.243610698e-06 -8.934936156e-06 563348332.7 223343036.9 -511043958.3 -145232362.6 931923732.2 -717229.1971 1012383974
780 0.002418772128 0.00350972313 300.0000003 -5.035810728e-06 -7.308007133e-06 -8.875041279e-06 588230878.1 200084551.3 -506158120.8 -147929963.6 936245393 -1176862.645 1018303301
781 0.002335457508 0.003565213203 300.0000003 -4.862088569e-06 -7.420576999e-06 -8.871576376e-06 610476666.7 178119860.1 -497215699.2 -147879160.6 936475687.4 440973.62 1018499279
782 0.002257751033 0.00362432573 300.0000003 -4.730897237e-06 -7.591966986e-06 -8.945353526e-06 630995525 158670857.8 -484401781.6 -144068688.6 933735071.3 1580380.013 1013482339
783 0.002186664838 0.003675489772 300.0000004 -4.605880582e-06 -7.739486619e-06 -9.006319314e-06 648354099.2 140025321.5 -470692240.4 -140739439.2 929118860 1235596.097 1006895076
784 0.002102319039 0.003708373941 300.0000003 -4.378408586e-06 -7.723449902e-06 -8.87818338e-06 672565858.7 114866902.3 -463653540.1 -147329185.5 934761946.6 -1154213.603 1016468149
785 0.002042734476 0.00377214708 300.0000004 -4.345178035e-06 -8.02533218e-06 -9.126145313e-06 685347765.5 101235845.2 -447135379.7 -140774366.8 927357977.6 -235341.9749 1005165976
786 0.001964596427 0.003795538031 300.0000003 -4.128083975e-06 -7.976484852e-06 -8.981391185e-06 707446628.2 82803569.44 -439082364 -143703142.7 933953340.3 -1478575.045 1013478181
787 0.001873613971 0.003831493787 300.0000003 -3.909103305e-06 -7.994683337e-06 -8.89921627e-06 726106323.9 61458600.61 -427065983.7 -147350146.4 934915070.9 -57310.01439 1016630778
788 0.001779538089 0.003869508515 300.0000003 -3.695039635e-06 -8.034652977e-06 -8.843583344e-06 747726758.1 39485432.71 -411780926 -149500031.6 936712222.4 -842341.5573 1019715981
789 0.001686731462 0.003912027319 300.0000003 -3.506585613e-06 -8.130159446e-06 -8.85413091e-06 765871963.2 22625052.04 -394530604.8 -147745974.6 936242989.8 610012.1707 1018188125
790 0.001601561539 0.003956344798 300.0000003 -3.350329425e-06 -8.275142888e-06 -8.92763669e-06 778978772.1 7810571.725 -375434811 -144772744.6 931562088.4 1492453.381 1011750243
791 0.001518471107 0.003990455739 300.0000003 -3.178924325e-06 -8.355939521e-06 -8.940206076e-06 796061534.2 -9481499.861 -357445504.5 -145218703.4 931798737.8 -735850.5976 1012251742
792 0.001427738117 0.004017122402 300.0000003 -2.974166312e-06 -8.370157039e-06 -8.882859544e-06 815276407.4 -27030996.75 -340970658.7 -147753418.5 935998829.2 -1302802.915 1017952356
793 0.001332743445 0.004049653333 300.0000003 -2.777746904e-06 -8.438097807e-06 -8.883545009e-06 829962333.7 -41405459.06 -321999375.6 -147481612.7 936038487.4 321961.408 1017824962
794 0.001242125377 0.004087388057 300.0000003 -2.607214319e-06 -8.575916186e-06 -8.963476106e-06 841250208.3 -51606038.13 -300759873.3 -143464346.1 933108516.3 1512794.203 1012496020
795 0.001159849913 0.004119392005 300.0000004 -2.448746934e-06 -8.694134685e-06 -9.03240493e-06 849028668.7 -60873426.19 -279661046.9 -139953562.8 928108805.3 1204674.453 1005420033
796 0.001069230084 0.004130621428 300.0000003 -2.23331596e-06 -8.630451277e-06 -8.914728765e-06 866014516 -79066691.86 -260962354.4 -146336041.9 933283866.1 -1089177.417 1014401123
797 0.0009944695049 0.004179007225 300.0000004 -2.124038238e-06 -8.932078006e-06 -9.181152094e-06 868536472.9 -82675988.68 -239871781.2 -139742034.1 925602518.3 -66121.1819 1002802797
798 0.0009115901229 0.004184015489 300.0000004 -1.927092046e-06 -8.851069712e-06 -9.05842796e-06 883767015.7 -94546066.35 -222171113.7 -142634354.8 931855304.1 -1455532.51 1010752098
799 0.0008124191898 0.004200391687 300.0000004 -1.712583675e-06 -8.858093961e-06 -9.022126744e-06 893630867.1 -105545724.6 -200764670.6 -144376334.7 932461477.2 -1599.001967 1012400268
800 0.0007119230176 0.00422202091 300.0000004 -1.505411327e-06 -8.927292663e-06 -9.053331848e-06 901965493.2 -113486083 -176743715.4 -143369435.9 931848846 477890.8051 1011185638
801 0.0006163027087 0.004248113725 300.0000004 -1.315158912e-06 -9.058880528e-06 -9.153849384e-06 906359203.4 -117362466.1 -153341534.1 -139835513.3 928832250.6 1562961.398 1006068777
802 0.003870540638 0.001508260428 300.0000002 -7.322878322e-06 -2.852904023e-06 -7.858982626e-06 -21969941.96 812177210.2 -386176332.9 -173295751.3 963503019.5 -2160245.903 1060827255
803 0.003858132669 0.001603614547 300.0000002 -7.468471492e-06 -3.103807638e-06 -8.087749262e-06 -2379789.765 792285312.7 -397662611.4 -167192601.9 957098124.8 1139833.365 1050720615
804 0.003848642519 0.001683822907 300.0000003 -7.603809944e-06 -3.326882764e-06 -8.299763525e-06 15986392.4 772640590.4 -407853230.7 -161990860.5 950617843.2 1058181.107 1041110025
805 0.003800597135 0.001749210204 300.0000002 -7.393847656e-06 -3.40244883e-06 -8.13914252e-06 29620936.89 760601042.7 -428125787.2 -167804615.3 958026594.9 -830656.1712 1052015542
806 0.003736918622 0.001834050396 300.0000002 -7.128664933e-06 -3.497821725e-06 -7.940567985e-06 49051713.56 737637971.5 -449032251 -172483922.5 959173607.5 -2351552.394 1056041348
807 0.003701465191 0.001939479137 300.0000002 -7.168377714e-06 -3.756530116e-06 -8.093031409e-06 72983239.18 715456272.3 -461389819.1 -167982327.2 956421838.7 1510855.206 1050537772
808 0.003673879698 0.002031901778 300.0000003 -7.242922594e-06 -4.005623134e-06 -8.276771373e-06 95700633.06 695302528.2 -472234610.6 -163852972.1 954856133.3 2935980.868 1046460657
809 0.003665633155 0.002092644111 300.0000003 -7.370781546e-06 -4.209098397e-06 -8.487928412e-06 111406901.9 673255298.1 -475362848.1 -159835711.5 944497911.5 233841.8045 1033725505
810 0.003570730728 0.002203079456 300.0000003 -7.021722725e-06 -4.332179209e-06 -8.250597961e-06 145365979.1 641282762 -498764221.7 -163671691.8 950320432.9 -2121166.106 1041849989
811 0.003524572768 0.002146065899 300.0000002 -6.49050594e-06 -3.94835341e-06 -7.597114741e-06 133775704.3 658505099.6 -511092775.9 -178358245.2 970639049.1 -1537716.412 1071018393
812 0.003499765015 0.002288256755 300.0000002 -6.794909948e-06 -4.442204772e-06 -8.118126892e-06 168149933.4 621514246.3 -514735140.6 -167605094.5 957269274.3 1215974.53 1051143936
813 0.003436936529 0.002369904414 300.0000002 -6.630567012e-06 -4.570821086e-06 -8.053373411e-06 192410278.3 595342724.3 -527086010.7 -170399537.9 958152540.5 923730.432 1053737920
814 0.003361975082 0.002448999096 300.0000002 -6.39309953e-06 -4.656302066e-06 -7.909037249e-06 221725760.3 565798389.3 -539864800.3 -172848231.7 960372381.3 -1804623.6 1057449791
815 0.003312529104 0.002547539098 300.0000002 -6.415874505e-06 -4.934106416e-06 -8.093753874e-06 249407466.6 541732312.2 -542889646.1 -166648055.2 957787834 1898527.993 1051072501
816 0.003281037146 0.002622957413 300.0000003 -6.480518107e-06 -5.180953556e-06 -8.296950925e-06 270174493.2 517829770.2 -542686488.9 -162630813.6 950635076.9 1293677.444 1041519759
817 0.003217837466 0.002673360351 300.0000002 -6.258035146e-06 -5.198746616e-06 -8.135721859e-06 292585511.8 497526066 -553746556.3 -168091470.4 958203048.2 -755440.5552 1052366521
818 0.003134506965 0.002738740525 300.0000002 -5.977950773e-06 -5.222431242e-06 -7.937863895e-06 319731472.1 466958809.7 -561078266.2 -172536810 959227091.7 -2326096.021 1056126782
819 0.003073042527 0.002831374985 300.0000002 -5.949797652e-06 -5.482729824e-06 -8.090761278e-06 346728854.9 441842619.5 -560324080.4 -168050595.8 956622070.2 1606442.241 1050778492
820 0.003022542911 0.002913502397 300.0000003 -5.957721125e-06 -5.742783119e-06 -8.274901749e-06 371986560.6 418880695.5 -558921944 -163972369.2 954839625.3 2904257.108 1046517208
821 0.00299888791 0.002970040045 300.0000003 -6.028821695e-06 -5.972578867e-06 -8.486364817e-06 386784328.4 397906309.8 -552148270.3 -159830909.1 944521547.2 223783.6889 1033745985
822 0.002878741868 0.003052167107 300.0000003 -5.660511533e-06 -6.001605654e-06 -8.24988856e-06 428088987.8 358711860.5 -555971179.2 -163647739.6 950448587.9 -2142853.36 1041962398
823 0.002848940791 0.002985154735 300.0000002 -5.246866588e-06 -5.493406723e-06 -7.596520092e-06 424525836.5 367840880.4 -574204104.3 -178717815.2 971084532 -1513270.117 1071681950
824 0.002788193872 0.003116082895 300.0000002 -5.413237346e-06 -6.049370656e-06 -8.117759777e-06 455874122.4 333787070.9 -558979093.5 -167470422.7 957131616 1225818.147 1050924839
825 0.002706400236 0.003178692031 300.0000002 -5.221268478e-06 -6.131214521e-06 -8.053163068e-06 482884717.9 304967874.8 -557299087.3 -170427100.8 958279693.5 1056694.825 1053881183
826 0.00261354115 0.003235693361 300.0000002 -4.969931844e-06 -6.152255039e-06 -7.908885153e-06 514744870.3 272676784.6 -553583946.9 -172946822.3 960368477.1 -1879855.231 1057507207
827 0.002540284479 0.003318080052 300.0000002 -4.92014089e-06 -6.426618531e-06 -8.093776135e-06 540487734.9 250768637.1 -543274818.9 -166624551 957880923.1 1917667.541 1051150377
828 0.002490350449 0.003382779167 300.0000003 -4.918695152e-06 -6.681763118e-06 -8.296958497e-06 558135339.7 229829517.3 -531915959.9 -162685499.8 950650356.8 1258647.367 1041568267
829 0.002416264367 0.003415108334 300.0000002 -4.699253767e-06 -6.641417467e-06 -8.135810463e-06 583178109.1 206950670.5 -530704410.6 -167992762.6 958121542.2 -765526.2066 1052225119
830 0.00231885594 0.003456694594 300.0000002 -4.422509751e-06 -6.59180829e-06 -7.937917159e-06 610078578.2 176645168.7 -522794547.4 -172566837.4 959290584.3 -2227817.547 1056207541
831 0.002235511662 0.003530268065 300.0000002 -4.32795735e-06 -6.835897147e-06 -8.090778958e-06 633248930.4 155221494.4 -508991237.3 -168078945.2 956549370 1557303.658 1050723710
832 0.002165476709 0.003596532854 300.0000003 -4.26833069e-06 -7.089271419e-06 -8.275047802e-06 654569504.4 136407534.8 -495738383.8 -163859971.2 954837010.5 2961023.216 1046446212
833 0.002127994004 0.003645028221 300.0000003 -4.277500663e-06 -7.329616828e-06 -8.48647706e-06 663503377.6 121113851.4 -481014498.2 -159888315.4 944505544.4 312435.2486 1033765297
834 0.001990683148 0.003693281438 300.0000003 -3.914285485e-06 -7.262428405e-06 -8.25012104e-06 701420403.6 85300924.89 -464146648.7 -163710470.5 950431799 -2159935.542 1041984336
835 0.001979244913 0.003620822853 300.0000002 -3.646209962e-06 -6.664332484e-06 -7.596589115e-06 707831361.6 84401906.6 -483103476.6 -178820396.6 971053664.8 -1565631.193 1071715218
836 0.001886673157 0.00373161059 300.0000002 -3.663149548e-06 -7.244809477e-06 -8.118246666e-06 727179339.4 62403418.06 -453541718.4 -167507846.8 957090604.2 1194867.814 1050907119
837 0.001791454197 0.003770956653 300.0000002 -3.456676522e-06 -7.27457358e-06 -8.054069336e-06 749699587.8 38145714.77 -438071535 -170420319.7 958265622.3 953630.5602 1053862776
838 0.001686993904 0.003802037324 300.0000002 -3.208619302e-06 -7.230473386e-06 -7.910435075e-06 775312812.2 12236472.12 -418642801.5 -172643294.1 960192578.4 -1972788.458 1057146149
839 0.001594880691 0.003862783215 300.0000002 -3.089589341e-06 -7.48360412e-06 -8.096288833e-06 792573419 -1185529.754 -398070764.6 -166417397.3 957805286.6 2118972.595 1050949404
840 0.001529863028 0.003912514764 300.0000003 -3.02234495e-06 -7.730707129e-06 -8.300506099e-06 801991062.1 -14280711.26 -378641084.7 -162869275.2 950579626 1363490.448 1041611165
841 0.001449887194 0.003924714327 300.0000002 -2.821105964e-06 -7.636112607e-06 -8.140568444e-06 823397968.7 -33468336.07 -365354796.7 -168096665.5 958026298.1 -928008.4842 1052195080
842 0.001344942174 0.003939915786 300.0000002 -2.56700015e-06 -7.518794535e-06 -7.944920448e-06 842431185.4 -55707830.85 -343916816.3 -172267290.3 958990644.8 -2463880.304 1055727241
843 0.001245158301 0.003990016721 300.0000002 -2.412986573e-06 -7.735199565e-06 -8.102827638e-06 855633183.5 -67022734.12 -320782544.5 -167586910.7 956197360.2 1467844.111 1050072088
844 0.001159955856 0.004036791186 300.0000003 -2.290309531e-06 -7.971718814e-06 -8.29420391e-06 867510092.3 -76517937.44 -298998931.7 -163243272.5 954235427.4 2816061.127 1045471148
845 0.001110838379 0.004074797916 300.0000003 -2.237281018e-06 -8.213397232e-06 -8.512656311e-06 867187524.6 -82514138.44 -279864779.5 -158850737 943524123.2 154545.3821 1032158370
846 0.0009638000944 0.004088346392 300.0000003 -1.902386592e-06 -8.073991602e-06 -8.295083735e-06 890975020 -105285910.3 -246144601.7 -162777592.2 948466701.8 -2270471.199 1039466315
847 0.0009722435518 0.004013271103 300.0000002 -1.797750131e-06 -7.409201401e-06 -7.624182804e-06 907406965.3 -114776056.2 -261200285 -177650882.9 970281792.1 -1662718.597 1070227220
848 0.0008496184741 0.004101959735 300.0000002 -1.659821998e-06 -8.019126255e-06 -8.189102131e-06 908149053.3 -121375752.9 -223222479 -167691290.4 954464590.8 389031.0452 1048417320
849 0.0007402158014 0.004122335742 300.0000002 -1.445402409e-06 -8.05313027e-06 -8.181814889e-06 920875160.5 -134081844.3 -195888670.3 -169280800.7 956074116.9 137834.1054 1050989417
850 0.0006331492975 0.004148220879 300.0000003 -1.245859859e-06 -8.1624811e-06 -8.257013049e-06 927752032.4 -140894765.6 -166688310.4 -166291295.9 953148562.7 -297196.106 1046253101
851 0.000428433548 0.004418444923 300.0000005 -1.012659615e-06 -1.044057745e-05 -1.048957277e-05 886487653.6 -94270094.05 -94650869.45 -103319363.1 895536922.6 -1325551.976 951416231.9
852 0.0004939660868 0.004460551238 300.0000006 -1.202460313e-06 -1.085804242e-05 -1.092442199e-05 870151480.9 -84566446.51 -106615246.3 -96327324.85 881912359.2 -413622.6208 933810009.8
853 0.0004940757332 0.004358479656 300.0000005 -1.127305865e-06 -9.94740002e-06 -1.001107315e-05 893039667.4 -105755871 -113876213.5 -118574153.8 905857950.2 -799976.3053 970593486.3
854 0.000391230941 0.004342067767 300.0000004 -8.783313545e-07 -9.729816888e-06 -9.769380734e-06 905256154 -116360430.7 -93095537.87 -124774449.3 913670172.6 287257.6152 982020767.5
855 0.00044155282 0.004245377038 300.0000003 -9.230557469e-07 -8.880511709e-06 -8.928354819e-06 922153825.2 -134056512.4 -111031204.9 -145602154 933699466.8 -23869.75683 1014368442
856 0.0004463242927 0.00413219253 300.0000002 -8.447540012e-07 -7.833632504e-06 -7.879048527e-06 948414359.4 -158602584.6 -122937610.6 -172087617.5 961899392.3 1910516.916 1058492567
857 0.0005349220316 0.00418632438 300.0000003 -1.074821427e-06 -8.413661254e-06 -8.482036119e-06 926326748.5 -142438715.1 -139699894.3 -160396692.3 944284725.7 840059.6918 1033858310
858 0.0005362852489 0.004275540831 300.0000004 -1.159267773e-06 -9.231935216e-06 -9.304435929e-06 906563952 -118373353 -130468262 -134720421.9 922911020.9 -141050.7675 997120537.6
